Yifeicc,,1969,74.5,128,578,0
Korjin,,1991,74.42,127,540,0
Guitarwolf,,1879,74.25,127,551,0
Fanren,,1835,74.67,127,570,0
Chinaf,,1990,73.83,126,532,0
Chinaaizen,Warlord,1921,74.17,126,541,1
Chinalw,,1952,74.33,126,544,1
Korjin,,1946,74.25,123,467,2
Chinagoz,,1575,73.92,123,526,1
Mcthemax,,1884,74.25,123,558,1
Chinajoker,,1677,74.17,122,445,3
Korkins,,1906,74.17,122,535,1
Korclc,,1514,73.92,122,554,1
Korwookll,,1669,74.33,122,579,0
Kocuhe,,1491,74,122,592,1
Korsuga,,1283,74.33,121,448,0
Triggie,,1270,74.17,121,541,0
Korsuga,,1235,74.25,121,545,0
Rommedahl,,1365,73.83,121,560,3
Limdam,,1243,73.92,121,565,2
Cereblon,,1400,73.83,121,590,3
Koreablue,,1136,73.08,121,596,0
Korbuter,,1256,73.17,120,542,0
Korjseol,,1519,73.67,120,591,1
Aiden,,1341,73.67,120,595,1
Chalu,,1563,74.33,119,463,0
Akge,,1794,73.75,118,368,0
Kordokdo,,1614,74,118,467,1
Avrod,,1635,74,118,488,0
Kavrardi,,1356,73.75,118,515,1
Donquixote,,1348,73.67,118,519,1
Argon,,1306,73.5,118,525,0
Chinaffeng,,1483,74.08,118,538,1
Korvolt,,1608,73.25,118,544,2
Chinaps,,1352,73.67,118,552,3
Oldandroid,,1398,73.83,118,555,0
Bunri,,1188,74,118,560,1
Chinanb,,1368,74.17,118,563,2
Korympapa,,1317,74.08,118,572,0
Vuke,,1222,74,117,431,0
Korsickal,,1375,74.33,117,444,0
Xman,,1142,73.75,117,454,0
Kornan,,1324,73.67,117,498,1
Chinalll,,1154,73.25,117,530,1
Chinaren,,1578,74.33,117,543,1
Korhoney,,1171,73.5,117,554,1
Korzet,,1116,72.5,117,554,2
Kormystguy,,1260,73.17,117,555,0
Alyria,,1326,73.83,117,558,1
Rucomrade,,1476,73.17,117,565,1
Vich,,1260,73.92,117,597,2
Chinakkk,,1302,74.17,116,466,1
Chinavince,,1165,74,116,539,1
Fantaghiro,,1363,73.75,116,540,5
Save,,1385,73.5,116,546,0
Chndiablo,,1154,73.92,116,570,3
Korppp,,1199,73.83,116,574,0
Miluxue,,1239,74,116,581,2
Eisheilig,,1033,73.83,116,597,3
Ivruz,,1321,73.42,115,418,1
Gulimok,,1527,74.17,115,427,0
Chinak,,1396,73.58,115,466,0
Korerove,,1310,73.92,115,469,0
Chinacoce,,1300,74.25,115,472,2
Korbatg,,1168,73.83,115,497,2
Chinaj,,1222,73.75,115,512,3
Bashan,,1364,73.33,115,513,0
Korblueq,,1111,73.42,115,560,6
Goose,,969,74.25,115,563,0
Korllovoy,,1101,72.75,115,594,1
Tree,,1310,73,114,494,0
Free,,1009,73.33,114,504,0
Crash,,815,73.33,114,520,0
Korsso,,1346,73.92,114,542,1
Sudude,,1468,73.58,114,581,3
Rasta,Challenger,1274,73.5,114,583,0
Anon,,1344,73.33,114,590,0
Ujhbn,,1168,73,113,388,1
Chinazee,,1201,73.67,113,393,0
Burt,,1375,73.17,113,395,0
Nabrol,,805,73.25,113,432,0
Geili,,1273,73.75,113,443,2
Nose,,1329,73.75,113,468,0
Anbkokmeat,,1083,74,113,469,0
Nirn,,1180,72.67,113,480,0
Ruhegel,,1471,73.17,113,481,0
Geezer,,1246,73.92,113,492,2
Chinaglenn,,1289,73.83,113,496,1
Chinablahs,,1218,72.75,113,498,0
Gornathan,,1268,74.08,113,498,4
Chinatimo,,1163,73.58,113,502,5
Abikifor,,1080,74.42,113,507,8
Chinamx,,1054,72.83,113,508,2
Sahle,,1147,73,113,512,4
Wall,,1345,73.58,113,517,2
Ivanuk,,1045,73.08,113,518,0
Koryuna,,733,73.33,113,535,2
Nicebsc,,1061,72.5,113,535,2
Dongwoo,,1133,73.33,113,536,0
Russ,,1376,73.92,113,537,0
Lobster,,1092,73.17,113,544,2
Hububub,,1403,74.08,113,546,2
Meatwall,,731,73.75,113,552,1
Laozhang,,1141,74.17,113,553,2
Tifa,,1099,72.92,113,559,0
Xehrz,,1237,73.83,113,570,4
Lecom,,1066,73.42,113,572,0
Jhokey,,1252,73.75,113,587,3
Pinoyjohn,,1027,73.83,113,588,0
Madman,,866,73.08,113,591,0
Kormz,,1316,73.92,113,599,5
Oooo,,1404,73.17,112,479,1
Legiongold,,1072,73.75,112,488,1
Belit,,1071,72.75,112,491,0
Noobsbane,,964,74.33,112,492,2
Korean,,985,73.75,112,498,1
Kormc,,1174,73.5,112,524,0
Nipsanhips,,1281,73.58,112,526,0
Endlager,,942,72.67,112,530,2
Korxx,,1110,73,112,550,0
Baron,,1027,73.33,112,572,0
Lilgoose,,930,73.92,112,590,3
Icedin,,1022,73.08,111,447,1
Brienna,,867,73.25,111,534,1
Korantto,,935,73.33,111,577,2
Duki,,1074,73.25,111,582,4
Korddoti,,1159,73.67,110,309,0
Korpeter,,1094,73.42,110,369,0
Jeonladian,,1052,72.83,110,405,0
Heze,,1139,73.58,110,411,2
Eons,,909,73.83,110,426,2
Artemis,,902,73.92,109,449,1
Korona,,1012,72.58,109,455,0
Orzn,,1369,73.33,109,486,4
Otuhe,,1033,72.75,109,563,0
Lllllc,,1176,73.67,109,579,2
King,,1300,72.67,108,397,2
Notsure,,1193,72.92,108,398,1
Ruvscovid,,960,72.75,108,405,4
Certide,,632,73.42,108,434,2
Stayhome,,660,73.33,108,444,0
Rubaka,,1366,72.92,108,451,1
Patatina,,773,73.17,108,453,2
Bingli,,1493,73.33,108,467,3
Canasson,,1179,72.5,108,468,1
Chinaaluk,,998,72.58,108,473,0
Korearyu,,903,73.75,108,475,1
Chinaice,,1290,73.83,108,476,4
Marusia,,1228,72.75,108,477,4
Covidsux,,788,73.58,108,479,0
Chinafu,,1027,73.17,108,482,5
Tanky,,1239,74.08,108,483,2
Egathe,,966,73.58,108,484,0
Seven,,1203,73.5,108,489,2
Argiza,,1263,73.58,108,491,5
Lady,,890,73.25,108,493,1
Ymee,,1150,73.58,108,496,1
Scaryface,,695,73,108,500,2
Countdown,,1107,72.58,108,518,2
Korzion,,1014,72.92,108,532,2
Cashmoney,,985,72.5,108,550,0
Monadw,,803,73.17,108,556,0
Michyg,,1021,73.17,108,557,8
Korxellos,,743,72.92,108,560,6
Ojbk,,957,72.83,108,571,7
Korsss,,925,72.58,108,590,3
Tuthi,,1065,72.58,107,467,3
Koreastar,,1051,73,107,478,1
Korsihoo,,843,72.92,107,482,2
Dinofour,,1141,73.92,107,488,2
Skrillex,,892,72.92,107,488,0
Ascl,,804,73.75,107,513,0
Ogron,,914,72.67,107,543,2
Magadar,,906,72.92,107,551,2
Kormzr,,969,72.42,107,552,0
Chinazh,,879,73.17,107,561,1
Hordo,,790,72.5,106,351,1
Alkonavt,,612,72.67,106,397,0
Zelagi,,1310,73.75,106,398,3
Slapchop,,821,72.58,106,410,0
Dunwright,Challenger,1160,74.33,106,411,1
Korbruce,,926,73.08,106,415,2
Korgmo,,1267,74,106,462,4
Koreakor,,782,73.17,106,464,0
Chinajx,,1146,72.5,106,503,5
Zimbo,,855,73,106,520,1
Korsun,,847,73.25,106,541,2
Bobtron,,804,73.33,106,581,0
Dinky,,952,73,106,588,2
Leee,,1653,74.08,105,249,1
Chinahy,,1398,73.67,105,271,2
Ozem,,901,72.67,105,300,1
Phoshero,,1011,72.83,105,307,1
Flame,,1026,72.42,105,351,1
Irel,,952,72.92,105,379,1
Vvvv,,1238,73,105,389,7
Kere,,784,72.83,105,390,0
Sumi,,909,73.33,105,412,2
Nikki,,806,72.67,105,458,1
Chinayx,,919,73,105,468,9
Thor,,892,74.33,105,518,6
Forza,,754,72.33,104,409,0
Korgyong,,829,72.75,104,474,2
Annaedo,,840,73.08,104,507,0
Sileka,,421,72.67,104,543,0
Kvasirg,,1167,73.42,103,370,3
Zivra,,951,73.17,103,378,4
Chinadan,,908,73.75,103,386,4
Drpeggy,,928,73.58,103,392,2
Chidb,,975,72.83,103,396,4
Mobhoover,,870,72.67,103,403,0
Boom,,1127,73.25,103,412,5
Zigg,,476,72.83,103,418,1
Korea,,794,72.92,103,419,1
Athena,,830,72.33,103,421,2
Matheji,,1007,72.75,103,422,2
Scarlet,,1020,73.08,103,424,7
Suka,,749,72.25,103,435,2
Rece,,870,73.83,103,437,3
Rubin,,1220,73.08,103,438,4
Chinaknife,,961,73.25,103,439,2
Faznu,,950,73.33,103,443,0
Gunne,,624,72.42,103,444,1
Wakaz,,948,72.58,103,452,1
Dama,,875,73.17,103,457,1
Korstone,,1054,74.17,103,458,3
Chinawang,,745,74,103,464,1
Chillin,,792,73.75,103,466,1
Odudut,,458,73.08,103,470,3
Glissa,,1066,72,103,470,1
Rwubaby,,647,72.5,103,474,3
Mristerx,,800,73.25,103,484,3
Adafri,,979,72,103,484,2
Japanqsb,,850,72.67,103,486,6
Yiww,,864,73.25,103,491,4
Asas,,586,71.83,103,494,1
Chinaoooo,,850,72.08,103,496,2
Ilos,,996,72.67,103,500,4
Korworrior,,919,73.25,103,501,0
Chinakim,,1247,72.83,103,504,2
Mirr,,914,72.92,103,506,2
Ameshi,,784,73.25,103,507,1
Ozak,,862,72.67,103,513,9
Kirgudur,,556,73.17,103,517,2
Bohica,,1114,73.33,103,522,8
Bang,,897,72.67,103,523,4
Abron,,753,72.83,103,541,1
Icubol,,723,72.25,103,545,6
Hadubri,,958,73.83,102,334,0
Ancientace,,905,73.33,102,338,3
Korcookman,,921,73,102,352,0
Mondego,,966,72.42,102,388,0
Figo,,1062,72.25,102,390,2
Logica,,1192,73.08,102,391,2
Svenhilda,,911,73.17,102,431,2
Clifford,,474,73.25,102,445,3
Chinalei,,1340,74,102,455,1
Nite,,521,72.58,102,458,0
Joduk,,798,73,102,503,6
Julinne,,716,71.75,102,533,1
Mario,,701,73.67,102,593,1
Chinahero,,1002,74.08,101,316,1
Fullhouse,,817,72.33,101,355,1
Cisa,,888,72.67,101,370,2
Boojyong,,1000,73,101,398,0
Dhning,,664,72.08,101,408,1
Vamp,,775,73.08,101,412,1
Cuma,,716,72.75,101,427,1
Jasper,,814,72.25,101,528,1
Alice,,508,72.17,101,543,2
Oneshi,,754,72.58,101,570,5
Itille,,397,72.92,101,591,7
Sasa,,919,72.75,100,249,0
Lstab,,835,74.83,100,279,5
Rudiment,,1287,73.58,100,282,6
Elessar,,1213,72.75,100,289,7
Mirades,,630,72.17,100,289,0
Korjimim,,644,72.83,100,293,1
Ezohan,,865,73.08,100,294,0
Medid,,502,72.08,100,300,0
Misaki,,1139,73.33,100,305,1
Koook,,1027,72.67,100,311,2
Bubusi,,1103,73,100,315,4
Bade,,817,72.5,100,319,2
Voba,,1069,73.5,100,337,3
Aulegion,,926,73.25,100,343,3
Yahoooooo,,968,72.42,100,352,0
Warrx,,422,73.17,100,356,1
Hercules,,830,73.83,100,357,0
Devid,,680,72.33,100,364,0
Lace,,712,72.83,100,374,5
Tiger,,898,72.67,100,375,2
Eshal,,1000,73.08,100,382,3
Soldier,,688,72.08,100,393,0
Arod,,563,71.5,100,395,0
Mariapie,,913,72.75,100,397,0
Kordoob,,472,72,100,434,0
Rusak,,875,72.83,100,437,0
Ochabra,,924,71.92,100,453,1
Cudrit,,667,72.33,100,467,3
Korv,,810,73,100,477,7
Onon,,1090,72.33,100,479,3
Laji,,932,72.33,100,490,2
Korona,,628,72.42,100,494,11
Shalalala,,806,72,100,513,1
Hesot,,871,73,98,370,5
Korea,Challenger,591,72.83,98,377,7
Ilex,,815,72.42,98,379,3
Vuborge,,776,73,98,385,1
Arwen,,417,72.75,98,385,2
Koroz,,884,72.75,98,391,2
Markoo,,721,71.92,98,407,5
Keaven,,733,73,98,408,6
Zuves,,769,71.17,98,429,4
Cude,,958,71.42,98,430,1
Suluka,,920,73.08,98,447,1
Noah,,637,72.5,98,448,8
Budala,,873,72.5,98,472,3
Zlaa,,818,72,98,472,1
Evillady,,739,72.75,98,479,3
Ericas,,785,71.58,98,493,8
Wawawa,,541,71.83,98,495,1
Otoge,,503,71.33,98,496,2
Tsubodai,,740,72.92,98,500,3
Linaaa,,642,72.67,98,505,4
Irkot,,811,72.42,98,511,4
Diza,,527,72.17,98,538,1
Edrel,,708,71.67,98,542,3
Lufranar,,1056,72.58,98,548,19
Onet,,753,71.58,98,552,2
Evrem,,986,72.58,98,552,2
Chinazzz,,948,71.33,98,560,3
Qyxstyx,,876,72.75,98,567,3
Koreano,,593,72.25,98,571,4
Smirko,,527,72.92,98,580,15
Forabozo,,671,72.25,97,326,1
Obred,,683,72.75,97,350,0
Ratcha,,226,72.42,97,365,0
Ivrurda,,740,72,97,389,6
Dalinarr,,788,72.58,97,400,3
Cazugi,,411,73,97,406,1
Chinaot,,772,72.67,97,429,0
Krieger,,770,71.83,97,450,3
Veka,,764,72.92,97,458,4
Cynistra,,839,72.08,97,472,2
Helyans,,873,72.42,97,479,0
Atoman,,351,71.67,97,491,0
Isos,,381,72.17,97,497,0
Merza,,348,71.75,97,505,1
Guratiger,,823,72.58,97,517,3
Voodooc,,706,72.5,97,522,1
Ciri,,651,71.92,97,524,8
Pecorina,,600,72.33,97,524,1
Irkothe,,590,73.92,97,540,9
Keaiduo,,767,71.67,97,580,6
Clarete,Challenger,372,73.67,97,584,6
Giacometta,,786,72.33,96,386,0
Rusich,,993,73.67,96,397,3
Kija,,590,71,96,446,0
Watsonii,,908,73.83,96,466,3
Kowal,,414,71.58,96,490,0
Butare,,665,72.42,96,506,4
Againstide,,541,71.58,96,589,1
Xnedra,,629,73.67,96,598,7
Noseja,Challenger,757,72.5,95,222,1
Xxiang,,943,72.42,95,231,2
Seta,,784,72.25,95,289,1
Boos,,893,72.5,95,294,0
Ogom,,939,72.5,95,307,3
Rumakc,,926,73.08,95,326,0
Ikkilll,,464,72.67,95,336,1
Othuk,,280,72.75,95,372,0
Qnfrk,,632,72.08,95,415,0
Vata,,992,72.5,95,435,4
Mitt,,724,72.42,95,512,6
Tici,,507,72.58,95,544,1
Asspen,,442,73.08,94,443,1
Berserker,,876,72.25,94,580,2
Gloindal,,715,73,93,370,1
Haha,,716,73.25,93,382,1
Murmaider,,730,72.67,93,383,0
Zushis,,662,72.25,93,405,0
Lancelot,,815,72.33,93,410,1
Vietnam,,505,71.25,93,413,1
Lirza,,362,72.75,93,446,1
Korii,,672,72.5,93,452,1
Vindicus,,265,71.17,93,455,0
Felix,,631,70.92,93,459,1
Chinachniu,,711,71.75,93,466,0
Korjoo,,798,72.42,93,467,8
Koreancar,,869,72.5,93,473,0
Zireael,,442,70.33,93,494,3
Luze,,606,72.25,93,506,2
Seeker,,800,73.08,93,515,8
Esithis,,454,72.58,93,519,1
Katyperry,,366,72.83,93,530,9
Artakus,,487,72.5,93,533,1
Kolet,,564,72.5,93,534,5
Gumbare,,430,71.33,93,539,0
Tellim,,666,71.5,93,551,7
Edinnat,,796,71.75,93,551,1
Derpnuts,,466,72.42,93,561,3
Java,,740,72.25,93,573,2
Snifff,,493,72.17,93,577,1
Robevent,,561,72.75,93,581,2
Ephemeral,,524,72.25,92,322,0
Jarga,,616,73.5,92,401,0
Iruka,,409,72.33,92,404,2
Blueberry,,712,72.5,92,422,1
Tiza,,608,71.67,92,443,0
Artemisia,,669,72.42,92,449,1
Angron,,408,72.5,92,458,0
Abcdefgh,,661,71.67,92,470,4
Hihi,,544,72.67,92,531,3
Korri,,687,72.33,92,532,2
Vodrel,,369,71.58,92,541,0
Asohe,,346,72.5,91,240,0
Anneta,,588,72.42,91,253,3
Jixy,,796,71.33,91,284,0
Yolandi,,666,71.92,91,351,7
Sgtbobish,,955,72.5,91,355,4
Muchurci,,356,72.25,91,374,0
Mata,,501,72.58,91,572,5
Avisem,,695,72.25,90,185,0
Anrin,,826,72.42,90,192,0
Korealotto,,734,72.17,90,236,0
Goodluck,,627,72,90,237,0
Nirduca,,603,71.83,90,240,2
Ecadnen,,613,72.33,90,258,3
Treylan,,358,71.67,90,306,0
Emily,,646,72.33,90,319,0
Happy,,565,71.58,90,321,0
Odnil,,407,71.67,90,322,0
Afrobug,,500,71.42,90,347,2
Mojese,,661,72.25,90,366,0
Kella,,831,72.58,90,394,0
Wazzi,,444,72.08,90,421,9
Vode,,268,71.83,90,455,1
Erik,,654,72.17,90,534,2
Tugal,,595,74.25,90,551,6
Dubil,,464,71.75,89,571,5
Lordkazuma,,526,72,89,598,6
Nemon,,747,71.08,88,347,3
Koreast,,538,72.33,88,373,2
Somi,,621,72.08,88,374,3
Chinalai,,562,72.33,88,376,3
Primera,,420,71.17,88,378,0
Nathel,,508,71.67,88,380,1
Kizzara,,316,72.25,88,390,1
Darca,,275,70.17,88,392,9
Tebi,,435,71.33,88,399,3
Allunra,,394,70.33,88,414,5
Jishan,,637,70.92,88,422,1
Nazgul,,360,71.75,88,427,0
Dora,,754,72.42,88,434,4
Zohud,,360,71.25,88,442,1
Buratino,,225,73.25,88,448,3
Sigirda,,267,72.08,88,449,2
Wakka,,612,71.75,88,449,1
Lafee,,729,72.25,88,451,0
Digimon,,594,70.75,88,453,2
Dashe,Challenger,477,72.08,88,457,2
Meng,,286,71.25,88,468,4
Surgus,,570,72.25,88,475,6
Laowu,,633,71,88,488,2
Ogomak,,575,71.58,88,498,5
Eshena,,402,72.25,88,499,2
Event,,260,72.25,88,504,3
Leaflye,,249,72.83,88,512,2
Seshe,,302,72.25,88,520,2
Osos,,358,71.25,88,523,4
Opal,,406,72.17,88,548,4
Vitek,,389,71.42,88,563,2
Mohug,,627,71,88,563,4
Bevogra,,249,71.75,88,563,2
Munnima,,679,71.92,88,567,8
Belleme,,635,70.58,88,572,1
Kratos,,288,71.58,88,576,1
Kazak,,468,71.33,88,581,1
Ochit,,291,71.67,88,590,2
Jihug,,246,71,87,298,1
Arzoge,,760,72.42,87,430,3
Jasha,,567,71.42,87,453,0
Martin,,384,73.75,87,457,3
Saber,,560,70.75,87,485,5
Korking,,607,71.92,87,492,0
Rizi,,355,71.25,87,511,1
Jadekush,,360,72,87,524,1
Zennek,,255,71.75,87,552,1
Secode,,472,71.25,87,568,12
Idnudre,,387,71.08,86,283,1
Gali,,293,71.67,86,372,0
Edrovra,,500,72.5,86,411,3
Curushi,,737,72.17,86,446,0
Targa,,394,71.5,86,456,0
Gece,,238,71.08,86,489,5
Azuchez,,550,72.08,85,158,1
Slowpoke,,671,70.92,85,188,0
Chankis,,349,72.5,85,228,0
Dovra,,348,71.5,85,324,0
Chinaw,,375,71.42,85,339,2
Suma,,366,71.5,85,383,1
Anastasio,,462,71,85,417,3
Agatha,,448,72.42,85,425,1
Ruyoda,,510,70.92,85,466,0
Cliff,,467,70.67,85,470,1
Durdaz,,273,72.25,85,472,1
Acro,,286,71.83,85,482,0
Gerzik,,226,71.08,85,485,1
Ponyo,,259,71.83,85,487,2
Bobcat,,651,72,84,444,4
Nefarious,,493,72.08,84,448,2
Irzeg,,549,71,84,455,3
Vayne,,571,72.08,84,460,2
Blank,,562,72,84,477,0
Koranchum,,512,71.67,84,477,0
Gejin,,271,71.17,84,537,0
Korkastro,,745,72.42,83,329,3
Bane,,507,72.25,83,369,2
Wagstaffer,Centurion,284,70.75,83,379,4
Vethi,,127,71.67,83,383,1
Chinarocky,,696,72.08,83,383,0
Dani,,638,71.33,83,393,2
Tomehi,,396,72.67,83,396,0
Nurgeli,,417,71.67,83,409,2
Bakka,,299,71.33,83,415,1
Adnegod,,370,71.42,83,420,5
Raka,,583,71,83,422,4
Soson,,255,71.17,83,442,3
Athikrug,,342,71.25,83,446,0
Edunnal,,594,71.08,83,451,1
Aros,,454,70.42,83,463,1
Honkytonk,,209,70.58,83,467,1
Mehe,,229,70.33,83,469,5
Zozarti,,316,71.42,83,484,1
Silla,,204,70.75,83,494,0
Onig,,307,71.67,83,513,2
Onionskk,,209,71,83,531,0
Aruhok,,242,70.67,83,535,3
Othashi,,225,71,83,544,3
Elessar,,373,70.83,83,551,3
Trompy,,480,72.67,83,556,7
Givaji,,239,71.67,83,564,1
Helena,,243,71.42,83,569,6
Husker,,325,71.58,83,572,1
Nexttry,Challenger,349,72.5,83,573,2
Sucz,,685,71.58,83,588,2
Panzer,,283,70.58,82,323,0
Kamandanu,,561,71.25,82,329,0
Adun,,189,71.33,82,361,0
Arzetem,,200,70.67,82,383,0
Deleted,,641,71.08,82,400,1
Ebrore,,294,71.17,82,417,3
Lashudra,,556,71.17,82,448,4
Hopper,,239,72.5,82,454,1
Canard,,540,71.75,82,462,0
Numbnuts,,370,73.08,82,465,8
Balbadam,,325,70.5,82,472,2
Brienne,,210,72.25,82,489,8
Valkyrii,,359,70.25,82,514,2
Ruperec,,419,71.67,82,540,10
Cudi,,244,70.42,82,548,6
Deniro,,348,70.75,82,549,6
Odezis,,326,70.5,82,558,1
Azazel,,459,71,82,563,2
Icez,,405,72.67,82,593,1
Ilom,,449,71.92,82,595,4
Sichi,,484,72.25,81,351,1
Ellovet,,666,71.42,81,372,2
Warrior,,285,70.58,81,373,2
Chouhai,,404,70.67,81,403,2
Vari,,276,71.08,81,418,1
Vejovi,,600,70.83,81,424,1
Voge,,465,70.75,81,440,2
Modrog,,547,72.33,81,441,3
Enarug,,224,72.33,81,442,3
Chorch,,420,71.08,81,524,3
Ebeg,,389,72.17,81,547,0
Mastermind,,747,72.75,80,99,0
Ssssssss,,500,71.42,80,214,0
Ssamooithe,,372,71.42,80,222,0
Goldigga,,361,71.25,80,241,3
Elsa,,1048,72.92,80,246,5
Egrallem,,323,71.17,80,255,0
Ajit,,175,71.08,80,265,0
Sundisc,,689,71.67,80,278,1
Wodtjs,,568,71.92,80,284,0
Wodtjs,,483,71.75,80,291,1
Korstar,,635,71.25,80,302,6
Abruki,,347,71.75,80,302,1
Wodtjs,,382,70.83,80,309,0
Fireass,,415,72.17,80,318,0
Xena,,312,71.75,80,320,1
Polydorus,,445,73.08,80,329,2
Ciri,,602,71.17,80,334,1
Nhat,,793,70.83,80,342,3
Tinnus,,237,72.08,80,349,0
Ihatemages,,301,70.67,80,351,0
Alexevent,,343,72.08,80,353,0
Wildehilde,,216,70.92,80,355,1
Erceci,,273,72.25,80,356,0
Myqt,,242,70.25,80,356,1
Okoshuk,,184,71.42,80,362,1
Ironside,,416,71.75,80,365,0
Brunhilde,,267,70.58,80,368,1
Hakk,,202,70.92,80,369,0
Mahara,,552,70.5,80,385,1
Carilli,,307,71.33,80,390,0
Qwee,,288,70.83,80,390,1
Olabrawn,,419,71.58,80,411,2
Umaru,,335,71,80,425,5
Gabby,,484,71,80,431,9
Mong,,272,71.92,80,436,0
Kkas,,377,71.67,80,458,1
Narita,,319,70.67,80,458,0
Bobe,,437,70.5,80,461,2
Wujun,,415,71.42,80,466,0
Chinak,,516,70.25,80,472,8
China,,488,72.17,80,474,7
Ahomi,,472,70.83,80,476,2
Panza,,231,71.67,80,509,0
Thot,,518,71.67,80,510,0
Kata,,270,72.08,80,543,17
Athes,,407,71.17,79,426,0
Leeb,,497,72.58,79,553,0
Obirag,,161,71.33,78,369,2
Bagami,,404,71.42,78,370,1
Suhe,,565,71.75,78,376,1
Zokuz,,179,70.42,78,378,0
Elie,,226,70.92,78,388,1
Masbro,,308,71.75,78,390,0
Irirzon,,176,71.42,78,409,0
Cubis,,230,72.67,78,414,0
Obebrim,,592,70.58,78,431,3
Rithe,,246,70.67,78,435,0
Redsonya,,219,71,78,455,0
Ethathaz,,201,70.5,78,466,0
Brokencyde,,352,70.92,78,468,3
Babarian,,578,71.42,78,483,2
Poker,,222,70.58,78,515,1
Sujolle,,178,70.67,78,582,1
Voda,,213,70.25,78,585,3
Okruke,,199,70.42,78,587,2
Death,,229,70.25,78,590,2
Kunne,,224,70.5,77,352,1
Siri,,187,70.92,77,427,1
Ochim,,474,72.42,77,442,1
Ragnar,,520,71.25,77,480,0
Ovanul,,180,69.17,77,481,4
Sherbear,,532,73.5,77,495,3
Zizu,,712,73.92,77,543,0
Iruba,,257,70.33,76,362,0
Korjuni,,583,72.08,76,414,4
Ebil,,196,71.08,76,421,0
Gutid,,421,70.75,76,453,2
Ovabud,,233,71.42,76,459,0
Warrior,,173,70.33,76,539,2
Osevre,,332,70.75,76,543,5
Cyade,,616,70.5,76,549,5
Nurta,,243,70.33,76,553,6
Gretta,,357,72.08,75,224,3
Orgy,,249,71.17,75,312,2
Serin,,335,70.5,75,335,0
Bertram,,605,71.67,75,348,1
Ozinug,,194,70.25,75,400,2
Irola,,190,70.92,75,403,2
Testggg,,223,70.17,75,411,0
Akricun,,296,70.25,75,411,2
Sophita,,604,71.92,75,423,2
Jiren,,526,71.58,75,426,1
Osurut,,368,70.67,75,493,0
Serka,,208,71.08,75,502,0
Diana,,456,70.92,75,580,1
Ikromon,,366,71.08,74,413,1
Bothithi,,227,70.5,74,528,4
Ircag,,318,70.92,74,530,3
Conan,,402,70.42,73,370,0
Dobe,,306,70.17,73,464,0
Ejofros,,386,70.5,73,466,6
Mibrezi,,181,70.83,73,473,2
Takashi,,387,70.58,73,473,2
Scycolo,,429,70.5,73,503,2
Zukikra,,205,71.75,73,511,3
Kesoca,,271,70.5,73,547,4
Klakhang,,229,70.42,73,577,5
Vorus,,196,70.33,73,585,0
Vorga,,211,70.75,72,271,0
Ojet,,227,70.58,72,396,0
Doshole,,208,70.17,72,497,0
Kidan,,157,70.42,71,281,0
Aida,,365,69.92,71,334,1
Elluchos,,361,71.58,71,375,1
Stophrrr,,453,71.08,71,477,5
Voze,,331,71.67,71,511,2
Dream,,227,70,71,560,5
Odoz,,251,71.25,71,561,2
Todille,,194,70.42,71,582,3
Kazel,,394,70.33,70,233,2
Zapetina,,121,70.08,70,290,1
Tinek,,356,69.75,70,322,0
Nolutka,,155,70.25,70,358,0
Dortabre,,236,71.25,70,374,4
Mathedna,,424,70.67,70,403,2
Egavras,,373,70.83,70,410,0
Rinol,,239,70.42,70,412,0
Inferno,,577,70.92,70,421,2
Agrudri,,247,70.58,70,441,1
Wabadingo,,157,70.42,70,456,1
Lide,,175,69,70,512,2
Neali,,322,70.25,70,516,3
Huntii,,200,70.58,70,540,1
Bossxxx,,347,71.5,70,545,15
Tzarinna,,256,71.5,69,538,1
Lord,,198,68.33,69,562,15
Rusuve,,136,69.17,69,571,6
Barraxus,,156,71,69,585,9
Busa,,460,70.92,68,273,7
Dragoon,,189,70.33,68,399,1
Jock,,448,69.5,68,454,7
Korpt,,163,70.25,68,472,0
Warrior,,141,66.5,68,478,0
Ataka,,422,71,68,507,3
Alex,,235,68.83,68,515,2
Love,,269,70.92,68,522,6
Bune,,295,70.75,68,535,0
Hagretha,,173,70,68,554,12
Menlow,,233,70.83,68,556,0
Warfeeb,,426,67.5,68,599,6
Goma,,349,70.58,67,304,0
Leob,,155,69.17,67,332,0
Ergeruk,,140,69,67,357,2
Ardonni,,310,69.17,67,377,3
Invincible,,151,69.67,67,398,1
Cartman,,228,70.67,67,416,0
Ercula,,213,70.33,67,428,0
Ithomi,,444,71.17,67,454,0
Fiend,,344,68.67,67,480,4
Okota,,243,70.67,67,511,1
Zogg,,190,69.58,67,529,7
Atat,,297,70.92,67,534,6
Nicha,,166,70.08,67,548,7
Evekiz,,312,70.67,67,572,0
Seha,,180,68.67,67,572,2
Jacud,,157,70.17,67,579,2
Gaia,,133,69.25,67,579,0
Yonglerie,,241,70.25,66,296,0
Youk,,109,68.83,66,313,1
Mamos,,216,70.17,66,362,2
Sigruz,,272,69.92,66,403,0
Alafast,,235,69.17,66,410,3
Ehut,,469,70.75,66,445,5
Asok,,335,67.33,66,490,4
Kimusha,,312,70.67,66,526,3
Tori,,348,71.33,66,537,6
Ortek,,181,70.33,66,541,3
Shera,,198,70,66,544,5
Jedake,,248,69.58,66,557,5
Zdzislaw,,161,70,66,574,4
Chinaxxo,,643,72.58,65,97,0
Grey,,400,71.17,65,225,4
Ryubee,,373,71.17,65,247,0
Narteza,,120,68.5,65,260,3
Alibeg,,312,70.58,65,265,0
Vela,,207,66.83,65,286,0
Ocarot,,278,70,65,286,1
Beefboy,,383,70.25,65,301,0
Levy,,162,65.67,65,333,2
Diablodos,,212,71,65,346,0
Kuhi,,348,69.33,65,356,0
Lothe,,147,69.42,65,361,0
Ashohan,,364,70.83,65,364,5
Athok,,250,71.17,65,396,0
Drozik,,247,68.33,65,403,0
Jehiti,,161,70.42,65,423,1
Ohira,,133,69.42,65,432,3
Sabris,,378,70.83,65,432,0
Ringo,,146,67.92,65,450,1
Juvug,,163,70.42,65,450,0
Azri,,333,70.33,65,455,4
Hagole,,217,70.67,65,467,1
Irin,,239,68.58,65,482,0
Tishika,,158,70.25,65,523,2
Doge,,260,70,64,344,1
Tibi,,115,70.92,64,352,0
James,,203,71,64,399,0
Ichol,,198,66,64,463,5
Noki,,324,68.25,64,491,2
Gvngrave,,145,70.42,64,504,3
Kifrag,,188,69.33,64,557,8
Malilith,,346,70.25,64,562,4
Jecike,,397,71.42,64,582,5
Taji,,346,73.33,63,266,5
Rubeer,,421,70.42,63,389,0
Nabuta,,227,68.75,63,406,3
Vocuk,,165,68.42,63,430,1
Aegon,,157,70.25,63,469,1
Arimok,,170,68.92,63,506,0
Atharag,,393,71.33,63,506,0
Nafri,,155,69.75,63,515,3
Chuck,,208,67.67,63,517,4
Made,,330,69.33,63,521,1
Omkomk,,144,66.5,63,591,2
Slack,,172,70.5,63,598,10
Akun,,272,70.67,62,294,0
Rorcece,,205,69,62,338,0
Pipina,,139,70.67,62,339,0
Chinahero,,255,70.92,62,412,11
Gogo,,293,70.58,62,412,0
Haapi,,304,70.42,62,443,2
Ilsu,,173,69.25,62,447,3
Othuthe,,255,70,62,451,2
Efrefre,,114,70.75,62,459,0
Sinnan,,193,70.25,62,479,1
Annude,,185,70.92,62,481,1
Jordan,,217,70.83,62,487,6
Gigitsada,,101,70.5,62,487,3
Maksimus,,333,70.17,62,504,9
Guche,,266,66.75,62,510,0
Flaycharls,,253,70.83,62,518,9
Cussie,,153,70.58,62,529,0
Reri,,155,68.58,62,558,9
Sylva,,248,70.25,62,567,1
Cijis,,174,68.75,61,282,1
Robyn,,173,69.67,61,324,6
Cennadi,,167,67.25,61,344,0
Dosugre,,126,70.25,61,365,1
Tiki,,115,69.92,61,407,0
Mute,,149,69.17,61,450,1
Sorda,,295,68.42,61,462,1
Niba,,211,70.42,61,477,3
Inan,,189,68.5,61,486,2
Bukra,,201,70.83,61,497,5
Bricktress,,208,70.58,61,497,14
Cibena,,188,70.75,61,500,3
Isifir,,163,67.33,61,558,1
Zata,,151,67,61,565,2
Lgzzz,,277,69.42,60,186,0
Vilswit,,203,70.92,60,225,0
Dadoudou,,157,68.58,60,229,2
Ryang,,434,70.42,60,230,0
Ssukso,,366,70.58,60,278,1
Flighty,,166,70,60,287,8
Lanceter,,354,70.67,60,296,1
Amatha,,202,70.5,60,317,0
Ntith,,136,69.83,60,339,0
Ashug,,134,70.17,60,360,0
Harra,,194,70.67,60,369,2
Tekruh,,159,69.08,60,371,1
Bbike,,200,67.58,60,379,1
Sirak,,117,71.75,60,383,0
Ethug,,130,67.83,60,388,0
Ozus,,195,69.17,60,402,0
Delluk,,245,70.33,60,405,2
Vyssevent,,241,68.67,60,411,4
Ikraji,,129,70.67,60,420,1
Roligi,,152,70.17,60,421,2
Ortaz,,249,70.58,60,423,0
Elysiad,,412,70.75,60,436,11
Atharki,,279,70.42,60,457,0
Enrit,,229,70.92,60,479,0
Gladiador,,141,69.83,60,540,9
Hellscream,,198,70.42,60,546,8
Jibe,,221,70.33,60,564,2
Lakrin,,146,70.58,60,579,0
Yeet,,175,70.58,59,214,0
Drang,,148,69.17,59,400,3
Gohag,,335,69.25,59,427,7
Okseal,,110,68.83,59,477,6
Moqui,,315,69.83,59,490,18
Ezuri,,137,68.83,59,538,0
Undine,,208,70.25,58,329,1
Trump,,128,69.75,58,357,1
Madafaca,,153,69.83,58,385,2
Acanrel,,207,70.75,58,388,0
Krytkos,,137,70.17,58,403,3
Schadlich,,206,70.25,58,419,0
Kutulu,,386,70.5,58,435,1
Edal,,213,70.17,58,451,2
Hades,,203,70.17,58,458,6
Lorddddaaa,,120,61.75,58,468,3
Xtahua,,308,70.42,58,475,1
Vule,,125,70,58,478,3
Ranned,,159,70.33,58,479,7
Wsnd,,266,69.42,58,488,3
Kiara,,109,63.67,58,488,0
Kenra,,270,70.58,58,492,5
Elensar,,140,70.42,58,550,6
Goferit,,260,70.83,58,552,6
Elizia,,225,70.25,58,553,4
Sordnbord,,193,69.42,58,566,1
Bulet,,135,62.42,58,578,2
Sige,,86,68.5,57,293,0
Oviza,,123,70.08,57,317,1
Molad,,109,64.17,57,321,4
Osit,,200,70.33,57,338,0
Vucog,,116,70,57,395,2
Agak,,150,67.25,57,407,0
Dahe,,163,62.75,57,411,2
Amonri,,159,69.58,57,412,1
Petrunkiss,,149,67.5,57,422,14
Tabire,,194,70,57,425,0
Frank,,143,68.92,57,426,5
Edrathom,,299,70.58,57,444,1
Zituka,,178,70.17,57,470,0
Sarithi,,255,70.75,57,473,4
Conan,,106,68.75,57,515,1
Jurki,,298,70.25,57,534,1
Arderdig,,158,70.67,57,561,1
Oiling,,197,70.58,56,297,0
Silvion,,96,67.75,56,336,2
Bulgar,,131,70.25,56,366,1
Sirdiri,,83,68.25,56,376,1
Ogil,,164,67.33,56,431,2
Emebe,,159,69.75,56,453,2
Zanrati,,136,65.92,56,466,2
Tezobri,,123,67.25,56,489,8
Zhanshi,,153,70.25,56,498,1
Ethal,,118,70.08,56,520,10
Arzid,,287,70.42,56,566,6
Boethiah,,159,70.33,56,588,8
Sunny,,358,70.33,55,174,2
Edel,,308,70,55,195,0
Ekruki,,188,71.33,55,228,0
Rirkez,,63,63.58,55,235,0
Keute,,343,70.83,55,237,0
Osoral,,138,70.42,55,251,1
Joxar,,259,66.83,55,256,0
Avengers,,422,70.67,55,295,0
Zibrig,,140,69.17,55,298,0
Rava,,417,71.17,55,299,5
Jurda,,120,69.25,55,304,0
Gokaci,,125,69.75,55,329,0
Coobean,,115,69.75,55,350,1
Orgazana,,282,68.75,55,357,0
Oshafrud,,149,70.17,55,371,0
Joce,,121,69.25,55,379,0
Kirog,,108,69.58,55,379,0
Zirge,,275,69.5,55,381,1
Rogak,,191,69.58,55,384,3
Alst,,254,70.75,55,387,1
Ihuthe,,237,70,55,400,0
Swanson,,149,68.42,55,407,2
Richan,,118,71.36,55,413,0
Evthree,,143,70,55,418,0
Loma,,188,66.17,55,424,4
Gmyvixxen,,130,70.67,55,429,0
Rachen,,146,62.58,55,437,0
Lolo,,248,70.08,55,437,0
Elwing,,300,68.58,55,438,4
Jasonmcl,,177,68.25,55,448,0
Jaqen,,128,68.42,55,449,22
Ripley,,202,70,55,455,0
Jadan,,122,66.75,55,455,0
Sudnichi,,122,59.92,55,468,0
Ebon,,322,68.33,55,494,1
Choimango,,108,70.33,55,520,4
Mubroci,,215,67.08,55,528,1
Xixixixi,,124,68.83,55,540,0
Jiros,,148,67.08,55,561,1
Ariana,,244,70.25,54,377,5
Iten,,195,67.17,54,418,3
Hidni,,238,70.92,54,425,1
Riven,,270,70.42,54,459,0
Ochodnuz,,190,69.67,54,481,3
Ijokez,,117,69.5,54,500,1
Korhuoong,,280,70.25,54,501,4
Jasherx,,101,61.33,54,526,1
Seryn,,144,70,54,541,1
Styzokri,,163,69.58,54,560,5
Julia,,303,70.83,53,207,0
Kaked,,203,63.25,53,383,1
Asan,,126,69.75,53,393,0
Peeeeeeee,,143,69.5,53,409,4
Zira,,109,70.33,53,420,4
Drughetto,,262,68.67,53,426,3
Nanaappa,,112,69.75,53,445,1
Ergul,,415,70.42,53,446,2
Lance,,124,65.42,53,447,0
Jasiu,,329,70.08,53,459,2
Zedre,,142,69.33,53,459,0
Howl,,147,69.83,53,482,7
Give,,184,62.17,53,487,3
Cornflex,,177,64.5,53,499,2
Lila,,136,69.67,53,503,1
Taziazet,,157,69,53,520,0
Swordie,,113,70.25,53,525,8
Grimm,,155,69.25,53,527,2
Benethy,,217,71.08,53,532,0
Strix,,190,67.17,53,534,2
Aleria,,175,67.75,53,537,10
Dreizehn,,123,67.92,53,537,1
Lira,,250,69.33,53,545,4
Renegade,,198,67.33,53,560,11
Novrali,,151,69.08,53,560,0
Phanny,,238,71.33,53,562,0
Vube,,123,67.5,53,574,2
Starman,,155,67.08,53,584,3
Keke,,115,69.58,53,585,8
Dmfmrppp,,245,70.33,53,589,1
Estariol,,236,70.75,52,286,1
Lunot,,105,69.5,52,349,1
Nytsogunii,,192,62.5,52,357,0
Orcus,,90,67,52,361,0
Lili,,126,70.25,52,362,3
Mitzu,,183,64.83,52,373,1
Jackimoon,,133,67.75,52,375,3
Enis,,301,70,52,380,1
Koreadir,,184,65.67,52,386,0
Gave,,80,63.08,52,400,0
Tama,,74,69.67,52,406,3
Gordellia,,162,70,52,409,1
Nitwit,,314,70.42,52,412,0
Orrges,,114,71.42,52,413,0
Ragnar,,96,69.92,52,417,0
Maja,,126,68.58,52,422,1
Drizzt,,358,70.42,52,425,1
Covidtwo,,124,68,52,438,0
Ridnez,,134,65.58,52,442,1
Artod,,117,70.08,52,443,3
Arcimez,,168,69.08,52,451,0
Dateta,,132,69,52,454,1
Ednagri,,68,68.83,52,456,0
Hacudne,,156,70.25,52,456,1
Qgold,,176,70.17,52,465,0
Bslasher,,171,71.5,52,468,1
Rapidbug,,103,67.33,52,471,1
Odnan,,104,67.5,52,476,1
Ignadrom,,152,69.08,52,478,1
Aviz,,197,69,52,479,0
Lobzik,,149,69.75,52,496,1
Rubi,,101,63.17,52,500,1
Bannati,,273,65.83,52,502,6
Nannoki,,141,67.17,52,506,1
Kasecash,,149,70.25,52,528,3
Tausergy,,213,70.08,52,541,1
Nimen,,121,67.92,52,545,3
Abura,,73,67.33,52,545,6
Banrad,,93,64.08,52,552,0
Tomm,,293,70.33,52,568,9
Erovoz,,154,70.08,52,596,0
Warrior,,325,70.83,51,332,1
Bifri,,141,70.5,51,372,4
Enirji,,93,68.92,51,383,1
Groet,,194,70.5,51,391,1
Diesel,,242,68.58,51,392,0
Ozorza,,103,69.67,51,407,1
Lazi,,81,66.33,51,411,1
Othasha,,105,69.5,51,430,7
Dark,,119,67.75,51,452,5
Torefre,,69,69.5,51,455,7
Caska,,127,70,51,457,1
Datha,,185,63.92,51,475,3
Gurka,,222,69.82,51,476,7
Zici,,154,62.75,51,481,4
Kuge,,116,70.83,51,493,3
Trilbag,,130,66.92,51,506,4
Vegan,,110,66.25,51,511,6
Dezzwar,,100,67.17,51,534,3
Senfgurke,,345,70.5,50,139,0
Ovasi,,363,70.17,50,174,0
Jihuk,,55,65.17,50,211,1
Devil,,100,64.42,50,212,0
Yami,,282,70.5,50,226,1
Guardian,,89,69.33,50,235,0
Dododo,,398,70.25,50,242,0
Ollerdok,,115,70.5,50,275,0
Ebaze,,163,71.5,50,289,0
Ilik,,169,68.42,50,297,0
Cyndear,,218,69.58,50,304,0
Izate,,98,62.17,50,304,0
Zahra,,105,70.33,50,305,0
Sakurau,,85,69.33,50,320,1
Lorien,,123,66.75,50,323,0
Ivanka,,101,61.75,50,337,0
Aylin,,307,70.67,50,338,0
Rede,,182,67.5,50,339,0
Ketos,,86,64.25,50,347,0
Cube,,132,69.08,50,350,1
Gulingxing,,306,70.08,50,361,0
Zodnin,,250,64.33,50,363,0
Bladewind,,119,67.33,50,363,0
Nubu,,187,61.75,50,365,0
Nadia,,86,63.64,50,370,1
Kage,,153,67.33,50,370,2
Boomslang,,86,69.33,50,372,0
Gidre,,115,63.17,50,376,0
Iceti,,145,68.08,50,378,0
Sesiru,,224,68.92,50,381,0
Valerii,,70,65.08,50,382,0
Ethelred,,86,63.5,50,382,0
Wooo,,215,67.42,50,382,0
Domina,,137,65.08,50,383,0
Kirito,,158,70.58,50,386,0
Lonohe,,97,69.42,50,386,0
Nickivan,,340,70.58,50,386,2
Ivured,,175,70,50,390,3
Emadin,,125,67.75,50,394,0
Arten,,161,64.75,50,395,2
Egred,,117,66.17,50,396,0
Losud,,170,68.75,50,401,1
Dingdong,,86,70.25,50,412,0
Adin,,208,65.42,50,415,1
Hazaci,,97,67.42,50,418,2
Meci,,94,70.5,50,423,3
Animiz,,129,68.5,50,433,6
Estampap,,135,67.75,50,434,0
Argofri,,87,65.25,50,448,0
Ragnar,,225,62.75,50,449,0
Jebb,,114,63.5,50,452,0
Veti,,109,68.42,50,455,0
Ashirca,,60,63.83,50,457,2
Abelina,,92,65.67,50,458,0
Tsoufis,,249,70.92,50,491,1
Flimflam,,61,69.33,50,495,0
Nefra,,138,70.42,50,508,0
Arkove,,90,61.67,50,510,0
Godog,,177,68.67,50,517,1
Dennis,,136,68.17,50,518,0
Viriato,,152,68.58,50,529,2
Nathug,,187,69.67,50,550,2
Leanne,,81,59.67,50,556,3
Doug,,96,67.33,49,247,1
Locene,,175,64.25,49,261,1
Boop,,162,70.73,49,267,0
Itasha,,149,63.33,49,346,0
Igrali,,87,70.58,49,372,1
Markaja,,53,61,49,395,5
Eventhero,,68,69,49,415,3
Daneta,,128,68.92,49,435,2
Kiefer,,41,61.67,49,443,2
Evutha,,133,64.33,49,444,0
Lutha,,104,64.58,49,465,0
Gece,,64,57.92,49,466,0
Kensin,,107,68.17,49,476,1
Idred,,200,67.92,49,520,0
Cadik,,150,65.25,49,529,3
Gedna,,186,65.33,49,549,0
Zune,,98,67.83,49,552,2
Ajuha,,141,70.42,49,560,2
Emunez,,107,65.67,49,577,4
Ridihe,,111,67,49,588,3
Cane,,88,67.5,48,350,0
Esudnot,,78,67.58,48,365,0
Idredra,,90,69.5,48,369,3
Valkyrie,,102,69.33,48,387,0
Skyneo,,50,62.67,48,404,0
Vona,,186,70.08,48,406,1
Obribrel,,99,70.58,48,424,1
Roby,,110,69.25,48,439,0
Letrath,,89,67.75,48,455,2
Sara,,142,69.67,48,457,0
Bolli,,79,61.67,48,472,1
Cebrodre,,116,70,48,473,1
Teguhandi,,72,62.5,48,474,0
Nuvavi,,114,64.5,48,478,5
Targek,,124,70.25,48,496,3
Cachetes,,132,67.75,48,538,1
Jecin,,124,70.25,48,543,0
Voses,,61,65.25,48,546,2
Ebrot,,62,62.58,48,549,3
Assassin,,211,68.25,48,561,0
Vali,,81,63.75,48,572,2
Adrun,,115,68.17,48,582,2
Kassadin,,83,67.42,47,224,0
Bongofox,,91,67.58,47,327,0
Asude,,134,70.17,47,351,1
Darkknight,,110,70.5,47,353,0
Ades,,71,65.33,47,370,0
Yoda,,76,60.83,47,395,1
Chinaan,,280,70.92,47,398,4
Belgham,,102,69.83,47,398,0
Emoz,,80,66.83,47,409,1
Kella,,73,70.25,47,412,7
Tormund,,62,63.33,47,416,1
Akakiy,,149,65,47,428,1
Ccccc,,53,58.92,47,435,0
Tygvc,,72,65.67,47,438,1
Amubros,,180,70,47,444,2
Jgirl,,101,67.75,47,446,0
Help,,125,63.08,47,498,1
Martha,,94,62.17,47,502,0
Lafrak,,135,68.17,47,520,1
Ebrihit,,102,71,47,543,0
Cyber,,190,69.75,47,547,1
Trfreak,,234,63.73,47,551,1
Renila,,131,71.58,46,193,0
Curry,,53,66.75,46,293,3
Etik,,75,59.5,46,312,2
Hurta,,184,70.58,46,343,3
Kemanorel,,52,63.67,46,370,3
Zimnepiwko,,206,69.25,46,374,2
Raven,,126,71,46,402,0
Cannibal,,254,70.42,46,415,4
Duduk,,148,69.42,46,416,2
Ahani,,157,68.33,46,418,1
Mabri,,302,70.67,46,480,3
Dough,,58,57.5,46,488,2
Chinanb,,189,71.92,46,523,4
Sinriri,,112,67,46,538,2
Gogren,,88,64.75,46,570,3
Spinster,,260,71.08,45,153,0
Onrun,,266,70.33,45,243,1
Komputer,,122,68.58,45,273,0
Akerkal,,115,67.92,45,273,1
Tere,,40,63.5,45,277,0
Cuci,,101,69.5,45,280,1
Zored,,85,70.92,45,289,0
Dodroli,,102,69.67,45,292,0
Ivabil,,183,67.83,45,295,0
Sabu,,126,59.5,45,298,2
Norki,,86,65.83,45,303,0
Agre,,124,59.92,45,305,0
Ifrofri,,184,68.17,45,325,0
Lebi,,106,63.17,45,329,0
Trap,,340,70.42,45,329,0
Innira,,69,62.5,45,329,0
Overlord,,57,63.58,45,334,0
Oched,,67,61.08,45,335,2
Otuk,,70,68.33,45,335,0
Eserdiath,,126,67.83,45,336,0
Cazit,,219,70.42,45,344,1
Fatime,,71,66.08,45,346,0
Jojhk,,229,70.58,45,349,0
Juhete,,81,68.33,45,349,0
Test,,123,62.75,45,350,0
Lechita,,106,63.25,45,351,0
Carille,,318,70.5,45,352,0
Oshordol,,106,70.67,45,366,1
Ihlina,,100,70.33,45,368,0
Nicol,,68,65.83,45,373,0
Cola,,62,62.42,45,383,1
Aires,,152,65.92,45,389,0
Eken,,291,64.25,45,399,0
Susut,,72,65.17,45,408,0
Ocuza,,75,66,45,418,0
Bandov,,143,69.75,45,422,0
Hitun,,111,65.42,45,431,0
King,,56,59.17,45,444,0
Daka,,128,61.67,45,466,0
Iguret,,172,70.42,45,483,5
Monod,,78,70.08,45,520,6
Irtaba,,100,70.17,44,310,0
Castop,,221,70.25,44,327,3
Uhtred,,80,62.75,44,358,2
Ritchie,,213,65.58,44,380,0
Dadnit,,43,63.58,44,382,3
Dome,,63,67.58,44,401,2
Cunnek,,60,63.67,44,406,0
Neli,,86,65.25,44,426,2
Diri,,48,62.75,44,427,0
Wurstface,,156,69.83,44,456,1
Blady,,208,63.08,44,459,4
Anna,,90,65.5,44,477,0
Ride,,81,70.25,44,493,1
Kugi,,157,61.75,44,565,1
Finocky,,119,69.75,44,574,3
Bonestar,,51,65.58,43,278,1
Baxayeu,,141,68.5,43,335,0
Luvi,,111,69.33,43,336,4
Qwerty,,68,69.17,43,440,2
Nikral,,120,69.25,43,444,1
Rita,,43,64.08,43,479,4
Luggo,,89,65.33,43,490,1
Maxim,,170,69.92,43,526,2
Buthe,,95,64.75,42,213,0
Pahlawan,,49,66.25,42,222,0
Otik,,146,66.17,42,237,3
King,,71,70.75,42,259,1
Jonas,,170,70.17,42,268,0
Geterca,,101,67.25,42,283,1
Ethosa,,52,61.08,42,293,0
Arzit,,46,66.75,42,302,1
Auric,,169,70.17,42,305,0
Catalin,,142,70,42,321,0
Ekatha,,104,70.5,42,325,1
Ruthaz,,138,69.08,42,326,0
Utred,,260,72.08,42,349,0
Aragorn,,53,68.17,42,353,0
Othithoz,,152,64.5,42,405,2
Ahajes,,54,60.92,42,409,0
Enizuk,,60,65.58,42,412,0
Nirkog,,129,64.08,42,415,3
Nuki,,100,65.67,42,441,0
Cute,,138,58.17,42,441,1
Zidrede,,75,65.42,42,456,1
Joanna,,124,69.33,42,472,0
Bodnedri,,71,62,42,512,0
Diana,,78,69.58,42,554,2
Bida,,69,61,42,584,2
Valerie,,108,69.5,41,270,0
Kuki,,46,57.67,41,292,0
Humper,,95,59.92,41,320,0
Kosom,,103,69.08,41,328,4
Gylumcarga,,49,60.58,41,329,0
Eventyarrr,,44,69.08,41,334,0
Vobe,,73,62.83,41,348,1
Garzi,,197,71.67,41,350,3
Ejboji,,91,65,41,364,1
Ducha,,62,58.33,41,366,2
Geves,,55,64.75,41,370,1
Itamuz,,55,59.5,41,378,0
Vibig,,85,63.58,41,400,2
Zogi,,77,69.33,41,409,6
Loloka,,94,65,41,440,2
Hellb,,65,63.58,41,449,4
Enil,,71,61.67,41,460,2
Zuthul,,90,65,41,473,0
Oshik,,96,67.33,40,156,0
Biff,,145,65.25,40,188,0
Cupuwar,,37,68.75,40,197,0
Pieter,,186,66.58,40,210,0
Ferrari,,208,65.5,40,216,0
Hobuba,,116,70.75,40,220,0
Jecile,,118,69,40,241,0
Blue,,118,66.5,40,245,0
Emuvictory,,45,66.5,40,251,0
Vinra,,130,69.42,40,254,0
Dajad,,167,69.58,40,260,0
Aaron,,91,65,40,260,0
Sosikddun,,108,63,40,268,0
Cusham,,105,69.83,40,270,0
Cema,,180,68.83,40,272,5
Allan,,62,67.67,40,275,1
Personagem,,64,62.58,40,287,0
Ovashis,,145,66.42,40,294,1
Flufleteet,,164,70,40,296,0
Echo,,144,68.92,40,296,0
Astrid,,182,64.2,40,311,0
Aethena,,40,66.42,40,313,0
Ezal,,56,57.17,40,314,0
Zigre,,56,66.33,40,322,0
Arin,,150,70.83,40,327,0
Gorgohex,,77,60.83,40,328,0
Bandow,,65,67.75,40,329,0
Kohig,,54,62,40,329,0
Alma,,71,68,40,330,0
Segen,,55,60.83,40,333,2
Ephemera,,57,59.17,40,337,0
Pawla,,79,64.42,40,340,0
Erza,,53,64.75,40,353,0
Asisi,,243,69.92,40,355,0
Akroji,,143,64.08,40,356,0
Sunnoka,,63,67.58,40,359,0
Haha,,50,63.67,40,369,0
Khann,,44,63.75,40,369,2
Onnona,,56,70.17,40,384,8
Osate,,51,65,40,385,0
Vatane,,95,70.33,40,392,0
Dedogi,,90,57.17,40,396,0
Rhadt,,38,62.08,40,398,0
Dedri,,128,61.42,40,406,0
Nana,,176,66.83,40,411,2
Event,,156,65.83,40,413,0
Bibob,,41,62.08,40,422,0
Licht,,36,63.75,40,436,0
Cukre,,67,63.5,40,440,0
Evil,,61,54.5,40,448,0
Eshohug,,83,66.5,40,448,0
Besudni,,70,65.83,40,481,9
Echagra,,24,59.33,39,302,0
Nahuz,,7,54.17,39,308,1
Buba,,25,62.33,39,335,0
Amazon,,54,61.25,39,376,0
Jhelpura,,100,69.17,39,398,1
Mulito,,108,70.67,39,404,0
Ssssoumrak,,123,59.67,39,444,1
Asyiap,,63,65.67,39,445,1
Rurkitha,,172,68.33,39,458,0
Pieceyy,,129,65.67,39,473,0
Falcao,,51,58.58,39,485,1
Mauriniipl,,66,63.25,39,489,2
Mando,,211,53.17,39,514,3
Anrocis,,64,61.58,39,515,0
Halludra,,92,66.17,39,520,1
Hawkys,,57,61.08,39,521,1
Kunnud,,51,61.5,39,521,1
Arzos,,80,70,39,557,7
Odut,,85,63.5,38,327,0
Dordi,,84,69.25,38,367,0
Xxxoo,,78,67.25,38,391,1
Tekkai,,171,68.58,38,408,2
Ererci,,44,62.92,38,413,1
Ragnar,,120,65.17,38,418,1
Odop,,67,59.58,38,438,1
Zirka,,81,65.83,38,441,6
Surzoga,,29,65.42,38,443,2
Nozaza,,62,62.25,38,447,3
Hekral,,31,58.58,38,460,2
Juxtapose,,54,64.92,38,484,1
Dabez,,86,60.25,38,491,3
Ciri,,30,68.33,38,545,1
Derkot,,114,62.08,37,208,0
Evento,,47,69.67,37,276,0
Spartacus,,81,64.33,37,283,0
Irkasam,,48,59.67,37,289,0
Kizurti,,30,62.33,37,313,0
Dirti,,228,61.75,37,319,1
Ellaje,,90,64.67,37,324,1
Suraji,,201,67.67,37,330,2
Brafa,,127,70.42,37,371,1
Ercoda,,46,62.08,37,384,0
Toke,,22,59.75,37,391,1
Ella,,89,67.17,37,393,0
Bapka,,54,66.83,37,398,0
Pozitiv,,54,57.5,37,403,0
Erdosum,,123,68.75,37,406,0
Tobrim,,47,62.92,37,419,1
Murzok,,158,70.75,37,421,0
Zahimi,,30,54.67,37,459,0
Hanza,,146,68.08,37,485,0
Ekem,,197,70.58,37,529,5
Albert,,218,70.5,37,529,3
Sashi,,46,61.17,37,532,1
Nicitel,,38,65,36,180,0
Linlinzhu,,69,62.58,36,195,1
Rucnickar,,61,66.33,36,247,0
Rellim,,36,60.42,36,298,1
Arezum,,20,56.5,36,305,2
Midget,,40,61.42,36,316,2
Keepwarm,,30,56.67,36,321,2
Argak,,90,68.67,36,326,1
Milo,,171,69.42,36,329,1
Gooch,,99,55.42,36,349,3
Odim,,58,64,36,350,2
Dinnar,,129,67.25,36,370,2
Tero,,25,56.08,36,380,2
Ircibe,,53,62.33,36,390,0
Zinni,,24,63.25,36,405,3
Nusha,,135,69.92,36,469,1
Babu,,122,64.75,36,485,0
Carioca,,75,69.08,36,494,2
Slicedice,,56,68.75,36,526,12
Amuz,,87,69.58,36,583,2
Fury,,167,63.67,35,126,0
Hong,,74,59.83,35,179,0
Evag,,49,62.5,35,224,0
Cipher,,205,70.58,35,224,0
Fenryka,,156,70.5,35,231,0
Irdishe,,60,64,35,235,0
Chinazypa,,158,69.92,35,240,0
Vode,,43,64.58,35,253,0
Gambazinhu,,59,58.75,35,262,0
Sakura,,56,67.75,35,264,0
Chaos,,168,66.83,35,264,0
Nabid,,31,65.67,35,294,0
Papa,,50,61.08,35,300,0
Ashal,,31,63.25,35,333,0
Hahaha,,40,59.42,35,338,0
Madize,,19,55.58,35,347,0
Mutuci,,59,69,35,378,0
Ryzon,,77,61.33,35,386,0
Orkit,,45,64.33,34,209,0
Ocik,,161,59.08,34,225,0
Roxy,,74,65.33,34,271,0
Acin,,145,69.42,34,273,0
Digytenor,,122,70.67,34,278,0
Bron,,39,58.17,34,284,1
Ozafrek,,102,61.75,34,295,2
Azumi,,79,55.25,34,320,0
Iceha,,40,62,34,358,0
Sunday,,18,63.67,34,375,1
Jora,,84,60.92,34,380,0
Ancar,,131,64.25,34,381,0
Lochlann,,59,61.17,34,409,5
Summer,,26,70,34,489,6
Skkye,,123,67.5,34,562,0
Agellal,,48,62.92,33,201,1
Julietta,,83,63,33,204,0
Kickayour,,13,66.5,33,225,0
Brucewong,,51,60.33,33,271,0
Ihibi,,32,63.92,33,283,1
Azage,,40,63.83,33,285,1
Innetin,,88,67.25,33,299,1
Nuduk,,20,60.5,33,310,1
Lancelot,,41,53.17,33,341,1
Nigra,,27,53.67,33,370,3
Vertigotwo,,50,65.33,33,377,4
Iril,,52,67.08,33,387,0
Ivrella,,103,64.33,33,390,1
Ilmatar,,45,54.5,33,401,2
Pizdyula,,107,65.75,33,436,5
Jeyda,,127,70.5,33,437,0
Cile,,83,69.92,33,440,1
Hotha,,155,70.5,33,447,0
Tiaris,,24,61.5,32,227,0
Bahi,,41,62.83,32,235,0
Alvor,,8,61.25,32,255,1
Kitiara,,28,65.25,32,268,0
Jinam,,47,57.58,32,275,0
Asomeg,,52,60.17,32,307,1
Jofrie,,38,65.25,32,324,3
Jadus,,33,65.83,32,338,0
Seyren,,52,66.92,32,339,0
Rikid,,111,66.17,32,460,0
Kigi,,63,65.58,31,186,0
Hethud,,29,56.75,31,189,2
Zsww,,51,64.42,31,266,0
Knight,,17,61.83,31,275,0
Burtivi,,32,67.42,31,275,1
Jesha,,94,57.33,31,307,4
Emmy,,29,59.92,31,313,1
Cowid,,19,58.08,31,316,3
Tcslp,,167,59.25,31,369,3
Arcami,,25,60,31,372,2
Emanuel,,95,68.58,31,402,2
Sera,,58,66.83,31,450,4
Cirdadne,,47,57.17,30,156,0
Will,,30,62.08,30,161,0
Nonuz,,57,61.17,30,167,0
Icos,,0,55.58,30,174,1
Zovun,,41,60,30,178,0
Athelli,,107,68.17,30,179,0
Ellan,,99,68.58,30,186,0
Event,,152,70,30,197,0
Amez,,35,63.17,30,198,0
Titanius,,43,53.5,30,212,0
Raphaela,,96,69.92,30,216,0
Vugag,,144,68.83,30,218,0
Oceane,,50,62.67,30,240,0
Mpak,,12,61.75,30,241,0
Rire,,11,61.58,30,245,0
Haba,,151,67.75,30,261,0
Kedig,,68,61.67,30,272,0
Nugri,,128,67.33,30,272,0
Zazallo,,33,65.17,30,297,0
Hakade,,28,59.58,30,297,0
Osin,,103,69.17,30,341,0
Kiishka,,163,62.33,30,353,0
Event,,63,62.5,30,364,2
Valeria,,112,70.58,30,371,0
Baldric,,42,62.08,30,379,0
Panda,,64,62.42,29,126,0
Karti,,9,58.75,29,195,0
Kjeleng,,8,58.5,29,254,0
Ennu,,20,61.67,29,263,0
Kratos,,10,62.25,29,295,0
Paxeternam,,63,65.17,29,306,1
Ellod,,12,66.17,29,395,2
Creasy,,31,61.83,29,415,0
Belli,,37,70.5,29,472,1
Bellin,,66,63.17,28,170,1
Eowyn,,9,67.33,28,182,0
Naca,,35,60.17,28,208,0
Lonra,,29,63.08,28,209,1
Triss,,54,61.08,28,267,2
Geti,,6,60.42,28,268,0
Cevran,,27,58.92,28,289,1
Axna,,68,59,27,175,0
Kobe,,33,56.83,27,219,0
Oros,,4,56.33,27,227,0
Izone,,25,60.75,27,310,0
Kirzul,,78,65.75,27,324,0
Korot,,12,58.08,27,325,0
Ghedina,,52,68.67,26,151,0
Dervao,,20,59.33,26,176,1
Kimeh,,0,49.17,26,271,1
Turcarda,,52,65.27,26,297,1
Xslayer,,139,70.25,25,153,0
Gumorek,,8,58.5,25,156,0
Carethi,,16,63.08,25,167,0
Ruthas,,137,62.83,25,174,0
Utikputik,,128,68.5,25,183,0
Jadas,,1,57.67,25,202,0
Bizi,,0,52.58,25,221,0
Eulb,,0,57.83,25,253,0
Okard,,180,67.67,25,265,0
Enagez,,104,55.08,25,270,0
Yennifer,,65,67.75,25,275,0
Zephy,,25,59.67,25,281,0
Inote,,25,56,25,306,0
Cazi,,32,65.42,25,312,0
Itan,,38,51.18,25,391,0
Nora,,27,60.33,24,166,0
Orzukra,,6,65.75,24,168,0
Movi,,30,61.42,24,185,0
Dorkal,,5,58.42,24,228,0
Suneba,,37,53.58,24,239,0
Ekiheg,,1,64.17,24,299,0
Okul,,4,65.08,23,134,0
Olsiaku,,46,63.83,23,194,0
Kuhe,,8,55.58,23,199,1
Tigrprpl,,50,53.42,23,298,0
Merothe,,14,66.25,22,125,0
Isimaz,,9,57.92,22,205,0
Eren,,11,58.25,22,207,0
Zigi,,6,59.42,22,209,0
Savior,,82,69.33,22,314,0
Worwa,,68,69,21,142,0
Nekethe,,7,64.5,21,161,0
Irtethuk,,3,56.75,21,204,0
Arcon,,10,63.58,21,223,2
Edrila,,24,59.08,21,248,1
Mukkk,,0,55.58,21,289,1
Eshen,,0,56.5,20,134,0
Mara,,14,66.67,20,135,0
Rovi,,55,59.67,20,141,0
Imun,,0,67.75,20,156,0
Deshon,,10,57.92,20,158,0
Jessix,,1,58.08,20,160,0
Aztica,,23,63.25,20,178,0
Kama,,79,68.33,20,184,0
Nerith,,0,55.33,20,189,0
Arohin,,32,71.42,20,192,0
Tutu,,3,56.42,20,199,0
Lirca,,0,51.75,20,228,0
Craftwsw,,3,60.25,20,230,0
Vosoke,,31,59.5,20,239,0
Laun,,0,59.75,20,265,0
Doshim,,0,59.5,20,273,0
Egithun,,25,53.17,20,341,0
Hugerix,,0,49.42,20,411,0
Pollux,,13,57.83,19,130,0
Alerda,,0,53.42,19,145,0
Weed,,53,62.75,19,166,0
Barzaub,,0,61.92,19,200,0
Andmala,,0,55.33,19,222,0
Dorok,,0,63.17,19,226,0
Stormblade,,0,61,19,298,0
Zero,,24,61.42,18,157,0
Aren,,0,58.42,18,158,0
Zambit,,22,68.67,18,310,1
Tathan,,0,51.92,18,555,2
Ruled,,83,70,17,119,0
Gretchin,,7,53.83,17,172,0
Sethe,,1,59.17,17,186,0
Curdunre,,0,56.92,17,190,0
Baze,,5,61.08,17,196,0
Irzot,,36,61.5,17,199,0
Wosh,,0,54.58,17,209,0
Lira,,35,61.08,17,215,0
Dellonra,,0,60,17,250,0
Fghdthx,,1,56.1,17,252,2
Victoria,,0,54.42,17,257,0
Oshathe,,15,59.42,16,133,0
Skylar,,88,70.67,16,137,0
Nokrak,,0,60.17,16,137,0
Lize,,79,62.92,16,138,0
Bogda,,31,61.17,16,140,0
Moppo,,0,58.58,16,165,0
Hogrona,,49,56.25,16,171,0
Arkik,,4,54.42,16,183,0
Esere,,0,61.67,16,190,0
Ircus,,0,55.67,16,220,0
Blueevent,,0,59,16,261,2
Jungmin,,0,56.33,16,274,1
Atidni,,17,60.58,15,112,0
Rirzi,,20,64.33,15,139,0
Conahn,,38,57.67,15,152,0
Eleanor,,0,56.33,15,208,0
Hosinni,,0,62.17,15,267,0
Nugnug,,0,54.67,15,300,0
Ashus,,0,53.67,14,130,0
Itiskaz,,0,60.17,14,134,0
Govrit,,31,61.58,14,147,0
Mozitron,,42,67.08,14,174,0
Knogen,,0,56.58,14,187,0
Ozem,,0,55.33,14,221,0
Caska,,0,61.75,14,242,0
Bison,,0,56,14,274,0
Gnef,,38,70.75,14,328,0
Morke,,0,58.33,13,133,0
Kesa,,0,58.25,13,166,0
Ayeye,,0,58.42,13,183,1
Zetori,,0,55.83,13,233,0
Vigrin,,0,52.75,13,254,2
Rebi,,0,55.67,13,259,0
Anem,,0,41.9,13,538,3
Aluhuk,,0,51.67,13,593,5
Micka,,2,56.42,12,88,0
Amyziv,,3,57.17,12,146,0
Nuni,,0,56.67,12,148,0
Othudi,,0,53.08,12,153,0
Brick,,3,59.25,12,175,0
Lalalie,,0,57.08,12,179,0
Bille,,0,60,12,187,0
Jennie,,0,60.08,12,192,0
Forte,,0,56.83,12,202,0
Hugal,,0,55.5,12,216,0
Ejog,,0,58.83,12,261,0
Shadowmode,,10,50.5,12,278,0
Jodo,,0,58.83,12,373,2
Erkirget,,0,49.08,12,393,0
Kola,,43,66.5,11,99,0
Odrola,,47,65.33,11,120,0
Olad,,4,64.33,11,152,1
Hehil,,0,60.08,11,155,0
Eveze,,0,52.58,11,159,1
Punky,,0,55.25,11,161,0
Mazak,,0,49,11,163,0
Onil,,0,67.42,11,164,1
Ugathuzz,,0,52.08,11,186,0
Lupaza,,0,47.58,11,197,0
Inoke,,0,56.92,11,324,1
Avinator,,0,56.75,10,106,0
Erithi,,0,54.75,10,110,0
Tizi,,0,61,10,120,0
Athaze,,15,58.42,10,123,0
Sfera,,0,56.25,10,127,0
Zata,,0,54.42,10,129,0
Atura,,0,56.25,10,144,0
Boomboom,,0,54.17,10,146,0
Ebere,,0,53.5,10,147,0
Rainboy,,0,55.5,10,151,0
Morgan,,0,56.42,10,152,0
Ebanoz,,0,50.75,10,152,0
Melvy,,0,61.17,10,156,0
Defender,,111,55,10,159,0
Gishi,,0,54.83,10,162,0
Tarzi,,0,57.17,10,164,0
Oban,,0,58.5,10,177,0
Alitha,,0,57.75,10,180,0
Orgalli,,0,53.17,10,201,0
Save,,0,56.5,10,203,0
Atarcak,,0,48.5,10,205,0
Emeji,,0,57.17,10,217,0
Sedna,,0,47.25,10,219,0
Rave,,0,54.08,10,227,0
Rijus,,0,57.67,10,234,0
Pafqlecki,,0,50.5,10,246,0
Cassiopiea,,0,54.83,10,248,0
Toja,,0,52.33,10,258,0
Sabine,,0,50.25,10,270,1
Asodred,,38,48.42,10,275,0
Ehalas,,0,55.25,10,285,0
Emanuelle,,5,63.22,10,308,0
Kaci,,0,56.58,10,309,1
Phantomwar,,0,51.17,10,383,0
Rulon,,0,60.67,9,86,0
Loorty,,0,58.75,9,137,0
Zooe,,0,58.58,9,141,0
Event,,0,57,9,148,0
Vivanne,,0,56.5,9,165,0
Jonghee,,0,53.75,9,169,0
Ashahek,,0,52.08,9,175,0
Taldissa,,0,57.08,9,176,0
Shinn,,0,57.83,9,176,0
Heneg,,0,54.92,9,179,0
Jabi,,0,53.36,9,197,1
Dxzone,,0,57.25,9,231,0
Adam,,0,60.92,9,256,1
Askika,,0,53.92,9,268,0
Goober,,0,48.42,9,270,1
Nobby,,0,58.25,9,275,2
Agga,,0,62.33,9,282,0
Ariadna,,0,55.08,9,294,0
Banan,,0,53.92,9,313,1
Idata,,0,63.33,8,114,0
Orcuz,,0,53.92,8,116,0
Igive,,0,56.5,8,118,0
Hahaha,,0,56.83,8,120,0
Macee,,0,58.08,8,123,0
Rudi,,0,58.75,8,125,1
Gurag,,0,56.5,8,129,1
Lisha,,0,59.17,8,131,0
Psina,,0,54.08,8,131,0
Civazi,,0,60.42,8,135,0
Zatha,,3,64.25,8,140,0
Idregik,,0,57.42,8,145,0
Mannil,,0,54.08,8,153,1
Killerpops,,0,55.92,8,159,0
Cennabre,,0,57.33,8,161,0
Vyktor,,0,49.83,8,222,2
Oscar,,0,52.08,8,228,0
King,,0,49.83,8,236,2
Keje,,0,54.17,8,240,0
Ejeviz,,0,54.5,8,241,1
Kertakri,,0,54.83,8,246,2
Ligrom,,0,46.17,8,268,1
Onrak,,0,51.67,8,311,2
Laje,,0,53,8,330,3
Botokol,,0,53.33,8,335,2
Zoto,,0,52.42,8,343,9
Jine,,0,55.5,8,345,2
Bocha,,0,44.42,8,346,1
Amak,,0,51.33,8,347,2
Zumi,,0,54.92,8,366,4
Econ,,0,51.25,8,379,1
Tefre,,0,48.08,8,385,3
Jasmine,,0,55.42,8,403,4
Mysz,,0,45.92,8,414,2
Edinna,,0,48.08,8,458,8
Igrema,,0,45,8,472,0
Starks,,0,43,8,489,1
Edruvri,,0,56.08,8,489,2
Viking,,0,45.25,8,578,3
Mida,,0,54.67,8,595,2
Elevil,,0,57.58,7,76,0
Djura,,0,58.25,7,114,0
Vurzad,,13,62.17,7,125,0
Nora,,0,52.08,7,126,0
Ovrokam,,32,65.08,7,130,0
Daziel,,32,60.17,7,130,0
Abrithe,,0,66.83,7,131,0
Sammy,,29,63.25,7,131,0
Mamont,,0,56.75,7,139,0
Juvre,,1,63,7,141,0
Mute,,0,53.5,7,145,0
Aaaaaa,,0,48.17,7,147,0
Ardrich,,0,56.83,7,148,0
Sise,,0,55.33,7,149,0
Erkol,,1,57.67,7,150,0
Vine,,0,56.42,7,152,0
Daze,,0,57.58,7,152,0
Olubros,,0,54.58,7,154,0
Lusik,,0,55,7,158,0
Avrabra,,0,57.33,7,158,0
Kalek,,0,59.08,7,158,0
Atas,,10,61.08,7,159,0
Ikrus,,0,46.83,7,162,0
Proffesor,,0,56.75,7,170,0
Hojo,,22,62.92,7,180,0
Rilana,,0,56.17,7,180,0
Baki,,0,55.33,7,183,0
Abbathird,,16,69.92,7,187,0
Dragon,,0,53.58,7,188,0
Olashi,,0,61.08,7,188,0
Liga,,0,61.08,7,189,0
Icarus,,0,48.25,7,192,2
Jasosha,,4,68.33,7,195,0
Zara,,0,53.08,7,197,2
Zenomi,,0,57.42,7,199,0
Zenrali,,0,54.08,7,201,0
Bojaros,,0,54.33,7,203,0
Esise,,0,54.67,7,204,1
Dogan,,0,56.17,7,219,1
Tutuoc,,2,63.4,7,226,0
Sisahi,,0,54.92,7,227,1
Jima,,0,56.5,7,237,0
Bloodhound,,0,50.58,7,240,0
Gata,,0,53.58,7,245,0
Ethoz,,0,56.25,7,252,1
Warrior,,0,38.5,7,256,0
Olit,,25,65,7,256,0
Lorelei,,0,56.08,7,259,3
Sidokra,,0,56.42,7,265,0
Cocacoca,,0,50.9,7,269,0
Eduza,,0,56.33,7,272,0
Egemi,,0,38.83,7,275,5
Schnool,,0,52.92,7,277,1
Flayde,,0,53.33,7,278,2
Mcmullet,,0,54.75,7,280,0
Gravis,,0,52.83,7,281,2
Artoriora,,0,48.17,7,284,2
Tanck,,0,43.58,7,286,0
Leviatan,,0,51.25,7,287,0
Bane,,0,43.67,7,294,0
Vendavo,,0,52.58,7,303,0
Adinna,,0,51.08,7,310,0
Drunk,,0,53.08,7,310,2
Anuvi,,0,51.6,7,312,0
Pokha,,0,49.08,7,316,0
Ovaz,,0,49.75,7,320,0
Bure,,0,41.17,7,323,0
Gyulma,,0,51.83,7,328,3
Rabra,,0,47.75,7,330,4
Frag,,0,54.25,7,331,1
Praewien,,0,38.75,7,333,0
Ibadna,,0,44.2,7,337,10
Eroe,,0,57.33,7,337,1
Hellscream,,0,47.42,7,345,8
Bugs,,0,52.5,7,345,0
Andre,,0,59,7,351,1
Katerina,,0,50.42,7,359,4
Acozi,,0,49.5,7,361,5
Carnage,,0,51.67,7,378,1
Marjan,,0,49.33,7,386,1
Zeel,,0,47.67,7,386,3
Kibita,,0,45,7,388,2
Meme,,0,52,7,397,1
Gollin,,0,49.92,7,402,6
Mudet,,0,53.58,7,411,0
Jana,,0,43.08,7,413,8
Vavri,,0,46.25,7,425,2
Likut,,0,43.5,7,428,9
Skywalker,,0,52.25,7,435,3
Abrebra,,0,41.58,7,457,8
Asuz,,0,43.17,7,461,2
Higod,,0,49.25,7,463,8
John,,0,48.83,7,484,1
Deathrow,,0,46.92,7,495,1
Keno,,0,51.25,7,514,3
Okurin,,0,57.33,7,546,9
Honeybum,,0,46.83,7,576,5
Vilon,,0,47.08,7,583,4
Rete,,0,56.75,7,586,5
Adriana,,0,50.08,7,594,11
Luhok,,0,53.92,6,84,0
Isufrok,,0,53.33,6,98,0
Esat,,0,58.25,6,98,0
Mathuche,,0,56.42,6,101,0
Morofra,,0,57.83,6,111,0
Cohin,,0,51.58,6,115,0
Repluged,,0,54.83,6,119,0
Yoon,,0,57.42,6,120,0
Revrini,,0,46.1,6,121,0
Kingfrogg,,0,53.17,6,123,0
Ocus,,0,54.08,6,125,0
Jingyan,,0,42.08,6,130,0
Magra,,0,55.75,6,131,0
Maerly,,0,53.42,6,132,0
Dominikan,,0,58.25,6,132,0
Bshh,,0,52.92,6,133,1
Vipping,,0,46,6,134,1
Dovi,,0,47.58,6,136,0
Ogeshes,,0,55.42,6,137,0
Xena,,0,57,6,137,0
Avirgi,,0,54.08,6,139,0
Efrain,,0,48.83,6,140,0
Rise,,0,49.92,6,143,1
Kene,,0,58.25,6,146,0
Vamos,,0,53.67,6,150,0
Gumbe,,0,39.67,6,150,1
Tifa,,0,54.92,6,151,1
Hellen,,0,54.67,6,154,0
Mumohe,,0,49.17,6,155,0
Sherlock,,0,49.58,6,155,0
Kuha,,0,57.5,6,158,0
Shdwblyde,,0,52.42,6,160,1
Neheke,,0,49.75,6,161,0
Viherde,,0,49.17,6,165,1
Sufei,,0,49.25,6,165,1
Akod,,0,41.83,6,168,1
Amazon,,0,44.7,6,169,0
Late,,0,33.67,6,170,1
Narzi,,0,45.33,6,171,0
Orionnus,,0,56.75,6,174,2
Chinasss,,0,41.92,6,176,0
Azathok,,0,42.5,6,176,0
Cunhuvaydi,,0,62.25,6,177,0
Ecothek,,0,41.42,6,178,0
Nonradri,,0,43,6,180,1
Jisu,,0,55.25,6,181,1
Idredri,,0,55.83,6,183,0
Zota,,0,48.44,6,185,2
Ezises,,0,51.33,6,185,1
Boke,,0,52.67,6,187,2
Qwerty,,0,45.58,6,189,1
Seasea,,1,58.6,6,189,2
Tazit,,0,51.25,6,190,1
Cinrite,,0,44.17,6,195,1
Igul,,0,47.83,6,198,1
Nnosewater,,0,45.67,6,199,2
Heenok,,0,52.67,6,201,0
Aredrog,,0,52.25,6,203,1
Kinni,,0,40.17,6,205,0
Zrulana,,0,52.75,6,206,1
Tabe,,0,49.5,6,207,1
Cynthia,,0,55.33,6,207,0
Beren,,0,40.08,6,207,1
Erzane,,0,37.5,6,208,0
Vojok,,0,51,6,210,0
Venrece,,0,34.83,6,211,0
Loka,,0,42.75,6,214,2
Butherza,,0,48.25,6,215,0
Inanul,,0,39.17,6,218,0
Cinnuk,,0,50.92,6,219,0
Grayfia,,0,40.67,6,221,1
Dirk,,0,48.17,6,222,0
Jane,,0,45.83,6,222,3
Xeon,,0,55.5,6,228,1
Kannu,,0,47.83,6,228,0
Zero,,0,51.42,6,232,0
Luke,,0,47.67,6,233,2
Waikiki,,0,45.5,6,235,0
Adrikoz,,0,44.25,6,236,1
Iren,,0,42.92,6,237,3
Razgard,,0,56,6,238,1
Irek,,0,51.75,6,238,1
Mendoza,,0,42,6,241,0
Ebel,,0,51.25,6,243,1
Narsil,,0,44.42,6,247,0
Danne,,0,45.8,6,252,0
Actiona,,0,40.75,6,256,1
Zibis,,0,50.83,6,256,0
Lekraz,,0,31.83,6,256,4
Tuke,,0,41.58,6,258,0
Efride,,0,48.25,6,259,1
Kisik,,0,51.92,6,263,1
Petruk,,0,49.17,6,264,3
Kamahl,,0,48.58,6,265,2
Jirzus,,0,47.58,6,265,3
Fnork,,0,45.67,6,266,1
Sashi,,0,36.2,6,267,0
Ruin,,0,43.83,6,272,0
Grave,,0,41.08,6,276,1
Kosha,,0,43.08,6,278,1
Ocuk,,0,38.5,6,279,3
Masi,,0,49.08,6,279,2
Dodni,,0,43.75,6,279,1
Sturm,,0,40.33,6,280,2
Annal,,0,40.25,6,284,1
Kila,,0,46.67,6,289,0
Ocean,,0,46.42,6,290,3
Alime,,0,43.2,6,295,3
Monkey,,0,50,6,297,13
Zoja,,0,48.89,6,298,1
Acit,,0,34.5,6,302,2
Cordira,,0,50.67,6,303,1
Enrisol,,0,41.25,6,306,6
Suzi,,0,37,6,308,2
Jeji,,0,45.67,6,310,0
Leon,,0,44.33,6,315,1
Berserker,,0,40.5,6,316,0
Kaled,,0,43.58,6,319,4
Lishon,,0,49.92,6,321,5
Kudnus,,0,36.92,6,321,4
Eventchar,,0,40.17,6,325,1
Modore,,0,39.58,6,325,4
Hhybgio,,0,44.42,6,330,1
Agraz,,0,50.58,6,332,2
Galgulas,,0,42.83,6,333,0
Madmax,,0,45.67,6,334,4
Etichi,,0,32.45,6,334,3
Berrimbolo,,0,41.83,6,335,4
Molin,,0,43,6,339,6
Wrecker,,0,40.5,6,339,10
Dorgos,,0,41.5,6,349,1
Shar,,0,47.67,6,368,2
Vaci,,0,37,6,369,1
Mizi,,0,40.5,6,370,3
Huitzi,,0,44.5,6,373,2
Totsi,,0,50,6,377,1
Goldiknox,,0,33,6,390,3
Demon,,0,45.92,6,393,3
Enral,,0,43.5,6,394,0
Kiva,,0,33.33,6,395,7
Wrecker,,0,44.58,6,395,3
Hodruk,,0,46.08,6,396,8
Libbertee,,0,38.42,6,399,2
Delle,,0,35.67,6,400,3
Mihai,,0,37.92,6,414,3
Izavat,,0,45.25,6,418,8
Gisi,,0,41.67,6,421,4
Athis,,0,48.08,6,436,0
Edraele,,0,42.42,6,436,5
Thor,,0,49,6,448,4
Annok,,0,44.08,6,450,2
Rampage,,0,38.83,6,451,6
Urimesi,,0,37.42,6,462,2
Athillem,,0,42.9,6,464,5
Senpai,,0,41.17,6,466,0
Bubarge,,0,41.67,6,466,3
Darthzulu,,0,45.67,6,475,2
Maksi,,0,36.25,6,476,6
Maryjayne,,0,34.17,6,480,2
Irtun,,0,49.08,6,481,3
Odrug,,0,33.58,6,505,5
Leved,,0,37.1,6,515,4
Aedion,,0,42.92,6,517,9
Krelanemo,,0,34.92,6,569,7
Faizal,,0,45.58,6,572,4
Enneki,,0,31.5,6,578,6
Crash,,0,33.67,6,588,3
Gordi,,0,35.17,6,589,0
Koyaphet,,0,38.25,6,596,4
Kovrik,,0,52.08,5,73,0
Ovrut,,0,54.67,5,86,0
Kasa,,0,55.25,5,89,0
Zimot,,22,59.67,5,95,0
Sarigi,,0,47.75,5,98,0
Stylerx,,0,46.17,5,106,0
Terry,,0,46.25,5,106,0
Ordikra,,0,53.42,5,112,0
Ovot,,0,45.08,5,114,0
Xena,,0,56.33,5,114,0
Shtiz,,0,47.83,5,116,0
Teba,,0,44.92,5,118,0
Nirbjoiz,,0,52.83,5,125,0
Sege,,0,38.5,5,131,0
Brutus,,0,40.42,5,132,0
Murgele,,0,48.5,5,132,0
Lubo,,0,51.83,5,133,0
Saytyn,,0,48.33,5,135,0
Avrom,,0,46.42,5,135,0
Brachios,,0,56.42,5,137,0
Lufri,,0,40.33,5,140,0
Shion,,0,48.17,5,141,0
Ononrez,,0,47.83,5,141,0
Daak,,0,36.42,5,142,0
Mofrik,,0,49.08,5,143,0
Rozkurw,,0,54.08,5,146,0
Lilin,,0,51.75,5,148,0
Kuci,,0,50.75,5,150,0
Ojesa,,0,43.33,5,151,0
Momi,,0,48.33,5,153,0
Tortarca,,0,31.33,5,157,0
Malishok,,0,46.17,5,158,0
Zuva,,0,40.33,5,161,0
Amam,,0,30,5,162,0
Nadnolli,,0,34.92,5,162,0
Orcollik,,0,43.17,5,163,0
Websly,,0,40,5,169,0
Argichus,,70,34.83,5,169,0
Badass,,0,38,5,171,0
Duvurda,,0,43.42,5,171,0
Mary,,0,43.42,5,173,0
Samantha,,0,45.67,5,174,0
Lomax,,0,36.58,5,175,0
Argote,,0,37,5,180,0
Dokriti,,0,48.58,5,181,0
Arcadia,,0,44.75,5,185,0
Irkudri,,0,45.42,5,187,0
Oshid,,0,39.5,5,187,0
Vasil,,0,46.42,5,189,0
Arad,,0,32.5,5,207,0
Dragnmastr,,0,31.5,5,208,0
Ampyc,,0,36.92,5,211,0
Abron,,0,25.08,5,214,0
Angrim,,0,41.92,5,214,0
Hero,,0,34.42,5,216,0
Esaki,,0,25.17,5,216,0
Lelo,,0,32.42,5,219,1
Okabe,,0,46.67,5,220,0
Jeshumi,,0,38.08,5,228,0
Ehuza,,0,36.83,5,229,0
Freiya,,0,28.75,5,234,2
Crazykris,,0,45.5,5,236,0
Obrol,,0,30.09,5,236,0
Papillon,,0,31.75,5,237,0
Abut,,0,52.25,5,239,0
Markers,,0,28.83,5,245,0
Hotha,,0,44.08,5,246,0
Goldy,,0,29.08,5,246,0
Allaga,,0,51.67,5,248,0
Varti,,0,41,5,263,0
Markus,,0,34.08,5,270,1
Lollipop,,0,39,5,276,0
Qrvina,,0,32.17,5,278,0
Jamaika,,0,51.58,5,280,0
Rohem,,0,37,5,283,0
Sike,,0,32.33,5,283,0
Plphc,,0,34.5,5,286,0
Mujen,,0,28.92,5,291,0
Deki,,0,27.58,5,292,0
Leriki,,0,33.75,5,295,0
Helyot,,0,29,5,296,0
Zlzl,,0,32.33,5,298,7
Xleroix,,0,30.08,5,298,7
White,,0,31,5,307,1
Ladybev,,0,32.5,5,310,0
Chilla,,0,31.5,5,310,0
Ilit,,0,36.17,5,311,0
Arna,,0,31.58,5,312,1
Orgushol,,0,34.5,5,315,0
Tiffany,,0,31.33,5,325,0
Testicleez,,0,27.67,5,330,1
Gamog,,0,29.91,5,336,0
Ebril,,0,31.8,5,337,0
Sirdong,,0,25.17,5,346,0
Semi,,0,34.5,5,347,0
Daxxok,,0,24.92,5,350,1
Vigari,,0,29.6,5,358,4
Jadog,,0,31.92,5,363,0
Fred,,0,42.67,5,363,0
Louise,,0,45,5,374,0
Vidrobra,,0,28.92,5,386,0
Raba,,0,30,5,400,0
Kaiwolser,,0,25.92,5,408,9
Elulok,,0,33.55,5,419,0
Emmy,,0,47.75,5,469,0
Rate,,0,46.08,5,471,0
Floki,,0,31.58,5,478,0
Zulla,,0,27,5,480,3
Nitirka,,0,33.58,5,497,12
Anita,,0,32.1,5,512,1
Orgala,,0,27.8,5,531,1
Puckernuts,,0,31.08,5,544,0
Lung,,0,30.75,5,596,2
Pixel,,0,29.42,4,105,0
Kili,,0,36.58,4,117,0
Hize,,0,44,4,120,0
Ivrem,,0,28.42,4,131,0
Ilom,,0,49,4,141,0
Egil,,0,26.75,4,143,0
Sola,,0,36.5,4,146,0
Radian,,0,34.83,4,146,0
Rivete,,0,36.92,4,149,0
Hazi,,0,32.83,4,156,0
Venoso,,0,52,4,157,0
Erannol,,0,36.8,4,159,0
Etharkil,,0,33.67,4,160,0
Tenisa,,0,29.42,4,163,0
Nebi,,0,38.09,4,166,0
Acazin,,0,30.5,4,176,0
Reinharth,,0,26.75,4,180,0
Jurca,,0,33.83,4,181,0
Shadowsong,,0,36.33,4,182,0
Spayk,,0,30,4,183,0
Tushi,,0,31.5,4,184,0
Obrite,,0,34.08,4,189,0
Dorze,,0,35.5,4,190,0
Ekag,,0,35.67,4,198,0
Ehen,,0,27.92,4,201,0
Dochiva,,0,29.08,4,203,0
Soleil,,0,34.92,4,206,0
Huhi,,0,32.17,4,210,0
Gudguyecho,,0,32.5,4,213,0
Avril,,0,40.83,4,214,0
Chinaus,,0,24.58,4,216,0
Nomi,,0,23.83,4,220,0
Kaonem,,0,33.3,4,222,0
Irgare,,0,23.08,4,223,0
Gedra,,0,28.67,4,223,0
Kratos,,0,27.33,4,224,0
Natas,,0,31.08,4,232,0
Ethog,,0,31.08,4,233,0
Badrera,,0,38.42,4,235,0
Kotek,,0,19.58,4,237,1
Sheree,,0,56.58,4,237,0
Dosi,,0,29.17,4,242,0
Brunhilde,,0,33.08,4,245,0
Enit,,0,20.58,4,246,0
Ficker,,0,29.33,4,247,0
Zemada,Challenger,0,19.92,4,255,1
Icarim,,0,34.42,4,263,0
Allduiin,,0,28,4,264,0
Okrisha,,0,23,4,266,1
Malinia,,0,30.5,4,267,0
Eruthiz,,0,33.08,4,268,1
Titeuf,,0,27.5,4,268,0
Asuz,,0,41,4,268,0
Asket,,0,20.42,4,268,1
Rige,,0,27.75,4,268,1
Yuris,,0,19.67,4,269,0
Ogrutad,,0,22.67,4,272,1
Kashkan,,0,26.58,4,273,0
Chinaking,,0,26.25,4,276,0
Alfarizky,,0,32.17,4,284,0
Ofrel,,0,26.75,4,289,0
Warrior,,0,28.7,4,295,0
Vila,,0,30.58,4,297,0
Tullaze,,0,25.58,4,299,0
Hawnuri,,0,30.75,4,299,0
Amazan,,0,23.58,4,300,0
Deux,,0,28.5,4,309,0
Sibri,,0,30.25,4,312,1
Ocutez,,0,23.25,4,314,2
Onez,,0,26.8,4,318,1
Sivi,,0,25.5,4,323,2
Anam,,0,37.33,4,330,0
Avod,,0,26.33,4,336,0
Mssk,,0,32.33,4,336,0
Olloz,,0,24.58,4,337,1
Shade,,0,21.83,4,338,1
Brenda,,0,27.5,4,338,0
Cloud,,0,28.67,4,340,0
Ruda,,0,32.08,4,341,1
Judas,,0,24.17,4,350,1
Tanatos,,0,26.25,4,374,1
Guts,,0,21.17,4,380,4
Lomax,,0,21,4,383,0
Aquiles,,0,20.92,4,383,2
Doom,,0,21.83,4,387,0
Hotstacks,,0,24.75,4,388,1
Georgios,,0,20.25,4,390,0
Lodias,,0,29.08,4,392,1
Seras,,0,21.42,4,395,2
Maxie,,0,27.17,4,397,0
Soja,,0,22.92,4,402,6
Gondar,,0,27.5,4,409,0
Azemi,,0,24.08,4,410,1
Selpi,,0,26.25,4,411,0
Gegrom,,0,30.25,4,417,0
Tedok,,0,24.33,4,417,0
Rutike,,0,25,4,464,1
Elloz,,0,23.75,4,479,0
Lynette,,0,26.4,4,489,0
Jerga,,0,27.1,4,498,4
Valdivia,,0,19.17,4,501,7
Ergardez,,0,22.9,4,517,1
Adnirda,,0,21.42,4,524,1
Achtagul,,0,23.33,4,527,0
Quay,,0,23.4,4,553,1
Orkicam,,0,26.44,4,589,13
Grimwick,,0,51.33,3,110,0
Tozi,,0,28.08,3,124,0
Revchik,,0,24.83,3,126,0
Leegs,,0,20.18,3,127,0
Guga,,0,29.08,3,129,1
Valake,,0,25.83,3,130,0
Jini,,0,26.33,3,133,0
Izol,,0,25,3,138,0
Ovil,,0,21.92,3,145,0
Jadrun,,0,26,3,145,0
Suzufra,,0,32.58,3,149,0
Mana,,0,48.42,3,152,0
Zovig,,0,25.7,3,152,0
Zurcas,,0,33.42,3,159,1
Hida,,0,27.67,3,163,0
Aguzid,,0,29.58,3,164,0
Irzirka,,0,22,3,168,0
Korkor,,0,21.5,3,170,0
Miseg,,0,18.27,3,171,0
Ollis,,0,21.25,3,172,0
Ikrijil,,0,51.83,3,178,0
Ovila,,0,29.09,3,179,1
Omar,,0,26,3,183,0
Lorta,,0,23.83,3,184,1
Musa,,0,18.17,3,185,0
Darmi,,0,23.64,3,186,0
Jewellyn,,0,26.33,3,193,1
Rabi,,0,24.08,3,201,0
Adorig,,0,21.58,3,203,0
Mortaler,,0,22.42,3,203,2
Dima,,0,27.67,3,208,1
Givri,,0,29.58,3,208,1
Xander,,0,25.83,3,209,0
Stark,,0,21.42,3,210,2
Circehe,,0,25,3,211,2
Sivel,,0,22.08,3,212,0
Vivi,,0,19.33,3,216,0
Kley,,0,18.25,3,218,0
Amadni,,0,34.75,3,218,1
Wangweikui,,0,19.42,3,220,0
Lukas,,0,18.58,3,222,1
Dili,,0,25.75,3,231,2
Renene,,0,26.25,3,237,0
Atonon,,0,20.25,3,240,0
Rona,,0,28,3,241,1
Suvis,,0,28.83,3,247,1
Reba,,0,21.33,3,250,0
Voji,,0,18.17,3,253,0
Muda,,0,23.42,3,254,1
Nichty,,0,18.3,3,257,0
Irkanra,,0,21.58,3,257,0
Chango,,0,22.33,3,266,1
Zoka,,0,17.67,3,266,0
Warrior,,0,30.42,3,268,1
Nanaah,,0,23.58,3,269,3
Relid,,0,18.08,3,272,0
Iscoo,,0,16.67,3,276,0
Idos,,0,19.5,3,279,2
Briene,,0,22.5,3,280,2
Jargat,,0,28.17,3,282,5
Jujsonsc,,0,19.67,3,284,1
Ereked,,0,20.25,3,296,3
Gane,,0,20.83,3,300,1
Evoshe,,0,18.17,3,302,0
Otum,,0,17.92,3,310,0
Sachel,,0,24.83,3,312,0
Konkursowy,,0,15.17,3,314,1
Perius,,0,24.83,3,315,2
Zirzirde,,0,20.25,3,315,0
Alakdan,,0,23.42,3,318,2
Ekrinne,,0,19.5,3,318,0
Jeka,,0,19.17,3,320,1
Tethuci,,0,17.33,3,321,0
Tomukre,,0,20.6,3,325,0
Wargold,,0,25.6,3,326,1
Hizon,,0,19.25,3,331,3
Mivom,,0,25.08,3,340,2
Mozi,,0,24.3,3,343,6
Migotka,,0,17.17,3,344,2
Lilleli,,0,26.25,3,346,1
Razal,,0,19,3,352,0
Ptasiek,,0,22.25,3,354,2
Avurtel,,0,24.42,3,355,1
Tracey,,0,17.33,3,357,1
Ifrit,,0,17.25,3,369,2
Cetafra,,0,16.75,3,369,1
Isugri,,0,17.5,3,372,3
Vargus,,0,15.58,3,376,6
Lucien,,0,24.75,3,394,0
Civi,,0,15.08,3,396,2
Gggongchi,,0,18.6,3,401,2
Alun,,0,25.08,3,401,1
Vathed,,0,14.7,3,410,0
Aseche,,0,19.2,3,412,0
Osus,,0,18.25,3,412,2
Arcot,,0,27.5,3,416,0
Event,,0,14.64,3,422,15
Sheen,,0,17.08,3,433,7
Kage,,0,19.5,3,443,1
Carculli,,0,19.17,3,464,3
Dehoka,,0,15.58,3,487,8
Mirda,,0,17.78,3,488,9
Ajeg,,0,21.75,3,505,1
Ethobi,,0,16.17,3,526,1
Mamba,,0,20.5,3,578,2
Allana,,0,35.67,2,96,0
Ozzyozzy,,0,53.83,2,97,0
Hafre,,0,24.8,2,105,0
Jitha,,0,48.5,2,107,0
Mcthemax,,0,17.17,2,115,0
Zarkot,,0,19.42,2,120,0
Ogin,,0,19.4,2,124,0
Arive,,0,36.58,2,124,0
Torzom,,0,29.5,2,124,0
Zhanghemin,,0,20,2,127,0
Hubby,,0,21.83,2,127,0
Rurke,,0,41.91,2,134,0
Innuthag,,0,24.5,2,134,0
Dunja,,0,15.58,2,135,0
Villuz,,0,16.83,2,137,0
Rize,,0,40.17,2,140,0
Asha,,0,13.83,2,141,0
Medrunri,,0,20.1,2,143,0
Havi,,0,20.42,2,146,0
Rovohi,,0,13.6,2,146,0
Shuk,,0,14.58,2,152,0
Omum,,0,23.67,2,155,0
Orzetok,,0,19.17,2,160,0
Dage,,0,25.25,2,161,0
Rtfnew,,0,21.42,2,161,0
Sokajoo,,0,16.33,2,166,0
Eluhak,,0,21.33,2,168,0
Speedy,,0,14.83,2,169,0
Okul,,0,15.58,2,170,0
Esomot,,0,16.42,2,172,0
Egrojot,,0,16.67,2,172,0
Maxzoom,,0,32.91,2,172,0
Barbitur,,0,15.67,2,173,0
Zola,,0,13.33,2,174,0
Killa,,0,17.5,2,174,0
Ocam,,0,14.5,2,175,0
Wobeebee,,0,16.58,2,175,0
Lucas,,0,23.25,2,176,0
Reborn,,0,16.67,2,176,0
Hugoboss,,0,21.5,2,176,0
Vinnot,,0,18.5,2,178,0
Zdarecz,,0,16.75,2,180,0
Haaland,,0,23.4,2,181,0
Evid,,0,20.36,2,182,0
Obat,,0,15.33,2,183,0
Tive,,0,12.67,2,183,0
Desdes,,0,18.67,2,183,0
Deltaforce,,0,22.25,2,183,0
Ikohi,,0,10.5,2,183,0
Dulat,,0,17.67,2,186,0
Saracen,,0,23.5,2,187,0
Weiwei,,0,17.42,2,187,0
Nola,,0,14.67,2,188,0
Ecednam,,0,17.9,2,188,0
Osheza,,0,19.5,2,189,0
Lumiki,,0,18.92,2,192,0
Dredwing,,0,16.3,2,192,0
Ivasha,,0,10.75,2,192,0
Asdf,,0,30.33,2,194,0
Elsa,,0,21.9,2,196,0
Bulli,,0,14.75,2,198,0
Rimuru,,0,17.5,2,199,0
Nazal,,0,16.7,2,200,0
Enegre,,0,23.83,2,200,0
Mirridin,,0,16.8,2,202,0
Caesar,,0,12.58,2,202,0
Cathorci,,0,16.83,2,202,0
Enised,,0,19.42,2,204,0
Ziaaa,,0,17.58,2,204,0
Zihusha,,0,18.73,2,205,0
Edna,,0,19.83,2,209,0
Merlin,,0,10,2,211,0
Agidnom,,0,26.33,2,215,0
Echim,,0,13.4,2,216,0
Boomwar,,0,20.92,2,217,0
Sinogra,,0,18.58,2,218,0
Numak,,0,13.17,2,220,0
Ijoga,,0,16.33,2,220,0
Lekirke,,0,11,2,222,0
Xaos,,0,9.83,2,224,0
Evred,,0,11,2,225,0
Poophie,,0,11.36,2,226,0
Tochesi,,0,15.42,2,227,0
Quyenlo,,0,11.7,2,227,0
Suvara,,0,17.92,2,227,0
Emma,,0,21.75,2,227,0
Lali,,0,19.75,2,229,0
Gogyn,,0,9.75,2,232,0
Todra,,0,16.45,2,233,0
Rirzevri,,0,13.08,2,235,0
Vurcerce,,0,16.58,2,238,0
Acos,,0,10.83,2,238,0
Okeje,,0,16.18,2,238,0
Kazarzi,,0,29,2,242,0
Koshey,,0,14.83,2,243,0
Eduvbc,,0,18.75,2,243,0
Elina,,0,13.5,2,243,0
Muvrol,,0,12.7,2,248,0
Nehad,,0,12.75,2,249,0
Agibre,,0,17.17,2,249,0
Raze,,0,8.92,2,255,0
Janet,,0,21.17,2,256,0
Cetohe,,0,11.17,2,258,3
Bella,,0,14.33,2,258,0
Ceze,,0,18.75,2,260,0
Daki,,0,23.9,2,261,0
Hare,,0,12.08,2,263,0
Sessa,,0,17.92,2,264,0
Experience,,0,12.9,2,264,0
Yann,,0,13,2,268,0
Heroyue,,0,19.58,2,269,0
Hello,,0,27.42,2,269,0
Oburak,,0,9.42,2,272,0
Osoba,,0,8.4,2,278,0
Osednog,,0,9.92,2,281,1
Obokos,,0,9.9,2,283,0
Ercag,,0,9.7,2,286,4
Rameshi,,0,15.83,2,293,0
Gambah,,0,10.22,2,294,0
Eharzul,,0,13.5,2,295,0
Luka,,0,10.3,2,296,0
Zagi,,0,10.25,2,301,0
Taralia,,0,10.6,2,304,0
Haasman,,0,11.45,2,311,0
Azriia,,0,10.6,2,313,0
Emirce,,0,11.83,2,313,0
Savage,,0,12.33,2,317,0
Tiva,,0,9,2,318,1
Sokol,,0,10,2,329,0
Tazashi,,0,12.6,2,330,0
Jellez,,0,9,2,334,0
Rinira,,0,21.25,2,342,0
Cudna,,0,11.8,2,345,0
Guti,,0,11,2,345,0
Akroh,,0,8.6,2,348,0
Othed,,0,23.92,2,350,0
Anakina,,0,13.5,2,350,0
Ethircaz,,0,10.75,2,353,0
Ayro,,0,11.11,2,354,4
Dechurke,,0,8.38,2,355,3
Atssugar,,0,9.4,2,355,0
Sutil,,0,16,2,356,0
Dimich,,0,10.92,2,360,0
Ojek,,0,10.56,2,360,3
Goranz,,0,10.6,2,362,0
Druss,,0,9.55,2,364,0
Toyenk,,0,9.6,2,367,1
Ruva,,0,9,2,370,3
Ithok,,0,10.8,2,371,0
Erdara,,0,10.75,2,373,1
Necheeska,,0,11.8,2,378,0
Kova,,0,10.42,2,385,1
Dragon,,0,11.58,2,398,2
Necrolord,,0,12.75,2,399,0
Asterix,,0,12.67,2,402,0
Zerum,,0,15.25,2,415,0
Adnuz,,0,9.58,2,422,0
Shmuck,,0,12,2,428,0
Berzerker,,0,8.9,2,430,0
Hutuha,,0,8.33,2,436,0
Racad,,0,11.58,2,439,1
Anrubam,,0,11.09,2,447,0
Castor,,0,9.9,2,482,0
Wild,,0,9.78,2,493,0
Gabalela,,0,10.7,2,498,1
Ateca,,0,10,2,504,1
Dirdi,,0,10.1,2,504,0
Edred,,0,12.92,2,531,0
Dube,,0,12.2,2,533,0
Esishi,,0,8,2,543,0
Hiropon,,0,11.3,2,546,0
Tavegi,,0,10.42,2,549,0
Duka,,0,8.7,2,565,2
Mabri,,0,9.4,2,567,1
Arez,,0,9.5,2,597,3
Gornathan,,0,22.75,1,61,0
Even,,53,63.25,1,78,0
Pakuztads,,30,58.58,1,92,0
Smakem,,0,52.25,1,95,0
Jirok,,0,15.92,1,102,0
Ajan,,0,19.2,1,112,0
Kethede,,0,16.5,1,130,0
Isenus,,0,9.44,1,131,0
Azaroth,,0,28.92,1,131,0
Ogrenna,,0,13.25,1,134,0
Alukard,,0,53.83,1,134,0
Oshenna,,0,16.92,1,138,0
Kikathe,,0,23.67,1,139,0
Nuzomi,,0,12.18,1,139,0
Lanmo,,0,18,1,140,0
Jagrez,,0,15.92,1,141,0
Esol,,0,42.67,1,145,0
Lokrik,,0,10.5,1,146,0
Virdarca,,0,53.25,1,148,0
Zuce,,0,9.3,1,148,0
Enon,,0,25.33,1,149,0
Liang,,0,15.08,1,150,0
Carat,,0,13.33,1,156,0
Oshimi,,0,10.56,1,157,0
Lucky,,0,14.42,1,158,0
Jaje,,0,9.83,1,160,0
Obit,,0,32.58,1,161,0
Mobi,,0,8.5,1,164,0
Baotou,,0,16.42,1,166,0
Jisat,,0,12.17,1,168,0
Hejon,,0,15.58,1,169,0
Bagox,,0,17.92,1,171,0
Erzik,,0,18.9,1,171,0
Veli,,0,15.58,1,172,1
Soran,,0,8.83,1,172,0
Maxx,,0,30.67,1,173,0
Arzolad,,0,6.08,1,173,0
Zucurce,,0,10.78,1,174,0
Marta,,0,14.1,1,175,0
Adut,,0,18.08,1,175,0
Vohi,,0,9.1,1,176,0
Osan,,0,9.67,1,177,0
Aran,,0,11.8,1,178,0
Ikos,,0,7.8,1,183,0
Inok,,0,9,1,183,0
Jimbeent,,0,22.33,1,183,0
Ashik,,0,15.92,1,183,0
Heulga,,0,12.42,1,185,0
Cigar,,0,9.83,1,186,0
Casogra,,0,9.7,1,187,0
Athuda,,0,9.08,1,188,0
Event,,0,6.83,1,191,0
Draveclone,,0,8.5,1,191,0
Alagong,,0,13,1,191,0
Ovahe,,0,7.8,1,192,0
Lofe,,0,8,1,193,0
Witcher,,0,13.83,1,193,0
Wendell,,0,13.17,1,193,0
Aragorn,,0,6.7,1,193,1
Akrofran,,0,9.42,1,195,0
Bathan,,0,7.6,1,196,0
Hulk,,0,7.27,1,196,1
Vithami,,0,9.4,1,196,0
Zebre,,0,13.25,1,197,0
Haaa,,0,8.56,1,197,0
Olale,,0,11.92,1,199,0
Heyyehaya,,0,8.17,1,199,0
Onagi,,0,9.17,1,202,0
Murky,,0,9.92,1,202,0
Hunter,,0,7,1,203,0
Eldupa,,0,8,1,203,0
Salvage,,0,8.67,1,205,0
Jesmama,,0,9.8,1,205,0
Osas,,0,9,1,206,0
Jathen,,0,7.3,1,207,0
Cezen,,0,10,1,207,0
Lechi,,0,9.7,1,207,0
Iviz,,0,14.1,1,208,0
Wright,,0,6.5,1,209,0
Thud,,0,10,1,209,0
Sosik,,0,5.78,1,211,0
Adambu,,0,6.67,1,211,0
Akashe,,0,16.2,1,211,0
Amece,,0,10.33,1,212,0
Meda,,0,9.3,1,213,1
Mooooo,,0,6.18,1,213,2
Igrik,,0,9.5,1,214,0
Kyloren,,0,9.7,1,214,0
Deciz,,0,6.17,1,215,2
Nagibator,,0,10.4,1,216,0
Acizi,,0,9.5,1,217,0
Hardsarah,,0,10.83,1,218,0
Enrot,,0,10.4,1,218,0
Lone,,0,8,1,219,0
Akeg,,0,9.33,1,220,1
Kubaru,,0,8.09,1,220,0
China,,0,8.56,1,223,0
Okzh,,0,9.5,1,227,0
Rekt,,0,8.92,1,227,0
Kagerou,,0,17.2,1,228,0
Ircek,,0,7.3,1,230,0
Afrees,,0,9,1,230,0
Daterzi,,0,8.9,1,232,0
Armando,,0,9.45,1,233,0
Obicet,,0,9.3,1,234,0
Garzek,,0,12.4,1,234,0
Severce,,0,12.7,1,235,0
Koche,,0,9.1,1,240,0
Arkalle,,0,11,1,240,0
Solacca,,0,9.56,1,241,1
Vida,,0,9,1,243,0
Rukiz,,0,9.6,1,244,0
Eunice,,0,9.4,1,247,1
Kohat,,0,9.8,1,248,0
Vuba,,0,9.33,1,250,0
Naka,,0,8.2,1,254,0
Mesha,,0,6.92,1,254,1
Dethig,,0,8.2,1,254,0
Chinawe,,0,10.1,1,256,0
Kemi,,0,9.17,1,257,0
Garul,,0,13.17,1,257,0
Nanra,,0,8.89,1,259,0
Buve,,0,10.6,1,261,1
Arkis,,0,11.9,1,262,0
Idice,,0,7.1,1,262,0
Touta,,0,8.83,1,263,0
Dezi,,0,14.08,1,263,0
Nomad,,0,8.7,1,264,1
Mezije,,0,8.4,1,265,0
Cihanni,,0,10.22,1,265,1
Shezra,,0,9.9,1,271,0
Amanda,,0,9.2,1,271,0
Restive,,0,15.33,1,271,0
Nidoli,,0,7.58,1,272,0
Ocohe,,0,8.1,1,273,0
Guces,,0,9.5,1,274,0
Bednin,,0,9.5,1,275,0
Awan,,0,7.8,1,275,1
Lollirgi,,0,8.45,1,276,0
Duchi,,0,9.4,1,276,0
Gron,,0,8.3,1,278,0
Vami,,0,13.36,1,281,0
Bubu,,0,7,1,281,0
Feariswsdm,,0,17.5,1,281,0
Sura,,0,8.33,1,284,0
Xeneth,,0,12.08,1,284,0
Tusa,,0,7.2,1,285,1
Karga,,0,9.09,1,287,0
Johnnycash,,0,10.58,1,288,0
Odol,,0,9,1,289,0
Ineg,,0,11,1,291,0
Argus,,0,8.8,1,292,0
Abusa,,0,10.5,1,292,0
Freya,,0,8.25,1,295,0
Loven,,0,11.33,1,298,0
Igor,,0,9.67,1,301,0
Bukroti,,0,15.75,1,304,0
Beyond,,0,6.6,1,307,1
Joebob,,0,9.9,1,311,0
Cuza,,0,9.8,1,313,0
Easy,,0,9.5,1,315,0
Nigellah,,0,7.6,1,315,1
Vudimi,,0,7.89,1,318,1
Mige,,0,6.8,1,318,0
Polly,,0,7.9,1,319,2
Sandy,,0,24.08,1,322,0
Varus,,0,11.58,1,324,0
Kiki,,0,8.3,1,325,0
Argiz,,0,8.09,1,331,0
Rece,,0,11,1,332,0
Nima,,0,9.08,1,333,0
Shana,,0,8.8,1,334,0
Caki,,0,10.1,1,336,0
Bumm,,0,8,1,338,1
Idasak,,0,8.5,1,343,1
Obrite,,0,8.56,1,347,0
Daywalker,,0,9.75,1,349,0
Jochoshe,,0,7.3,1,356,1
Ghotelz,,0,6.83,1,359,0
Omen,,0,9.67,1,360,0
Onnallez,,0,8.8,1,361,0
Asak,,0,7.1,1,364,1
Veronica,,0,8.6,1,387,0
Nushuci,,0,6.2,1,388,0
Mieszko,,0,8,1,392,0
Zurzi,,0,9,1,396,0
Nevug,,0,8.44,1,421,2
Erol,,0,9.11,1,428,0
Rujobi,,0,8.3,1,448,0
Ishus,,0,9.7,1,466,0
Diserki,,0,9.22,1,493,0
Umisaroh,,0,12.92,1,536,0
