Guitarwolf,,2020,74.42,127,515,0
Yifeicc,,1989,74.42,127,524,0
Chinaf,,2000,74.17,127,588,0
Chinalw,Warlord,1894,74.42,126,586,0
Chinawm,,2002,74.08,125,557,1
Mrkim,,1953,74.92,123,501,0
Kordokdo,,1834,74.58,123,511,1
Korcc,,1873,74.17,123,549,0
Metoo,,1941,74.33,123,556,0
Korjhope,,1787,74.5,122,548,0
Chinagozei,,1846,74.08,122,550,0
Chinadream,,1921,74.17,122,561,1
Onema,,1476,73.75,122,563,0
Koreablue,,1577,73.67,122,584,0
Chinafeng,,1831,74.42,122,588,0
Itad,,1717,73.92,122,594,0
Chinaamy,,1853,74.33,121,472,1
Abred,,1823,74.33,121,494,0
Donquixote,,1577,73.83,121,546,0
Kinnu,,1613,73.92,121,568,1
Korhoney,,1618,74.33,121,585,0
Beer,,1586,73.83,120,477,0
Mrkim,,1351,73.33,120,502,0
Korppp,,1453,74.08,120,543,0
Korpchil,,1520,74.33,120,543,3
Chinaqaz,,1429,74.17,120,550,1
Silver,,1926,74,119,478,1
Aiden,,1802,74.25,119,540,0
Warlord,Warlord,1468,74.5,119,596,0
Korohm,,1612,73.83,118,403,0
Korvolt,,1509,74.17,118,472,2
Korxxxx,,1592,74,118,481,0
Limdam,,1806,74.17,118,493,3
Hegel,,1766,73.75,118,497,1
Argon,,1832,74.17,118,503,0
Chinayccc,,1758,74,118,508,4
Korsuga,,1697,74.17,118,508,3
Firy,,1533,73.5,118,510,0
Koreaend,,1231,73.75,118,526,0
Eztom,,1630,74,118,529,0
Ojbk,,1541,73.83,118,532,0
Nirn,,1501,73.5,118,533,0
Chinamx,,1385,72.92,118,547,0
Korkkkkkk,,1159,73.92,118,554,1
Mastermind,,1720,74.25,118,556,2
Chinatimo,,1381,73.58,118,563,0
Adrekal,,1773,74.33,118,572,0
Greenhorn,,1567,73.67,118,573,2
Rasta,,1574,73.75,118,579,1
Chinattt,,1447,74.17,118,581,5
Chinak,,1671,74.33,118,592,3
Moana,,1475,73.58,118,594,1
Nicebsc,,1460,72.58,118,595,3
Korgyong,,1335,73.58,117,481,0
Thrall,,1462,73.75,117,484,1
Korempress,,1639,73.75,117,532,0
Cindy,,1463,74.17,117,536,1
Diablo,,1322,73.83,117,541,3
Korsj,,1589,73.83,117,543,0
Korbatg,,1077,73.75,117,546,2
Stayhome,,1314,73.5,117,547,2
Chidb,,1745,73.92,117,552,2
Sonata,,1169,73.67,117,560,0
Sarah,,1738,73,117,560,1
Ruwar,,1283,73.67,117,564,3
Anewbug,,1410,73.83,117,566,0
Rumakc,,1298,73.92,117,575,5
Kbot,,1744,74.25,117,591,1
Victory,,1300,73.75,116,474,0
Adrian,,1215,73.42,116,496,3
Nomevra,,1308,72.92,116,499,0
Burt,,1674,73.33,116,511,2
Chinalj,,1124,73.83,116,597,1
Nircim,,1411,73.92,115,481,0
Chinachalu,,1519,73.75,115,515,0
Freeloot,,921,73.17,115,586,0
Waynexuw,,1902,73.75,114,509,2
Omizi,,1373,73.75,114,526,3
Zekugre,,1377,73.83,114,552,0
Siragi,,1287,73.67,114,555,1
Astoria,,1194,73.25,114,559,0
Leke,,1706,73.75,113,372,0
Ruvscovid,,1364,73,113,374,1
Gulimok,,1872,74.42,113,393,1
Vokeke,,1449,74.08,113,410,0
Ujhbn,,1339,72.67,113,422,2
Flounder,,1465,73.75,113,432,0
Russ,,1735,74.17,113,462,0
Imoja,,1139,73.33,113,463,1
Nipsanhips,,1482,73.83,113,470,3
Gigimli,,1303,73.33,113,477,1
Rwubaby,,1083,73.75,113,478,2
Koka,,946,73,113,489,1
Hhkk,,1103,72.75,113,490,0
Korking,,1266,73.83,113,493,4
Okrigi,,1521,73.75,113,499,3
Kormystguy,,1229,73.75,113,511,0
Brucekr,,1324,74.08,113,520,0
Juna,,1229,72.67,113,521,1
Chinahqw,,1091,73.25,113,526,4
Iceg,,1147,73.17,113,530,4
Korpo,,1335,73.83,113,532,8
Goodluck,,1326,73.58,113,534,2
Chinajimmy,Challenger,1375,73.75,113,541,2
Vich,,1420,73.83,113,545,3
Newj,,1171,72.92,113,547,3
Suczyrylo,Challenger,1415,73.92,113,548,5
Chinakk,,1376,74,113,549,1
Mada,,1099,73.83,113,550,4
Chinakill,,1063,73.5,113,556,8
Alfie,,1214,73.5,113,566,0
Korea,,1362,72.83,113,567,4
Elffawtawt,,1221,73.58,113,568,0
Geezer,,1292,74.08,113,570,2
Mohagga,,1200,73.58,113,579,2
Rubaka,,1610,72.75,113,581,3
Michys,,1193,73.92,113,590,0
Oshin,,1566,73.92,113,593,9
Korkor,,1426,73.25,113,598,4
Chinaxf,,1541,74,112,430,5
Vaqen,,967,72.67,112,444,2
Cedne,,1001,73.33,112,446,1
Amaier,,1508,73.33,112,464,1
Chinasf,,1464,74.25,112,465,2
Whyme,,1339,73,112,481,0
Theo,,961,73.75,112,491,0
Korblue,,1220,73,112,494,1
Merciless,,1145,73,112,504,2
Guns,,1650,74.17,112,510,4
Orifice,,1031,73.58,112,512,0
Vito,,905,73.83,112,528,1
Korsullika,,1220,74,112,534,0
Onejav,Centurion,1097,73.58,112,540,2
Crom,,817,72.58,112,555,1
Rukojopaya,,1647,73.75,112,557,6
Dammit,,673,73.5,112,575,0
Korlove,,1016,73.42,112,575,2
Duran,,1168,73.33,112,576,3
Panda,,1116,73.33,112,584,3
Henry,,1106,73.42,112,598,1
Chinayang,,1293,73.5,111,353,0
Zeedo,,1457,73.67,111,407,2
Pinoybong,,1257,73.75,111,411,0
Kkai,,1350,73.92,111,445,2
Abikifor,,1414,74.42,111,466,6
Chinaknife,,1378,73.33,111,484,0
Korantto,Centurion,1243,72.58,111,494,0
Jeanyang,,1380,73.25,111,538,1
Meatwall,,968,74.17,111,542,1
Lunogi,,1406,73.67,111,576,5
Leee,,1668,73.92,110,290,0
Chinaren,,1603,74.25,110,334,1
April,,1262,72.5,110,346,1
Sure,,1434,73.25,110,368,1
Luobol,,1365,72.67,110,410,0
Gornathan,,1518,73.75,110,411,0
Aras,,1289,74.08,110,421,0
Lunin,,1141,73.33,110,448,1
Korminus,,1211,72.58,110,456,0
Mene,,1411,73.92,110,507,0
Koreacoco,,1183,73.25,110,519,0
Madman,,915,73.17,110,524,1
Marusia,,1520,72.83,108,375,1
Legion,,1430,73.83,108,376,1
Korearyu,,848,73.83,108,378,0
Chinagt,,1433,73.08,108,383,1
Koreash,,1177,72.67,108,414,0
Dadao,,1367,73.75,108,417,2
Mirades,,990,72.5,108,421,1
Thorn,,1205,72.92,108,422,1
Kormc,,1653,73.92,108,427,4
Mxcl,,781,73.42,108,432,2
Rageon,,1432,74,108,432,2
Chinablahs,,1268,72.58,108,437,3
Scarypet,,750,72.75,108,438,1
Chinaseven,,1434,73.83,108,442,9
Dnomyarrgh,,1294,73.17,108,449,2
Panzer,,1293,72.92,108,466,1
Qooooooo,,1589,73.58,108,470,5
Ardebri,,955,72.75,108,470,2
Marmaduke,,824,73.58,108,472,2
Lufranar,,1274,73.17,108,485,6
Covid,,920,72.17,108,485,3
Xelloskor,,956,72.58,108,489,3
Chinafan,,1387,73.67,108,493,6
Falcon,,1413,73.33,108,500,4
Korhim,,1293,73.58,108,516,1
Nippley,,1021,73.08,108,518,2
Devra,,1040,73.25,108,520,1
Kvasirs,,1500,73.33,108,520,6
Siize,,1339,73,108,522,4
Lagram,,1071,72.67,108,526,1
Tiger,,1207,73.33,108,531,3
Orkaza,,978,72.75,108,533,6
Thisguy,,965,74.17,108,533,1
Ohaze,,1322,72.75,108,534,0
Xiepp,,1256,72.83,108,537,1
Cori,,1275,73.17,108,538,2
Ejochoz,,973,73.67,108,538,1
Baroness,,1040,73.08,108,543,2
Pdizzle,,1215,73.92,108,547,2
Zixxo,,1223,73.25,108,554,6
Chinaice,,1471,74.17,108,556,4
Yoan,,1011,73.33,108,560,1
Xiaonan,,1269,73.08,108,567,2
Edarcos,,1096,72.83,108,570,6
Korkorkor,,826,72.67,108,572,3
Korcook,,1061,73.08,108,575,2
Chinalei,,1369,73.25,108,581,4
Lulumy,,1031,73.25,108,584,6
Mullet,,759,72.5,108,585,2
Masarte,,1538,73.25,107,434,5
Hububbub,,1254,74,107,437,0
Chinabob,,1081,73.67,107,450,4
Chinalvy,,1120,73.25,107,454,0
Tian,,1086,72.75,107,480,2
Coal,,543,73.25,107,486,1
Mokud,,1049,72.25,107,488,2
Hardscam,,871,72.08,107,495,1
Chinay,,1384,73.5,107,507,3
Zehi,,877,73.42,107,508,0
Aundrey,,1240,72.33,107,526,2
Defender,,732,73,107,527,4
Anreg,,1218,73,107,556,1
Weew,,937,72.5,107,558,1
Hexa,,1290,73,107,573,2
Ajcj,,1210,73.33,107,587,2
Nimei,,1310,72.83,107,591,3
Vamp,,1119,73.42,106,337,0
Worriorsun,,1091,73.75,106,381,0
Chinajx,,1184,72.58,106,445,3
Lplpbest,,1358,72.83,106,462,8
Godson,,1141,72.83,106,473,0
Omen,,810,72.67,106,505,2
Loli,,1250,73.25,106,524,2
Naje,,1070,72.58,106,548,5
Chinasyo,,1598,74.17,105,238,0
Laozei,,1342,73.08,105,360,0
Rudru,,1051,72.83,105,362,0
Splif,,856,73.25,105,366,0
Irali,,997,72.67,105,398,2
Chinaleo,,1070,73.5,105,399,1
Kokoa,,752,72,105,400,2
Hank,,1016,73.58,105,467,3
Dedicated,,450,72.58,105,551,5
Ohoo,,1018,71.67,104,353,1
Chinaplus,,1052,72.92,104,404,3
Legion,,983,73.08,104,477,1
Liti,,809,73.42,104,493,2
Obihak,,876,71.25,104,552,1
Mema,,1088,72.67,104,583,3
Lokom,,1096,72.58,103,359,1
Korpooq,,564,72.5,103,360,1
Chinazhi,,729,73.25,103,366,3
Otiha,,941,72.83,103,373,5
Orion,,1415,72.33,103,377,4
Feelword,,1117,73,103,394,0
Ehid,,517,72.5,103,406,1
Chinarocky,,1165,73.17,103,408,2
Ciri,,1091,73.25,103,412,5
Abis,,561,72.67,103,423,1
Junyu,,1075,72.75,103,435,0
Rubaka,,1500,73,103,435,5
Ircog,,900,72.92,103,439,1
Ahunra,,1113,72.92,103,443,3
Avrici,,1176,73,103,447,4
Oman,,1256,73.25,103,447,2
Durzo,,1143,73.08,103,458,5
Kule,,965,72.67,103,460,1
Esode,,829,72.58,103,460,0
Huni,,586,72.83,103,462,1
Voodooa,,835,72.83,103,483,2
Watson,,1062,74.17,103,492,2
Icheg,,986,73.67,103,505,1
Ednunni,,1235,72.83,103,505,3
Kowal,,814,71.92,103,509,1
Asspen,,582,73.92,103,513,1
Snifff,,660,73,103,526,0
Lises,,918,73.08,103,533,1
Adamant,,1170,73.08,103,538,2
Laozhang,,1021,73.92,103,543,6
Idriz,,1052,71.92,103,555,6
Awesome,,1046,72.83,103,566,2
Kaze,,550,72.33,103,568,1
Korean,,890,73.67,103,568,3
Jagraji,,816,73.33,103,568,1
Edwin,,1073,72.75,103,569,3
Chibica,,1037,73.33,103,572,3
Noah,,565,72.67,103,573,2
Kormk,,912,73.25,103,576,2
Oratul,,829,72.33,103,576,8
Tese,,1071,72.92,103,584,4
Alice,,761,72.5,103,592,0
Drsteve,,1080,72.83,102,359,3
Lavaki,Challenger,1251,74.42,102,398,2
Tetha,,798,72.67,102,413,1
Novake,,1144,72.5,102,455,0
Idaje,,672,72,102,463,2
Kirgudur,,699,73.58,102,464,1
Lunisa,,632,71.75,102,484,0
Mars,,866,72.58,102,500,7
Soarer,,767,71.33,102,528,1
Saitama,,820,73.42,102,540,2
Ezoche,,451,72.92,102,543,2
Ilariona,,711,71.08,102,577,1
Gudrunn,Challenger,836,73,102,586,4
Dooshaka,,615,72.58,102,596,3
Esel,,1285,72.5,101,266,3
Balaaa,,1134,72.42,101,319,1
Sudik,,1250,72.75,101,320,0
Mristerx,,566,73.25,101,375,2
Korrubi,,780,72,101,413,0
Sssssss,,693,72.42,101,444,1
Hihi,,739,72.75,101,507,7
Kornbnb,,793,72,101,525,3
Zyne,,777,72.67,101,555,8
Noobsbane,,877,73.33,101,579,2
Cibuz,,1126,73.08,100,227,1
Korrook,,989,73.17,100,279,7
Kornani,,1000,72.92,100,286,0
Chinapanda,,1157,72.58,100,294,2
Moon,,1025,72.83,100,296,2
Annebi,,422,72.75,100,296,0
Chinayu,,929,72.83,100,298,0
Ancientacd,,989,72.75,100,299,0
Legion,,952,72.5,100,301,0
Hevez,,1116,73.42,100,315,0
Jeve,,1135,72.17,100,324,4
Gamja,,890,73.17,100,324,0
Osora,,1008,72.25,100,337,0
Korpower,,1125,72.83,100,348,0
Save,,1046,72.5,100,352,1
Chinazj,,1089,71.83,100,355,0
Athena,,936,72.58,100,361,2
Cosmos,,647,72.5,100,365,1
Oooo,,692,72,100,365,0
Duroga,,1086,71.92,100,367,0
Vata,,1022,72.08,100,371,3
Ssamooit,,612,72.67,100,378,0
Hunne,,790,72.5,100,382,2
Akat,,654,72.67,100,389,3
Litr,,580,72.25,100,398,0
Seastar,,704,72.67,100,404,2
Mondego,,1055,72.08,100,408,0
Bastaraffa,,842,72.17,100,409,1
Shalalala,,554,72.5,100,410,0
Hebava,,941,72.58,100,413,5
Anqnf,,736,72.42,100,417,1
Stinkyshld,,623,72.42,100,420,1
Hades,,1099,71.92,100,423,5
Ezez,,1162,72.92,100,423,0
Virges,,666,73.42,100,433,0
King,,555,71.25,100,437,0
Virgil,,981,72.08,100,442,3
Enkiee,,569,73.58,100,444,3
Athusol,,597,72.5,100,445,4
Cathi,,925,72.17,100,450,4
Space,,627,72,100,451,2
Chinabibi,,1065,73.5,100,453,5
Iris,Challenger,649,73.08,100,455,1
Time,,869,73.58,100,456,2
Cuarentena,Challenger,776,72.83,100,456,1
Nutere,,1159,72.67,100,461,9
Tcyo,,578,72.33,100,488,3
Jafrut,Warlord,986,71.83,100,488,2
Erun,,1139,73.75,100,502,1
Zeve,,828,72.33,100,507,0
Lichking,,603,72.67,100,519,1
Shevchenko,,607,72.83,100,529,0
Muldywack,,390,71.83,100,540,1
Kokmeatt,,651,73.17,100,571,6
Orrges,,419,72.83,100,582,0
Bqnf,,666,72.08,100,589,2
Kethed,,475,73.5,99,514,1
Ogrosa,,924,73.08,99,598,1
Icheg,,1140,71.83,98,314,1
Alkonavt,,721,72.75,98,370,1
Evillady,,785,73.25,98,380,4
Rupar,,1110,72.33,98,391,0
Akat,,1088,72.5,98,410,5
Mark,,408,72.08,98,413,4
Opel,,1074,73.25,98,418,3
Alpha,,1202,73.08,98,418,2
Chichinabb,,779,72.92,98,426,2
Mudhoney,,810,72,98,427,2
Whuxxl,,996,71.92,98,438,2
Adpaw,,1092,72.92,98,442,1
Reform,,1246,72.67,98,451,3
Chinara,,835,72.33,98,459,1
Lumi,,879,72.42,98,473,1
Rides,,923,71.67,98,475,2
Murmaider,,831,73.42,98,478,2
Nani,,702,73.17,98,490,1
Zazoba,,950,73,98,504,5
Evardid,,812,73.33,98,510,1
Jargude,,497,71.83,98,534,4
Koraaa,,743,73.25,98,541,7
Gisaclass,,639,71.67,98,554,1
Riversong,,736,72.42,98,562,2
Mario,,860,73.33,98,580,2
Bars,,567,71.25,98,593,6
Ghost,,871,72.42,97,294,1
Tellaki,,1067,72.92,97,296,2
Deeman,,732,72.25,97,417,0
Zanrivi,,692,73.17,97,470,1
Ebas,,773,72.67,97,505,0
Vachog,,641,71.83,97,514,1
Gohega,,395,72.08,97,517,1
Yuan,,395,71.17,97,543,1
Ekronre,,393,72.42,97,551,2
Zidrisha,,740,74.17,97,562,2
Inedri,,770,72.17,96,331,0
Ariana,,1155,72.67,96,398,0
Jerry,,1163,72.83,96,451,11
Conegrina,,862,72.92,96,477,4
Jimithy,,355,71.67,96,487,1
Destructor,,758,72.67,96,503,3
Robevent,,438,72.33,96,597,1
Chinawm,,1158,73.08,95,138,0
Kehi,,952,72.58,95,176,0
Lethe,,858,72.5,95,326,2
Themilf,,633,71.5,95,363,1
Zebroka,,542,72.42,95,367,0
Avesa,,761,72,95,372,3
Letsgo,,766,71.42,95,377,4
Buufas,,261,72.25,95,378,0
Playfish,,481,71.92,95,393,0
Frodo,,1035,72.17,95,409,0
Schauer,,783,72.17,95,428,2
Luhe,Challenger,938,72.25,95,438,1
Toja,,741,71.5,95,511,4
Kika,,1034,72.58,95,523,5
Sphex,,662,72.08,95,561,6
Ibosin,,658,72.33,95,586,3
Biva,,915,73.58,94,471,0
Rali,,820,71.92,94,512,1
Artakus,,671,72.5,94,547,1
Barcelona,,436,72.5,93,392,0
Lucius,,359,71.33,93,402,0
Dragon,,987,72.25,93,405,5
Linzen,,336,71.58,93,457,1
Theshy,,757,71,93,459,4
Shato,,434,71.75,93,465,2
Zaja,,457,72.08,93,471,5
Nefarious,,715,72.33,93,472,2
Athoha,,374,71.67,93,486,2
Xnedra,,639,73.92,93,486,1
Angron,,905,72.08,93,489,0
Roxanne,,725,71.75,93,502,0
Cemil,,568,71.42,93,509,2
Regraz,,422,72.42,93,510,1
Muva,,513,71.42,93,513,0
Zozi,,375,72.92,93,519,3
Hesheli,,662,72.42,93,548,2
Nubishi,,431,72.75,93,555,1
Nazgul,,518,72.33,93,558,0
Bane,,473,71.83,93,573,0
Monkey,,621,70.58,93,576,1
Ennem,,611,72,93,576,0
Arces,,390,71.67,93,579,1
Omamon,,712,71.33,93,585,3
Ogreres,,394,71.42,93,596,1
Derhel,,861,72.42,92,250,0
Changpo,,538,72.5,92,308,1
Jedi,,767,72.75,92,346,4
Birdpig,,816,72.58,92,365,0
Yarrikgab,,465,72.17,92,437,0
Vomuki,,431,72.5,92,452,1
Mogulkhan,,500,72.5,92,467,6
Angel,,693,72,92,501,1
Rggr,,791,72.58,92,506,5
Elare,,480,70.83,92,510,3
Suve,,781,72.33,92,524,1
Irullas,,685,71.5,92,527,2
Votez,,891,72.42,92,540,2
Irden,,404,72.25,92,574,1
Gihik,,634,70.83,92,584,1
Ghost,,549,72.75,92,594,1
Chode,,439,72.42,92,596,1
Fubar,,1089,73.67,91,283,0
Igrizas,,1061,72.17,91,332,4
Kirito,,685,72.92,91,380,3
Agrokun,,735,71.08,91,433,3
Ardotuz,,296,72.5,91,527,5
Kratos,,378,71.5,91,584,0
Gukiba,,823,71.5,90,236,1
Tene,,702,72.17,90,248,2
Kazud,,744,73.5,90,249,1
Chinamiao,,615,72.42,90,257,1
Acune,,424,72.83,90,294,0
Rucuzi,,650,72.42,90,297,1
Korgaurd,,784,71.67,90,310,5
Chinacurry,,466,71.67,90,318,0
Frank,,570,71.42,90,328,1
Karti,,786,72.17,90,347,0
Nisha,,620,71.33,90,354,0
Dadadadada,,387,72.33,90,355,3
Kugre,,898,71.42,90,363,1
Bulgartemp,,334,71.92,90,394,0
Enjoy,,890,71.58,90,402,2
Domylove,,623,71.58,90,403,4
Cotha,,371,71.83,90,418,0
Avilla,,350,71.67,90,422,0
Ekemis,,883,72.42,90,424,1
Nufaz,,951,72.58,90,448,1
Akekam,,404,70.42,90,449,2
Akud,,397,72.08,90,465,0
Pidorsha,,607,71.75,90,537,8
Barud,,413,73.08,90,540,2
Acro,,322,72.83,90,587,0
Raven,,348,72.17,89,480,6
Ordarkel,,246,70.75,89,527,2
Billus,,519,71.17,89,595,4
Loki,,286,70.75,88,368,0
Gada,,620,71.67,88,397,3
Anite,,791,71.67,88,408,1
Cyndear,,668,72.92,88,422,1
Zajuca,,361,71.92,88,422,2
Gerdis,,306,70.92,88,422,2
Surkun,,306,70.75,88,446,2
Anaga,,518,70.83,88,448,0
Hovurge,,760,71.33,88,448,0
Vugroni,,544,71.08,88,452,1
Azam,,610,72.33,88,459,7
Star,,277,71.25,88,462,3
Sarasta,,422,72.75,88,468,2
Codrite,,880,70.58,88,471,6
Ruyoda,,506,71.25,88,477,1
Vemen,,261,72.25,88,485,7
Artem,,237,72.33,88,485,1
Elessar,,286,72.17,88,493,4
Lisx,,658,72.58,88,499,2
Tocem,,600,72.25,88,500,0
Mahara,,608,70.75,88,503,3
Xiangxiang,,610,70.75,88,508,6
Irkurtog,,268,70.67,88,511,3
Hethe,,231,72.17,88,519,3
Dehin,,231,71.75,88,524,9
Baka,,313,72.17,88,529,1
Qwess,,606,71.42,88,532,3
Wluxa,,685,72.17,88,542,0
Korii,,730,70.92,88,551,9
Zigg,,283,72.25,88,556,1
Sexqueen,,871,70.75,88,558,5
Kaarmu,,340,71.92,88,560,3
Hozat,,451,71.92,88,575,4
Koreaman,,628,72.42,88,582,4
Onorum,,236,71.17,88,588,0
Leaflye,,309,72.42,88,589,4
Hobinni,,372,70.83,88,592,8
Orcase,,336,72.42,88,593,1
Telos,,385,72,88,598,7
Kathe,,585,70.42,87,247,0
Esdeath,,429,71.08,87,362,0
Stone,,556,72.75,87,372,1
Ageshoz,,425,71.33,87,399,2
Mame,,821,72.08,87,402,0
Heme,,291,72.5,87,406,3
Orgy,,421,70.67,87,418,1
Zavrase,,324,70.83,87,427,0
Sythe,,314,70.75,87,459,0
Krdh,,714,70.75,87,473,1
Nuzi,,510,71.83,87,485,4
Lennart,,607,72.75,87,518,1
Gavecha,,286,71.67,87,519,2
Alok,,479,71.25,87,524,4
Yang,,828,72.58,87,540,14
Juexing,,364,71.92,87,545,3
Jinrudre,,476,72.83,87,548,8
Mujuthe,,546,71.42,87,550,0
Korealotto,,573,71.58,87,555,2
Harkun,,258,71.08,87,585,1
Zeji,,295,71.25,86,464,2
Klakhang,,537,70.92,86,497,0
Anrojul,,269,70.83,86,506,3
Xpgainer,,410,71.83,86,518,4
Zakreha,,262,71.83,86,519,2
Perecpmr,,464,72,86,563,2
Alan,,915,72.92,85,174,1
Chinajoy,,826,72.42,85,182,2
Tempo,,733,71.42,85,200,0
Agrota,,829,71.5,85,230,6
Adnihoz,,359,72.25,85,231,0
Locos,,527,71.92,85,255,0
Sose,,866,70.42,85,273,5
Ryang,,848,71.58,85,292,1
Ijelom,,813,72.17,85,302,0
Rozi,,398,70.42,85,325,0
Risas,,437,72.33,85,359,3
Allpoo,,251,72.58,85,359,0
Mousse,,628,73.17,85,360,2
Vada,,353,70.58,85,368,1
Vifrus,,313,71.92,85,380,0
Adrazi,,293,71.42,85,402,1
Javi,,374,71.58,85,433,1
Lima,,574,71.42,85,445,0
Nide,,533,71.58,85,450,2
Ceti,,266,71.5,85,465,0
Chalmecatl,,262,71.92,85,478,0
Echol,,414,72.5,85,481,0
Atesad,,599,71,85,528,3
Suzy,,289,72.5,85,578,2
Warrior,,394,70.42,85,592,4
Athom,,782,72.5,84,277,0
Traffer,,303,72.58,84,351,0
Aromiz,,379,71.75,84,497,2
Lici,,704,71.42,84,525,5
Heart,,513,72.5,84,525,0
Havoc,,401,70.25,84,592,3
Chndoll,,536,70.92,83,322,0
Ragnar,,611,71,83,370,0
Jungyoel,,472,70.92,83,371,3
Ragit,,613,72.42,83,384,1
Reki,,219,70.58,83,412,4
Nindage,,379,70.75,83,413,3
Event,,261,71.92,83,415,1
Ocol,,249,70.75,83,429,3
Arazan,,343,71.5,83,429,6
Dufrad,,684,71.67,83,433,2
Anes,,261,71.17,83,436,2
Sanye,,370,70.42,83,441,8
Rubeer,,831,71.33,83,445,1
Chorch,,457,71.08,83,449,0
China,,376,70.67,83,451,1
Chuchi,,484,72.17,83,454,4
Tempest,,346,71.75,83,456,5
Berserkus,,387,72,83,462,0
Ardas,,356,70.58,83,487,3
Vegrit,,421,71.5,83,511,2
Ehube,,252,71.75,83,517,2
Eowyn,,374,70.5,83,518,2
Celeste,,368,70.67,83,518,5
Asura,,510,72.25,83,524,7
Gavisi,,255,70.83,83,532,4
Masbro,,485,71.75,83,532,1
Ardote,,232,71.08,83,533,6
Zira,,316,72.25,83,534,0
Topmanias,,208,71.17,83,542,0
Alexlegd,,295,71.17,83,547,3
Cold,,237,71,83,557,1
Okacha,,662,70.83,83,562,7
Lerdi,,532,71.67,83,562,0
Redsonyak,,253,71.67,83,574,3
Iberci,,503,71.25,83,599,3
Ikilll,,459,72.5,82,284,2
Jude,,433,70.58,82,349,2
Darkpia,,305,71.83,82,400,0
Igruz,,256,70.67,82,426,0
Doug,,326,71.17,82,475,0
Oneshe,,234,71,82,480,6
Sheri,,734,73.58,82,499,0
Deathstick,,412,71.67,82,507,3
Rihabre,,209,70.5,82,507,1
Enrurzom,,432,72.33,82,523,3
Zabihe,,274,70.5,82,527,4
Ivet,,251,71.42,82,557,4
Andy,,320,70.42,82,563,2
Hopper,,268,72.42,82,573,0
Beavis,,327,71.42,82,588,3
Arathia,,250,70.33,82,594,6
Reyenna,,331,71.67,81,393,3
Radrerta,,300,71.92,81,443,0
Aceka,,232,71.42,81,514,2
Ibuz,,242,71.42,81,517,0
Yasha,,594,72.17,81,518,3
Edrak,,479,72.5,81,530,7
Lazadi,,251,73.33,81,576,2
Merone,,359,72.17,81,582,2
Shesiss,,562,71.58,81,587,4
Jifrul,,228,70.83,81,596,10
Teji,,675,72.58,80,191,0
Azise,,289,72.67,80,222,0
Jarki,,437,71.08,80,226,4
Paddy,,413,72,80,227,0
Evohas,,785,70.75,80,245,1
Coma,,264,71.58,80,249,0
Limax,,688,70.58,80,250,8
China,,534,70.25,80,251,1
Experia,,786,72.42,80,268,0
Nhat,,847,71,80,292,0
Sunsae,,250,70.67,80,308,1
Amaz,,491,71.33,80,308,0
Nicot,,197,70.75,80,347,0
Azes,,267,72,80,348,0
Kardsomin,,363,72.33,80,356,0
Ebivrez,,228,70.17,80,365,0
Ejorgas,,784,72.5,80,370,2
Thelastspy,,367,71.67,80,371,3
Jeje,,307,71.83,80,371,0
Lirde,,423,71.33,80,372,1
Blue,,791,70.92,80,377,1
Nela,,297,72.5,80,383,1
Tmap,,440,71.42,80,384,0
Chen,,332,71.42,80,384,4
Sergi,,421,71.33,80,401,1
Blader,,527,72.5,80,418,7
Akercut,,305,70.42,80,420,8
Juni,,424,72.33,80,428,2
Chinaf,,438,70.5,80,428,1
Kirke,,546,71.92,80,432,1
Puteng,,466,70.5,80,439,3
Sucz,,668,71.17,80,439,0
Dingdong,,312,70.17,80,448,1
Ejonri,,561,70.83,80,451,2
Seobin,,476,71.42,80,455,0
Amanre,,275,70.5,80,461,0
Cizunre,,353,70.42,80,462,2
Rosun,,246,71.08,80,467,0
Nucon,,653,70.25,80,471,6
Hinrerka,,267,71.5,80,478,0
Izzy,,553,70.92,80,489,4
Hazi,,321,70.5,80,490,1
Okul,,503,71.83,80,492,2
Kamie,,220,71.08,80,505,0
Zove,,209,71.33,80,507,2
Sehi,,295,72,80,510,0
Mazikeen,,527,71.67,80,517,2
Winterpal,,281,70.67,80,518,4
Afroja,,588,70.17,80,522,3
Tabin,,579,71.58,80,531,2
Antartic,,561,70.42,80,532,4
Bbuster,,553,71.42,80,534,4
Aida,,711,71.75,80,535,6
Okal,,271,72.17,80,550,7
Ikikag,,472,70.17,80,556,3
Etag,,278,70.25,80,583,5
Sardis,,345,71.83,80,583,5
Zatha,,256,70.75,80,584,7
Kigon,,278,70.75,80,587,5
Licaibin,,378,71.92,79,414,3
Hausia,,366,70.5,79,465,3
Nameless,,348,70.5,79,496,3
Omavi,,358,71.58,78,416,2
Ebid,,208,69.67,78,416,1
Zurzug,,218,70.75,78,425,3
Jpex,,227,71.25,78,426,1
Sobin,,245,71.08,78,433,1
Vonri,,215,70.58,78,438,0
Newb,,274,71,78,440,3
Kate,,428,70.08,78,445,0
Ashinran,,394,70.83,78,449,1
Millini,,267,70.17,78,463,5
Sedrube,,250,70.75,78,470,5
Kiri,,232,70.92,78,470,8
Fastfury,,211,72,78,489,1
Redoz,,288,70.75,78,494,4
Suceli,,442,70.42,78,518,1
Barki,,308,70.17,78,518,19
Ellis,,215,70.75,78,538,13
Barbertn,,239,70.25,78,541,2
Rainbow,,234,70.25,78,543,10
Naba,,243,71.25,78,545,3
Abramet,,292,70,78,555,3
Boss,,401,70.33,78,559,1
Lenila,,185,70.92,78,569,5
Sunna,,205,70.75,78,575,0
Shamso,,228,70.5,78,579,3
Rarga,,262,70.33,78,586,11
Akamaru,,225,70.17,78,594,1
Kwekwek,,361,70.42,77,358,0
Inraz,,512,71.5,77,476,0
Kalenna,,259,71.75,77,520,0
Vake,,268,71.17,77,529,1
Eowyn,,581,71.75,77,547,3
Isella,,299,70.33,77,566,9
Ithati,,378,70.17,77,577,5
Timi,,213,71.17,77,588,2
Tira,,297,71.5,76,232,0
Hotos,,323,70.42,76,425,3
Pichu,,188,70.5,76,448,3
Worrior,,214,70,76,513,0
Ziha,,219,70.25,76,566,2
Hoviz,,207,71.33,76,573,1
Zufall,,294,71.42,76,595,5
Echet,,527,71.92,75,218,0
Izinud,,388,70.42,75,339,0
Madcat,,475,70.58,75,357,0
Ojima,,692,71.75,75,374,1
Erzig,,389,70.75,75,402,3
Sedre,,265,71.17,75,408,1
Ivrite,,241,70.25,75,417,5
Lola,,318,69.17,75,473,1
Kabal,,604,71.75,75,483,4
James,,249,71.42,75,494,0
Imamol,,252,71.08,75,508,3
Irciz,,600,70.75,75,521,5
Ator,,368,71.83,75,547,4
Godriba,,351,69.75,75,581,3
Hadel,,210,70.83,75,582,6
Daveka,,472,72.17,75,588,4
Paren,,417,70.25,74,415,4
Tanya,,249,70.75,74,463,3
Terorkalle,,183,70.08,74,487,0
Level,,205,70.25,74,499,2
Theguy,,185,70.33,74,596,1
Ezonnat,,624,70.17,73,370,0
Atlas,,202,70.25,73,397,2
Rinnaci,,193,70.42,73,403,0
Maki,,211,70.83,73,430,0
Dosaja,,196,70.5,73,450,1
Ellin,,205,71.33,73,469,2
Benbenyu,,486,70.5,73,473,2
Iced,,269,72.17,73,491,2
Isaac,,282,72.67,73,503,0
Ceve,,279,70.83,73,506,2
Rulanika,,348,70.67,73,527,13
Uther,,400,71.58,73,531,6
Regnaris,,370,70.5,73,539,7
Zonri,,354,72.08,73,545,2
Jarrath,,275,70.75,73,559,3
Alex,,190,70.42,73,561,1
Tudras,,218,71.25,73,567,2
Noval,,236,70.25,73,576,1
Jasuk,,188,70.5,73,596,12
Azocim,,306,70.5,73,597,5
Suchka,,170,70.83,72,352,2
Vokuchi,,199,70.75,72,356,0
Cukre,,469,71.33,72,362,2
Canardil,,436,70,72,453,1
Squishy,,489,70.5,72,480,0
Kalstern,,280,70.08,72,567,6
Kudi,,206,68.42,72,587,0
Akopachi,,230,70.58,72,594,1
Rodal,,197,70.58,71,293,1
Araxian,,422,70.33,71,422,6
Ghost,,189,70.42,71,456,11
Chinapang,,419,70.42,71,468,4
Nothigra,,368,70.42,71,483,6
Jeonsadok,,315,70.42,71,538,6
Kybel,,266,70.17,71,565,4
Gaja,,484,71.75,70,192,0
Haofanaa,,580,70.42,70,227,2
Tevri,,332,68.5,70,241,0
Lithusha,,364,70.25,70,245,1
Aril,,168,70.42,70,269,6
Aegis,,205,70.42,70,282,0
Chinaecho,,396,71.08,70,290,4
Juaran,,278,70.58,70,349,1
Thea,,264,70.42,70,350,0
Alize,,452,69.08,70,411,0
Zazu,,782,73.25,70,421,0
Ertin,,429,70.42,70,426,4
Stimm,,213,70.17,70,427,1
Vilswit,,216,70.92,70,432,0
Yamate,,223,70.08,70,495,7
Rinim,,229,69.83,70,527,10
Judiah,,180,70.83,70,569,2
Ozoz,,417,71.92,69,412,8
Aruk,,185,70.58,69,443,2
Zucare,,217,70.83,69,482,8
Sonya,,417,71.67,69,496,2
Jennot,,181,68.17,69,498,1
Cicovi,,463,70.25,69,538,5
Zapeh,,246,70.33,69,553,1
Nakaja,,160,71.33,69,574,5
Link,,295,70.17,68,288,4
Dusetha,,445,69.67,68,370,2
Iolene,,471,71.42,68,396,3
Ovrok,,399,71,68,404,0
Laje,,172,70.25,68,420,3
Venturion,,226,70.33,68,433,2
Mshardass,,151,70.42,68,451,2
Simsim,,470,71.17,68,451,1
Ragesh,,213,71.17,68,468,0
Borcida,,178,67.83,68,470,2
Jotis,,218,70.58,68,492,0
Soka,,171,70.5,68,494,9
Snun,,538,70.67,68,499,8
Kozi,,446,67.42,68,505,2
Egoke,,222,67.08,68,508,1
Scarby,,263,70.17,68,513,1
Akyo,,329,70.08,68,519,0
Yxin,,204,65.58,68,553,3
Ampyc,,249,70.75,68,559,1
Doti,,671,71.5,68,562,1
Kihen,,445,70.33,68,574,12
Ogroga,,160,66.92,68,578,6
Vellul,,190,69.64,68,581,2
Hyde,,239,70.17,68,584,1
Sabaton,,190,68.58,68,590,2
Arwen,,192,68.92,68,593,1
Sochat,,244,70.17,67,383,1
Zeta,,286,71.92,67,454,0
Whoops,,189,70.42,67,464,1
Genis,,212,70.08,67,471,0
Ardothal,,221,69.83,67,491,0
Kudruta,,313,70.33,67,492,3
Papados,,187,71.58,67,494,1
Ollarza,,205,70.75,67,507,4
Cler,,408,69.67,67,514,7
Avraban,,203,69.42,67,526,0
Ogase,,162,67.08,67,537,1
Orunas,,217,65.67,67,546,8
Safira,,201,70.67,67,557,1
Ares,,166,70.92,67,578,5
Eshifrun,,185,71.67,67,588,1
Zetazi,,263,70.58,67,589,1
Sofia,,165,70.08,67,589,7
Ithuz,,117,70.75,66,156,3
Chainnb,,392,74.33,66,322,3
Irtolim,,326,70.25,66,395,0
Chejtoy,,176,68.83,66,401,2
Cocuthe,,248,70.5,66,408,2
Iola,,195,71,66,481,0
Storm,,204,70.33,66,488,3
Ithizod,,294,70.17,66,512,2
Esirgen,,278,68.5,66,524,6
Enaca,,387,70.58,66,535,14
Hihi,,175,68.08,66,548,1
Tontonton,,170,69.08,66,555,4
Drughetta,,319,70.17,66,572,2
Zusas,,276,70.25,66,585,1
Mosata,,412,70.83,65,242,0
Sibol,,201,72.42,65,259,0
Oren,,362,70.42,65,273,0
Misaka,,197,70.5,65,276,0
Cokruz,,249,71.08,65,285,0
Mufrat,,325,70.17,65,290,2
Laluli,,382,71,65,302,0
Itoge,,251,70,65,311,0
Twoka,,370,70.58,65,317,0
Tarsiel,,185,70.5,65,325,3
Ithega,,147,69.5,65,329,0
Cenen,,389,71.92,65,333,0
Idelle,,416,71.42,65,333,8
Vizred,,328,70,65,345,1
Covid,,343,70.25,65,358,1
Vejida,,183,69.25,65,366,0
Athera,,248,70.5,65,374,0
Wangjiji,,231,69.08,65,388,0
Reisi,,527,70.75,65,398,0
Rambo,,311,70.67,65,401,0
Huthiz,,262,71.25,65,411,0
Mercy,,274,70.67,65,414,1
Thor,,333,71.5,65,420,0
Okrok,,181,69.42,65,443,4
Waduheck,,227,71.25,65,446,0
Mobrik,,264,72,65,449,0
Lethe,,358,70.67,65,456,0
Aded,,162,70.25,65,461,4
Dunevra,,263,70.83,65,463,0
Olabawn,,276,70.33,65,472,0
Rithi,,180,69.92,65,474,1
Ecol,,340,71.33,65,483,0
Jumusa,,445,70.36,65,492,2
Movikri,,184,71.25,65,502,0
Arez,,176,70.25,65,503,3
Avalon,,194,67.25,65,515,3
Gardianul,,371,69.58,65,534,1
Rogrul,,165,70.83,65,541,3
Luvrarti,,177,63.42,65,560,1
Evot,,301,70.5,65,592,0
Olus,,234,70.58,64,404,1
Valkyr,,264,67.83,64,465,0
Aaaaaaaaaa,,197,70.25,64,484,5
Lidoni,,196,65.75,64,509,2
Tivren,,140,70,64,514,2
Guts,,175,68.83,64,524,2
Mema,,189,70.25,64,550,4
Ogam,,202,70.58,64,560,0
Jashadi,,176,70.42,64,567,1
Nochuba,,223,70.25,64,589,8
Midris,,133,71.33,63,225,2
Roynoo,,193,71.42,63,370,0
Vyssevent,,177,70.58,63,379,1
Ahurdan,,379,70,63,391,2
Birdpoo,,239,69,63,419,2
Setha,,210,68.08,63,426,0
Loce,,170,67.25,63,426,4
Ivoba,,252,68.83,63,426,0
Saitama,,196,69.83,63,446,1
Asil,,300,71.08,63,448,2
Eshul,,205,71.33,63,487,2
Starlite,,185,71,63,513,1
Kent,,293,70.92,63,526,1
Asherci,,185,67.92,63,528,3
Evroshan,,179,69.5,63,535,1
Mong,,319,70.17,63,536,5
Suleyman,,213,70.5,63,540,0
Asegut,,210,70.17,63,548,6
Razor,,237,70.67,63,559,2
Iguji,,158,69.75,63,560,5
Liru,,174,70.58,63,564,4
Tizuri,,228,69.92,63,565,0
Odivet,,233,71.75,63,583,4
Bresette,,237,71.5,63,585,2
Agresot,,206,70.33,63,592,1
Goset,,279,66.58,63,593,3
Allabas,,144,70.58,62,348,0
Mici,,361,71,62,351,1
Ilon,,169,69.58,62,380,0
Ethadre,,158,69.67,62,416,1
Wolverine,,190,71,62,419,1
Kota,,274,70.33,62,435,1
Mizan,,141,67.67,62,439,1
Suche,,162,68.08,62,459,3
Rejama,,196,71.08,62,466,1
Tree,,173,68.08,62,467,2
Ozicog,,408,70.83,62,517,0
Acarut,,154,64.92,62,522,6
Mmmwi,,216,70,62,525,0
Ofrigog,,216,70.25,62,533,0
Azed,,176,70.08,62,533,0
Chris,,259,69.75,62,542,3
Domina,,162,66.67,62,545,6
Eleisa,,178,67.92,62,570,0
Ethosas,,250,69.17,62,586,1
Richard,,201,70.25,62,588,3
Zurton,,219,71.33,62,590,0
Oooo,,375,70.5,62,597,2
Arthas,,284,70.42,61,273,5
Sosi,,108,69.42,61,396,2
Host,,171,70.75,61,423,4
Babrirte,,115,69.17,61,438,1
Coki,,193,69.17,61,453,1
Athag,,184,68.75,61,477,2
Nightraid,,184,68.25,61,502,3
Edal,,225,70.42,61,511,2
Wisky,,357,70.17,61,541,1
Weiwei,,151,69.5,61,551,5
Espada,,161,67.58,61,552,2
Dingdong,,124,71,61,553,4
Zargun,,305,69.75,61,582,3
Bingbing,,239,71.25,60,164,1
Litzz,,292,64.67,60,228,0
Luthi,,409,71.42,60,231,4
Joker,,292,70.17,60,243,2
Braun,,385,72.33,60,248,1
Nula,,254,69.58,60,251,2
Cisi,,145,69,60,256,3
Azik,,283,70.75,60,278,1
Nixer,,153,68.25,60,281,0
Krol,,127,68.58,60,297,0
Ralala,,128,70.75,60,307,1
Vimi,,249,66.33,60,317,0
Hiva,,221,66.5,60,318,1
Bahi,,179,70.17,60,321,0
Warrior,,385,70.83,60,342,4
Toba,,161,69.92,60,354,0
Isharcug,,168,69.92,60,354,0
Tianh,,454,70.75,60,364,4
Zephryus,,272,70.17,60,368,2
Mira,,167,65.08,60,368,0
Lidra,,125,63,60,376,1
Anil,,351,70.83,60,384,0
Ataz,,145,64.33,60,392,0
Badrak,,130,70.08,60,395,1
Redin,,419,70.5,60,395,0
Jafar,,264,70.75,60,407,6
Mumule,,201,70,60,412,2
Rejut,,132,66.83,60,421,0
Togi,,171,69.42,60,424,0
Dxiu,,170,70.58,60,425,5
Jume,,200,70.25,60,443,0
Otula,,219,70.08,60,449,5
Izuzi,,260,70.58,60,456,2
Hoholuis,,127,64.42,60,463,1
Quickag,,268,71.08,60,475,0
Codex,,259,71.08,60,504,0
Panther,,138,70.42,60,508,3
Godeater,,136,70.58,60,522,4
Barracuda,,193,67.17,60,566,2
Izland,,129,66.67,60,567,16
Lily,,146,68,59,357,2
Jonny,,311,70.92,59,398,5
Atarce,,212,70.08,59,399,3
Whitewolf,,155,68.33,59,442,0
Orkut,,214,67,59,455,2
Ckjja,,147,70.08,59,468,1
Deaddrunk,,178,70,59,487,3
Zeje,,171,71.58,59,493,0
Dante,,227,70.58,59,528,3
Dusaba,,195,70.58,59,532,0
Jodi,,132,64.17,59,569,0
Elwing,,325,67.75,59,575,1
Takuti,,215,69.17,59,580,12
Diri,,195,70.33,58,297,0
Murva,,127,67.92,58,354,2
Liki,,181,69.33,58,371,0
Jucos,,206,68.42,58,420,1
Ofrol,,187,70.17,58,447,1
Abruthan,,215,68.33,58,449,1
Onramm,,176,70.25,58,465,1
Ethujid,,218,70.75,58,467,1
Nayah,,197,69.67,58,472,0
Lancer,,178,70.25,58,475,4
Beva,,289,71.27,58,475,0
Norca,,187,69.33,58,478,3
Athucud,,180,70.42,58,480,1
Ronz,,168,69.33,58,482,0
Hili,,138,69.33,58,488,1
Sesi,,154,67.25,58,488,2
Edeg,,144,70.25,58,510,3
Hevis,,171,70.58,58,511,0
Ishemul,,205,66.92,58,519,1
Slack,,155,62.58,58,520,4
Josaki,,146,63.42,58,541,2
Aleria,,224,68.33,58,542,15
Tart,,285,70.5,58,545,2
Zedravre,,192,69.33,58,550,2
Iginna,,169,68.67,58,552,0
Cagalli,,177,67,58,556,2
Icheb,,191,70.17,58,561,1
Badgurl,,238,68.08,58,564,8
Ertugi,,167,69.75,58,588,1
Mazak,,297,70.83,58,589,2
Ojonrem,,248,70.25,58,589,12
Abcw,,375,69.08,57,278,0
Neina,,166,69.83,57,298,6
Dala,,98,68.75,57,334,4
Beko,,244,71,57,351,0
Hela,,210,70.25,57,375,1
Korr,,159,68,57,412,1
Sodrathe,,462,71.5,57,420,1
Dire,,131,66.42,57,430,4
Vallate,,172,67.92,57,437,0
Rakut,,202,66.08,57,471,2
Torvald,,132,69.83,57,480,4
Yoloooo,,127,65,57,486,0
Tauserg,,348,70.83,57,487,1
Nados,,259,68.83,57,495,2
Bilag,,159,69.5,57,495,5
Youzhen,,333,69.92,57,500,3
Zartal,,165,69.25,57,515,1
Hothe,,193,69.83,57,536,2
Richod,,200,69.58,57,537,3
Icithun,,207,68.92,57,539,0
Ketchum,,173,70.33,57,543,1
Morasha,,163,68.33,57,562,12
Tojugri,,183,70.67,57,568,0
Archemex,,234,70.83,57,589,0
Deruz,,138,69.25,57,592,0
Facker,,152,69.42,57,595,0
Fuker,,261,70.83,56,244,3
Nasuny,,211,69.17,56,292,0
Nohi,,145,64.75,56,341,1
Ifrit,,163,68.33,56,350,0
Botuk,,166,63.83,56,362,2
Anul,,394,70.17,56,368,7
Mobavri,,218,67.75,56,370,0
Rusa,,133,62.08,56,379,5
Davun,,62,65.5,56,496,5
Nonot,,108,69.5,56,502,2
Akuhun,,274,70.58,56,525,5
Carl,,320,70.58,56,529,0
Bharoond,,176,66.42,56,546,1
Lichok,,351,70.67,55,144,0
Vampash,,206,70.58,55,220,1
Zitenna,,89,62.17,55,261,1
Bafrot,,214,70,55,267,0
Kiss,,165,70.42,55,303,0
Ezekiel,,92,65.75,55,322,0
Abod,,234,68.75,55,323,3
Semite,,149,62.75,55,326,0
Muedibaer,,272,70.75,55,357,0
Ciri,,204,70.08,55,360,0
Lordniagh,,155,69.58,55,384,0
Egog,,133,66.5,55,402,0
Watson,,152,70.33,55,408,4
Geoff,,175,69,55,414,0
Zotha,,180,63.17,55,417,2
Asolbo,,190,69.08,55,423,0
Asok,,130,63.58,55,425,0
Jensee,,190,68.83,55,434,0
Rheynaya,,77,65.33,55,434,0
Vikaz,,171,67.83,55,452,3
Irol,,211,70.08,55,452,0
Ishik,,165,66,55,455,0
Othiz,,131,68.25,55,468,0
Onulut,,271,68.33,55,470,0
Blade,,154,67.17,55,475,0
Inom,,181,70.5,55,498,1
Captrice,,171,69.75,55,500,1
Agunra,,131,67.08,55,502,0
Sigum,,125,67.83,55,521,16
Huvoja,,176,66.67,55,529,3
Emoz,,149,65.75,55,532,0
Zishag,,126,67.58,55,541,2
Athik,,225,69.83,55,569,0
Inge,,85,70.08,54,233,0
Otoo,,125,70.33,54,367,1
Cuins,,240,65.33,54,403,0
Syke,,162,70,54,413,2
Rohan,,148,61.83,54,416,0
Semi,,178,69.92,54,418,1
Hitim,,110,62.92,54,441,2
Diand,,141,69.75,54,452,5
Xaro,,180,69,54,459,3
Zuzame,,180,67.92,54,486,2
Zedi,,183,70.42,54,507,0
Susud,,163,68.08,54,508,6
Akorda,,210,70.25,54,536,0
Bagadoubi,,101,69.58,54,539,11
Cloud,,273,70.67,54,542,5
Kege,,250,70.67,54,546,3
Tohi,,149,67.67,54,553,3
Stolzer,,130,62.33,54,570,3
Harerga,,247,70.25,54,571,1
Larzan,,261,70.25,54,572,0
Ditol,,218,70.5,54,575,10
Ashogam,,154,70.08,54,583,0
Ethit,,148,64.17,54,599,2
Lula,,245,70.25,53,292,1
Dinuz,,334,71.75,53,312,1
Irurta,,120,63.08,53,368,0
Ichol,,272,69.33,53,388,0
Moge,,85,66,53,403,1
Ednufrol,,178,69.58,53,414,1
Kellun,,178,68.92,53,421,4
Tigger,,147,61.42,53,429,0
Chinazyp,,279,71,53,431,2
Test,,287,65.75,53,433,2
Khritisha,,181,67.83,53,440,0
Ohyeahh,,177,62,53,440,0
Cnjack,,94,70.33,53,449,2
Sergoge,,103,67,53,464,2
Imon,,110,70.25,53,474,0
Erat,,141,70.33,53,476,0
Tommyto,,143,66.67,53,481,0
Vassaby,,152,70.5,53,485,2
Kawaiiiiii,,112,69.67,53,507,2
Nadjatari,,191,67,53,510,1
Lastchance,,99,65.92,53,510,0
Emyvanbw,,139,68.83,53,510,9
Tuscan,,131,65.33,53,521,2
Ziba,,180,70.17,53,531,1
Ishehon,,155,66.67,53,537,3
Huajiu,,109,61.17,53,540,0
Halon,,129,68.67,53,542,2
Mochi,,133,63.67,53,543,2
Noke,,113,66.25,53,543,4
Mirotha,,322,68.33,53,548,1
Ruvra,,138,65.5,53,554,0
Ruthan,,174,70.17,53,557,0
Simbac,,199,69.75,53,581,0
Osuril,,208,65.67,53,581,0
Ewentun,,133,64.67,53,583,2
Wess,,141,70.33,53,584,2
Agathor,,206,66.42,53,586,1
Pugnas,,158,69.08,53,597,3
Turis,,114,71.25,53,599,4
Aludrac,,125,67.5,52,334,1
Lugra,,172,70,52,350,2
Kush,,114,68.5,52,368,0
Kavi,,111,64.33,52,379,1
Stom,,165,70,52,380,1
Turibu,,182,69.33,52,384,2
Orudra,,162,70.5,52,396,2
Ocesha,,138,67.17,52,419,3
Rezebra,,165,70.17,52,422,6
Boonestwo,,109,64,52,435,0
Edeva,,253,68.92,52,449,0
Ihihe,,198,70.33,52,460,1
Jasher,,132,70.17,52,473,1
Ling,,217,69.75,52,483,1
Novalife,,139,68.42,52,485,0
Barnowl,,140,70.17,52,495,13
Warrior,,161,66.83,52,495,1
Seth,,136,62.75,52,498,0
Virucidal,,151,63,52,499,2
Gisela,,168,62.42,52,511,0
Nithaje,,109,69.17,52,516,4
Doom,,158,70.5,52,516,3
Lige,,212,70.17,52,529,11
Teva,,142,57.58,52,530,1
Kolovrat,,96,64.25,52,530,0
Huthon,,148,68.92,52,535,1
Zirzut,,223,66.67,52,543,0
Rekrevi,,201,68.75,52,550,2
Vadam,,290,60.92,52,552,2
Cisuz,,125,68.58,52,557,2
Socan,,213,69.58,52,574,2
Inpi,,202,67,52,575,2
Ilol,,135,66.5,52,589,4
Xandreale,,198,68.83,52,592,4
Coza,,48,66.42,51,299,1
Lina,,72,70.42,51,317,2
Bashius,,245,69.33,51,360,2
Oziz,,299,70.42,51,372,5
Inrivut,,157,67.33,51,379,3
Ditha,,102,64.33,51,420,5
Meguri,,93,65.33,51,425,5
Erot,,98,67.08,51,426,3
Jirci,,207,67.92,51,441,1
Ferda,,126,64.83,51,457,0
Nightmare,,160,69.5,51,469,3
Killer,,92,65,51,471,5
Gicam,,232,70.08,51,473,1
Renfri,,217,65.83,51,486,2
Tufri,,155,66.42,51,494,4
Lerca,,152,70,51,503,0
Othabe,,127,67.67,51,523,2
Tuesday,,150,70.42,51,539,1
Zumon,,87,61.33,51,545,4
Babyonbaby,,162,69.75,51,546,3
Lokar,,189,69,51,552,7
Rulli,,159,69.67,51,556,0
Vigol,,142,67.92,51,558,1
Brightburn,,136,70.67,51,575,1
Kutoz,,175,67.33,51,577,2
Dijun,,121,65.33,51,579,0
Ehehat,,106,62.75,51,586,2
Nidalap,,145,62.5,51,587,4
Bossbruhh,,176,70.33,51,592,4
Warriorx,,177,64,51,597,4
Arkale,,101,68.42,50,159,0
Othage,,283,67.25,50,166,0
Gercaze,,210,68.5,50,196,0
Tebie,,109,64,50,198,0
Schnitzel,,82,69,50,202,0
Ethilig,,191,68.42,50,202,0
Pawn,,137,67.33,50,225,1
Hosufra,,110,70.58,50,230,0
Inortat,,106,65.58,50,242,0
Ekirdeg,,85,67.92,50,249,0
Lubfan,,106,66.08,50,267,0
Madcat,,208,70.25,50,274,1
Gethe,,113,69.83,50,275,0
Azurite,,194,71.25,50,276,0
Ercezak,,91,66.25,50,281,0
Wenwena,,135,66.17,50,283,1
Bema,,66,66.92,50,291,0
Telul,,309,71.17,50,294,0
Tuvuk,,114,61.83,50,303,0
Ividned,,156,70.33,50,305,0
Wongkueren,,92,66.25,50,308,0
Kegren,,108,69.25,50,309,0
Zuan,,123,68.25,50,315,0
Zero,,253,70.67,50,321,4
Irgubros,,173,70,50,326,0
Hedi,,167,68.33,50,328,1
Itorum,,163,68.25,50,329,0
Koze,,334,70.92,50,341,1
Cethud,,81,64.5,50,345,1
Aaron,,120,69.08,50,345,3
Falcon,,126,70.17,50,347,0
Lizaba,,317,71,50,348,0
Esagut,,54,62,50,360,1
Lunra,,166,69.42,50,364,0
Herms,,143,65,50,368,0
Erik,,110,68.33,50,369,0
Emun,,142,61.33,50,372,0
Guard,,241,66.75,50,375,0
Bukkake,,190,68.92,50,375,0
Abale,,158,67.83,50,375,2
Cloe,,155,70.5,50,377,0
Dmfmrppp,,202,70.5,50,377,0
Papipa,,179,61.33,50,378,0
Vulut,,272,69.67,50,379,0
Edas,,91,63.25,50,380,1
Solela,,121,67,50,383,0
Cowgirl,,175,70.5,50,390,0
Adros,,97,62.58,50,390,0
Inachas,,291,71.17,50,391,0
Enruna,,109,69.75,50,398,0
Migi,,96,68.58,50,399,1
Ningdy,,138,62.75,50,404,0
Begok,,129,70,50,404,0
Tatuva,,119,66.75,50,405,1
Onin,,85,61.17,50,405,1
Garus,,174,68.92,50,408,0
Gasa,,99,69.17,50,409,0
Larcez,,101,64.75,50,411,0
Pewp,,226,67.83,50,412,0
Togri,,185,70.42,50,413,1
Yahya,,72,71.58,50,416,0
Akira,,169,63.42,50,420,0
Nefra,,87,67.75,50,427,0
Voba,,266,70.25,50,428,2
Elit,,120,66.83,50,431,2
Blackwood,,259,70.58,50,432,0
Agsilver,,134,67.25,50,435,0
Adog,,87,63.75,50,441,2
Lagherta,,220,68.67,50,449,0
Azul,,136,70.5,50,454,8
Miha,,142,64.42,50,458,0
Emuvres,,117,67.75,50,459,0
Broccoli,,131,68,50,481,0
Zijas,,263,70.42,50,483,0
Agotot,,158,67.83,50,492,0
Ronaldo,,138,67.5,50,495,0
Hichuvra,,245,65.92,50,514,0
Vebe,,160,69.58,50,518,0
Erdovra,,108,64,50,552,0
Delloba,,116,70.33,50,554,1
Newhero,,177,63.25,50,569,0
Zeme,,130,62.58,50,585,0
Irdotik,,105,68.67,50,598,2
Zucashi,,83,66.75,49,345,0
Ordak,,112,63.92,49,347,1
Spartacus,,90,72.08,49,357,0
Huhlana,,138,66.92,49,366,0
Ibuze,,157,70.33,49,370,0
Omod,,322,70.25,49,380,9
Seni,,193,68,49,388,3
Jungmin,,65,65.17,49,447,0
Nuthe,,112,59.75,49,448,0
Baza,,144,67.67,49,459,0
Lebe,,88,69.5,49,479,1
Vathara,,91,69,49,480,0
Ahud,,156,67.75,49,504,2
Skoll,,143,69.83,49,512,1
Alexandros,,126,70,49,513,0
Hokren,,360,70.33,49,556,0
Chocobob,,84,68.67,49,568,3
Irdok,,112,62.83,49,576,2
Madmouse,,140,70.75,49,581,0
Deha,,147,70.92,48,323,4
Babybev,,148,69.5,48,345,0
Xzlalc,,124,66.83,48,354,1
Vesa,,176,67.17,48,394,2
Ghostcom,,113,68.58,48,394,0
Cloudy,,119,62.33,48,395,1
Luzena,,146,68.42,48,396,3
Aniti,,122,66.58,48,399,0
Beel,,113,65.92,48,408,0
Ikrobit,,91,70.33,48,409,4
Migrem,,84,61.17,48,412,2
Joyfull,,177,66.67,48,456,4
Etig,,91,70.58,48,458,1
Azula,,213,69.08,48,459,10
Tethi,,299,70,48,461,2
Orgojak,,235,69.17,48,469,5
Sifrum,,131,68.08,48,474,1
Othalol,,146,67.25,48,476,1
Lovedoc,,214,63.5,48,483,3
Obuke,,166,65.08,48,503,2
Arya,,171,70,48,520,1
Adod,,59,67.25,48,525,1
Estar,,181,67,48,529,1
Mavrirke,,107,67.75,48,531,1
Berzerka,,103,65.67,48,536,1
Garath,,118,70.33,48,547,1
Asethod,,158,70,48,551,0
Idol,,129,64.42,48,561,3
Golam,,102,61.83,48,565,1
Hurahi,,107,64.67,48,568,3
Linug,,119,68.92,48,570,7
Akelpt,,139,68.17,48,577,1
Punisheer,,144,70.17,48,585,2
Rampage,,111,68.25,48,585,0
Ocise,,125,66.92,48,588,2
Decklyn,,114,69.75,47,264,0
Anik,,188,71.08,47,304,1
Jeve,,298,70.42,47,326,0
Edisa,,250,68.67,47,342,1
Myra,,110,61.67,47,344,0
Evave,,100,66.83,47,346,3
Esojog,,184,69.92,47,350,0
Avrokri,,110,69.58,47,362,1
Saruz,,98,62.17,47,363,3
Inren,,241,70.08,47,380,0
Gabe,,122,66.58,47,385,1
Vanra,,120,67.58,47,385,0
Ethulen,,145,69.5,47,385,0
Maya,,85,65.67,47,386,0
Kicora,,107,70.42,47,395,1
Elloydrile,,184,70,47,401,0
Murgele,,74,62.58,47,412,5
Vaca,,127,66.92,47,415,3
Ozel,,170,67.25,47,417,2
Cirka,,215,70,47,418,0
Sheng,,179,67.42,47,421,1
Adam,,98,69.92,47,422,0
Hemi,,218,69.75,47,428,1
Dwyrwyn,,232,70,47,431,2
Obud,,102,66.75,47,448,1
Onrishi,,126,68.42,47,452,0
Imil,,95,67.25,47,453,2
Nodrak,,188,67.75,47,454,1
Varduk,,143,70,47,455,1
Kothut,,103,61.58,47,458,0
Graknur,,148,69.92,47,470,0
Stellandra,,141,64.25,47,473,0
Ocetha,,159,69,47,489,3
Jajinka,,130,60.42,47,494,1
Slayer,,262,71.5,47,497,1
Anadawan,,150,68.33,47,503,1
Galahad,,122,66.83,47,517,1
Lothi,,148,65.17,47,534,3
Donde,,110,65.5,47,552,0
Guji,,161,70.33,47,570,1
Hagam,,108,67.67,47,577,1
Chopstyx,,255,60.92,47,578,1
Vieve,,153,64.08,47,588,0
Vagred,,114,69.92,46,297,5
Hedras,,166,67.17,46,331,1
Zunni,,172,70.17,46,331,0
Ogen,,60,62.08,46,346,1
Klikiiiiii,,168,69.5,46,348,1
Jamun,,157,69.83,46,362,2
Cariha,,86,68.25,46,364,0
Oneli,,137,64.67,46,384,2
Zoro,,122,69.92,46,389,3
Tiramarrr,,67,65,46,407,2
Gusi,,161,69.33,46,435,5
Tonad,,47,65.75,46,446,2
Jian,,95,61.33,46,456,1
Muji,,91,68.33,46,464,1
Ragnar,,134,65.33,46,476,1
Poca,,118,63.5,46,482,2
Rusha,,191,70.75,46,485,0
Jogra,,179,68.42,46,485,4
Lizard,,66,66.17,46,494,4
Shaomai,,143,70,46,498,2
Revan,,123,69.5,46,506,1
Nelli,,88,65.75,46,521,1
Igeti,,87,67.67,46,527,2
Bothusa,,123,69.92,46,537,8
Aeee,,112,60.17,46,545,1
Aloma,,106,61.83,46,545,3
Voga,,163,63.5,46,551,1
Mosiek,,111,65.25,46,566,4
Hurgale,,122,68.08,46,574,6
Toga,,118,69.5,46,589,2
Zegre,,67,67.33,45,190,0
Palmkaputt,,79,64.67,45,234,0
Agrek,,29,61.83,45,245,0
Chir,,207,70.58,45,256,0
Lifrirze,,141,69,45,259,0
Mozi,,116,70,45,268,10
Irisa,,303,70.75,45,269,0
Goca,,200,67.33,45,274,0
Ocurken,,146,69.5,45,281,0
Nuox,,342,69.75,45,296,0
Mavrurza,,168,70.08,45,302,3
Cuteti,,143,64.5,45,302,0
Banrovre,,278,68.92,45,303,2
Cutter,,333,70.25,45,306,1
Palpey,,87,68.83,45,315,0
Bonecorea,,110,57.25,45,328,2
Melun,,130,68.42,45,330,0
Warbounds,,205,70.75,45,332,0
Amor,,350,71.25,45,335,1
Morze,,222,70.42,45,337,0
Russland,,106,68.25,45,337,0
Vinye,,103,67.5,45,339,0
Huodongtwo,,138,69.83,45,341,0
Nizi,,91,62.75,45,347,0
Arad,,173,68.75,45,359,0
Niri,,97,67.08,45,360,0
Otheg,,82,61,45,366,1
Wary,,101,63.08,45,368,1
Athokri,,148,63.5,45,368,0
Sexi,,100,69.33,45,370,0
Maota,,285,70.08,45,378,0
Minjea,,99,63.67,45,383,0
Sazi,,117,64.58,45,387,0
Nagum,,111,66,45,389,0
Gakri,,143,70.67,45,392,1
Neva,,166,70,45,396,3
Vode,,147,67.92,45,397,0
Asen,,126,68.17,45,408,0
Libras,,317,64.42,45,421,0
Zergebe,,177,67,45,423,0
Hifrok,,200,70.58,45,447,0
Carnage,,99,62,45,458,1
Jehim,,137,70.5,45,459,0
Outer,,378,70.25,45,461,0
Zelin,,110,68.17,45,468,0
Hortenzie,,98,65.83,45,469,0
Kuva,,140,70.17,45,475,7
Hota,,126,59.92,45,495,0
Koralin,,123,68,45,515,2
Flower,,146,68.83,45,536,0
Rendang,,88,64.75,45,556,2
Cone,,143,63.92,44,188,0
Zibig,,61,67.17,44,210,0
Fian,,60,63.17,44,274,0
Terpial,,89,70.42,44,307,0
Meta,,120,67.42,44,342,0
Seten,,156,69.83,44,363,1
Ishatha,,100,68.42,44,391,2
Bazuk,,198,69.75,44,411,1
Jureg,,147,69.58,44,476,0
Dunel,,154,68.5,44,486,3
Arkor,,81,60.33,44,513,2
Ardez,,144,68.67,44,522,0
Rirce,,145,70.42,44,526,2
Davruli,,119,66,44,543,0
Lachul,,133,60.33,44,559,0
Ridri,,43,60.42,43,250,1
Luka,,124,69.75,43,319,1
Rodek,,36,69.42,43,321,1
Killer,,82,68.5,43,322,0
Dugonapkin,,74,63.83,43,331,0
Ruburgin,,278,70.67,43,333,0
Pesho,,219,70.92,43,340,0
Oldsnake,,138,70.17,43,381,1
Ithos,,179,68.17,43,383,3
Acile,,94,65.42,43,401,1
Dkangel,,92,59.33,43,404,1
Orol,,146,65.17,43,406,3
Ociche,,132,69.5,43,413,2
Song,,139,70.45,43,419,0
Strix,,102,66.92,43,446,0
Hobuk,,108,69.67,43,453,1
Icacoz,,72,68.5,43,458,2
Mate,,115,68.25,43,469,2
Redi,,50,61.25,43,496,0
Nariko,,114,70.25,43,507,2
Helura,,79,63.92,43,511,7
Adad,,104,66.5,43,513,2
Sloop,,105,63.92,43,514,2
Obas,,118,69.75,43,542,0
Artes,,171,69.58,43,563,1
Faith,,187,68.75,43,566,2
Jorde,,177,70.83,43,568,1
Kirautsu,,113,60.58,43,581,8
Corona,,183,68.92,43,589,3
Alok,,116,67,43,590,1
Ezizek,,149,64,43,596,4
Isille,,116,64.58,42,223,1
Peck,,121,64.75,42,249,1
Gotthand,,65,58.09,42,288,1
Anrek,,279,70,42,288,4
Nice,,106,70.33,42,296,0
Sumobi,,63,60.08,42,304,0
Momig,,151,70.5,42,341,1
Russel,,57,58.42,42,356,0
Ovras,,81,68.33,42,360,0
Rabreg,,65,62.75,42,374,1
Artanil,,123,70.75,42,377,0
Odihi,,77,61.33,42,404,0
Raga,,103,67.25,42,405,0
Ibas,,123,68.75,42,407,2
Aaabbbb,,235,69.58,42,414,0
Zujigra,,186,69.5,42,422,0
Marte,,52,67.83,42,424,2
Embro,,130,64.17,42,431,0
Gotha,,93,61.67,42,435,1
Telorgi,,81,58.25,42,444,4
Shehulk,,126,65.5,42,453,0
Jina,,106,61.75,42,477,5
Kalidor,,56,64.17,42,481,0
Cole,,137,60.83,42,487,0
Tolon,,106,66.5,42,495,0
Ovorda,,162,66.58,42,496,1
Petrach,,126,63.5,42,497,1
Mala,,61,61.75,42,508,5
Navenra,,120,65.17,42,510,1
Coga,,99,67.5,42,535,2
Zofrena,,96,67.92,42,554,0
Xiihau,,134,65,42,564,1
Hamol,,112,70.08,42,568,2
Epiphere,,132,70.08,42,587,0
Joel,,134,64.25,42,588,1
Nunrom,,124,62.17,41,258,3
Lithan,,116,67.17,41,267,2
Ddongsa,,37,61.33,41,281,1
Artet,,44,63.83,41,292,1
Zaba,,48,66.5,41,294,2
Laruz,,126,66.42,41,296,3
Taza,,26,61.17,41,302,1
Iribal,,132,66.5,41,311,2
Bashe,,71,66.58,41,327,0
Xiid,,35,56.83,41,339,3
Ithihis,,77,59.42,41,371,2
Ecun,,122,67.67,41,371,1
Bulela,,113,63.33,41,375,3
Ichiva,,134,69.75,41,381,3
Matat,,63,61.83,41,393,2
Zirdi,,78,66.25,41,396,3
Ibenrom,,83,64.67,41,427,3
Suzan,,63,66.92,41,452,1
Porhaha,,94,68.08,41,464,4
Valkyrie,,249,70.08,41,479,4
Hobozi,,103,68.5,41,520,2
Gardian,,195,70.75,41,534,4
Isharke,,68,67.92,41,538,3
Argare,,37,56.5,41,575,5
Ejartat,,77,63.75,40,195,0
Sarte,,142,68.92,40,199,0
Neshuzi,,70,61.83,40,205,0
Nunrul,,99,59.58,40,212,0
Ukon,,58,66.92,40,233,0
Iceman,,208,70.75,40,237,5
Gubes,,86,66.33,40,242,0
Hifruse,,149,70,40,251,0
Leti,,173,70.33,40,253,0
Chinabj,,235,70.25,40,262,0
Hijen,,56,61.25,40,264,0
Thor,,117,66.5,40,271,0
Ralph,,75,60.5,40,280,0
Bigueta,,48,68.83,40,284,0
Zuckarina,,144,67.17,40,286,0
Achami,,168,69.42,40,286,0
Buki,,63,61.42,40,287,0
Isherca,,83,64.17,40,294,0
Sashag,,102,62.75,40,295,0
Hanga,,107,66.67,40,297,0
Asufrim,,105,63.83,40,312,0
Astyoch,,85,57.5,40,312,0
Ashozek,,98,64.67,40,313,0
Tothorze,,77,64.67,40,317,0
Davis,,99,67.5,40,319,0
Surga,,89,70.33,40,328,1
Msgc,,99,62.67,40,330,0
Setishe,,77,63.33,40,332,0
Veska,,54,62.5,40,337,0
Megra,,84,65.25,40,348,0
Vemet,,128,60.92,40,348,0
Buster,,119,66,40,348,0
Oshuvik,,78,61.83,40,349,0
Onuha,,57,65.67,40,356,0
Ishezom,,113,67.83,40,360,0
Amadnal,,152,68.42,40,360,0
Raven,,108,69.5,40,363,0
Anega,,170,70,40,367,0
Tjaniba,,43,62,40,371,0
Metzger,,93,61.33,40,372,0
Phebe,,94,65.42,40,374,0
Lisa,,81,63.58,40,382,0
Jurki,,71,61.91,40,388,3
Hisoka,,101,69.25,40,402,0
Jocinri,,96,63.25,40,404,0
Sadnum,,97,62.08,40,410,0
Vincent,,89,65.25,40,417,0
Fahlchops,,183,68,40,437,0
Luca,,101,63.25,40,441,0
Nule,,104,56.17,40,451,1
Khyaa,,29,61.08,40,452,0
Semi,,88,64.92,40,454,0
Evot,,48,67.08,40,464,0
Mazeg,,101,67.36,40,474,0
Koogan,,95,60.08,40,484,0
Seva,,76,60.75,40,498,0
Slash,,184,70.25,40,504,0
Zonzon,,83,68,40,509,0
Ovredak,,157,68.67,40,531,0
Mithomi,,91,67.83,40,563,0
Blackdevil,,73,60.17,39,291,1
Sora,,61,62.92,39,301,0
Dinrima,,129,66.17,39,303,0
Lfyz,,39,66.5,39,330,2
Rarkeg,,53,59.92,39,359,0
Ergodral,,76,70.17,39,361,1
Bahus,,86,71.25,39,399,0
Heken,,40,64.92,39,401,0
Cada,,102,65.08,39,409,1
Eges,,75,64.83,39,422,0
Bartox,,75,65,39,430,2
Duted,,45,58.92,39,493,0
Akari,,57,67.92,39,589,5
Ogrin,,137,70.83,38,196,0
Johon,,168,70.17,38,285,1
Gima,,76,60.92,38,321,0
Chinatt,,235,71.33,38,325,3
Barbie,,80,65.25,38,342,2
Hake,,231,68.08,38,373,2
Hella,,65,66.58,38,378,0
Gimi,,76,60.42,38,381,1
Giche,,263,60.67,38,387,3
Marge,,113,59.17,38,393,1
Jakel,,90,65.25,38,394,1
Aradak,,69,63.5,38,399,0
Tiguer,,104,70.33,38,410,0
Limel,,84,69.83,38,437,0
Liyiran,,206,61,38,440,3
Death,,110,68.17,38,446,1
Kodrod,,84,65.67,38,451,3
Hoon,,122,65.25,38,452,1
Akrem,,97,60.33,38,454,1
Dircus,,134,60.25,38,459,1
Spite,,161,65.67,38,466,7
Vevra,,115,67.58,38,467,3
Simi,,186,70.33,38,490,0
Voke,,76,65.75,38,497,1
Nifelheim,,74,70.17,38,557,0
Legriz,,71,63.92,38,558,6
Ogus,,87,69.58,38,560,1
Emon,,98,59.92,38,570,2
Adrek,,105,70.08,38,573,3
Artemis,,148,68.58,38,576,4
Erdezi,,104,59.5,38,581,11
Tigrprpl,,58,62.75,38,584,0
Aredh,,120,67.08,37,172,0
Vere,,112,68.42,37,237,0
Pignouf,,88,60.08,37,357,0
Shuashua,,132,67.33,37,359,0
Esashi,,76,64.17,37,363,0
Anbingxiua,,51,70.08,37,365,0
Tuthut,,209,70.58,37,371,0
Darrrk,,49,62.33,37,373,0
Xavier,,91,70.08,37,376,0
Bubba,,89,56.42,37,410,0
Baba,,56,64.83,37,413,2
Fejk,,104,67.67,37,418,1
Nuril,,68,60.5,37,436,0
Messed,,132,70.42,37,449,0
Echoo,,115,69.42,37,450,0
Dummi,,110,64.33,37,473,1
Agus,,28,62.25,37,475,0
Elak,,77,65.08,37,490,1
Lathug,,47,68.83,37,525,1
Sachi,,84,60.75,37,556,0
Arege,,55,60,37,571,1
Rruuupfrt,,91,59.67,37,594,1
Llewllyn,,67,70.08,36,240,0
Hekra,,107,70.75,36,264,0
Stop,,119,61.42,36,268,1
Vavrasi,,116,69.5,36,277,1
Romca,,100,62.42,36,283,2
Kika,,44,64,36,291,2
Monski,,73,69.83,36,316,2
Kasa,,18,60.33,36,332,2
Himela,,43,67.08,36,334,2
Kushahi,,124,69.75,36,347,5
Herkahe,,18,57.42,36,350,2
Milonghero,,152,66.25,36,383,1
Simurti,,56,60,36,391,0
Ohing,,35,60.25,36,395,2
Anriged,,72,63.5,36,407,1
Slaphappy,,89,67.67,36,438,8
Aurum,,125,63.33,35,197,0
Obim,,27,57.42,35,211,0
Zoozoo,,16,63.25,35,222,0
Keathdy,,30,57,35,242,0
Artimus,,142,68.33,35,247,0
Ekudon,,11,53,35,250,0
Vozit,,84,67,35,280,0
Annol,,139,68.75,35,286,0
Mywarrior,,127,65.67,35,289,0
Dieliebe,,85,64.58,35,296,0
Skylark,,127,67.83,35,298,0
Norza,,58,61.83,35,300,0
Darkblade,,118,70.17,35,300,0
Popoh,,124,67.17,35,302,0
Celesteii,,34,57.67,35,302,0
Allan,,99,62.33,35,320,0
Duta,,64,59.17,35,340,0
Tara,,90,68.17,35,349,0
Likra,,148,69.75,35,389,0
Titania,,33,55.5,35,394,1
Orion,,80,65.58,35,400,0
Efrethi,,126,70.33,35,424,0
Ajara,,42,55.67,35,453,0
Andre,,113,64.58,35,492,0
Dream,,15,64.08,34,163,1
Bituz,,61,68.5,34,245,0
Darza,,87,66.17,34,252,1
Giterza,,158,65.67,34,298,0
Huvuje,,109,61.17,34,322,0
Lovoda,,32,60.25,34,337,0
Kila,,51,60.42,34,342,2
Idat,,244,69.33,34,351,0
Change,,105,60.5,34,378,0
Anrul,,79,69.67,34,391,0
Roja,,55,65.5,34,424,1
Ikura,,31,64.75,34,442,1
Abocat,,58,61.33,34,453,2
Hibe,,24,60.17,34,460,1
Ramza,,33,66.75,34,461,2
Watdaf,,34,58.17,34,472,2
Goroke,,72,70.08,34,497,6
Yanguix,,64,64.67,34,543,3
Irget,,43,65.83,33,187,2
Oreram,,137,66.75,33,208,1
Danta,,79,65.5,33,224,0
Atug,,65,57.17,33,237,0
Divemaster,,60,58.08,33,304,3
Ekoz,,63,59.42,33,305,0
Ameca,,33,63.42,33,311,0
Judas,,23,63.42,33,324,3
Hithe,,31,69.58,33,326,0
Lunrik,,131,66.33,33,339,1
Zeshebi,,100,67.92,33,360,0
Mudnid,,107,66.58,33,361,0
Falcao,,42,58.42,33,413,1
Miet,,71,67.5,33,414,3
Dedha,,133,68.75,33,428,2
Taya,,111,70.58,33,525,2
Citiman,,119,57.75,33,560,2
Fdgfzh,,120,63.64,33,591,0
Jeta,,109,64.33,32,162,0
Sila,,76,68.75,32,182,0
Roman,,105,64.25,32,213,0
Erkicog,,93,63.25,32,228,0
Baal,,34,61.08,32,241,0
Lewwu,,98,64.75,32,256,0
Nudrosi,,25,61.83,32,268,0
Julime,,30,64.25,32,295,0
Ograd,,38,68.17,32,297,2
Ophelia,,28,67.25,32,302,0
Verim,,77,60.92,32,304,0
Agrednun,,74,62,32,414,1
Imen,,66,62.17,32,428,0
Acuk,,62,63,32,437,0
Hakrene,,97,67.33,32,438,0
Kenom,,62,62.67,32,441,0
Superbabi,,119,66,32,461,0
Kuril,,150,67,32,462,0
Tartus,,18,52.33,32,463,2
Gannid,,54,65.83,31,171,1
Kora,,104,67.58,31,208,0
Ignadrom,,57,58.17,31,227,1
Gigi,,39,66.75,31,240,0
Ruka,,84,60.83,31,248,0
Rona,,28,57.42,31,251,1
Briker,,184,67,31,257,0
Ajochis,,81,71,31,258,0
Tuzor,,32,61.75,31,266,0
Etani,,19,69.17,31,285,0
Momi,,21,58.92,31,308,0
Warrior,,76,69.08,31,315,0
Oradas,,13,60.25,31,315,1
Ludnam,,18,64,31,315,2
Odun,,49,65.67,31,318,0
Victorrrr,,93,62.83,31,337,3
Vusha,,47,60.92,31,340,4
Hisa,,80,64.33,31,345,4
Demios,,100,66.92,31,362,2
Mill,,206,70.08,30,166,0
Kolyn,,66,59.58,30,180,0
Sufre,,66,68.92,30,209,1
Wolf,,18,63.83,30,212,0
Hoche,,92,64.67,30,212,0
Edoba,,14,63.67,30,216,0
Gase,,46,60.42,30,217,0
Krall,,38,68.67,30,217,0
Idurgan,,95,61,30,218,0
Nanebri,,51,61.67,30,220,0
Skki,,122,68.58,30,231,0
Amog,,96,62.08,30,233,0
Agron,,22,58.75,30,233,0
Rargam,,45,58.83,30,243,0
Madnem,,53,67.17,30,251,0
Jivam,,31,56.92,30,252,0
Sticky,,48,67.08,30,295,0
Pomorius,,23,59.67,30,298,0
Kuhega,,31,62.17,30,298,0
Noka,,122,64.67,30,340,0
Raden,,87,64.75,30,345,0
Onardun,,108,55.5,30,373,0
Rosa,,75,59,30,395,0
Hikrila,,70,69.33,30,472,0
Ecus,,69,63.5,29,204,0
Robace,,132,65.42,29,223,0
Avathuz,,13,62.83,29,230,0
Sili,,32,63.5,29,295,0
Makewinner,,77,59.17,29,350,0
Goket,,116,65.42,29,356,0
Agom,,58,59.42,29,397,1
Riri,,121,64.17,29,416,0
Athuthad,,109,70.58,29,445,2
Gokrorta,,140,58.58,29,561,3
Veganhero,,46,58.83,29,577,0
Nure,,73,59,28,201,0
Sinni,,12,62.92,28,203,1
Ravioli,,86,63.58,28,228,0
Goni,,7,59.42,28,241,0
Arkha,,99,70.58,28,330,2
Toshavoin,,66,64.33,28,395,1
Radak,,44,61.25,28,553,3
Omaras,,48,61.08,27,160,0
Weiwei,,7,60.08,27,181,0
Tkssss,,76,62.25,27,217,0
Guzi,,19,56.75,27,249,0
Lojuje,,6,57.75,27,270,0
Zuthad,,43,56.17,27,425,0
Ezek,,20,70.58,27,564,0
Hhappi,,18,66.17,26,142,0
Tintin,,92,64.08,26,191,1
Onnokre,,116,65.67,26,228,1
Lole,,24,55.58,26,349,1
Kuhim,,11,65.17,26,349,3
Ghedinja,,62,68.75,25,136,0
Mitch,,46,65.67,25,169,0
Tezel,,18,68.75,25,224,0
Yuzaku,,26,68.42,25,255,0
Tara,,139,66.67,25,383,0
Edrina,,145,62.92,25,477,0
Chase,,35,64.33,24,127,0
Warrior,,73,62.75,24,151,0
Titan,,17,60.17,24,174,0
Vvvip,,37,68.83,24,201,0
Durcil,,44,60.5,24,237,0
Tellidre,,102,67.67,24,240,1
Lechtachka,,68,62.08,24,268,0
Patryszja,,94,69.25,24,292,0
Dose,,65,69.42,24,466,2
Delay,,2,60.58,23,274,0
Orgevad,,96,71.08,23,287,0
Josorda,,74,70.25,23,314,6
Crowsister,,20,61.08,23,394,1
Sher,,99,66.25,23,598,8
Sissy,,6,62.67,22,165,0
Ochoja,,96,66.83,22,171,0
Adohan,,8,62.83,22,223,0
Dani,,92,68.17,22,246,0
Killer,,21,55.91,22,328,1
Lene,,91,63.33,22,334,0
Abordi,,0,64.75,22,516,1
Trucida,,12,60.08,21,83,0
Asiti,,146,64.58,21,119,0
Smokee,,4,67.08,21,140,0
Zori,,64,60.33,21,181,2
Ollet,,0,53.3,21,214,0
Xelos,,2,65.75,21,222,1
Ptasiek,,49,68.25,21,336,1
Isosek,,49,70.75,21,340,2
Zokri,,0,58.92,20,120,0
Jojem,,0,51.75,20,138,0
Lunurti,,0,57.17,20,140,0
Borem,,4,58,20,140,0
Jason,,8,68.08,20,157,0
Erdiz,,60,65.25,20,158,0
Nude,,108,67.92,20,158,0
Nagymedve,,0,56.83,20,161,0
Krossphyre,,0,59.58,20,171,0
Avahil,,50,66.92,20,176,0
Zhion,,245,71.08,20,181,0
Bepx,,5,55.67,20,188,0
Dazz,,0,52.5,20,199,0
Nehane,,76,69.1,20,223,0
Ogim,,66,54.92,20,225,0
Ivelious,,107,61,20,251,0
Jarden,,23,69.42,20,266,0
Ivakun,,52,57.25,20,269,0
Beth,,0,58.17,20,289,0
Enigma,,0,51,20,295,0
Knorr,,27,56.42,20,399,0
Mamont,,74,60.25,19,102,0
Tomand,,0,57.67,19,180,0
Ekigran,,2,58.17,19,183,0
Blingsa,,0,57.58,19,250,0
Sahe,,69,68.33,19,362,0
Kirgare,,10,62.42,18,134,0
Flexnezz,,31,58.83,18,164,0
Otun,,37,59.25,18,170,1
Valerii,,144,65.42,18,204,0
Cati,,0,54.5,18,219,1
Fartmastre,,114,53,18,220,0
Peppse,,59,66.5,17,116,0
Jebroche,,5,68.17,17,180,0
Lorry,,44,63.17,17,287,0
Snake,,10,67.58,17,373,0
Zeci,,0,56.92,16,110,0
Laguertah,,20,58.25,16,136,0
Tital,,0,57.17,16,197,0
Zortik,,0,54.75,16,234,1
Iboze,,11,66.67,16,245,1
Ibrarceg,,0,58.92,16,285,2
Colosus,,0,54.33,16,296,2
Queen,,140,69.5,15,113,0
Taiy,,68,70.67,15,131,0
Sakus,,0,57.58,15,133,0
Annin,,0,51.75,15,152,0
Gogros,,0,63.75,15,168,0
Alpha,,78,62.67,15,168,0
Grzela,,100,65.33,15,170,0
Irebud,,0,57.42,15,172,0
Einherjar,,0,57.5,15,196,0
Ifrid,,39,57.83,15,293,0
Sariel,,1,59.67,14,110,0
Dizut,,0,61.92,14,117,0
Honit,,72,60.33,14,164,0
Stabitha,,0,55.75,14,186,0
Rethig,,11,60.67,14,201,0
Ehomi,,74,62.83,13,108,0
Borrenson,,0,56.42,13,129,0
Saluthe,,5,67.67,13,176,0
Norzane,,0,58.92,13,186,1
Allibi,,0,60.67,13,195,0
Eherken,,5,56.58,13,234,0
Jean,,0,55.25,13,564,15
Erzus,,0,50.17,13,590,4
Holul,,0,59.08,12,104,0
Sophitia,,0,57.42,12,137,0
Zaubermaus,,0,63.25,12,154,0
Aaaaaa,,0,56.67,12,155,0
Nugri,,64,57.17,12,171,0
Ikrom,,0,55,12,183,0
Vabi,,132,68.58,12,188,0
Hasi,,0,60.42,12,193,1
Irdavra,,0,51,12,322,0
Ithazug,,0,51.17,11,100,0
Cofri,,6,70.08,11,101,0
Zitava,,0,58.92,11,123,0
Ashim,,0,59.75,11,127,0
Dikona,,0,59.33,11,144,0
Zyth,,1,59.83,11,161,1
Orcenrol,,13,61.08,11,172,1
Artifakt,,0,58.75,11,222,0
Lina,,0,58.25,11,270,1
Jenia,,0,55.75,11,284,1
Demon,,0,55.67,11,295,5
Igel,,0,50.92,10,126,0
Ncov,,0,57.25,10,129,0
Feoreflesh,,0,58.92,10,130,0
Sasami,,0,63.67,10,132,0
Triss,,0,60.83,10,133,0
Boomer,,0,58.83,10,144,0
Dexterous,,0,44.55,10,152,0
Shoshana,,0,63.17,10,169,0
Dare,,0,61.83,10,170,0
Boromir,,0,54.92,10,178,1
Macleod,,0,48.83,10,189,0
Radiant,,0,48.42,10,195,0
Hugo,,0,50.5,10,204,0
Mjacque,,0,55.58,10,211,0
Erzan,,0,48.5,10,213,0
Ralph,,0,53,10,228,0
Hummels,,0,57.83,10,239,0
Amum,,0,57.25,10,264,0
Edrukri,,0,49.83,10,279,0
Filosa,,0,54.58,10,317,0
Ejagam,,0,66.08,9,109,0
Duvatha,,0,58.5,9,122,0
Aluleg,,0,55.67,9,123,0
Ivrid,,11,61.83,9,132,1
Barbouz,,0,56.67,9,168,0
Rowan,,0,59.58,9,196,0
Escarleth,,61,70.25,9,209,0
Funtulai,,0,60.67,9,218,0
Idnom,,0,51.18,9,253,1
Daemon,,0,50,9,274,0
Arabella,,0,59.83,9,296,0
Bharff,,0,59.92,9,299,1
Agina,,0,55,9,337,1
Loes,,0,48.5,9,429,0
Dill,,0,38.75,9,434,2
Rinn,,0,52.75,9,597,8
Dadibe,,0,55.5,8,104,0
Barza,,0,53.58,8,111,0
Pfefer,,0,57.17,8,114,0
Joeexotic,,0,58.25,8,124,0
Mylovemyxu,,0,54.17,8,126,0
Vince,,0,55.83,8,129,0
Eventhero,,28,59.75,8,146,0
Kunni,,50,62.5,8,150,0
Tangk,,2,53.33,8,152,0
Jihi,,0,56.25,8,180,1
Zemika,,0,53.58,8,191,1
Komki,,0,55.58,8,193,1
Kingsss,,0,54,8,195,0
Izehol,,0,57.83,8,221,1
Vicani,,0,53.75,8,232,0
Milkmom,,0,50.5,8,245,2
Mocha,,0,55.25,8,248,2
Mama,,0,63.17,8,291,1
Lubig,,0,53.58,8,306,4
Klidrik,,0,36.25,8,311,1
Avreg,,0,51.5,8,325,1
Etas,,0,54.25,8,344,0
Athom,,0,55,8,350,4
Kapitankox,,0,49,8,395,3
Acari,,0,54.83,8,409,5
Orgirgam,,0,50.67,8,470,6
Rorugra,,0,47.25,8,479,7
Ivit,,0,49.25,8,504,1
Akrullit,,0,45.08,8,538,0
Ocheg,,0,54.33,8,554,8
Etorde,,0,52.33,8,575,12
Ovule,,0,49.92,8,577,4
Sizan,,1,65.25,7,87,0
Kaminari,,94,70,7,89,0
Jackoff,,0,59.58,7,90,0
Cazik,,29,65.67,7,97,0
Lxin,,0,60.42,7,101,0
Eventjoan,,1,64.17,7,103,0
Rremember,,19,67.5,7,106,0
Gize,,29,68.67,7,106,0
Dulljont,,35,63.08,7,109,0
Aragor,,14,59.92,7,111,0
Laura,,0,57.08,7,114,0
Ergatud,,0,54.83,7,115,0
Arazug,,0,58.25,7,124,0
Ekis,,1,61.75,7,125,0
Jercom,,54,63.83,7,137,0
Zumi,,0,55.92,7,137,0
Adam,,0,49.42,7,140,0
Jomakre,,61,70.17,7,145,0
Abrog,,0,59.17,7,145,0
Ebonra,,0,62.5,7,146,0
Cazzelli,,0,59.33,7,152,0
Atlas,,27,69.92,7,155,0
Warrior,,6,62.5,7,158,0
Borgubi,,5,57.5,7,160,0
Ergug,,6,60.17,7,161,0
Ocedim,,0,59.92,7,166,0
Oraza,,0,58.25,7,171,0
Bava,,0,54.83,7,174,0
Vyktor,,6,60.08,7,174,0
Ghost,,0,56.33,7,178,0
Jackiey,,0,56.08,7,179,0
Kore,,43,59.42,7,183,0
Ryto,,0,58.08,7,185,1
Fergus,,0,48.92,7,189,0
Ortikes,,0,57.33,7,192,0
Dada,,0,50.58,7,197,1
Killer,,0,55,7,197,0
Coluba,,0,50.08,7,210,0
Visces,,0,63.5,7,214,0
Kupsii,,0,52.25,7,218,1
Sahale,,0,56.33,7,227,1
Rubi,,0,58.5,7,234,0
Atecol,,0,39.5,7,250,0
Arkes,,0,53.08,7,251,0
Shdwblyde,,0,49.33,7,251,2
Onari,,0,58.42,7,252,0
Zehi,,0,55.33,7,254,0
Maddog,,0,50.5,7,257,0
Sarus,,0,50.75,7,276,1
Iron,,0,48.92,7,286,0
Pelgron,,0,50.17,7,286,3
Ertos,,0,47.17,7,290,0
Ebebebeb,,0,49.5,7,296,0
Ninnidne,,0,41.73,7,298,1
Willie,,0,48,7,299,2
Paladin,,0,54.17,7,300,1
Ozar,,0,47.83,7,303,0
Trial,,0,52,7,315,1
Jean,,0,52.42,7,327,0
Annitha,,0,47.92,7,328,2
Kael,,0,45.83,7,328,7
Okurdus,,0,53.42,7,333,5
Elice,,0,46.08,7,335,4
Karaka,,0,50.42,7,339,8
Give,,0,52.5,7,340,0
Odnonud,,0,54.5,7,347,5
Vhoknoi,,0,53.5,7,347,4
Devome,,0,46.58,7,349,3
Brxx,,0,55.08,7,349,1
Nargal,,0,50.17,7,356,1
Nirkirki,,0,53.92,7,370,4
Ejimi,,0,46.17,7,370,4
Mafrose,,0,54.75,7,374,2
Kader,,0,49.33,7,375,2
Rotherm,,0,51.58,7,379,1
Solapower,,0,43.08,7,388,5
Lelid,,0,48.08,7,392,2
Segrodra,,0,55,7,395,0
Romurci,,0,54.58,7,408,1
Hise,,0,50.92,7,425,1
Nati,,0,51.75,7,432,3
Soga,,0,46.17,7,436,3
Elke,,0,42.08,7,442,2
Agez,,0,52.33,7,443,3
Bube,,0,53.83,7,454,6
Onun,,0,45.08,7,459,5
Rizet,,0,53.17,7,460,15
Innizi,,0,56,7,472,3
Alal,,0,50.83,7,473,0
Eraca,,0,52.83,7,484,1
Mogram,,0,52.58,7,485,2
Nevrebe,,0,44.8,7,506,8
Tiger,,0,52.33,7,528,1
Sephiroth,,0,41.58,7,539,2
Codsballs,,0,52.33,7,597,1
Aborzel,,0,56.17,6,76,0
Erzurdot,,0,52.67,6,77,0
Sosiktwo,,0,66.08,6,89,0
Odrurcus,,0,53.92,6,93,0
Vedis,,0,58.33,6,97,0
Ecuz,,0,46.67,6,110,0
Zimobi,,0,59.25,6,111,0
Iryan,,0,43.73,6,121,0
Beach,,0,61.25,6,123,0
Baokun,,0,57.92,6,124,0
Gage,,0,57.83,6,124,0
Diablo,,0,45,6,125,0
Frank,,0,55.58,6,127,0
Comi,,0,49.75,6,129,1
Shinx,,0,44.92,6,132,0
Hasham,,0,63.92,6,134,0
Ajchand,,0,38.25,6,136,0
Berza,,0,57.5,6,137,0
Snow,,0,53.42,6,138,1
Grifin,,0,56.33,6,140,2
Alaz,,0,45.42,6,142,0
Dachi,,0,41,6,145,2
Panday,,0,57.5,6,150,0
Lise,,0,46.09,6,150,0
Divrus,,0,51.17,6,152,0
Jurtus,,0,45,6,152,1
Maddam,,0,55.92,6,160,0
Lucifer,,0,41.33,6,160,0
Oberon,,0,54.17,6,163,0
Xuro,,0,56.83,6,165,0
Steven,,0,50.67,6,167,0
Tertoji,,0,52.75,6,167,1
Bluesilk,,0,57.42,6,168,0
Ganesh,,0,48.42,6,170,1
Zolle,,0,45.75,6,170,0
Sathez,,0,44.67,6,171,1
Toki,,0,48.42,6,171,0
Hulahula,,0,49.42,6,171,0
Maxoom,,0,51.5,6,176,1
Ssssoumrak,,0,49.5,6,177,0
Taipan,,0,47.67,6,181,1
Zaze,,0,51.42,6,183,1
Eciz,,0,40.25,6,184,0
Ivrida,,0,53.33,6,188,0
Shade,,0,57.5,6,189,1
Hogri,,0,46.83,6,190,0
Biff,,0,45.9,6,194,1
Money,,344,37.33,6,194,0
Warsword,,0,38.42,6,195,0
Xaven,,0,51.08,6,197,0
Wrigulus,,0,41.33,6,197,1
Ayax,,0,46,6,199,2
Thyme,,0,52.42,6,201,1
Zabri,,0,50.08,6,205,0
Dagger,,0,50.17,6,208,1
Tithis,,0,46.83,6,208,2
Turtlesoup,,0,47.08,6,211,0
Oged,,0,50.33,6,211,0
Fyuri,,0,41.92,6,215,0
Akrat,,0,48.58,6,217,1
Viking,,0,50.67,6,217,1
Athonri,,0,57.25,6,219,0
Athuvem,,0,53.08,6,220,1
Miclev,,0,49.08,6,221,0
Anoz,,0,44.83,6,224,1
Ovrin,,0,43.83,6,224,3
Tomi,,0,36.83,6,225,1
Larud,,0,53.42,6,227,1
Emarkin,,0,48.92,6,227,3
Esek,,0,44.08,6,229,2
Jefra,,0,51.92,6,230,1
Ghost,,0,44.42,6,230,1
Samdawar,,0,39.92,6,230,0
Suce,,0,48.58,6,234,3
Kafres,,0,43.33,6,235,0
Viborza,,0,37.08,6,237,2
Garide,,0,46.83,6,239,0
Dethblade,,0,49.58,6,241,0
Belgit,,0,52.33,6,246,1
Lcui,,0,39.5,6,246,4
Gice,,0,44.92,6,249,3
Darkcron,,0,39.33,6,253,2
Covragi,,0,40.67,6,254,0
Osin,,0,36.33,6,254,4
Bobi,,0,46.42,6,255,1
Nurso,,0,47.67,6,255,3
Dulohi,,0,49.25,6,263,0
Marojo,,0,52.17,6,263,2
Jonojo,,0,45.08,6,264,0
Amitol,,0,43.42,6,268,3
Renodna,,0,35.75,6,268,3
Tigerking,,0,37.25,6,269,2
Arodad,,0,35.17,6,274,1
Tusoz,,0,38.67,6,275,0
Caze,,0,47.58,6,284,2
Bedos,,0,36.33,6,288,3
Nayowa,,0,43.58,6,292,0
Matul,,0,44.25,6,295,1
Sarzez,,0,53.5,6,301,1
Kail,,0,49.58,6,308,2
Biest,,0,44.17,6,308,4
Tajorzi,,0,41.08,6,312,2
Ithonri,,0,33.75,6,317,1
Amil,,0,39.08,6,319,3
Tiki,,0,32.33,6,323,4
Idnuli,,0,37.58,6,324,3
Bret,,0,45.27,6,326,1
Vasil,,0,38.33,6,327,1
Jethen,,0,52.08,6,330,2
Sage,,0,44,6,333,2
Odraset,,0,47.7,6,333,1
Barbakai,,0,44.92,6,349,5
Aniko,,0,49.17,6,353,1
Sogin,,0,34.67,6,353,1
Aurora,,0,48.92,6,354,6
Kuve,,0,42.83,6,356,2
Ruhi,,0,37.75,6,357,3
Igok,,0,34.92,6,358,1
Gerke,,0,32.42,6,372,6
Romoe,,0,38.25,6,373,4
Sikomi,,0,51.25,6,374,3
Terra,,0,38.3,6,390,4
Ubivashka,,0,44.08,6,404,4
Koper,,0,43.17,6,409,1
Elel,,0,35,6,410,5
Davincci,,0,48.58,6,410,2
Vimiri,,0,40.33,6,414,1
Witcher,,0,33.42,6,417,5
Innon,,0,50.25,6,424,6
Mubol,,0,36.75,6,436,4
Mekorti,,0,37.08,6,437,2
Tuvace,,0,39.55,6,439,3
Zile,,0,42.5,6,460,7
Mavey,,0,33.83,6,470,5
Inreka,,0,45.92,6,489,18
Oshuk,,0,39.67,6,492,4
Notode,,0,46.78,6,511,0
Ooonann,,0,27.17,6,538,5
Lardeva,,0,40.75,6,547,2
Suvim,,0,38,6,553,4
Tunnon,,0,36.58,6,578,9
Himssam,,0,51.67,5,81,0
Rutol,,0,46.83,5,86,0
Luze,,0,50.5,5,95,0
Irale,,0,50.25,5,96,0
Tagri,,0,60.5,5,96,0
Onrudra,,0,50.67,5,109,0
Damon,,0,50,5,113,0
Roled,,0,53.33,5,114,0
Sebastacus,,0,40.5,5,120,0
Scylla,,0,41.42,5,122,0
Opuca,,0,37.33,5,122,0
Oliz,,0,51.42,5,124,0
Sara,,0,50.33,5,130,0
Artis,,0,33,5,130,0
Ishebok,,0,42.58,5,130,0
Sebannsyn,,0,48.67,5,131,0
Orzarez,,0,48.08,5,134,0
Idalak,,0,49.5,5,137,0
Azunre,,0,53.58,5,138,0
Mika,,0,51.33,5,138,0
Zigman,,0,38.25,5,140,0
Highlander,,0,43.75,5,143,0
Chiinazzz,,0,39,5,144,0
Kasa,,0,37.67,5,144,0
Galacticus,,0,40.5,5,144,0
Osun,,0,34.75,5,145,0
Gothi,,0,33.33,5,146,0
About,,0,47.67,5,153,0
Allen,,0,35.67,5,155,0
Mary,,0,51.5,5,156,0
Alko,,0,51.42,5,157,0
Kipler,,0,51.75,5,157,0
Sushem,,0,46.83,5,159,0
Asaha,,0,38.5,5,160,0
Igor,,0,38.42,5,161,0
Dragoo,,0,46.83,5,161,0
Hood,,0,48.25,5,162,0
Azure,,0,50,5,163,0
Kithi,,0,36.75,5,163,0
Dane,,0,41.33,5,171,1
Baces,,0,36.42,5,172,0
June,,0,35.3,5,181,0
Durex,,0,49.25,5,181,0
Osala,,0,42.75,5,182,0
Seeyou,,0,34.92,5,186,0
Piopoi,,0,34.92,5,187,0
Hercules,,0,42.42,5,190,0
Vovetha,,0,42.17,5,192,0
Dibe,,0,45.08,5,193,0
Fight,,0,35.73,5,194,0
Eshurzin,,0,44.25,5,196,0
Sathoz,,0,28.67,5,196,0
Buje,,0,39.5,5,198,0
Erzavi,,0,48.5,5,198,0
Katris,,0,37.33,5,200,0
Zori,,0,41.58,5,203,0
Ejed,,0,33.83,5,206,1
Gordam,,0,41.5,5,206,0
Bumsi,,0,29.67,5,207,2
Oregra,,0,39.67,5,215,0
Zakoje,,0,32.83,5,224,0
Bertarda,,0,43,5,228,0
Otuthe,,0,39.5,5,229,0
Eshishil,,0,34.58,5,232,0
Lonra,,0,53.25,5,237,0
Mugalli,,0,34.67,5,241,0
Okrubut,,0,39,5,245,0
Charlie,,0,35.83,5,247,0
Yang,,0,29.5,5,254,0
Aseta,,0,33.75,5,256,0
Bade,,0,36.83,5,256,0
Daroka,,0,30,5,257,0
Nagrum,,0,32.1,5,259,1
Imicod,,0,41.42,5,263,0
Agil,,0,31.3,5,271,1
Kagali,,0,29.92,5,271,2
Arek,,0,29.75,5,273,1
Ketheza,,0,32.42,5,276,0
Green,,0,35.67,5,286,0
Ryuk,,0,43.25,5,287,0
Jelou,,0,35,5,291,4
Soreje,,0,31.33,5,295,4
Soniya,,0,36.25,5,295,0
Selka,,0,33.67,5,301,1
Lawless,,0,33.42,5,301,0
Ridaaction,,0,31.92,5,306,0
Mothut,,0,30.17,5,307,0
Inril,,0,28.75,5,319,1
Valor,,0,30.92,5,325,0
Ozojim,,0,31.92,5,327,3
Morgabe,,0,29.83,5,331,0
Viga,,0,27.33,5,339,0
Adranum,,0,39.83,5,348,0
Jhon,,0,34.42,5,350,1
Erica,,0,29.17,5,354,0
Cudima,,0,40.17,5,360,0
Zarkarka,,0,41.75,5,362,0
Argoz,,0,31.25,5,363,0
Dakroce,,0,27.83,5,365,4
Adrian,,0,33,5,367,0
Robok,,0,35.08,5,368,1
Rinjung,,0,33.92,5,370,1
Edrum,,0,30.25,5,374,1
Omokot,,0,32.7,5,376,0
Rebel,,0,34.83,5,383,0
Osoitard,,0,32.08,5,384,2
Kimtoo,,0,37.75,5,390,0
Ekrad,,0,31.92,5,403,1
Lusa,,0,34.8,5,405,19
Ethishat,,0,33.25,5,413,0
Mide,,0,33.17,5,420,0
Raldoron,,0,31.75,5,433,0
Mugen,,0,35.25,5,438,0
Hoda,,0,28,5,470,5
Koni,,0,32.25,5,470,0
Quay,,0,30.7,5,476,0
Ogenug,,0,31.92,5,477,1
Ebram,,0,24.08,5,488,10
Miles,,0,29.8,5,502,7
Cabecaman,,0,26.5,5,510,0
Champale,,0,38,5,518,0
Arch,,0,28.42,5,525,4
Jukrita,,0,40.4,5,535,0
Zoro,,0,55.5,5,561,0
Dija,,0,32.5,5,598,2
Taoge,,0,31,4,115,0
James,,0,43.5,4,125,0
Nazid,,0,42.92,4,127,0
Bevela,,0,40.58,4,128,0
Akakiy,,58,52.67,4,132,0
Lizene,,0,37.67,4,145,0
Koza,,0,45,4,156,0
Atheka,,0,25.75,4,158,0
Giza,,0,28.83,4,159,0
Hashi,,0,33.5,4,169,0
Rihoji,,0,24.58,4,170,2
Baba,,0,21.42,4,172,0
Odin,,0,22.83,4,174,0
Peepe,,0,29.2,4,174,0
Xena,,0,33.4,4,176,0
Youdric,,0,37.33,4,187,0
Warlord,,0,38,4,189,0
Rekik,,0,31.92,4,190,0
Tubri,,0,26.17,4,198,0
Logum,,0,33.1,4,200,0
Vitchen,,0,21.58,4,201,1
Suha,,0,33.92,4,207,0
Zooee,,0,26.17,4,207,0
Okos,,0,25.25,4,210,0
Ardat,,0,34.75,4,218,0
Kurwinox,,0,46.42,4,224,0
Mithi,,0,28.75,4,226,0
Szalony,,0,26.64,4,228,0
Akarga,,0,25.92,4,228,0
Kamis,,0,27.08,4,230,0
Athena,,0,32.42,4,231,0
Clatwos,,0,32.67,4,232,0
Star,,0,31.55,4,237,0
Cornelia,,0,25.5,4,237,1
Jason,,0,41.42,4,240,0
Cerkekkk,,0,26.92,4,241,1
Ratm,,0,28.42,4,242,2
Olgirl,,0,16.92,4,244,0
Mara,,0,30.08,4,244,0
Nick,,0,33.92,4,248,0
Themelina,,0,36.25,4,248,0
Kuroli,,0,36.5,4,251,0
Keyox,,0,28.83,4,255,0
Zicuve,,0,28.58,4,256,0
Aseda,,0,29.36,4,258,0
Persephone,,0,30.33,4,265,0
Ezithon,,0,32.58,4,273,0
James,,0,29.08,4,275,1
Kijima,,0,40.5,4,277,0
Flaimaxe,,0,22.7,4,280,0
Darkfire,,0,29.4,4,282,0
Vudre,,0,28.83,4,287,0
Eviga,,0,26,4,288,1
Lolo,,0,26.9,4,297,0
Olivia,,0,27,4,300,2
Wiktor,,0,26.42,4,305,0
Nico,,0,26.7,4,308,0
Osharzem,,0,26.5,4,313,0
Laji,,0,29.67,4,320,0
Cozoza,,0,27.92,4,323,0
Niduzi,,0,29.45,4,326,0
Arion,,0,28,4,334,0
Saint,,0,25.58,4,337,2
Adrian,,0,29.3,4,341,1
Enkiee,,0,20.42,4,347,1
Regida,,0,30,4,352,0
Carter,,0,24.08,4,355,2
Anran,,0,26.5,4,361,1
Izin,,0,34.9,4,363,0
Tese,,0,28.17,4,363,0
Gebaz,,0,21.42,4,364,0
Mara,,0,26.17,4,367,2
Lajoma,,0,25.6,4,374,2
Death,,0,24.5,4,389,0
Rizky,,0,20.25,4,397,0
Osiris,,0,24.75,4,398,1
Slaff,,0,23,4,407,0
Sigmund,,0,23.1,4,413,1
Oboli,,0,27.58,4,420,0
Kiba,,0,21.83,4,423,6
Apolo,,0,23.25,4,427,3
Dishorca,,0,27.33,4,442,5
Sabevra,,0,21.25,4,447,2
Code,,0,21.42,4,466,13
Luzzonmax,,0,22.83,4,477,1
Arzoli,,0,23.27,4,492,10
Mezil,,0,24.58,4,496,6
Alexa,,0,25,4,497,1
Nova,,0,22,4,504,2
Varessa,,0,22.08,4,510,5
Knaller,,0,18.67,4,519,2
Mowar,,0,20,4,538,2
League,,0,25.5,4,547,2
Araz,,0,23.17,4,550,0
Reza,,0,19.42,4,563,2
Alonnon,,0,29,4,579,0
Mipana,,0,23.08,4,586,2
Atuk,,0,36.33,3,102,0
Hure,,0,21.33,3,106,1
Ethudnan,,0,29.92,3,115,1
Orzallem,,0,23.67,3,121,0
Korhong,,0,22.08,3,127,0
Itosig,,0,20.3,3,137,1
Ollad,,0,48.5,3,140,1
Anneet,,0,48.83,3,142,0
Rainmelody,,0,24.83,3,143,0
Nisa,,0,24.92,3,145,0
Juminten,,0,28.92,3,146,1
Enzu,,0,33.67,3,148,0
Owenq,,0,35,3,155,0
Abiti,,0,19.58,3,158,1
Ordiz,,0,21.25,3,160,0
Ovrule,,0,25.3,3,161,0
Bane,,0,27.25,3,162,1
Mithi,,0,27.58,3,164,0
Ares,,0,21.83,3,164,0
Cobi,,0,19.42,3,165,0
Mandrakina,,0,36.17,3,167,0
Kyntia,,0,21.67,3,167,0
Rorga,,0,33.5,3,167,1
Rednurgi,,0,23.75,3,167,0
Jeluk,,0,26.3,3,170,0
Whip,,0,29.33,3,171,1
Good,,0,34.58,3,171,1
Altria,,0,27.1,3,172,1
Cusid,,0,23.83,3,176,0
Butek,,0,22.33,3,181,1
Sonja,,0,27.17,3,181,1
Varet,,0,23.83,3,185,1
Ajuhe,,0,22.42,3,186,0
Neze,,0,24.58,3,189,0
Mbps,,0,20,3,191,0
Jothi,,0,24.75,3,191,0
Ggafaa,,0,33.75,3,194,0
Orgalla,,0,20.3,3,195,2
Olit,,0,25.17,3,195,0
Gurney,,0,34,3,196,1
Sptt,,0,22.08,3,196,0
Zobe,,0,19.83,3,201,0
Dizzy,,0,16.17,3,202,0
Ririn,,0,34.67,3,203,1
Chinamt,,0,28.08,3,207,1
Athena,,0,26.92,3,207,0
Ahobak,,0,27.67,3,209,1
Ebuza,,0,20.58,3,211,0
Boshi,,0,25.58,3,213,1
Hella,,0,20.5,3,213,0
Meledruz,,0,28.08,3,214,1
Nila,,0,32,3,216,1
Diablillox,,0,18.67,3,216,1
Rumashi,,0,23.22,3,219,1
Rekas,,0,17.11,3,222,1
Bayag,,0,19,3,225,1
Dream,,0,24.33,3,227,1
Yoginari,,0,29.17,3,228,0
Borit,,0,24.25,3,229,1
Godlike,,0,17.67,3,229,3
Lllll,,0,20.17,3,230,1
Avukud,,0,21,3,232,2
Chaos,,0,29.33,3,232,0
Arcul,,0,22.92,3,235,0
Sunrio,,0,23.25,3,235,0
Notug,,0,20.5,3,238,2
Fostiador,,0,24,3,240,0
Odegun,,0,39.42,3,241,1
Lucrezia,,0,18.5,3,246,0
Odnevud,,0,18.17,3,246,1
Djoe,,0,30.67,3,246,2
Ozeda,,0,16.3,3,248,0
Hafif,,0,24.75,3,248,0
Acos,,0,19.75,3,253,0
Dude,,0,18.92,3,255,2
Teve,,0,22.33,3,256,0
Hurga,,0,20,3,257,1
Edonis,,0,32.83,3,271,3
Elurti,,0,28.08,3,272,1
Xinna,,0,21.25,3,275,1
Edak,,0,20.42,3,276,0
Zobe,,0,17.17,3,283,0
Rollomi,,0,15.42,3,287,3
Savra,,0,19.75,3,288,1
Gona,,0,22.33,3,290,2
Abratos,,0,19.4,3,290,5
Anevus,,0,20.5,3,291,3
Raga,,0,17.67,3,293,1
Ivalit,,0,17.17,3,295,1
Relod,,0,23.92,3,295,1
Manimore,,0,19,3,295,3
Covid,,0,27.5,3,296,1
Demonslash,,0,14,3,296,2
Tivuvi,,0,17.92,3,296,0
Varuci,,0,22.17,3,297,3
Ndragonbro,,0,21.25,3,301,0
Slashbleed,,0,23.5,3,309,2
Bruh,,0,22,3,309,3
Gerkis,,0,21,3,310,2
Rizi,,0,17.25,3,311,0
Ocun,,0,17.5,3,312,0
Bolos,,0,17.2,3,314,3
Ocak,,0,12.58,3,324,0
Asemi,,0,20.75,3,325,3
Celesta,,0,21.58,3,334,1
Athim,,0,16.58,3,337,1
Naga,,0,23.58,3,342,1
Anobre,,0,16.25,3,344,3
Vaze,,0,18.25,3,347,1
Stempi,,0,21.17,3,349,1
Atute,,0,14,3,362,4
Hulk,,0,21.25,3,363,1
Angelus,,0,18.08,3,381,0
Leia,,0,42.67,3,383,3
Ahet,,0,19,3,391,0
Magud,,0,19.75,3,394,1
Darkangel,,0,17.5,3,401,2
Pazion,,0,16.6,3,405,1
Ruomed,,0,22.64,3,416,0
Aimort,,0,18.58,3,434,0
Rovra,,0,27.25,3,440,6
Ocam,,0,25.9,3,440,0
Gerard,,0,20.75,3,445,4
Rarde,,0,17.83,3,448,2
Alucard,,0,22.83,3,461,1
Tofkyrie,,0,19.75,3,466,2
Hitha,,0,13.25,3,493,2
Scryer,,0,24.2,3,502,2
Iboje,,0,15.7,3,507,3
Mena,,0,13.3,3,514,3
Yondu,,0,15,3,515,1
Node,,0,18.92,3,520,2
Craftwse,,0,21.75,3,553,10
Ganri,,0,20,3,564,6
Matobe,,0,24.6,3,581,3
Bodni,,0,14.33,3,591,1
Felix,,0,14.92,2,99,0
Anrez,,0,17.83,2,100,0
Vadne,,0,18.58,2,108,0
Kebi,,0,23.67,2,110,0
Tira,,0,26.08,2,114,0
Echaz,,0,15.3,2,119,0
Icet,,0,15.36,2,125,0
Molly,,0,21.42,2,132,0
Fanalus,,0,21,2,133,0
Kahaaan,,0,18.5,2,140,0
Barbie,,0,21.1,2,141,0
Jesheve,,0,20.5,2,141,0
Gathenna,,0,45,2,145,0
Ivella,,0,17.33,2,146,0
Torcen,,0,15.82,2,147,0
Tahek,,0,15.83,2,148,0
Kede,,0,32.08,2,151,0
Linxi,,0,18.2,2,151,0
Ragzilla,,0,16,2,153,0
Ertad,,0,19.25,2,154,0
Svetlana,,0,13.17,2,155,0
Bithul,,0,21.9,2,155,0
Osten,,0,29.42,2,157,0
Huthi,,0,23.33,2,158,0
Swetibeti,,0,21.67,2,162,0
Ludrad,,0,15.5,2,163,0
Dogi,,0,15.25,2,165,0
Lavoo,,0,22,2,165,0
Edurga,,0,12.33,2,165,0
Ihifrid,,0,14.25,2,168,0
Laowang,,0,18.5,2,169,0
Nerde,,0,18.08,2,171,0
Imun,,0,19.83,2,173,0
Lordchairo,,0,16.92,2,173,0
Thorne,,0,19.08,2,174,0
Egarud,,0,21,2,174,0
Mireliana,,0,22.92,2,175,0
Twincest,,0,12.67,2,175,0
Minari,,0,20.92,2,175,0
Alucard,,0,19,2,176,0
Mitchalino,,0,14.44,2,178,0
Iruduz,,0,14.25,2,179,0
Ichet,,0,20.42,2,179,0
Dargote,,0,10.7,2,181,0
Judnet,,0,14.17,2,182,0
Nabrad,,0,21.67,2,182,0
Akikin,,0,16.33,2,183,0
Turari,,0,20.5,2,183,0
Carl,,0,13.3,2,184,0
Gijig,,0,17.75,2,186,0
Lilium,,0,17.83,2,189,0
Acisuz,,0,16.18,2,191,0
Kurel,,0,12.5,2,192,0
Vlad,,0,21.33,2,194,0
Zergushe,,0,16.5,2,195,0
Atlas,,0,18.82,2,196,0
Nxim,,0,11.9,2,199,0
Qqqqqq,,0,16.44,2,201,0
Behul,,0,16.33,2,201,0
Grippler,,0,20,2,201,0
Dreaddream,,0,11.83,2,202,0
Ikuza,,0,15,2,202,0
Bazzyl,,0,13.92,2,202,0
Meatloaf,,0,13.17,2,203,0
Rorgat,,0,14.75,2,203,0
Ohum,,0,16.08,2,206,0
Zero,,0,14.58,2,206,0
Leluna,,0,15.17,2,208,0
Marde,,0,21.08,2,209,0
Jane,,0,19.5,2,209,0
Byron,,0,16,2,209,0
Kinus,,0,14.36,2,209,0
Squish,,0,11.83,2,210,0
Beta,,0,14.9,2,210,0
Ibrun,,0,18,2,212,0
Sexin,,0,11.92,2,214,0
Vavaria,,0,21.58,2,219,0
Vaan,,0,18.83,2,221,0
Krieg,,0,12.4,2,222,0
Kunda,,0,16.67,2,224,0
Pipka,,0,15.58,2,226,0
Zannigi,,0,16.5,2,227,0
Sale,,0,9.75,2,227,0
Major,,0,16.17,2,227,0
Ivran,,0,10.8,2,230,0
Hergeva,,0,17.17,2,230,0
Azes,,0,7.5,2,233,0
Miroslav,,0,11.5,2,235,0
Wonder,,0,18.83,2,235,0
Aurora,,0,16.58,2,236,0
Gajegra,,0,16.08,2,237,0
Etanin,,0,21.08,2,237,0
Jayaind,,0,17.5,2,241,0
Ideja,,0,15.83,2,242,0
Ajisa,,0,13.1,2,242,0
Keralla,,0,9.08,2,242,0
Faeryl,,0,21.6,2,242,0
Ecuse,,0,16.75,2,245,0
Shanks,,0,12.17,2,245,0
Adnen,,0,17.83,2,247,0
Sasari,,0,9.33,2,250,0
Universee,,0,11.17,2,252,0
Ankitx,,0,11.4,2,253,0
Agethin,,0,11.25,2,254,0
Arun,,0,15.5,2,254,0
Blokade,,0,10.75,2,256,0
Adrothe,,0,12.6,2,257,0
Eloco,,0,25.25,2,259,0
Rube,,0,17.17,2,261,0
Innid,,0,19.8,2,262,0
Zara,,0,14.42,2,262,0
Arrombado,,0,12.58,2,263,0
Base,,0,14.33,2,266,0
Raiden,,0,19.08,2,267,0
Esirges,,0,11.3,2,267,0
Ridra,,0,15.83,2,267,0
Osata,,0,12.67,2,268,0
Phantom,,0,18,2,269,0
Whoopa,,0,11.08,2,270,0
Certorce,,0,15.5,2,272,0
Knivesii,,0,11.25,2,275,0
Moonn,,0,16.83,2,276,0
Stella,,0,22.8,2,276,0
Kuthoka,,0,11.7,2,280,0
Ogodrot,,0,8.8,2,280,0
Tukos,,0,22.7,2,280,0
Wotit,,0,10.56,2,282,2
Nyizho,,0,10,2,285,0
Tadek,,0,13.33,2,286,0
Keshi,,0,17.92,2,289,0
Tami,,0,9,2,291,0
Banys,,0,9.25,2,291,0
Valar,,0,14.58,2,294,0
Jamnest,,0,9.6,2,295,0
Azol,,0,8.8,2,295,0
Luthak,,0,16.42,2,295,0
Operxxx,,0,12,2,297,2
Jumel,,0,10.9,2,298,0
Eduk,,0,11.1,2,298,0
Mosa,,0,14.25,2,299,0
Trinity,,0,10.83,2,301,0
Bone,,0,10.45,2,301,0
Mihe,,0,20.08,2,305,0
Alice,,0,12,2,305,0
Eliza,,0,15,2,306,0
Moget,,0,8.2,2,307,2
Athok,,0,9.4,2,307,1
Dorad,,0,16.25,2,314,0
Chinaoj,,0,15,2,318,0
Melot,,0,11,2,323,0
Davy,,0,22.75,2,324,0
Mackeltar,,0,11.2,2,328,0
Kulafu,,0,10.1,2,333,0
Mesa,,0,10.1,2,334,0
Belinda,,0,10.6,2,334,0
Arin,,0,11.1,2,337,0
Ahodrim,,0,10,2,339,2
Zagidri,,0,17.67,2,340,0
Nacaz,,0,14.25,2,341,0
Ekugal,,0,20.75,2,348,0
Orimez,,0,11.1,2,350,0
Inigus,,0,9.2,2,353,2
Vona,,0,8,2,356,0
Ferris,,0,11.6,2,356,0
Rize,,0,8.64,2,363,0
Lagun,,0,10.56,2,371,2
Cool,,0,9.44,2,377,0
Ircad,,0,8.64,2,379,0
Cice,,0,17.5,2,383,0
Jila,,0,10.8,2,390,0
Hutedna,,0,9.6,2,394,0
Sassamy,,0,8.6,2,402,2
Zuma,,0,21,2,404,0
Vafre,,0,11.67,2,412,0
Hojachi,,0,10.4,2,415,0
Wanli,,0,8.9,2,416,1
Docose,,0,9.6,2,416,0
Vibave,,0,9.9,2,420,0
Killall,,0,9.5,2,420,0
Morgit,,0,9.8,2,420,1
Medot,,0,22.25,2,423,0
Atug,,0,14.92,2,428,0
Bacilla,,0,17.17,2,433,0
Rajor,,0,13.42,2,447,0
Magev,,0,9.18,2,448,0
Odraze,,0,10.67,2,455,0
Dravis,,0,9.78,2,463,0
Derraqyn,,0,10.92,2,466,0
Ahot,,0,8.6,2,466,1
Dandaria,,0,8.4,2,468,1
Cisa,,0,17.42,2,488,0
Jorga,,0,12.5,2,488,0
Drama,,0,9.2,2,491,0
Vibra,,0,11.17,2,492,0
Ozujet,,0,11.3,2,496,0
Julace,,0,9.4,2,503,4
Sifola,,0,9.75,2,504,0
Ecas,,0,10.09,2,504,0
Rosa,,0,10.17,2,509,1
Mushika,,0,7.7,2,511,1
Lathot,,0,12.25,2,523,0
Ahuthan,,0,10.18,2,525,0
Franenn,,0,8.09,2,564,1
Guce,,0,7.9,2,568,0
Jocelyn,,0,9.4,2,572,3
Michael,,0,15.17,2,573,0
Honriver,,0,10.2,2,598,3
Erdifril,,0,11.1,2,598,2
Zephyrine,,0,23.08,1,82,0
Smearacle,,0,11.17,1,113,0
Eroja,,0,15.33,1,116,0
Thorm,,0,13.25,1,120,0
Oteg,,0,32.92,1,121,0
Qzcan,,0,45.25,1,123,0
Linna,,0,12.33,1,124,0
Pati,,0,29,1,126,0
Ladan,,0,9.1,1,138,0
Zagnut,,0,23,1,140,0
Aleksei,,0,10.36,1,141,0
Nujis,,0,12.58,1,143,0
Nihal,,0,9.5,1,145,0
Tekra,,0,12.75,1,149,0
Sardi,,0,23.6,1,150,0
Guriva,,0,14.42,1,150,0
Lasusa,,0,9.17,1,151,0
Horn,,0,10.45,1,154,0
Luxy,,0,21.33,1,154,0
Cadatheron,,0,20.67,1,155,0
Nikifor,,0,11.58,1,155,0
Bedrise,,0,10.83,1,157,0
Vathus,,0,29.3,1,157,0
Siva,,0,18.67,1,158,0
Abovud,,0,10.44,1,159,0
Iirea,,0,27.92,1,160,0
Jermer,,0,8.3,1,161,0
Regaa,,0,46.25,1,161,0
Jasig,,0,13.42,1,162,0
Suca,,0,10.7,1,163,0
Esinre,,0,13.8,1,167,0
Tariri,,0,10.45,1,169,0
Rienna,,0,16.17,1,170,0
Kumkum,,0,12.58,1,171,0
Otterpup,,0,8.4,1,171,0
Orgin,,0,8.5,1,171,0
Black,,0,10.75,1,172,0
Harybalzak,,0,8.2,1,173,0
Lonin,,0,8.58,1,173,0
Reteri,,0,15.17,1,176,0
Ebde,,0,8.42,1,176,1
Nollum,,0,9.7,1,178,0
Ocon,,0,10.3,1,179,0
Bithi,,0,9.6,1,179,1
Juga,,0,13.25,1,179,0
Otik,,0,7.8,1,181,0
Irgak,,0,8,1,181,0
Dogona,,0,10.8,1,182,0
Acul,,0,10.44,1,182,1
Raca,,0,12.08,1,182,0
Vonot,,0,23,1,183,0
Sandros,,0,14.58,1,184,0
Xanathar,,0,14.08,1,185,0
Hera,,0,54.58,1,185,0
Gogit,,0,9.22,1,186,0
Eceshuk,,0,25.42,1,186,0
Whatever,,0,9.3,1,187,0
Arcok,,0,9.44,1,188,0
Zabby,,0,11,1,188,0
Dargede,,0,43.83,1,189,0
Gotar,,0,10.4,1,190,0
Mefri,,0,10.6,1,191,0
Lulok,,0,7.4,1,191,0
Inerde,,0,9.78,1,191,0
Henrudi,,0,11.58,1,192,0
Arcus,,0,8,1,194,0
Athat,,0,10.2,1,195,0
Jinothe,,0,7,1,195,0
Barbaria,,0,33.67,1,195,0
Anefri,,0,10.2,1,196,0
Torona,,0,8.67,1,197,0
Wild,,0,35,1,198,0
Naval,,0,11.4,1,198,0
Murda,,0,10.6,1,199,0
Apple,,0,10,1,201,0
Kotzi,,0,13.5,1,202,0
Ajushik,,0,8.44,1,203,1
Titi,,0,8.75,1,205,0
Tingxingz,,0,12.83,1,205,0
Charlyy,,0,10.67,1,206,0
Freya,,0,8.67,1,207,0
Ajung,,0,8.1,1,207,0
Greiffb,,0,9.4,1,208,0
Ahos,,0,8.11,1,208,0
Manyear,,0,10.4,1,210,0
Dalabebgba,,0,7.7,1,211,0
Captn,,0,13.83,1,213,0
Snsk,,0,10.2,1,214,0
Baho,,0,11.58,1,214,0
Event,,0,8.45,1,215,0
Etabel,,0,7.8,1,216,0
Akunre,,0,11.25,1,217,0
Zhur,,0,8.3,1,217,0
Basyang,,0,11.2,1,217,0
Anbuu,,0,9.33,1,218,0
Yuqizeng,,0,9.4,1,218,0
Mukoke,,0,9.1,1,219,0
Ozigrim,,0,7.2,1,221,1
Ocarci,,0,7.7,1,222,0
Ahercam,,0,8.42,1,223,0
Wuhan,,0,9,1,224,0
Esoke,,0,8,1,225,1
Ryoko,,0,12.17,1,226,0
Ladnithi,,0,8.33,1,226,0
Vuma,,0,13.3,1,227,0
Ollie,,0,9.9,1,228,0
Silvan,,0,10.1,1,228,0
Lebruve,,0,10.56,1,228,1
Nadarze,,0,9.17,1,229,0
Susi,,0,9.1,1,230,0
Zishi,,0,13.92,1,233,0
Moki,,0,13.1,1,234,0
Elik,,0,7.22,1,235,1
Groeth,,0,9.3,1,237,0
Punk,,0,15.92,1,238,0
Karasu,,0,9.1,1,239,0
Dumirdi,,0,6.7,1,239,0
Arzushem,,0,10,1,241,0
Lurok,,0,8.5,1,243,0
Zausfire,,0,7.33,1,245,0
Oniza,,0,8.8,1,245,0
Idnutter,,0,7.55,1,246,1
Isdiana,,0,9.3,1,247,1
Crow,,0,12.17,1,250,0
Onriva,,0,8.9,1,250,0
Jaba,,0,13.73,1,251,0
Emeg,,0,9.5,1,252,0
Dethulle,,0,7.83,1,253,0
Minotauro,,0,8.9,1,253,0
Bazeshe,,0,7,1,254,1
Tinome,,0,8.8,1,256,1
Dilla,,0,8.56,1,257,0
Gojo,,0,12.8,1,257,0
Kitakas,,0,7.67,1,258,0
Goryghost,,0,8.5,1,259,0
Hatas,,0,7.92,1,259,0
Hirad,,0,7.7,1,259,0
Arkantus,,0,8.2,1,260,0
Ebrille,,0,9.5,1,263,1
Lewy,,0,11,1,264,0
Lisbona,,0,9.6,1,266,0
Zavri,,0,9,1,266,0
Buuzinho,,0,8.5,1,267,0
Qrobotq,,0,7.7,1,267,0
Taira,,0,8,1,269,0
Eshofra,,0,9.4,1,269,0
Ogreg,,0,7.44,1,270,1
Lashica,,0,17.42,1,270,0
Jara,,0,10.42,1,270,0
Vorkin,,0,9.7,1,273,0
Hajok,,0,7.92,1,275,0
Milena,,0,8.2,1,275,0
Inerka,,0,9.9,1,275,1
Sdzc,,0,10,1,277,0
Kira,,0,9.58,1,277,0
Horzorke,,0,9.5,1,279,0
Olol,,0,10.9,1,282,0
Kkkkk,,0,7.6,1,285,0
Guraldo,,0,7.17,1,287,0
Hemit,,0,7.3,1,288,0
Dante,,0,12.2,1,289,0
Buncolinio,,0,8.7,1,292,1
Bobac,,0,7.8,1,293,0
Ojod,,0,7.3,1,293,0
Ahurat,,0,8.4,1,294,1
Lonuz,,0,7,1,296,0
Caroline,,0,11.1,1,307,0
Ahol,,0,10,1,308,0
Onranek,,0,9.5,1,315,0
Gostrider,,0,8,1,319,0
Tebita,,0,9.92,1,326,2
Vurko,,0,7,1,328,0
Arechet,,0,11.5,1,331,0
Itugra,,0,13.42,1,338,0
Adrunna,,0,10.56,1,344,0
Sivrusha,,0,7.08,1,346,0
Ortiche,,0,7.5,1,348,0
Oidche,,0,9.82,1,359,0
Mecd,,0,6.6,1,361,0
Kulli,,0,8.11,1,361,1
Lenre,,0,7.1,1,382,1
Serzug,,0,9.1,1,396,0
Ocuz,,0,9.11,1,433,0
Misha,,0,7.08,1,434,0
Sanji,,0,7.92,1,436,0
Hirzet,,0,8.36,1,437,0
Radara,,0,9.5,1,443,0
Deke,,0,10.83,1,455,0
Emus,,0,13.1,1,460,0
Maxim,,0,6.44,1,464,0
Laura,,0,8.9,1,467,0
Kasa,,0,7.1,1,483,0
