Name;Title;ChampLv;AvgItemLv;TrialLv;TrialTime;BossTime;EliteKills;TrashKills;Deaths;Platform
Cream;;2024;74.81;157;547;333;5;171;0;
Chinalstab;;1981;74.44;157;597;325;4;179;1;
Field;;2024;74.81;156;521;225;8;155;1;
Imerza;;1989;74.75;156;522;282;8;158;0;
Mask;;1999;74.44;156;525;280;6;167;1;
Chinalstab;;1981;74.56;156;547;275;8;158;0;
Xxox;;2030;74.50;153;512;267;10;143;0;
Korchu;;1966;74.69;152;557;281;11;142;2;
Mnogozle;;1904;74.63;151;356;204;16;118;0;
Noblesse;;1962;74.69;150;549;234;4;184;2;
Kore;;1966;74.69;150;553;280;6;176;4;
Ganesha;;1974;74.75;149;494;250;12;135;1;
Mission;;1868;74.06;149;522;296;12;138;1;
Sauzer;;1924;73.19;149;545;265;12;131;0;
Zerofps;;1908;74.06;148;599;417;11;136;1;
Cindyshine;;1811;74.31;147;481;309;13;133;2;
Cooly;;1755;73.13;147;521;247;18;108;0;
Runoob;;1807;73.94;147;551;290;4;178;3;
Alistin;Centurion;1949;73.44;147;595;290;7;156;2;
Nurse;;1822;73.31;146;473;237;8;157;2;
Marialupa;Centurion;1945;73.69;146;502;207;11;139;1;
Mage;;1925;73.94;146;516;205;13;130;2;
Monty;;1844;74.00;146;536;275;15;121;2;
Chinaz;;1902;73.94;145;566;278;10;159;2;
Pepimiller;;1696;73.50;144;464;219;16;120;1;
Felthied;Challenger;1903;73.06;144;524;300;4;176;3;
Deffo;;1319;72.75;144;543;277;8;152;0;
Guha;;1816;74.00;144;568;369;1;195;9;
Korflower;;1799;73.69;143;429;253;8;158;2;
Erzaph;;1914;73.38;143;450;249;7;157;1;
Kormama;;1842;74.19;143;547;339;6;166;3;
Dino;;1862;73.81;143;583;256;15;116;4;
Alistin;Centurion;1850;73.06;143;583;276;8;152;1;
Koroba;;1806;73.00;143;594;239;14;127;3;
Sinder;;1904;73.44;142;537;202;17;106;5;
Hashas;;1717;73.94;142;588;220;11;136;1;
Gordi;;1601;73.19;141;414;221;8;156;0;
Fourthjuly;;1943;74.19;141;426;216;12;130;9;
Chinaban;;1845;74.38;141;455;230;11;142;3;
Seth;;1787;73.50;141;599;217;16;117;6;
Ketamine;Challenger;1876;73.63;140;353;133;12;148;1;
Hebi;;1806;72.88;140;437;196;16;121;0;
Sgmobile;;1651;73.44;140;462;139;12;137;3;
Chinag;;1629;74.13;140;470;209;11;146;4;
Doden;;1894;73.69;140;473;238;5;183;1;
Philip;;1904;73.56;140;564;183;9;154;5;
Korqueeny;;1681;74.50;140;568;280;11;148;5;
Xolajma;;1741;73.94;139;442;271;9;152;2;
Ping;;1834;73.31;139;479;232;11;142;1;
Kormansaok;;1907;73.94;139;499;204;9;149;7;
Pugg;;1787;73.63;139;500;214;10;149;5;
Hevudra;;1702;73.25;139;521;283;9;149;2;
Chinaf;;1954;74.38;139;525;365;3;180;11;
Mozarke;;1485;72.88;139;525;287;11;134;1;
Pixa;;1904;73.81;139;539;275;7;160;7;
Nitin;;1883;73.19;139;540;242;14;126;3;
Sgpmobile;;1737;73.69;139;575;242;9;144;3;
Elli;;1540;73.06;138;432;204;3;177;0;
Rubik;;1813;73.63;138;482;257;10;149;4;
Rapunzel;;1506;73.19;138;527;248;12;137;4;
Mezan;;1880;73.63;138;550;266;11;141;3;
Olis;;1362;72.75;138;566;260;6;163;2;
Izinnan;;1807;73.25;138;587;298;6;163;1;
Hueputalo;;1930;73.13;137;434;169;14;120;0;
Neme;;1504;73.38;137;452;224;11;136;5;
Mirava;;1581;73.00;137;537;314;7;162;12;
Akit;;1479;72.69;137;568;425;9;155;1;
Grom;Challenger;1503;73.19;137;584;339;11;136;2;
Blade;;1812;73.00;137;596;186;10;148;4;
Sissi;;1723;73.13;136;425;188;18;107;0;
Iris;;1775;72.69;136;457;185;8;162;4;
Xromixerin;Challenger;1566;73.25;136;466;199;11;146;1;
Cara;;1614;72.94;136;470;239;15;126;2;
Runsk;;1655;73.75;136;483;204;15;116;0;
Vulcan;Challenger;1211;72.38;136;490;172;21;90;3;
Afbpower;;1600;73.63;136;539;338;13;147;1;
Jemima;;1514;73.56;136;550;159;6;159;4;
Godnon;Challenger;1332;72.94;136;560;212;12;139;13;
Lazyllily;;1601;73.56;136;585;237;16;110;2;
Chromie;;1607;73.25;136;586;154;11;142;10;
Debbie;;1760;72.63;135;381;172;14;137;3;
Ayshel;;1757;73.69;135;403;137;12;140;2;
Luke;;1265;72.38;135;473;154;12;134;3;
Moskvichka;;1735;73.56;135;502;232;15;127;0;
Cnwyfm;;1288;72.94;135;512;293;13;140;1;
Akolangto;;1848;73.63;135;584;328;11;160;5;
Saiwing;;1556;72.75;134;458;228;7;163;2;
Chinaxf;;1657;72.94;134;484;301;23;83;2;
Alpheius;;1321;73.13;134;497;224;7;159;4;
Coldet;;1732;73.56;134;507;220;7;158;2;
Mcboring;;1189;72.56;134;510;239;7;156;6;
Kire;;1001;72.88;134;512;195;11;138;3;
Megazor;Challenger;1601;73.25;134;525;220;11;136;8;
Korwitch;Challenger;1541;73.50;134;592;341;9;153;6;
David;;1519;73.50;134;595;317;18;112;9;
Chinamor;;1625;73.38;134;597;346;18;111;5;
Tony;;1501;72.75;133;489;141;18;103;4;
Oshat;;1289;73.25;133;491;190;5;167;0;
Verin;;1350;73.19;133;509;327;8;151;3;
Millea;;1398;73.31;133;534;208;14;122;5;
Zomitchky;Challenger;1214;73.13;133;538;273;8;153;1;
Mitzi;;1275;72.94;133;544;284;14;144;1;
Zina;;1387;73.25;133;546;308;10;142;2;
Kahlan;;1286;74.06;133;552;194;17;112;0;
Viper;Challenger;1366;74.00;133;554;370;18;111;2;
Ivruhuz;;1793;72.81;133;574;219;5;171;15;
Oopsy;;1512;74.50;133;575;314;21;93;1;
Odrod;;1592;73.00;133;590;330;11;133;4;
Heze;;1540;72.56;132;377;239;9;152;5;
Joshethe;;1498;72.56;132;541;352;10;145;2;
Ruxiaomi;;1550;73.25;132;550;270;11;138;3;
Lowkey;Challenger;586;73.19;132;551;284;6;164;1;
Chinayyds;;783;73.13;131;372;149;3;184;3;
Gozu;;1478;73.38;131;385;126;22;83;1;
Ininaz;;1266;72.75;131;392;142;5;167;0;
Odranoel;;1256;72.63;131;436;206;14;121;2;
Osobaal;;1792;73.19;131;448;132;13;129;2;
Popka;;1200;73.50;131;477;196;11;138;0;
Korida;;1472;73.50;131;546;293;22;89;5;
Kira;Challenger;1466;72.25;131;573;288;14;128;4;
Jesabel;;1535;73.31;131;580;288;10;144;7;
Abrikom;;1376;72.56;131;581;353;8;153;2;
Yuejian;;1489;72.81;130;218;121;14;136;0;
Rose;;1781;73.94;130;267;99;15;121;2;
Korertiz;;1601;72.38;130;307;68;14;121;0;
Ohos;;1781;73.31;130;311;169;8;163;0;
Wizard;;1351;73.25;130;374;154;7;164;1;
Buli;;1390;72.50;130;374;163;21;94;4;
Winddragon;Challenger;1474;72.94;130;450;172;8;160;3;
Vigotha;Challenger;1381;73.81;129;426;199;14;126;1;
Aeris;;1643;73.38;129;492;213;11;140;3;
Kbot;;1904;73.13;128;243;161;6;163;1;
Ruhitch;;1642;72.13;128;401;171;9;146;2;
Lazypickle;;1622;73.31;128;406;183;14;122;2;
Ordegom;;1790;73.63;128;421;260;15;144;0;
Douche;Centurion;1168;72.00;128;493;190;17;109;4;
Knockup;;1291;73.00;128;507;181;18;104;0;
Vushoki;;1191;72.31;128;510;339;12;131;2;
Sidniz;;1474;72.38;128;522;217;13;131;5;
Narum;;1425;73.44;128;536;233;10;146;11;
Beegold;;1177;73.25;128;580;336;12;138;2;
Gelkymor;;1491;72.88;128;585;361;18;103;8;
Kiheg;;1553;73.88;127;428;217;7;160;10;
Ruiremier;Challenger;1703;72.63;127;530;275;19;105;5;
Dryas;;1204;72.56;127;536;228;14;120;4;
Orezi;;1486;72.44;127;570;312;16;116;2;
Izeta;;1487;72.75;127;573;395;11;146;4;
Bluefire;;938;72.94;127;576;221;8;153;3;
Zelda;;1335;73.00;126;376;180;8;153;8;
Ashad;;1265;72.75;126;418;252;16;115;4;
Capout;;1137;72.13;126;447;212;15;124;3;
Kokrhel;;1370;73.25;126;457;169;26;67;3;
Domum;;1440;72.25;126;470;177;17;108;2;
Kontessa;;1572;74.31;126;481;224;15;117;17;
Jivis;;880;72.31;126;524;221;19;94;1;
Sarture;;757;72.56;126;563;148;13;128;6;
Lica;;1456;74.06;126;593;216;13;122;6;
Asika;;1043;72.94;125;271;110;19;105;0;
Odal;;1290;72.88;125;280;152;19;109;1;
Gobi;;1348;73.31;125;305;154;19;119;1;
Alora;;1708;73.06;125;323;95;12;138;2;
Mehyr;;1086;73.25;125;323;125;16;121;2;
Ziba;;1329;73.63;125;375;88;16;113;7;
Ameame;;1741;73.31;125;382;154;12;145;2;
Lyzzie;;1318;72.94;125;403;197;18;136;2;
Gacema;;827;72.31;125;404;117;16;115;1;
Fifi;;1503;73.44;125;422;108;16;126;4;
Ramud;;481;71.81;125;444;157;19;101;0;
Bebe;;1090;72.88;125;464;131;8;159;2;
Alloxylon;Challenger;1236;72.38;125;465;190;14;130;4;
Zekuza;;680;70.88;125;540;211;14;135;0;
Bruno;;1464;73.50;125;567;257;4;185;10;
Leci;;1224;74.31;124;335;102;1;188;0;
Papaco;;1352;71.75;124;378;151;19;94;2;
Fuxi;;1422;72.44;124;509;270;9;152;4;
Lakrosi;;1174;72.13;124;516;282;13;127;5;
Budget;;1390;73.25;124;518;264;19;98;3;
Mrscyc;;1600;73.69;124;540;371;14;140;1;
Lulu;Challenger;1237;72.94;123;323;122;16;126;3;
Antonious;;1365;72.56;123;372;194;8;160;2;
Sori;;1098;73.19;123;395;166;13;128;3;
Meryope;;1160;73.44;123;396;184;12;133;0;
Lesinarka;;1192;72.50;123;405;122;19;98;3;
Gamura;;1828;73.88;123;452;306;19;111;4;
Omuros;;535;72.69;123;462;158;7;150;0;
Lennitengo;;1516;73.06;123;472;156;19;109;3;
Mrbill;;1409;72.75;123;493;216;16;114;0;
Agomes;Challenger;729;73.31;123;503;235;19;100;7;
Venus;;1021;73.44;123;522;246;9;155;1;
Picoctm;;671;72.50;123;556;378;17;110;4;
Ytok;;1205;73.75;123;580;262;11;140;8;
Simbul;;880;73.13;123;586;217;17;113;3;
Areti;;639;72.94;123;593;278;15;122;2;
Zidare;;1808;72.75;122;201;81;17;111;0;
Mehh;;1136;72.69;122;402;238;17;113;0;
Kanne;;1421;73.19;122;425;213;19;97;3;
Frostorm;;854;73.00;122;493;216;10;143;3;
Michal;;1102;72.75;122;516;205;13;129;0;
Cisug;;1055;72.50;122;534;155;22;83;12;
Korsin;;811;72.31;122;548;217;19;98;7;
Altzilla;;1404;71.50;121;427;226;12;134;6;
Kordia;;1443;73.56;121;441;175;6;164;7;
Aselisa;;1075;72.06;121;441;156;13;130;1;
Vala;;1098;73.06;121;490;228;19;100;3;
Septentrio;;907;72.69;121;509;167;7;163;3;
Knypek;;1304;72.38;121;511;190;21;85;3;
Lightningg;;860;72.69;121;528;257;19;94;0;
Nebutha;;748;71.75;121;587;305;14;122;1;
Evillady;;1563;73.06;120;276;93;15;121;3;
Kiki;;1693;73.81;120;282;147;11;154;1;
Chinawawa;;1126;72.81;120;314;161;5;174;0;
Thirteen;;1642;71.50;120;321;118;13;132;2;
Akun;;1738;72.69;120;331;188;17;127;0;
Sheburner;;1721;73.19;120;332;222;21;102;11;
Sintek;;1336;72.50;120;348;143;6;172;4;
Black;;898;72.44;120;370;129;6;166;5;
Kormagic;;1268;72.44;120;377;171;6;171;0;
Blondie;;905;72.31;120;380;174;14;132;6;
Mukon;;954;72.88;120;414;186;8;159;2;
Carurde;;1465;72.25;120;417;217;15;144;3;
Izethet;;1640;72.44;120;427;204;14;133;2;
Onnice;;1089;72.56;120;448;204;4;182;3;
Argonauta;;1130;71.81;120;477;220;16;121;3;
Rainstar;;1098;73.94;120;502;118;12;135;12;
Sweetnyst;;1798;73.13;120;517;260;13;136;1;
Teza;;966;72.69;120;545;214;17;118;5;
Pidor;;1092;71.38;120;566;274;18;117;8;
Samoli;;1022;72.13;119;406;153;7;154;2;
Estella;Challenger;846;72.69;119;410;125;12;132;2;
Event;;1151;73.00;119;447;200;15;124;0;
Bilou;;1264;71.56;119;594;234;24;78;11;
Bower;;1257;72.63;118;346;193;14;126;0;
Ooooo;;1144;73.38;118;369;145;5;174;4;
Mohawk;;1417;72.88;118;371;152;14;127;0;
Kira;;1103;72.75;118;377;273;10;150;2;
Mihil;;975;71.63;118;393;160;16;128;0;
Icemanone;;1291;73.25;118;405;210;16;116;4;
Zero;;648;72.69;118;406;73;20;93;3;
Amati;Challenger;712;72.25;118;415;165;24;78;7;
Lulumage;;1145;72.50;118;431;208;10;142;3;
Mage;;911;73.00;118;444;287;9;150;1;
Pheelix;;1167;73.31;118;466;184;12;132;1;
Asatek;;1030;72.50;118;483;260;17;109;5;
Novaxxx;;1419;72.13;118;508;271;18;105;5;
Huthahe;;933;72.19;118;523;300;22;88;0;
Bandihat;;1081;72.31;118;548;314;17;112;3;
Sunny;;1227;73.06;118;549;315;16;120;7;
Nishag;;899;72.44;118;554;327;11;140;2;
Sinre;;1065;72.81;118;556;340;7;159;1;
Everyday;;1064;73.38;118;593;283;17;111;9;
Kork;;1057;71.31;117;352;135;12;131;1;
Irek;;793;72.06;117;466;235;14;125;3;
Karma;;789;73.63;117;477;170;35;61;3;
Gladeruner;;1453;73.44;117;517;309;20;99;2;
Matok;;934;71.00;117;598;442;5;174;3;
Rumakc;;1459;72.88;116;170;64;12;136;1;
Emily;;1048;71.94;116;375;159;15;124;3;
Booya;;499;72.50;116;387;169;18;104;0;
Sujaga;;1193;72.00;116;409;191;13;134;1;
Nadia;;1096;72.38;116;455;147;10;151;5;
Abobil;Challenger;519;72.81;116;489;174;14;126;6;
Nidun;;833;72.69;116;531;254;21;102;10;
Kickass;;1477;72.94;116;575;304;16;118;4;
Chinaccav;;1613;73.19;115;153;51;18;112;1;
Evat;;1085;72.56;115;205;91;13;134;1;
Whkong;Challenger;930;71.75;115;222;43;11;143;4;
Zeoul;;1429;72.88;115;294;76;11;142;1;
Kriker;;1092;72.94;115;312;144;17;122;0;
Zalace;;1012;72.13;115;314;159;18;117;1;
Tngus;;1068;72.81;115;315;107;15;123;2;
Loga;;430;72.81;115;323;125;12;144;0;
Echethet;;1029;72.50;115;341;117;12;135;0;
Maggy;;964;71.88;115;341;200;12;144;2;
Superman;;1281;72.19;115;343;152;13;138;3;
Threemd;;1415;71.63;115;349;75;10;144;3;
Battlelord;;1154;72.75;115;359;145;10;149;9;
Gokol;Challenger;1047;72.94;115;368;182;15;127;0;
Opti;;1092;71.00;115;390;202;13;137;0;
Koldun;;992;72.56;115;410;219;7;170;4;
Oruz;;579;73.31;115;465;143;9;149;2;
Popopo;;508;72.00;115;489;183;20;101;7;
Kobichi;;622;71.75;115;493;222;13;140;1;
Darkstone;;745;73.50;115;497;80;12;137;0;
Stained;;1108;72.94;115;508;297;8;164;5;
Merica;;1314;72.38;115;527;207;16;132;4;
Tazis;;929;72.81;115;577;178;13;138;1;
Korov;;724;71.69;114;332;87;11;134;3;
Zirde;;997;72.31;114;334;146;11;135;0;
Erzek;;716;73.13;114;439;161;10;146;5;
Tina;;501;70.81;114;450;145;18;110;2;
Moji;;1364;72.06;114;487;188;14;124;4;
Kemothe;;621;73.13;114;498;187;11;140;3;
Trikane;Challenger;783;71.06;114;521;242;16;118;0;
Thorson;;744;72.38;114;528;227;15;114;0;
Madrot;;501;73.69;114;569;174;0;194;8;
Zuzarde;;1287;72.00;114;580;361;24;69;3;
Erst;Challenger;1528;72.31;113;285;100;16;112;1;
Arumi;Challenger;922;71.69;113;358;155;16;112;4;
Jurkoce;Challenger;1101;72.94;113;367;168;19;102;0;
Valla;;1140;72.88;113;374;122;19;100;6;
Sasoo;;1390;72.75;113;400;157;20;92;7;
Tesi;;1086;72.50;113;418;217;16;116;6;
Ijuk;;649;73.00;113;425;144;16;118;7;
Elizar;;856;73.50;113;428;118;10;140;1;
Jaga;;799;72.50;113;461;217;10;146;2;
Fancypants;Challenger;969;72.06;113;496;367;15;118;1;
Troy;;909;71.56;113;497;258;13;125;1;
Noirgold;;1094;71.81;113;577;394;8;153;2;
Ithen;;783;71.75;113;589;347;10;146;8;
Link;;1290;72.94;112;322;99;7;167;6;
Amelie;;968;71.31;112;335;128;15;117;1;
Dalamar;;610;72.56;112;339;157;12;140;4;
Gameji;;1097;72.44;112;377;168;0;193;0;
Ekodnek;;848;73.56;112;493;259;15;116;3;
Amon;;853;71.13;112;496;329;9;147;2;
Zonra;;1041;72.25;112;520;196;17;129;7;
Lirus;;725;73.00;112;533;254;11;138;0;
Logar;;1258;72.88;112;547;284;16;124;3;
Demzi;;847;71.56;112;561;241;11;136;3;
Nervous;;495;73.63;112;561;225;14;128;6;
Sella;Challenger;944;73.06;112;562;210;18;99;2;
Dadak;;698;71.88;112;598;257;13;130;0;
Damper;;1269;72.88;111;264;64;19;97;0;
Julieta;;1113;72.88;111;323;161;16;118;9;
Anila;;1076;71.81;111;344;176;15;119;4;
Eshig;;891;72.81;111;366;134;14;123;1;
Maria;;1037;72.56;111;373;117;9;160;1;
Hesi;Challenger;1096;73.00;111;391;93;6;162;0;
Evrod;;913;71.88;111;432;190;18;106;1;
Elija;;941;71.44;111;461;236;4;178;4;
Meiling;;576;72.31;111;468;158;11;144;9;
Medra;;987;72.56;111;469;154;7;159;6;
Kijirke;;882;71.63;111;470;251;7;163;1;
Oooooo;;831;70.81;111;470;198;11;151;6;
Gathon;;471;71.88;111;575;173;13;131;9;
Rockbird;;554;70.38;111;583;276;12;134;13;
Zzzgg;;1322;73.81;110;94;18;19;102;1;
Monre;;1121;71.19;110;139;52;17;113;0;
Schnaps;;814;71.38;110;162;49;13;135;0;
Nagibator;;1439;73.19;110;164;49;18;110;0;
Gemuk;Challenger;1406;72.69;110;167;57;14;124;0;
Abaris;;1438;73.19;110;168;24;20;99;2;
Luna;;1055;72.25;110;211;103;14;131;0;
Gord;Challenger;1075;72.63;110;212;90;14;128;3;
Chinahjj;;915;72.13;110;222;100;9;161;0;
Tenstan;;1135;72.25;110;229;82;21;90;0;
Chinaxin;;672;71.50;110;232;126;24;87;3;
Bothak;;681;73.38;110;241;88;15;122;2;
Kachoo;Challenger;544;71.44;110;257;90;13;132;2;
Lausieanb;;1310;71.38;110;266;125;8;160;0;
Thim;;940;72.19;110;267;83;13;135;1;
Slowy;;1413;72.44;110;275;86;14;127;2;
Emethon;;1147;72.69;110;280;131;15;123;3;
Cidna;;1076;72.06;110;280;103;24;79;2;
Oghma;;933;72.13;110;280;75;25;74;2;
Izudel;;1235;71.69;110;296;84;17;116;4;
Magicman;;1057;72.13;110;299;169;22;94;1;
Kimi;;989;72.81;110;299;138;14;135;7;
Nilliji;;813;71.06;110;305;106;12;141;0;
Yosul;;322;73.13;110;310;65;20;97;0;
Votha;;1043;71.44;110;317;102;7;161;1;
Elva;Challenger;1249;73.25;110;320;107;10;150;5;
Easyevent;;1151;72.25;110;322;170;15;129;1;
Galeeagon;;722;72.56;110;330;106;12;139;3;
Mitterjay;;1191;71.81;110;332;100;17;115;4;
Krytyk;;1320;72.94;110;333;116;9;154;4;
Event;;899;71.63;110;337;116;18;108;1;
Ishii;;1138;72.56;110;341;113;15;122;0;
Lenfaki;;735;70.88;110;346;115;19;100;1;
Duvli;;796;71.56;110;348;168;22;109;5;
Muse;;831;72.44;110;354;184;14;133;3;
Arag;;988;71.50;110;359;85;13;132;1;
Vagroza;;1031;71.94;110;360;109;20;98;0;
Elike;;980;71.19;110;365;133;18;111;3;
Cardafre;Challenger;668;72.94;110;368;49;16;112;10;
Adrajus;;1037;72.06;110;372;160;13;136;3;
Ivrut;;456;72.56;110;373;159;16;124;3;
Eradaz;;1255;72.63;110;378;195;15;126;0;
Zalupa;;418;72.88;110;395;139;15;119;0;
Levistus;;1167;74.38;110;401;107;21;96;14;
Outlaws;;1102;71.75;110;412;209;15;126;5;
Ninjabeav;;1045;71.13;110;432;268;14;137;2;
Cihose;;806;72.06;110;440;274;20;103;0;
Korttkl;;1344;72.50;110;453;229;17;117;6;
Ozili;;428;73.06;110;455;83;7;166;1;
Nori;;832;74.06;110;464;185;21;92;0;
Missthang;;1530;72.13;110;470;297;16;135;8;
Farm;Challenger;504;70.88;110;488;216;20;111;1;
Death;;933;73.31;110;495;144;11;151;1;
Xena;Challenger;784;70.94;110;524;257;12;139;15;
Luck;;1011;72.50;110;546;275;16;132;7;
Gandaulf;Challenger;315;71.44;110;560;215;16;130;28;
Morgana;;429;72.50;110;560;313;17;123;5;
Visi;;1308;72.00;110;564;210;11;141;1;
Cegalli;;1124;71.00;109;356;195;17;110;4;
Rubrom;;802;72.69;109;398;199;9;154;1;
Kazi;Challenger;555;71.50;109;473;292;18;102;0;
Hoslj;;817;72.69;109;480;225;10;139;9;
Omagrid;;864;72.56;109;501;308;18;144;4;
Jarza;;896;72.19;109;506;254;17;109;3;
Coco;;987;72.44;109;547;162;13;131;7;
Vraja;;1041;72.25;108;300;64;9;149;3;
Laffcarla;;1012;72.44;108;347;87;13;131;1;
Kordati;;1290;73.75;108;435;282;13;129;2;
Higrevi;;946;72.06;108;445;164;20;93;1;
Merwan;;709;71.81;108;451;262;15;123;0;
Tahura;;1064;72.81;108;531;321;11;146;1;
Gonne;;823;72.13;108;535;158;14;123;8;
Leeroy;;1071;72.25;108;542;182;12;138;1;
Iveve;;879;72.13;108;542;257;23;81;4;
Jeci;Challenger;598;72.31;108;553;282;14;123;1;
Lgmagefive;;861;73.13;108;555;211;22;109;1;
Fever;Challenger;602;73.00;108;599;242;13;119;1;
Yogi;;945;72.63;107;364;124;6;169;5;
Enitun;;931;71.81;107;410;147;10;145;5;
Poki;;438;72.44;107;418;154;12;132;0;
Oozzn;;479;70.94;107;474;176;18;104;2;
Naci;;820;72.50;107;525;281;16;108;0;
Tahir;;390;70.63;107;557;222;12;132;5;
Legi;;340;69.63;107;580;218;13;131;3;
Adras;;475;72.19;107;582;180;12;162;8;
Poseidon;;876;73.19;106;307;88;19;108;4;
Slabrata;;845;70.63;106;402;121;13;129;1;
Ruileta;;368;72.25;106;414;95;13;131;7;
Vurgeg;;684;71.94;106;422;139;13;134;6;
Cupcake;;1175;71.81;106;424;221;7;165;2;
Zanna;;664;71.25;106;443;199;20;92;2;
Nechat;;853;71.94;106;448;163;16;116;7;
Kuvri;;565;72.38;106;483;251;17;113;0;
Tethel;;475;71.56;106;589;363;11;138;0;
Hoill;;1377;72.88;105;212;70;16;116;2;
Morgana;;1038;72.13;105;221;12;6;166;1;
Lovre;;1046;72.81;105;261;77;11;141;4;
Dexameth;;1010;72.06;105;263;51;8;150;1;
Ranre;;1140;72.81;105;283;139;19;107;6;
Andragora;;555;69.69;105;305;49;15;124;2;
Jajushi;;898;71.56;105;311;114;19;106;3;
Lesters;;565;71.31;105;340;113;23;82;0;
Hije;;440;72.56;105;349;90;14;140;1;
Baconspud;;1135;72.63;105;370;121;15;128;6;
Unknown;;568;72.06;105;390;122;10;148;6;
Melingama;;418;71.63;105;400;175;14;150;0;
Bedoltin;;753;72.50;105;407;111;8;154;1;
Nabim;;1031;72.00;105;431;202;5;175;15;
Ogridad;;454;71.50;105;453;220;12;142;3;
Typhoid;;706;72.19;105;515;328;9;162;11;
Edna;;1112;71.88;105;569;177;11;145;2;
Suta;;598;73.13;104;387;173;19;100;2;
Devin;;819;71.81;104;453;171;14;127;9;
Ercal;;270;71.44;104;455;189;9;155;8;
Bonyoook;;800;72.19;104;468;259;4;177;2;
Kashos;;267;71.63;104;473;222;17;109;5;
Tacotime;;319;71.56;104;481;312;9;148;2;
Nusa;;405;71.00;104;516;183;13;133;0;
Muhfith;;523;72.50;104;526;205;21;85;0;
Magus;;1180;71.75;104;539;303;14;126;5;
Varvara;;1215;72.81;103;334;87;18;107;7;
Igon;;749;72.38;103;342;88;17;111;1;
Tuji;;1000;72.38;103;388;219;8;153;1;
Jareth;;715;73.38;103;395;123;13;127;3;
Alonecrow;;696;73.44;103;404;238;20;99;4;
Abezum;;387;71.00;103;452;249;10;145;3;
Ircen;;818;71.75;103;482;148;17;114;8;
Sobe;;485;72.31;103;572;246;8;162;5;
Ceva;;421;71.81;102;267;51;20;97;0;
Tatzumaru;;1133;71.31;102;348;151;9;148;2;
Sarcuz;;873;71.69;102;400;136;7;160;4;
Gwen;;351;73.06;102;424;103;11;129;0;
Czech;;716;72.44;102;455;154;6;160;2;
Eges;;981;72.00;102;476;141;11;140;1;
Cirzilla;;714;70.94;102;498;277;14;137;2;
Isabelle;;397;73.06;102;544;256;20;107;0;
Agnello;;601;70.94;102;585;283;10;145;11;
Madarachan;;781;71.13;102;592;344;14;135;8;
Alos;;615;71.00;102;592;424;6;165;10;
Sucubus;;615;70.88;102;599;319;11;135;1;
Lvler;;1240;71.50;101;125;31;8;158;0;
Fana;;634;71.38;101;264;14;10;144;0;
Saty;;686;72.94;101;338;97;10;148;3;
Gihok;;858;71.63;101;374;80;8;149;0;
Aethefled;;806;71.75;101;389;214;12;136;2;
Essa;;304;70.63;101;413;163;17;102;10;
Korbaaaam;;915;72.25;101;419;131;7;157;2;
Mitethe;;498;71.13;101;432;126;11;141;9;
Lili;;833;72.19;101;499;264;7;152;2;
Moghedine;;372;72.44;101;508;199;11;146;8;
Hush;;809;72.75;101;518;246;11;136;5;
Azoce;;625;72.56;101;523;216;17;107;2;
Eriry;;825;73.50;101;541;296;10;181;6;
Wizzy;;384;72.00;101;553;88;9;138;4;
Gunen;;890;72.56;100;130;44;11;140;1;
Stavi;;814;71.13;100;131;46;13;137;0;
Bomdan;;922;72.44;100;159;30;21;88;1;
Cagus;;804;71.13;100;225;103;15;119;0;
Pufka;;763;73.13;100;255;51;12;134;0;
Tushes;;1101;72.25;100;261;32;11;136;0;
Sevenmd;;737;71.38;100;272;76;10;150;5;
Noza;;873;71.00;100;274;105;7;164;1;
Omiza;;789;70.81;100;281;120;20;99;1;
Kamati;;453;72.56;100;281;60;18;106;0;
Secal;;1079;72.50;100;282;121;15;122;0;
Elis;;736;72.38;100;283;151;20;124;0;
Egez;;437;71.19;100;321;83;18;103;0;
Innanna;;526;71.13;100;323;74;6;164;1;
Hedna;;659;71.06;100;341;142;8;156;4;
Aqnf;;812;71.06;100;372;235;9;164;5;
Mothel;;475;71.81;100;387;132;14;132;4;
Ares;;325;71.63;100;390;109;14;123;4;
Lodabaaj;;623;72.94;100;392;114;16;120;3;
Nununu;;294;70.56;100;397;201;15;127;4;
Dlalilith;;472;71.63;100;399;107;17;109;1;
Asel;;1045;72.75;100;400;157;16;121;10;
Zoey;;775;72.19;100;423;238;15;124;1;
Arut;;422;70.38;100;424;146;20;94;0;
Vokud;;389;70.81;100;425;153;10;152;7;
Gongcha;;442;71.44;100;429;108;10;151;8;
Korttkl;;606;71.75;100;432;225;12;145;3;
Taris;;577;72.31;100;434;161;19;111;8;
Fierylite;;258;72.25;100;437;109;5;173;0;
Yuna;;309;71.31;100;442;160;13;132;0;
Siben;;299;70.69;100;442;168;12;138;3;
Traci;;791;73.63;100;451;200;10;147;8;
Kine;;1065;72.94;100;461;53;15;112;12;
Irem;;693;72.25;100;487;111;13;142;0;
Queen;;540;71.56;100;500;194;21;94;7;
Nina;;660;71.13;100;521;262;13;140;12;
Riva;;897;72.25;100;536;219;22;103;13;
Obitik;;705;71.44;100;540;357;13;172;1;
Zazam;;410;71.19;100;546;220;17;119;5;
Jacqueline;;286;72.25;100;547;260;9;152;2;
Amedol;;625;70.69;100;559;253;8;163;7;
Blah;;390;67.75;100;565;285;18;112;12;
Polpol;Challenger;262;71.44;99;302;92;9;149;1;
Noka;;385;71.00;99;424;142;9;160;1;
Ercushe;;372;72.00;99;427;141;20;96;4;
Jase;;291;71.38;99;491;137;10;143;5;
Korcsy;;788;70.75;99;550;251;12;132;9;
Sylestria;;844;71.56;99;567;214;19;94;0;
Ebriva;;298;67.13;98;310;151;13;133;5;
Olis;;355;70.88;98;349;123;18;100;0;
Xanalinda;;258;71.13;98;351;101;7;161;0;
Ogushel;;321;71.75;98;360;60;11;138;0;
Kormoodang;;591;72.13;98;417;99;12;136;14;
Evichog;;622;71.50;98;426;233;20;96;0;
Marge;;775;71.94;98;483;165;8;186;4;
Hefruz;;645;72.25;98;489;303;12;131;2;
Gimak;;485;71.25;98;520;269;9;151;4;
Zadiris;;748;71.88;98;522;134;12;137;4;
Julit;;799;72.50;98;552;191;7;157;0;
Zanellion;;461;71.63;98;574;161;19;106;24;
Ezegod;;324;68.44;97;266;87;17;110;1;
Eshuza;;367;71.19;97;491;143;19;95;1;
Riri;;336;70.94;97;551;295;12;133;1;
Kothi;;297;70.94;97;564;228;9;155;9;
Bidni;;275;71.69;97;577;257;9;154;5;
Sledge;;379;71.06;96;414;203;20;101;1;
Nine;;313;70.38;96;422;152;10;143;10;
Dorko;;710;72.25;96;430;64;12;125;1;
Vofra;;365;71.44;96;432;167;10;145;1;
Adullia;;726;71.56;96;551;226;15;140;6;
Revenant;;597;68.63;95;143;46;19;102;0;
Sarah;;306;71.25;95;243;19;16;116;0;
Arawn;;980;72.31;95;254;55;7;160;1;
Cucisa;;489;71.13;95;279;11;14;128;4;
Okum;;276;70.88;95;309;58;20;102;4;
Lilli;;572;71.50;95;358;79;16;118;4;
Iburtiz;;518;72.56;95;364;178;16;129;2;
Kedna;;301;70.88;95;395;80;19;95;2;
Darklord;;874;70.81;95;411;157;12;139;0;
Ishuri;;285;71.56;95;413;139;18;109;17;
Zarca;;293;71.31;95;422;153;11;145;2;
Midusha;;246;71.25;95;423;97;10;149;5;
Hood;;782;71.88;95;474;145;14;131;6;
Deidre;;741;72.56;95;484;111;16;117;13;
Sosake;;1113;75.38;94;377;114;18;105;5;
Vario;;372;70.88;94;426;108;7;160;3;
Vetana;;242;70.63;94;467;188;14;140;9;
Ethat;;236;71.31;94;512;229;12;139;3;
Lacostic;;620;71.56;94;513;202;6;159;4;
Sozez;;311;72.44;94;592;285;14;148;11;
Ercel;;419;70.50;93;199;89;11;141;0;
Korholy;;248;72.75;93;301;29;16;121;6;
Ihozi;;643;72.50;93;331;128;18;148;1;
Mistake;;259;70.81;93;383;219;14;124;2;
Tortag;;635;71.63;93;390;199;12;130;2;
Jena;;766;71.81;93;406;186;10;141;4;
Merda;;567;71.75;93;409;84;16;114;0;
Kajom;;677;66.63;93;468;244;19;101;1;
Karu;;506;69.63;93;484;222;16;108;0;
Orcoviham;;251;71.13;93;486;167;20;94;3;
Tonra;;335;70.13;93;494;148;9;150;4;
Innidi;;322;73.56;93;521;205;13;124;1;
Ainz;;642;71.56;93;522;213;10;140;1;
Meowreetah;;280;69.56;93;546;203;12;130;7;
Sorci;;863;72.19;93;556;251;14;127;10;
Nynaeve;;325;70.31;93;567;313;6;160;4;
Ofredrut;;465;71.94;93;597;270;20;87;3;
Korea;;304;69.81;92;305;34;10;151;0;
Rircat;;820;71.56;92;345;147;4;174;3;
Triunaone;;712;72.00;92;364;106;16;112;10;
Darius;;759;72.38;92;394;60;11;140;1;
Zakera;;582;70.94;92;458;191;19;95;1;
Jackcao;;480;69.81;92;463;224;15;118;1;
Lise;;567;70.31;92;494;272;10;141;1;
Jera;;613;70.88;92;505;293;12;136;2;
Zikerza;;222;69.69;92;521;262;8;155;5;
Mike;;327;71.88;92;562;330;13;142;10;
Zerol;;459;71.25;92;565;357;18;101;2;
Arcug;;221;70.06;91;214;14;14;129;0;
Hasama;;247;70.69;91;325;82;25;71;1;
Garth;;508;70.75;91;359;65;21;116;6;
Cyka;;238;70.31;91;404;173;17;124;4;
Nurgat;;526;71.63;91;411;86;13;122;0;
Nehuma;;732;71.94;91;426;122;18;124;0;
Zajekre;;359;72.44;91;434;65;25;65;3;
Azik;;351;68.63;91;477;224;13;148;0;
Rumax;;191;70.75;91;498;156;15;117;0;
Etikig;Challenger;376;72.31;91;513;312;11;159;3;
Belis;;725;71.75;91;576;225;10;137;1;
Nametaker;;686;72.25;91;583;336;9;152;5;
Sidious;;261;69.50;91;587;237;9;153;14;
Drcherry;;534;72.81;90;126;15;9;150;0;
Ellat;;506;70.94;90;141;12;21;88;0;
Natemd;;565;70.88;90;168;35;6;165;0;
Zora;;241;70.75;90;178;38;13;134;2;
Kakral;;359;70.81;90;194;30;17;113;0;
Mahara;;679;62.81;90;198;52;12;134;0;
Aleas;;671;72.56;90;215;36;14;133;0;
Sugoma;;612;71.44;90;218;68;14;130;2;
Event;;493;67.50;90;220;66;16;116;0;
Godung;;493;70.75;90;221;71;16;112;0;
Rukra;;524;71.31;90;231;44;23;81;3;
Levot;;245;70.63;90;235;58;17;112;1;
Osus;;230;71.00;90;262;36;9;147;0;
Oneechan;;669;70.81;90;274;32;15;120;2;
Cerka;;241;71.31;90;276;65;18;110;0;
Kasanii;;878;70.94;90;278;110;18;111;2;
Kovali;;220;63.81;90;286;111;11;143;0;
Lonelyone;;634;71.88;90;304;142;18;128;1;
Ithaged;;273;72.25;90;304;78;18;107;4;
Korttkl;;587;71.13;90;318;134;10;149;1;
Agava;;281;70.88;90;323;59;8;153;8;
Main;;574;70.81;90;323;140;11;148;2;
Gtgt;;278;71.31;90;326;69;14;124;0;
Tivat;;332;70.44;90;328;142;21;91;0;
Draika;;917;71.13;90;334;44;9;150;6;
Anoza;;251;70.50;90;338;169;10;146;0;
Affliction;;823;70.63;90;338;138;10;161;8;
Dogface;;272;72.25;90;340;68;7;159;4;
Laraka;;337;71.75;90;344;226;11;159;2;
Misha;;291;70.00;90;345;136;12;143;2;
Shado;;504;71.44;90;351;107;10;148;2;
Zeus;;491;71.44;90;356;51;18;106;6;
Eliz;;253;71.31;90;368;54;17;112;5;
Magik;;227;68.69;90;370;142;18;109;6;
Igravrad;;286;72.06;90;373;55;12;142;0;
Tali;;299;71.31;90;375;78;9;150;0;
Shjl;;301;70.44;90;387;125;11;145;0;
Jefruxa;;242;68.81;90;392;197;10;147;0;
Akskjaa;;457;71.06;90;392;217;12;146;1;
Lorenza;;456;66.00;90;402;126;15;157;1;
Iculi;;623;72.19;90;405;62;19;99;7;
Jocal;;695;71.88;90;407;175;8;157;2;
Roja;;719;71.81;90;408;142;15;130;11;
Bivrudi;;286;70.94;90;412;48;9;151;1;
Egut;;669;68.38;90;421;123;15;126;8;
Zara;Challenger;200;70.06;90;422;65;13;133;1;
Ajez;;709;73.00;90;423;172;14;126;1;
Jalula;;307;70.75;90;426;111;18;112;5;
Nahrcin;;578;71.06;90;430;231;15;126;0;
Enez;;486;71.13;90;432;153;15;124;8;
Ijovre;;267;71.88;90;453;125;13;131;1;
Cove;;211;71.31;90;454;71;8;152;7;
Sara;;306;71.56;90;462;155;16;124;8;
Sorceress;;415;70.38;90;470;145;10;138;1;
Ewawtgwgwa;;268;70.44;90;477;160;12;139;8;
Lightrider;;253;69.56;90;504;86;10;149;0;
Kosog;;601;70.88;90;507;194;8;160;3;
Solomonka;;230;71.69;90;507;220;17;115;10;
Greenleaf;;252;70.19;90;508;197;11;145;0;
Remi;;512;71.75;90;520;76;13;131;6;
Elena;;410;71.44;90;548;190;16;118;3;
Agucil;;246;70.69;90;583;191;27;68;7;
Dragonaut;;268;72.56;90;598;260;14;141;10;
Sema;;319;68.00;89;322;153;12;142;0;
Dust;;691;71.69;89;329;111;17;106;0;
Rigrod;Challenger;209;70.69;89;350;153;12;132;2;
Tallesa;;458;71.38;89;426;141;12;136;5;
Ezidi;;782;72.50;89;447;80;25;75;16;
Etufre;;555;71.50;89;470;170;11;154;0;
Dola;Challenger;233;70.56;89;473;217;13;122;2;
Tamod;;203;70.06;89;477;219;15;119;3;
Juta;;242;72.19;89;498;133;16;111;1;
Allen;;205;70.88;88;326;49;13;134;10;
Lanna;;733;71.31;88;395;108;25;68;4;
Sujil;;278;71.13;88;440;240;25;77;1;
Ladinad;;438;62.44;88;475;238;3;174;3;
Doldol;;334;70.13;88;509;238;10;143;0;
Burza;;288;72.06;88;510;262;16;111;1;
Agudrud;;336;70.13;88;511;155;13;136;4;
Loshy;;605;70.81;88;524;202;12;141;1;
Mochiiii;;499;71.63;88;549;287;15;122;0;
Muha;;322;70.56;88;569;290;12;137;2;
Joci;;481;70.44;88;577;247;7;160;6;
Booo;;456;69.31;87;370;154;9;143;1;
Hanet;;181;70.75;87;423;181;17;114;1;
Rarzarke;;383;71.44;87;429;161;21;91;11;
Edashe;;313;70.50;87;437;89;10;141;0;
Jorodri;;300;69.56;87;458;173;10;140;0;
Lara;;573;71.13;87;579;182;19;97;6;
Dicid;;396;71.19;86;400;61;10;144;0;
Tolashe;;255;70.88;86;427;205;17;111;0;
Sikonre;;224;70.38;86;439;202;7;152;2;
Attavan;;200;70.63;86;465;130;16;117;9;
Tuscon;;820;71.44;86;489;83;11;139;10;
Adnitut;;197;70.00;86;514;220;16;110;3;
Abajo;;602;70.06;86;554;279;20;118;6;
Ishan;Challenger;330;70.81;85;208;50;13;132;0;
Koreakim;;553;73.13;85;317;64;12;137;0;
Haldol;;792;71.63;85;322;127;12;138;0;
Emovan;;223;71.75;85;325;70;9;152;1;
Ruwarlock;;367;70.94;85;345;116;19;102;0;
Danny;;220;69.69;85;347;108;6;170;3;
Korhelena;;573;70.38;85;362;91;12;133;6;
Deidre;;508;72.38;85;385;35;12;131;3;
Asuka;;472;70.31;85;385;223;10;155;3;
Gold;;463;70.94;85;408;211;11;151;7;
Gerarda;;445;70.38;85;410;192;13;139;0;
Cihos;;296;66.63;85;508;213;14;129;6;
Vans;;307;70.50;85;539;206;17;127;13;
Tyana;;451;71.13;85;566;272;13;140;4;
Julian;Challenger;362;70.56;84;241;52;15;123;1;
Noob;;569;71.31;84;380;85;3;177;5;
Donohe;;279;71.38;84;399;64;18;102;3;
Oren;;167;70.69;84;402;124;7;159;2;
Hermione;;165;68.50;84;414;135;5;172;3;
Enif;;290;71.25;84;414;87;13;131;1;
Onnay;;242;70.75;83;259;31;16;113;5;
Veki;;164;67.50;83;300;36;16;118;4;
Yixiaoyang;;473;71.75;83;379;120;17;110;1;
Shroombab;;172;70.94;83;432;168;11;139;3;
Juvi;;308;70.75;83;464;217;13;122;0;
Allagrim;;204;69.44;83;503;182;10;141;2;
Oliana;;225;70.69;83;531;141;11;134;3;
Zeral;;243;71.69;83;583;254;12;127;1;
Eshinne;;550;70.50;82;210;105;16;114;5;
Keshan;;430;71.13;82;369;170;19;99;0;
Telol;;372;71.25;82;385;183;21;86;0;
Okivud;;606;70.81;82;393;122;15;118;6;
Tamkhug;;185;70.38;82;491;218;13;126;0;
Acecem;;364;72.56;82;516;181;15;122;6;
Sorceress;;195;70.44;81;302;97;9;149;0;
Dakoro;;479;70.81;81;419;97;20;97;3;
Base;;501;72.13;81;453;178;13;133;1;
Punky;;435;72.56;80;101;31;15;119;0;
Gisavra;;209;70.13;80;107;7;9;151;0;
Snooze;;546;67.38;80;200;76;11;143;0;
Korbuddy;;612;72.19;80;201;24;12;133;0;
Aiyuan;;184;70.06;80;224;30;13;130;1;
Kemi;;227;70.69;80;249;70;15;115;0;
Avan;;317;70.94;80;254;85;13;132;4;
Lanre;;287;67.50;80;256;69;22;92;2;
Gerald;;359;70.88;80;268;100;20;98;4;
Odremuz;;222;70.88;80;277;106;13;147;0;
Vylnc;;318;71.00;80;304;73;16;122;0;
Lechill;;300;71.00;80;305;65;4;176;0;
Zabra;;409;70.75;80;350;109;7;158;6;
Safreki;;283;71.13;80;360;55;10;148;1;
Ebama;;474;70.50;80;397;197;4;182;1;
Rage;;541;70.69;80;399;108;8;159;6;
Dozi;;167;70.19;80;406;104;12;141;4;
Flamongo;;244;68.56;80;428;165;9;154;1;
Vefrem;;187;70.44;80;429;170;11;147;6;
Vorge;;193;70.44;80;436;75;14;129;4;
Egola;;167;70.56;80;458;237;12;137;3;
Zevs;;239;70.88;80;506;79;20;89;8;
Biah;;447;71.50;80;506;173;14;127;0;
Dild;;229;69.75;80;529;293;12;158;0;
Bokadu;;705;70.69;80;573;216;21;97;2;
Even;;282;70.13;80;586;234;15;130;5;
Xtri;;183;67.25;80;591;328;19;120;0;
Muval;;156;69.25;79;285;127;13;132;0;
Rackemup;;820;70.81;79;430;184;21;92;7;
Baki;;166;66.38;79;441;53;11;145;0;
Neoks;;770;71.13;79;483;264;10;141;13;
Megras;;209;68.44;79;488;164;14;151;16;
Vire;;194;70.88;78;352;68;10;155;1;
Wanda;;173;70.19;78;415;148;26;88;5;
Anna;;543;70.94;78;438;204;18;97;1;
Nefraji;;454;70.75;78;566;311;24;75;2;
Ratimus;;136;70.13;77;368;97;15;113;0;
Wynog;;221;66.50;77;400;123;12;138;2;
Suri;;158;70.38;77;425;182;9;157;4;
Vanishi;;153;65.94;77;442;177;13;132;3;
Bumen;;217;69.31;77;503;243;13;128;1;
Kechibra;;175;69.63;76;244;37;19;102;6;
Abrelli;;197;66.69;76;327;171;15;123;3;
Magicsloth;;227;67.06;76;413;115;7;160;3;
Flopgodess;;485;70.94;76;423;236;13;136;1;
Arzal;;275;70.50;76;478;186;8;158;1;
Korea;;310;70.38;76;508;137;10;146;14;
Amage;;312;72.31;75;109;16;14;125;0;
Meka;;362;69.44;75;195;52;9;151;0;
Amava;;157;72.00;75;237;40;16;120;1;
King;;179;69.81;75;266;37;6;177;3;
Zere;;178;69.13;75;391;81;7;164;1;
Rolypoly;;165;70.88;74;230;55;9;149;1;
Maji;;453;71.44;74;327;105;19;118;1;
Rakami;;200;70.38;74;394;178;27;76;5;
Jhao;;263;70.81;74;422;155;12;144;8;
Xankie;;169;69.63;74;578;81;11;135;10;
Ishahut;;268;70.75;73;295;40;6;162;0;
Innafra;;204;70.44;73;330;134;6;163;2;
Carol;;374;70.88;73;336;125;12;138;1;
Abcxyz;;411;68.31;73;382;244;11;138;1;
Djimoun;;212;70.63;73;528;165;12;128;10;
Hugs;;197;69.00;73;529;25;18;106;15;
Kaserza;;220;70.69;73;565;129;11;152;6;
Rika;;181;70.00;72;293;74;17;111;1;
Avase;;450;70.06;72;359;86;12;137;0;
Cazata;;291;67.81;72;371;34;8;153;10;
Osava;;315;69.81;72;407;171;23;77;0;
Arutha;;205;70.63;72;409;178;7;153;0;
Mage;;401;70.44;72;501;220;22;83;7;
Soda;;198;68.31;72;543;260;16;124;17;
Carnessa;;187;70.50;71;264;81;14;118;1;
Tehil;;404;69.63;71;279;40;8;154;0;
Dutira;;418;72.25;71;325;105;12;156;8;
Circe;;325;67.44;71;383;186;10;148;3;
Kurdis;;320;68.19;71;412;151;10;180;6;
Vnvit;;398;69.19;71;546;276;22;83;4;
Kishni;;324;70.63;71;559;173;8;145;1;
Zesilla;;306;70.38;71;564;237;5;169;10;
Argim;;809;71.19;70;157;32;12;137;2;
Ocon;;260;69.19;70;215;84;19;117;4;
Nidenide;;447;71.38;70;255;54;12;135;1;
Tajitaji;;497;71.00;70;296;59;14;132;1;
Heiwa;;479;71.56;70;299;34;16;115;0;
Tatsu;;467;71.31;70;304;54;23;82;0;
Kalala;;357;72.06;70;330;102;17;108;0;
Tatiana;;430;69.25;70;331;39;13;127;6;
Nethi;;307;69.63;70;334;84;14;129;0;
Kuga;;364;70.38;70;338;137;15;131;0;
Jugi;;132;70.44;70;368;110;18;113;0;
Mage;;126;68.81;70;369;19;15;118;17;
Kimmy;;296;70.63;70;384;93;6;161;3;
Melody;;213;66.81;70;395;145;14;134;4;
Elizael;;225;71.31;70;408;79;7;165;0;
Bavrun;;271;70.13;70;416;109;19;104;1;
Gamokra;;381;70.00;70;478;90;16;117;8;
Ebezi;;135;69.69;70;548;81;10;141;1;
Boss;;113;68.56;69;321;142;17;112;4;
Loken;;157;64.47;69;333;94;12;141;0;
Seched;;187;69.56;69;446;93;16;102;0;
Hedra;;155;67.88;69;462;189;20;128;9;
Muge;;168;69.19;69;488;138;10;147;0;
Ronava;;242;62.25;68;249;128;7;161;2;
Marw;;112;65.13;68;261;70;7;154;0;
Mabel;;136;66.63;68;286;85;16;120;4;
Anum;;326;63.94;68;386;35;17;109;12;
Jeshod;;202;70.19;68;405;124;11;142;0;
Sorceress;;183;67.69;68;409;155;10;150;4;
Mrfxxku;;269;66.75;68;429;192;13;125;1;
Greedy;;150;67.81;68;496;195;15;113;0;
Zamasa;;187;68.31;68;581;191;10;143;9;
Deirdree;;121;70.56;67;277;62;17;111;0;
Wizard;;112;68.69;67;327;65;15;122;1;
Timi;;231;65.69;67;380;182;14;121;3;
Nabrad;;164;70.44;67;421;61;18;103;6;
Amesi;;166;70.56;67;452;154;22;86;0;
Catsar;;146;64.94;67;457;150;12;136;17;
Wain;;362;70.31;67;488;257;12;133;2;
Oviz;;166;65.19;67;511;235;21;93;3;
Sabrom;;121;62.88;67;513;127;14;121;3;
Poblano;;241;71.63;67;564;191;14;140;3;
Jeff;;260;68.94;66;204;37;24;76;5;
Babiewiz;;291;65.56;66;303;114;16;119;1;
Gobraca;;328;71.00;66;367;57;17;107;10;
Rungirl;;227;68.75;66;379;108;16;115;5;
Ekaterina;;201;68.50;66;424;106;16;113;2;
Sezok;;297;69.75;66;429;138;7;156;1;
Bella;;167;70.94;66;474;97;12;139;2;
Votha;;148;67.06;66;500;223;5;171;5;
Odnahed;;129;71.56;65;161;7;21;95;5;
Sungs;;181;70.00;65;194;52;11;139;0;
Kiled;;137;68.31;65;261;55;9;152;1;
Olodri;;127;69.38;65;307;64;22;89;1;
Ozen;;285;70.44;65;314;43;6;163;1;
Sharkbait;;134;70.31;65;320;112;6;169;12;
Orcakre;;103;67.63;65;327;117;17;117;3;
Lenne;;130;69.75;65;335;42;4;179;3;
Magevent;;142;70.38;65;340;121;3;178;0;
Kiseji;;376;69.69;65;343;117;10;148;1;
Anak;;101;63.13;65;353;115;16;115;8;
Mage;;156;70.19;65;368;95;16;117;6;
Pers;;166;67.19;65;375;99;11;142;32;
Rabbitza;;243;70.69;65;390;115;8;159;1;
Veshichi;;129;69.75;65;394;163;6;178;4;
Tanaquil;;104;69.19;65;422;141;17;113;3;
Blumkin;;185;69.13;65;430;36;14;127;32;
Cisi;;132;68.44;65;430;136;10;148;1;
Cypisek;;168;68.94;65;446;91;20;91;0;
Viadinho;;141;69.00;65;462;75;19;93;12;
Yeetzbig;;286;69.69;65;475;183;8;156;2;
Eshidri;;107;69.13;65;513;300;8;167;20;
Ikraka;;131;69.63;65;529;113;6;168;5;
Nathi;;187;66.19;64;300;48;12;136;3;
Powerpurff;;230;70.31;64;333;58;11;146;1;
Dima;;176;69.56;64;335;61;27;65;3;
Ishanyah;;344;70.63;64;357;134;10;140;1;
Rose;;122;68.38;64;391;108;19;119;0;
Vavre;;124;68.88;64;407;104;13;129;1;
Bafrun;;264;67.00;63;291;55;22;88;11;
Zzez;;299;69.94;63;306;82;24;86;4;
Sabe;;103;63.75;63;341;148;13;130;0;
Softwar;;133;67.75;63;366;124;11;139;1;
Alexa;;158;70.63;63;378;123;16;126;1;
Raven;;175;67.25;63;417;185;21;92;4;
Hoatzin;;193;67.00;63;441;84;13;143;0;
Agrem;;161;63.38;63;452;123;18;100;3;
Augi;;228;70.50;63;472;128;17;104;0;
Datazz;;212;68.31;63;488;192;17;109;7;
Heromikee;;204;70.13;63;517;249;6;162;1;
Cobuve;;151;68.88;63;570;248;10;156;0;
Korcaese;;244;70.73;62;229;88;13;144;5;
Martam;;134;67.25;62;274;98;18;109;3;
Morgan;;177;68.19;62;305;95;10;142;1;
Yulla;;102;67.94;62;358;88;13;135;0;
Aprilwayne;;186;71.50;62;396;147;13;133;2;
Dazi;;148;66.13;62;435;117;18;99;6;
Solingen;;127;68.06;62;443;210;23;79;2;
Moohrencop;;168;68.75;62;489;136;15;116;0;
Leche;;367;72.31;62;508;99;5;164;1;
Bujen;;161;70.38;62;579;221;16;116;1;
Esina;;239;69.13;61;370;77;19;98;13;
Goldpage;;188;70.19;61;393;83;17;113;0;
Pluh;;155;62.81;61;520;219;16;122;10;
Chocho;;426;69.19;60;211;18;9;154;2;
Auron;;107;68.94;60;223;14;9;150;0;
Elon;;160;67.69;60;284;37;11;143;0;
Ohegi;;292;69.88;60;288;58;20;101;3;
Anbgi;;342;67.50;60;315;98;25;71;3;
Osabe;;160;62.56;60;336;67;21;94;0;
Nunone;;206;69.56;60;386;199;12;142;0;
Kanyelele;;231;69.75;60;386;140;9;154;3;
Vajra;;323;68.00;60;390;59;22;94;17;
Sedora;;270;67.50;60;436;160;16;120;3;
Somebaka;;195;70.50;60;437;110;11;142;3;
Rasa;;182;65.38;60;445;135;18;110;1;
Bastianpat;;182;57.19;60;479;188;12;149;5;
Rodrebre;;113;67.00;60;513;267;19;110;6;
Freddy;;235;69.44;59;208;45;9;151;0;
Idegrel;;139;66.81;59;267;22;18;108;3;
Sansa;;210;70.75;59;305;22;18;108;10;
Zodd;;155;70.06;59;333;67;21;88;1;
Gert;;154;70.38;59;342;81;15;124;0;
Love;;77;65.81;59;347;136;10;146;23;
Palome;;93;60.19;59;469;116;11;150;1;
Dave;;333;72.38;59;520;223;19;98;6;
Tabri;;58;66.81;58;165;34;22;86;1;
Heywood;;182;68.50;58;263;37;16;117;1;
Azutim;;286;67.69;58;309;109;19;102;2;
Xandra;;173;63.06;58;360;107;17;125;0;
Jasmine;;180;67.69;58;371;118;18;107;0;
Sobe;;92;62.44;58;380;146;13;130;0;
Miniegg;;95;66.31;58;398;83;12;131;6;
Joke;;234;67.25;58;402;90;10;140;4;
Tifron;;132;70.31;58;418;195;18;103;0;
Elwachin;;82;68.88;58;436;104;17;106;3;
Zedrede;;133;67.00;58;441;178;11;146;1;
Ertitha;;123;60.94;58;461;114;18;102;2;
Jenna;;251;69.00;58;465;177;20;96;7;
Zero;;132;66.69;58;477;145;13;129;1;
Draft;;295;69.81;57;282;92;14;121;0;
Czetia;;157;70.50;57;305;68;12;137;1;
Whuothan;;123;70.06;57;338;112;12;134;0;
Alusi;;156;62.75;57;402;147;13;125;0;
Elaieee;;288;63.50;57;411;161;14;119;1;
Shevita;;247;69.69;57;518;181;16;145;5;
Hothi;;313;68.88;56;274;43;8;155;5;
Izol;;143;66.75;56;300;76;8;159;0;
Yenefer;;55;64.13;56;318;69;15;122;6;
Jaze;;205;70.25;56;410;125;17;109;6;
Kaga;;120;69.94;56;433;130;20;92;8;
Moortuus;;157;67.69;56;456;189;14;123;1;
Evos;;288;70.50;56;464;192;15;133;8;
Vortex;;170;65.75;56;587;328;16;112;1;
Egut;;482;69.44;55;81;6;15;125;0;
Catherine;;242;69.50;55;179;32;8;154;0;
Rube;;87;62.63;55;214;30;14;129;0;
Reiku;;152;69.75;55;237;54;16;116;0;
Iral;;245;72.13;55;251;39;12;138;0;
Lerde;;138;70.31;55;267;44;18;111;6;
Olasaz;;290;71.31;55;271;69;8;157;10;
Jayb;;134;68.06;55;280;87;12;139;1;
Binglebat;;192;64.00;55;289;35;10;144;0;
Vatani;;228;70.63;55;290;62;9;151;0;
Muriel;;70;63.94;55;304;51;11;146;0;
Eveient;;401;70.81;55;320;71;11;135;0;
Betha;;117;67.63;55;322;125;14;135;0;
Smetra;;104;61.69;55;327;40;15;118;1;
Xerxes;;114;67.94;55;350;126;13;130;4;
Zobi;;90;59.06;55;364;120;16;122;3;
Esherga;;119;66.88;55;368;96;10;150;3;
Ivreni;;206;70.63;55;390;85;9;150;1;
Mitha;;251;59.81;55;398;136;13;140;3;
Himopillu;;213;60.88;55;400;120;13;131;1;
Totol;;130;66.31;55;430;162;6;165;0;
Esuhuz;;142;67.06;55;450;147;11;148;3;
Ofrolla;;179;66.75;55;451;180;14;131;6;
Atos;;135;65.00;55;453;149;13;135;20;
Kaje;;196;69.81;55;467;95;6;150;0;
Lumen;;195;63.13;55;489;154;12;137;1;
Gidi;;136;64.56;54;296;92;19;98;0;
Event;;98;64.50;54;312;116;24;82;8;
Vichuthe;;96;67.31;54;362;70;15;116;1;
Lanna;;190;70.25;54;397;143;10;158;2;
Kent;;191;68.44;54;547;339;11;133;3;
Ariel;;223;67.00;53;260;58;17;112;0;
Erdabi;;194;66.25;53;308;112;11;139;2;
Tathem;;102;64.13;53;397;90;16;114;0;
Kegi;;85;69.50;53;407;64;14;126;8;
Mordor;;79;62.25;53;412;89;7;153;1;
Ethetuz;;106;64.63;53;415;127;12;132;0;
Ssuka;;164;70.50;53;434;146;12;130;0;
Esim;;87;68.94;53;571;224;15;106;1;
Maiy;;133;58.19;53;578;312;16;103;3;
Ajon;;83;68.13;52;287;143;19;97;0;
Athag;;195;65.50;52;334;37;8;159;3;
Merlin;;254;69.75;52;377;130;8;147;1;
Mozzelk;;254;66.81;52;420;148;10;142;1;
Edek;;159;66.56;52;432;176;14;136;2;
Luna;;74;59.88;52;482;91;10;147;0;
Merlin;;162;65.69;52;493;244;16;123;8;
Acat;;218;70.06;51;222;41;22;86;1;
Scrosack;;217;68.06;51;245;30;15;124;0;
Lurci;;72;65.56;51;264;68;17;112;1;
Ocus;;126;67.94;51;298;99;22;98;1;
Bada;;120;69.75;51;412;116;16;111;1;
Mango;;142;61.94;51;417;131;10;148;3;
Pootzicah;;127;62.06;51;473;160;20;95;1;
Agrippa;;110;67.31;50;143;6;17;112;0;
Pepe;;66;62.38;50;163;31;16;117;0;
Othasha;;100;70.94;50;201;22;21;95;1;
Rain;;134;68.00;50;237;49;16;120;1;
Mage;;105;66.94;50;239;69;11;144;1;
Rince;;84;65.75;50;240;65;18;105;0;
Freydis;;134;71.44;50;242;25;16;118;0;
Zova;;127;70.25;50;260;36;9;153;0;
Eille;;231;70.00;50;262;37;19;107;0;
Kisha;;153;69.81;50;272;57;18;113;2;
Ruwildwolf;;242;66.94;50;277;41;4;176;0;
Mastermind;;78;67.44;50;284;65;6;170;0;
Himas;;67;62.19;50;292;84;6;173;0;
Zone;;246;68.00;50;294;111;14;124;2;
Boss;;184;66.25;50;298;31;9;152;0;
Adalon;;168;69.13;50;305;54;10;149;0;
Titzmagee;;184;61.19;50;313;72;7;159;1;
Duni;;87;65.19;50;313;175;16;123;1;
Catmandoo;;86;66.19;50;317;84;15;119;0;
Dime;;105;64.94;50;327;59;13;131;1;
Jeke;;79;65.69;50;329;52;24;80;0;
Ricarda;;203;70.56;50;336;161;18;110;5;
Xact;;225;65.50;50;337;70;7;157;0;
Vesa;;131;71.00;50;341;120;16;130;5;
Lela;;160;70.56;50;358;80;6;165;0;
Syndra;;151;64.69;50;359;110;9;159;0;
Ilat;;79;64.88;50;362;100;10;151;0;
Osag;;119;69.31;50;366;88;22;91;2;
Odnoti;;109;66.50;50;366;65;12;135;6;
Sunny;;120;65.06;50;368;118;6;169;3;
Mobe;;175;66.31;50;371;85;13;140;7;
Krzych;;187;64.25;50;374;138;8;158;0;
Dahvid;;201;67.06;50;377;110;14;125;5;
Jaina;;78;61.56;50;398;96;11;137;6;
Mailin;;136;70.88;50;402;96;17;103;0;
Seluti;;205;69.94;50;404;106;10;145;0;
Dehi;;103;70.06;50;412;60;11;141;0;
Lianne;;102;67.75;50;420;118;12;142;3;
Renozuke;;230;69.69;50;585;159;11;147;3;
Dragon;;247;70.44;49;280;79;8;159;2;
Ikolluz;;172;67.75;49;386;139;19;101;1;
Athena;;120;64.31;49;442;196;20;97;3;
Muthurzi;;129;67.81;49;474;145;5;172;0;
Oniyama;;127;65.81;49;573;261;20;104;10;
Minrivi;;45;61.94;48;150;22;30;53;0;
Xiaobai;;188;69.69;48;311;144;18;105;0;
Ilom;;63;66.13;48;335;66;17;112;0;
Sidkv;;70;59.56;48;355;78;17;110;3;
Govikre;;59;64.25;48;362;152;6;165;0;
Shadowmoon;;49;59.94;48;371;83;2;180;1;
Jordan;;75;62.13;48;386;61;14;127;4;
Ymir;;68;66.25;48;416;171;23;99;2;
Pooty;;174;63.19;48;424;192;18;107;4;
Jona;;84;64.31;48;473;200;7;156;4;
Lasat;;153;68.50;48;553;156;11;132;0;
Talym;;210;68.38;47;142;52;11;145;5;
Idat;;78;61.38;47;290;97;5;165;0;
Zenovi;;51;57.94;47;322;67;7;162;3;
Gerged;;239;69.44;47;335;101;16;115;1;
Baby;;212;66.38;47;365;208;14;135;2;
Sirg;;112;68.75;47;464;230;13;128;3;
Arbez;;103;70.13;47;482;218;17;147;2;
Ojeli;;72;61.56;46;206;54;20;115;0;
Philagrie;;56;62.38;46;227;56;13;147;0;
Macerking;;169;70.00;46;257;36;17;110;0;
Haddrox;;56;66.88;46;269;61;16;123;0;
Tide;;43;53.50;46;275;39;3;181;2;
Jimmy;;40;60.75;46;284;52;8;160;3;
Kisha;;167;67.50;46;300;88;20;94;3;
Vica;;79;60.00;46;423;196;6;162;2;
Hifroshi;;177;69.25;46;452;82;8;156;5;
Gullveig;;186;64.75;46;558;274;13;129;16;
Nurcerke;;98;59.44;45;152;15;17;113;0;
Orketog;;77;62.69;45;159;32;17;124;0;
Chupapi;;163;63.44;45;190;26;11;144;0;
Ennushe;;34;62.19;45;194;61;13;133;0;
Elena;;171;62.94;45;213;28;13;134;0;
Denise;;205;70.25;45;216;14;16;118;1;
Virgilxun;;108;70.56;45;226;53;30;54;0;
Diego;;145;64.81;45;260;81;20;105;1;
Jinjin;;64;69.13;45;282;45;9;147;3;
Longswan;;65;62.56;45;292;60;19;102;1;
Dece;;53;63.31;45;305;73;23;84;0;
Ojodren;;104;69.56;45;369;117;12;141;0;
Xnxx;;101;64.38;44;126;25;13;128;0;
Cishibe;;40;63.81;44;130;40;20;100;0;
Ruses;;57;65.44;44;224;65;19;99;0;
Kovadi;;225;68.56;44;247;30;16;119;9;
Ocel;;205;71.44;44;251;119;10;220;8;
Lude;;66;57.31;44;265;57;17;108;6;
Timslamhh;;40;66.50;44;278;58;14;129;1;
Tevrok;;81;61.88;44;280;39;8;152;1;
Brytann;;70;59.50;44;293;78;19;103;1;
Gemun;;55;66.56;44;308;70;13;130;1;
Rutun;;165;70.19;44;311;45;6;166;2;
Luce;;146;70.63;44;332;69;25;69;13;
Gold;;92;64.38;44;336;110;18;106;3;
Kems;;24;62.19;43;261;59;11;167;0;
Megen;;158;67.63;43;274;141;19;104;3;
Zami;;131;65.38;43;297;84;15;126;0;
Adili;;180;70.44;43;307;62;19;103;1;
Toxic;;145;62.06;43;390;116;16;118;5;
Goja;;113;61.00;43;408;102;17;112;1;
Ichodeputa;;135;63.63;43;502;239;17;108;0;
Blizna;;138;49.38;42;122;37;16;120;0;
Dinglebery;;88;67.56;42;378;116;8;157;1;
Kobiditwo;;117;66.00;41;145;18;16;121;1;
Ivefri;;26;58.06;41;198;61;20;99;1;
Alluka;;53;58.44;41;200;16;17;113;2;
Dope;;20;57.56;41;251;42;17;107;5;
Sodrog;;94;62.31;41;261;46;7;158;2;
Guzmano;;133;70.38;41;297;90;13;125;4;
Gahndalf;;41;62.69;40;178;19;9;151;1;
Veri;;66;66.00;40;220;42;17;114;1;
Ikertam;;151;68.69;40;224;46;7;163;0;
Viji;;123;61.75;40;229;21;26;71;0;
Adniga;;92;61.50;40;236;40;13;135;0;
Dbagd;;20;47.63;40;250;40;13;122;0;
Ninirke;;30;58.75;40;254;62;9;170;3;
Tank;;100;67.81;40;266;95;5;174;0;
Eventiana;;119;67.00;40;269;50;10;151;2;
Zokok;;69;61.94;40;277;43;16;120;0;
Sageepoo;;47;61.75;40;283;75;13;130;1;
Kernoo;;55;57.06;40;283;57;19;102;0;
Mage;;200;68.31;40;285;135;23;89;0;
Dadame;;89;66.06;40;312;71;17;114;0;
Rimbaud;;62;64.88;40;360;75;14;126;0;
Cagod;;130;68.75;40;460;87;9;149;0;
Tevezi;;68;64.44;39;267;18;9;145;1;
Ladyxynz;;36;56.75;39;292;56;17;106;1;
Zachun;;104;65.50;39;392;147;23;90;2;
Komi;;51;54.19;38;169;72;17;114;2;
Denne;;50;65.25;38;321;95;21;103;2;
Ercake;;155;62.69;38;400;166;13;129;6;
Nedom;;152;62.31;38;448;197;9;155;1;
Kijide;;107;69.69;37;156;25;14;130;0;
Amirtel;;109;70.88;37;223;59;18;104;2;
Gogamja;;24;60.44;37;229;34;15;124;0;
Rickdamage;;48;70.25;37;268;66;10;141;0;
Pers;;34;57.75;37;286;72;12;133;1;
Nurka;;206;69.56;37;543;261;8;146;4;
Razazi;;95;64.19;36;126;29;10;150;1;
Mmmarduk;;52;64.88;36;140;20;15;118;0;
Aetera;;90;67.13;36;238;28;19;102;2;
Nuche;;28;60.81;36;261;32;6;166;2;
Edurden;;8;60.00;36;263;87;11;139;3;
Xjeny;;80;64.56;36;318;65;7;164;2;
Azure;;82;61.44;36;371;74;13;128;4;
Odessa;;173;70.13;36;376;94;16;115;0;
Beatrice;;200;68.94;36;401;102;16;116;9;
Azachoz;;92;68.88;35;173;11;14;126;0;
Eruzol;;45;61.88;35;176;31;22;89;0;
Goran;;36;60.69;35;223;43;9;148;0;
Meka;;42;60.81;35;231;52;19;101;0;
Cumena;;58;62.38;35;300;72;10;152;0;
Tramp;;47;64.00;35;339;17;5;173;0;
Vothona;;22;64.94;34;146;18;23;88;0;
Kozile;;266;71.06;34;207;69;24;80;1;
Varlinox;;114;66.94;34;240;71;15;143;1;
Gafri;;112;62.00;34;252;36;12;139;0;
Ezizia;;52;63.56;34;321;84;13;130;1;
Cabeja;;122;60.33;34;415;147;14;134;2;
Minamoto;;122;64.00;34;552;352;18;103;6;
Freau;;21;61.38;33;197;37;15;125;0;
Vikri;;18;58.44;33;218;44;16;121;0;
Every;;38;56.88;33;239;89;20;107;0;
Slipknot;;162;57.44;33;335;85;17;104;4;
Kibra;;106;61.38;33;431;123;18;135;2;
Lusoshe;;53;62.44;32;175;34;16;130;0;
Shadow;;165;61.81;32;178;43;15;120;0;
Talina;;53;65.44;32;199;31;14;122;0;
Ballzdeep;;119;63.75;32;345;94;20;111;11;
Italed;;119;52.38;32;494;91;10;146;2;
Zechi;;92;65.38;31;189;43;15;123;0;
Nite;;51;61.31;31;230;64;3;178;3;
Deserka;;39;64.93;31;243;45;20;96;1;
Annat;;25;61.25;31;264;72;9;154;1;
Merigold;;20;62.50;31;270;48;19;100;0;
Rocky;;5;51.94;31;280;39;20;97;0;
Zukan;;50;59.56;31;293;85;13;134;1;
Kaserki;;30;60.19;31;363;24;18;108;0;
Mohi;;81;51.71;30;68;11;16;122;0;
July;;7;59.88;30;141;34;6;164;0;
Totun;;24;63.25;30;183;26;18;107;0;
Caster;;17;64.31;30;194;25;13;134;0;
Ichas;;19;64.81;30;211;33;13;133;1;
Magistrate;;130;53.50;30;213;34;14;128;3;
Edohe;;52;67.06;30;215;30;15;122;0;
Icccccc;;29;61.25;30;231;29;7;160;0;
Promo;;44;66.44;30;266;87;22;90;0;
Ojibi;;31;67.81;30;314;100;15;126;0;
Zarina;;42;58.56;30;320;100;15;119;1;
Sora;;60;50.75;30;332;158;24;84;1;
Alori;;193;63.88;30;400;73;12;138;0;
Jojo;;124;66.50;30;411;132;18;111;0;
Erzibra;;29;58.94;29;211;17;14;127;0;
Nokaca;;13;64.81;29;223;30;12;133;0;
Liona;;38;51.50;29;234;43;22;87;0;
Zime;;111;64.13;29;338;56;19;102;0;
Hushin;;76;65.69;29;410;117;11;145;3;
Okohol;;40;61.56;28;127;28;12;142;0;
Limaera;;13;59.69;28;252;60;12;144;0;
Taros;;85;60.38;28;372;178;14;122;2;
Nasha;;38;62.56;27;240;59;15;119;0;
Sunny;;34;58.13;27;273;92;6;169;0;
Maerup;;18;45.88;26;132;6;9;150;0;
Ozuz;;74;69.13;26;179;48;13;131;0;
Mammamia;;52;53.80;26;214;36;11;145;0;
Latero;;37;65.19;26;266;11;12;138;0;
Nutha;;17;63.63;25;141;11;16;119;0;
Eventant;;27;61.00;25;161;28;9;149;0;
Bazzinha;;23;61.88;25;163;11;13;133;0;
Eshoshaz;;32;56.00;25;179;20;14;126;0;
Akemi;;91;63.63;25;221;52;11;148;0;
Vigi;;14;62.19;25;251;50;9;150;0;
Isheres;;0;56.50;24;229;47;18;106;2;
Mertvets;;47;69.63;23;146;24;20;98;0;
Gallonciux;;81;54.63;23;343;150;20;94;2;
Alex;;69;62.75;23;346;85;11;141;0;
Rivarzi;;26;64.50;22;207;26;16;120;3;
Oshati;;26;58.25;22;213;27;15;122;1;
Lobeba;;95;60.88;22;230;33;7;161;1;
Reyna;;54;52.88;22;251;25;17;114;0;
Kasari;;3;63.56;22;267;41;9;157;0;
Ryze;;19;63.63;22;306;47;6;166;1;
Zathon;;0;55.81;22;343;122;17;110;1;
Racso;;0;63.94;21;120;3;18;109;0;
Pupupu;;0;63.13;21;167;34;18;107;2;
Rella;;0;62.38;21;173;33;16;117;1;
Ashele;;0;56.19;21;206;49;14;127;0;
Jiga;;25;66.38;21;221;13;11;135;1;
Luna;;6;59.50;21;230;34;14;128;4;
Korb;;136;60.75;20;77;0;16;118;0;
Sabas;;13;66.06;20;103;10;21;92;0;
Melinal;;80;65.75;20;106;20;13;133;0;
Zini;;0;53.94;20;117;8;13;130;0;
Tigi;;16;58.06;20;130;9;17;114;0;
Allad;;3;60.44;20;131;15;19;105;0;
Atanna;;3;58.31;20;146;31;18;109;0;
Myzer;;0;59.06;20;149;10;13;135;0;
Homa;;0;60.38;20;161;26;13;134;0;
Icequeen;;20;63.63;20;173;17;21;96;0;
Iboshca;;121;64.88;20;175;16;15;122;0;
Amelie;;20;55.75;20;181;18;6;168;0;
Ovathi;;0;57.56;20;187;12;10;151;0;
Atiana;;0;60.94;20;203;15;8;152;0;
Emilia;;0;52.25;20;231;48;10;144;1;
Fercho;;0;57.38;20;241;38;12;136;0;
Angel;;76;62.88;20;253;36;4;179;0;
Idas;;0;58.00;20;264;52;23;101;0;
Evriz;;98;63.00;20;266;29;13;129;0;
Ikraka;;0;62.50;19;121;24;15;123;0;
Tosha;;12;59.69;19;159;16;12;140;0;
Hehe;;0;61.38;19;187;39;12;138;0;
Odnashis;;0;60.13;19;210;25;15;123;0;
Haaa;;32;64.56;18;146;27;20;95;1;
Ituzag;;6;59.25;18;151;27;10;147;1;
Inram;;0;50.75;18;178;18;11;144;0;
Ehosha;;7;62.63;18;200;39;13;129;0;
Raptor;;93;71.69;18;260;47;7;159;0;
Fleeble;;8;53.69;17;144;14;17;109;0;
Tatanka;;5;62.88;17;146;8;16;116;0;
Karkik;;0;59.19;17;172;47;14;123;0;
Dillema;;0;58.50;17;194;27;15;128;0;
Innug;;0;55.19;17;201;19;9;151;1;
Phuknut;;0;47.00;17;211;72;9;149;0;
Loganra;;0;55.63;17;213;66;16;116;0;
Strange;;0;55.69;17;266;50;9;153;0;
Ijuk;;0;50.38;17;273;45;13;129;1;
Naaay;;0;57.06;16;118;9;14;128;0;
Celebine;;77;59.50;16;152;32;13;127;1;
Egradi;;0;51.94;16;209;43;20;100;0;
Ajodna;;0;54.31;16;222;17;12;136;5;
Sokridre;;0;57.94;15;123;10;14;126;0;
Ezet;;19;59.81;15;142;15;12;140;0;
Porshos;;0;61.38;15;191;12;10;150;0;
Nachit;;0;56.94;15;201;14;8;155;0;
Agrasio;;96;63.38;15;205;30;22;91;0;
Tugi;;0;58.13;15;219;39;21;93;7;
Aveta;;42;60.00;15;242;57;15;126;0;
Sushaha;;13;60.44;15;336;38;14;130;0;
Saito;;4;57.25;14;126;12;18;107;0;
Vadravi;;0;57.88;14;150;13;10;148;0;
Musarta;;0;61.06;14;166;27;10;146;0;
Mimm;;0;60.06;14;195;4;11;147;0;
Irkut;;0;49.56;14;200;19;14;129;0;
Sylrena;;0;60.56;14;203;16;8;151;1;
Kisorge;;0;58.94;14;272;66;13;131;1;
Ezatad;;0;51.38;14;363;89;22;89;3;
Piko;;0;51.94;14;410;187;15;166;6;
Grek;;0;52.88;13;138;16;13;134;1;
Roji;;0;58.88;13;141;21;13;135;1;
Radaghast;;0;56.00;13;162;21;15;121;0;
Jashi;;0;55.19;13;171;20;15;119;0;
Megapihar;;0;53.25;13;182;15;11;144;1;
Aaaa;;1;54.81;13;193;33;10;150;1;
Irtig;;0;63.44;13;200;57;15;123;0;
Vehi;;1;49.19;13;207;35;17;112;0;
Jura;;0;59.31;13;213;18;17;115;0;
Hamster;;0;55.31;13;217;81;18;113;2;
Rilod;;0;53.63;13;255;33;17;123;1;
Esharka;;0;53.33;13;323;88;22;86;0;
Lagretha;;8;66.00;12;60;2;26;70;0;
Lunafyde;;0;59.75;12;117;44;12;140;0;
Ogodis;;0;56.25;12;146;30;10;148;2;
Avronuk;;0;53.06;12;224;31;9;156;3;
Pyro;;0;50.56;12;235;80;20;98;0;
Edulog;;0;54.00;12;235;15;12;136;0;
Cica;;0;53.63;12;237;43;9;160;0;
Emidran;;0;54.19;12;237;34;10;147;3;
Ibon;;0;55.44;12;290;41;19;100;0;
Oberdi;;0;62.38;11;124;20;20;104;0;
Muki;;0;55.31;11;134;8;20;99;0;
Cebe;;0;44.19;11;135;2;17;114;0;
Bakrim;;20;67.00;11;149;7;9;151;0;
Soyou;;0;54.94;11;163;42;17;112;0;
Jeva;;0;54.81;11;165;24;7;161;0;
Dalel;;0;61.00;11;166;27;16;119;1;
Histoevent;;0;57.44;11;173;13;11;142;0;
Semona;;0;56.19;11;181;40;10;144;1;
Lenra;;0;54.44;11;198;20;10;142;0;
Zabe;;0;57.38;11;210;60;15;118;0;
Ivok;;0;53.81;11;217;35;20;101;0;
Elug;;1;57.69;11;222;54;18;108;1;
Goradus;;0;56.63;11;229;63;23;85;1;
Jiga;;0;52.56;11;240;75;9;150;0;
Lonni;;0;59.88;11;241;9;7;157;0;
Make;;0;53.00;11;244;90;21;93;2;
Erza;;0;48.53;11;255;40;16;128;2;
Azon;;0;53.25;11;262;77;23;85;5;
Arzeka;;0;57.94;11;265;15;12;138;1;
Ergem;;0;56.81;11;295;36;9;146;0;
Iros;;0;56.88;11;296;38;17;109;4;
Belnades;;0;55.88;11;320;91;16;118;3;
Zidnita;;0;55.94;11;322;59;8;144;2;
Illikag;;0;56.69;11;323;118;7;160;0;
Goldten;;1951;43.19;10;32;6;20;103;0;
Gejot;;5;60.88;10;83;8;18;110;0;
Dawn;;0;63.06;10;95;4;22;85;0;
Chinaf;;84;51.81;10;96;39;20;102;0;
Lehal;;39;62.44;10;104;7;20;100;0;
Athize;;0;59.88;10;105;10;18;109;0;
Ejosig;;0;51.50;10;141;14;16;116;0;
Dobarke;;0;56.75;10;142;6;13;136;1;
Mudna;;0;53.06;10;147;12;11;140;1;
Inin;;0;55.50;10;153;26;6;165;0;
Lussy;;0;48.75;10;156;15;12;138;0;
Rinroge;Challenger;0;55.25;10;161;3;7;162;0;
Imon;;0;54.50;10;167;5;6;166;0;
Ciacho;;0;62.13;10;168;18;18;107;1;
Irdorka;;0;56.94;10;168;27;18;108;0;
Ellaros;;0;58.75;10;169;16;12;138;0;
Urumi;;0;56.44;10;180;30;9;153;0;
Otadri;;0;49.63;10;192;53;14;136;1;
Arcania;;3;62.63;10;208;19;14;132;0;
Irzorte;;2;48.25;10;215;46;12;139;1;
Troghv;;0;50.75;10;229;25;17;111;0;
Ibil;;0;53.56;10;256;60;27;62;0;
Horuve;;0;51.56;10;261;37;10;148;3;
Thesnake;;56;53.56;10;274;23;14;126;0;
Alil;;0;53.69;10;285;51;12;135;3;
Jegi;;0;51.38;10;299;112;24;108;6;
Haha;;0;47.38;10;358;87;10;147;9;
Baji;;18;59.88;9;110;3;18;115;0;
Ebez;;0;52.31;9;138;18;19;105;0;
Magicking;;0;54.00;9;150;28;8;156;0;
Ithel;;16;52.31;9;162;27;20;131;0;
Ichulus;;0;55.63;9;167;31;20;101;0;
Azure;;0;57.69;9;170;9;7;160;0;
Raji;;0;49.88;9;171;44;20;97;0;
Cica;;0;53.81;9;176;7;11;142;0;
Python;;0;44.63;9;195;58;16;119;1;
Diren;;0;53.75;9;198;36;13;136;1;
Asuka;;0;56.81;9;199;37;9;155;1;
Trixxy;;0;57.06;9;214;8;15;123;0;
Dubu;;0;54.63;9;228;46;15;126;1;
Vujud;;0;53.19;9;269;65;12;140;1;
Daimam;;0;55.63;9;272;120;19;116;3;
Caleb;;0;52.19;9;283;59;12;138;3;
Jafar;;0;56.38;9;295;35;11;150;0;
Bocancac;;0;47.56;9;298;78;15;125;4;
Isis;;0;54.38;9;332;124;17;113;2;
Esok;;0;52.88;9;333;35;10;143;2;
Aruz;;0;48.44;9;346;87;16;117;3;
Bubuta;;0;45.13;9;403;91;15;125;1;
Idofrag;;0;48.56;9;409;89;12;130;4;
Ilaya;;0;54.38;8;104;8;15;125;0;
Bursst;;3;50.38;8;111;4;17;116;0;
Annuki;;0;60.19;8;125;20;10;154;0;
Aeris;;0;53.44;8;128;26;17;110;0;
Fury;;0;55.50;8;134;14;11;146;0;
Gahe;;0;58.75;8;138;7;17;116;0;
Regenwurz;;0;60.25;8;139;23;12;136;0;
Madarinn;;0;53.63;8;139;32;14;124;0;
Alike;;0;57.38;8;141;37;18;118;0;
Noli;;15;62.94;8;141;16;10;148;1;
Hejevi;;33;61.88;8;144;16;13;135;0;
Alustriel;;0;58.38;8;148;28;14;140;1;
Soda;;0;56.31;8;157;20;10;149;2;
Beta;;0;50.69;8;175;17;10;147;0;
Dethe;;0;56.50;8;180;18;15;117;0;
Guriza;;0;56.13;8;187;63;18;104;3;
Yunna;;4;57.88;8;188;61;19;102;1;
Bkkbiatch;;0;53.56;8;194;24;13;143;0;
Virty;;0;51.81;8;194;27;15;123;0;
Ella;;0;55.13;8;201;27;20;107;0;
Vitrifaust;;0;60.06;8;231;37;16;116;1;
Egot;Challenger;0;50.69;8;239;86;20;97;3;
Merlin;;0;51.19;8;243;66;18;113;1;
Victoria;;0;55.13;8;250;47;11;145;0;
Thunder;;0;56.38;8;262;20;12;139;0;
Ozma;;0;51.81;8;300;76;11;144;0;
Kusinne;;0;49.25;8;323;91;6;158;2;
Sirzi;;16;51.44;8;326;127;27;62;2;
Amis;;0;51.44;8;380;127;7;162;5;
Lallavi;;0;52.00;8;384;79;17;110;0;
Pass;;0;49.06;8;407;148;11;136;3;
Cobra;;0;49.38;8;433;180;16;142;1;
Ibrilot;;0;48.69;8;554;265;9;232;5;
Lokak;;0;49.00;8;566;280;12;152;10;
Twitchy;;0;51.25;7;35;9;14;141;0;
Event;;18;56.56;7;101;5;8;157;0;
Empyrean;;0;61.69;7;105;15;17;113;2;
Vushehi;;0;61.75;7;106;12;16;120;0;
Ishil;;0;57.06;7;109;17;21;94;0;
Kogone;;100;62.94;7;117;4;22;89;0;
Kora;;10;43.63;7;119;30;12;138;1;
Lujun;;0;56.06;7;123;19;19;104;0;
Emivri;;0;51.81;7;133;15;16;115;0;
Rubi;;0;59.31;7;133;15;20;93;0;
Ircerce;;0;54.19;7;144;22;7;156;0;
Kothass;;0;58.69;7;150;16;10;150;0;
Geico;;0;49.69;7;172;55;16;115;3;
Egin;;0;55.88;7;175;27;16;120;1;
Jimmy;;0;53.38;7;188;54;23;82;3;
Amoz;;0;53.81;7;201;29;17;108;0;
Ecizeg;;0;51.19;7;213;19;15;123;1;
Jaina;;0;59.31;7;218;23;6;177;0;
Ruvube;;0;53.25;7;219;33;14;125;1;
Divine;;0;53.88;7;221;27;8;154;1;
Ivut;;0;53.44;7;227;63;21;93;2;
Malthus;;0;50.00;7;230;18;16;116;7;
Ohonrum;;0;52.19;7;232;34;17;114;2;
Gasa;;0;59.81;7;233;68;17;142;3;
Igrez;;0;56.13;7;239;49;8;154;5;
Amudnus;;0;55.69;7;239;82;21;109;0;
Aceshi;;0;48.69;7;239;41;12;141;0;
Gefrog;;0;49.38;7;241;34;7;162;3;
Tithati;;0;54.81;7;245;38;17;116;2;
Icpmoon;;0;50.56;7;251;97;15;119;7;
Dachimi;;0;54.38;7;254;62;21;94;4;
Mordad;;0;55.75;7;258;71;17;130;2;
Nonrirta;;0;55.00;7;261;114;15;122;3;
Buzzard;;0;52.50;7;265;62;18;107;3;
Caeltas;;0;47.13;7;268;41;13;128;2;
Ircot;;0;53.06;7;269;76;18;119;8;
Zeka;;0;48.25;7;273;56;11;142;6;
Hise;;0;54.25;7;275;55;9;149;3;
Annun;;0;49.56;7;276;33;16;118;0;
Unlike;;0;52.31;7;284;66;13;131;11;
Meme;;0;57.06;7;287;90;21;94;0;
Manumaus;;0;52.06;7;289;67;25;87;0;
Rbroz;;0;29.64;7;290;18;8;158;30;
Vuna;;0;48.31;7;291;62;9;151;0;
Omom;;0;49.06;7;297;87;3;189;1;
Nekil;;0;51.94;7;297;51;11;142;8;
Itum;;0;54.63;7;300;22;10;144;1;
Ejeba;;0;43.75;7;300;96;19;97;5;
Romod;;0;54.56;7;304;45;17;109;2;
Imus;;17;53.56;7;310;73;16;120;3;
Sujil;;0;39.88;7;311;117;12;137;1;
Vera;;0;53.50;7;312;59;17;120;2;
Sakhalin;;0;50.38;7;312;64;17;114;2;
Richbobo;;0;46.00;7;315;83;17;116;0;
Erinned;;0;52.44;7;325;145;16;116;4;
Megana;;6;51.50;7;327;29;9;149;0;
Aginoz;;0;51.25;7;339;57;22;84;5;
Lesos;;0;47.31;7;352;78;16;118;2;
Marsha;;0;45.00;7;352;110;10;147;8;
Grackle;;0;54.38;7;358;86;16;121;1;
Yennifer;;0;54.19;7;359;142;17;143;3;
Warfear;;0;41.25;7;384;100;19;102;4;
Emuchug;;0;54.06;7;396;71;14;122;2;
Arzevriz;;0;42.44;7;397;73;21;95;1;
Inarzit;;0;51.75;7;400;65;14;126;6;
Cleo;;0;55.38;7;408;101;10;148;17;
Shar;;0;49.50;7;408;86;13;132;17;
Tuva;;0;48.94;7;424;95;12;138;4;
Dogis;;0;47.00;7;442;92;6;166;2;
Sera;;0;49.00;7;444;148;14;126;2;
Icarus;;0;44.00;7;450;232;16;112;3;
Rudnak;;0;42.06;7;493;157;17;111;8;
Lydia;;0;42.44;7;498;117;10;136;24;
Ehure;;0;44.06;7;515;237;28;70;15;
Bobz;;0;54.50;7;518;175;19;103;7;
Ellzorg;;0;47.38;7;519;202;19;102;14;
Thor;;0;54.56;7;532;115;19;96;11;
Atis;;0;51.25;7;542;184;24;112;13;
Ibisa;;0;50.75;7;545;316;22;182;2;
Jinx;;0;49.94;7;557;214;19;102;5;
Bumchum;;0;40.31;7;578;127;17;109;11;
Nora;;0;44.50;7;597;239;13;125;12;
Cofrenna;;0;51.38;6;76;5;16;124;0;
Buzzbee;;0;59.50;6;89;0;18;110;0;
Ograk;;0;56.06;6;94;7;23;87;0;
Balloo;;0;54.50;6;114;4;11;142;0;
Ethednul;;0;54.13;6;119;10;9;154;0;
Cejica;;0;55.25;6;119;4;20;102;0;
Master;;0;51.50;6;121;10;18;110;0;
Roze;;0;63.19;6;125;1;14;130;0;
Prince;;0;44.69;6;130;13;18;109;0;
Tora;;0;53.56;6;130;18;16;118;0;
Esot;;0;49.31;6;139;5;18;109;0;
Rubi;;0;48.69;6;140;12;21;90;0;
Abrid;;0;50.38;6;142;14;24;79;2;
Holeg;;0;57.44;6;143;11;25;72;0;
Onradot;;0;50.50;6;144;18;15;124;0;
Senadi;;0;57.94;6;145;6;10;146;0;
Zikola;;0;52.94;6;146;28;14;128;2;
Nijit;;0;56.38;6;147;5;13;133;0;
Stars;;0;43.75;6;148;12;18;108;0;
Makowka;;0;61.63;6;150;5;15;123;0;
Gokair;;0;54.13;6;150;22;10;150;0;
Jordina;;0;50.38;6;154;18;20;98;1;
Honut;;0;48.88;6;154;32;17;113;0;
Malentot;;0;46.81;6;155;23;24;76;0;
Voluntas;;0;54.44;6;155;17;10;143;2;
Itachi;;0;43.25;6;162;4;8;160;0;
Morgana;;0;47.81;6;164;30;10;150;0;
Isid;;0;53.56;6;165;25;17;115;0;
Auwie;;0;47.69;6;166;44;28;58;1;
Kurduga;;0;51.88;6;166;30;19;102;3;
Muciva;;0;48.56;6;168;18;12;143;0;
Mijica;;0;48.19;6;169;23;13;133;1;
Kili;;0;49.44;6;169;20;9;152;1;
Arcishi;;0;51.63;6;170;60;21;99;5;
Ickabog;;0;54.94;6;171;14;16;118;1;
Estupido;;0;38.88;6;171;30;16;128;0;
Gore;;0;46.88;6;175;34;23;85;0;
Orkole;;0;37.69;6;180;30;1;200;3;
Kuzgunbey;;0;46.25;6;181;21;18;108;0;
Dreico;;0;46.88;6;182;24;10;145;2;
Kenesa;;0;47.31;6;183;17;14;124;1;
Ivent;;0;44.94;6;183;31;19;101;5;
Nechuk;;0;50.81;6;183;57;22;94;2;
Gold;;0;44.38;6;184;72;31;49;2;
Gwindor;;0;50.06;6;187;21;8;162;1;
Malganis;;0;46.88;6;193;36;21;94;1;
Kathyyyy;;0;39.88;6;196;39;18;112;0;
Zohaze;;0;52.56;6;196;11;12;138;0;
Juds;;0;48.13;6;197;15;17;116;0;
Xpfella;;0;35.19;6;198;19;13;138;4;
Asihum;;0;55.50;6;199;56;21;95;4;
Xandrelica;;0;56.50;6;201;18;15;123;1;
Ovreg;;0;40.63;6;203;20;19;104;0;
Melissa;;0;49.56;6;204;58;13;132;2;
Sorry;;0;43.19;6;208;71;17;113;0;
Zerduke;;0;52.06;6;209;15;23;80;1;
Maxyl;;0;48.13;6;209;35;12;145;0;
Galactica;;0;39.88;6;209;33;23;75;2;
Tgreta;;0;50.31;6;212;49;20;103;1;
Hasheme;;0;52.31;6;214;21;17;113;2;
Drew;;0;48.94;6;217;51;19;103;6;
Temporaria;;0;48.88;6;217;47;20;106;1;
Frea;;0;48.19;6;219;27;14;130;2;
Otin;;0;47.69;6;222;16;18;109;0;
Nubisi;;0;46.31;6;224;51;19;104;1;
Piabaras;;0;42.88;6;226;42;18;105;1;
Suhebe;;0;53.56;6;226;13;12;140;0;
Dark;;0;48.56;6;229;24;15;117;3;
Voluge;;0;47.56;6;229;66;17;113;10;
Mager;;0;42.50;6;229;57;16;119;3;
Xuner;;0;44.19;6;229;32;11;142;1;
Pucmidrat;;0;51.13;6;231;13;21;92;0;
Mega;;0;50.94;6;233;13;14;128;1;
Morgana;;0;36.69;6;234;43;19;104;3;
Harzi;;0;44.06;6;235;51;10;148;1;
Nevemnegra;;0;51.19;6;236;18;14;125;2;
Mara;;0;53.63;6;237;51;10;150;3;
Teka;;0;50.81;6;237;23;13;135;4;
Kirzuz;;0;50.13;6;238;22;23;84;0;
Steve;;0;50.75;6;239;8;9;152;0;
Ovrata;;0;48.00;6;243;58;21;108;0;
Edaha;;0;45.00;6;243;46;26;67;0;
Birus;;0;42.63;6;245;26;20;99;0;
Tekara;;0;48.75;6;246;22;14;129;1;
Veronica;;0;49.50;6;247;61;7;163;1;
Hiseca;;0;40.44;6;248;20;8;158;3;
Ammebara;;0;44.88;6;248;58;12;135;0;
Genas;;0;46.31;6;249;32;22;85;0;
Primo;;0;45.56;6;252;38;14;127;6;
Alet;;0;49.69;6;252;47;13;143;1;
Qwesdy;;0;44.00;6;253;28;16;119;4;
Cedechi;;0;50.38;6;254;62;15;123;2;
Zacker;;0;41.13;6;256;85;13;133;3;
Tomomo;;0;37.63;6;256;66;11;142;3;
Erces;;0;38.00;6;256;77;17;110;6;
Ahurcat;;0;52.44;6;257;67;16;118;7;
Arol;;0;50.75;6;257;8;17;116;0;
Zefre;;0;38.69;6;259;112;6;165;1;
Krul;;0;47.44;6;261;100;10;153;8;
Event;;0;42.50;6;262;55;7;161;1;
Loka;;0;50.06;6;263;34;15;120;0;
Sihol;;0;45.63;6;264;67;13;133;3;
Ermahgerd;;0;46.75;6;265;49;15;121;2;
Idnes;;0;38.81;6;267;40;9;149;0;
Duglas;;0;37.25;6;272;56;12;143;3;
Zero;;0;47.50;6;272;52;15;119;0;
Ohadne;;0;46.63;6;275;40;15;129;2;
Zati;;0;49.81;6;276;17;19;103;1;
Orkis;;0;44.06;6;277;113;19;97;2;
Azibeg;;0;49.69;6;279;51;17;116;0;
Kehi;;0;44.38;6;279;71;18;108;4;
Navushe;;0;46.25;6;279;105;10;143;1;
Winny;;0;43.94;6;282;121;15;133;1;
Alena;;0;43.56;6;282;33;14;129;1;
Leolion;;0;35.31;6;294;85;18;107;5;
Tule;;0;45.00;6;296;55;15;118;4;
Amnkym;;0;48.50;6;297;70;17;121;1;
Talinda;;0;48.75;6;298;22;11;140;1;
Ekoz;;0;43.63;6;298;93;11;139;7;
Ocanis;;0;38.56;6;299;97;12;141;3;
Zarcara;;0;50.88;6;299;16;12;135;1;
Esira;;0;36.50;6;301;65;21;89;5;
Creampie;;0;46.69;6;301;28;4;176;0;
Voha;;0;45.88;6;304;66;18;103;1;
Kathera;;0;46.81;6;306;102;12;137;7;
Nethe;;0;48.31;6;308;68;10;146;4;
Gweoyl;;0;45.06;6;310;74;24;77;4;
Tala;;0;44.56;6;314;58;16;121;2;
Akcijam;;0;45.81;6;314;32;6;165;0;
Hera;;0;50.44;6;316;54;8;158;5;
Trasfuker;;0;44.81;6;317;92;12;186;3;
Kenshin;;0;46.75;6;318;86;22;87;14;
Rema;;0;41.88;6;320;167;14;128;3;
Cavathe;;0;49.13;6;320;87;19;98;0;
Zelda;;0;44.38;6;320;130;20;90;1;
Zuhe;;0;46.75;6;320;50;15;124;2;
Muerte;;0;44.13;6;328;43;19;108;1;
Inrot;;0;43.63;6;328;38;10;142;5;
Choi;;0;45.94;6;329;84;6;166;2;
Aethiel;;0;39.00;6;332;68;19;98;1;
Lowlander;;0;40.38;6;334;135;11;139;2;
Dagri;;0;36.44;6;335;57;9;149;3;
Magus;;0;39.25;6;337;87;10;142;3;
Durtul;;0;51.88;6;337;31;13;130;0;
Zilira;;0;36.80;6;338;118;11;139;2;
Zeci;;0;51.38;6;344;113;11;144;1;
Mite;;0;36.31;6;347;70;14;125;9;
Ninnn;;0;46.81;6;348;75;9;151;0;
Bitek;;0;40.38;6;353;56;11;137;4;
Lurzedre;;0;44.31;6;354;42;12;136;1;
Atasa;;0;45.25;6;354;46;8;160;0;
Gara;;0;37.94;6;357;70;7;157;3;
Taxman;;0;46.88;6;359;28;11;143;2;
Firstanb;;0;47.75;6;361;116;8;156;1;
Ergokri;;0;36.44;6;366;134;17;115;0;
Comemi;;0;39.94;6;373;99;15;120;5;
Soso;;0;45.75;6;377;79;20;100;3;
Eleanor;;0;40.44;6;377;90;18;112;4;
Welcome;;0;38.75;6;381;124;18;102;10;
Nazarious;;0;41.94;6;384;70;17;118;0;
Otejen;;0;43.50;6;388;63;14;120;0;
Athemak;;0;37.06;6;389;53;17;109;1;
Itirka;;0;31.56;6;397;30;8;155;2;
Madnobi;;0;41.44;6;402;63;16;113;11;
Navi;;0;44.71;6;404;97;13;128;1;
Zihirta;;0;41.81;6;405;159;8;159;7;
Emaja;;0;31.06;6;412;112;5;176;7;
Nodna;;0;19.63;6;424;45;16;114;7;
Zogurzi;;0;44.63;6;426;180;20;95;6;
Bethi;;0;38.00;6;427;121;17;111;3;
Angel;;0;47.06;6;427;110;15;118;2;
Zese;;0;32.13;6;433;116;20;96;7;
Blue;;0;37.06;6;438;138;18;107;2;
Evul;;0;44.88;6;438;146;11;139;6;
Exeneban;;0;42.63;6;441;127;17;108;6;
Javier;;0;35.88;6;453;154;14;151;4;
Eventus;;0;45.75;6;472;108;19;104;2;
Dirtyleg;;0;40.87;6;472;146;11;162;6;
Jaina;;0;34.19;6;481;104;10;146;2;
Natasha;;0;42.44;6;485;120;11;144;6;
Democha;;0;40.13;6;487;186;15;125;0;
Puri;;0;46.75;6;499;211;6;171;11;
Dica;;0;38.75;6;500;186;22;90;8;
Oksasfant;;0;38.38;6;513;91;9;145;4;
Kingsize;;0;39.19;6;515;148;15;124;18;
Magina;;0;37.69;6;519;139;12;143;18;
Ivrat;;0;41.75;6;521;146;13;130;2;
Birka;;0;40.31;6;542;96;13;130;2;
Woorunner;;0;39.81;6;547;170;13;133;1;
Magi;;0;43.75;6;547;194;9;162;2;
Magmax;;0;35.38;6;565;134;16;116;7;
Vadriha;;0;39.25;6;584;247;8;171;16;
Magan;;0;33.31;6;585;90;13;126;0;
Jora;;0;43.56;6;586;289;16;110;5;
Deki;;0;45.56;6;592;132;21;85;5;
Zevri;;0;40.25;5;56;8;25;92;0;
Dini;;0;48.79;5;66;12;21;96;0;
Tara;;0;51.50;5;82;7;22;90;0;
Heven;;0;35.94;5;90;9;23;87;0;
Katashi;;0;29.94;5;104;3;18;108;3;
Vazuka;;10;58.44;5;105;4;19;104;0;
Paula;;0;44.81;5;113;10;7;163;0;
Nitoma;;0;29.75;5;116;18;19;105;0;
Null;;0;52.38;5;121;4;17;118;0;
Nolle;;0;43.56;5;127;10;21;95;0;
Gorirca;;0;44.94;5;129;15;21;92;0;
Trans;;0;36.00;5;130;14;16;113;0;
Gesil;;0;55.25;5;134;9;14;129;0;
Haze;;0;43.56;5;134;5;27;65;0;
Clover;;0;38.00;5;135;24;21;96;0;
Gingerking;;0;47.69;5;136;7;22;89;0;
Ginigigi;;0;38.31;5;143;15;21;94;0;
Abrog;;0;35.81;5;144;23;10;150;0;
Chen;;0;40.88;5;148;17;10;145;0;
Ebushe;;0;38.38;5;148;29;20;100;0;
Sehe;;0;55.94;5;149;26;14;133;0;
Doka;;0;35.50;5;152;45;20;96;0;
Setevievt;;0;45.69;5;155;8;13;132;0;
Cassandre;;0;45.44;5;157;16;23;84;0;
Radra;;0;39.75;5;159;5;0;198;0;
Inflames;;0;40.44;5;160;12;16;118;0;
Ezik;;0;42.31;5;160;12;7;161;0;
Enrigi;;0;40.50;5;160;22;24;80;0;
Cokigra;;0;47.13;5;163;19;18;109;0;
Jecimi;;0;39.19;5;164;5;10;150;0;
Coda;;0;40.56;5;165;16;24;77;0;
Zahe;;0;42.00;5;170;25;17;111;0;
Holy;;0;46.50;5;170;8;6;168;0;
Obafra;;0;42.00;5;171;22;24;75;0;
Yenefer;;0;42.56;5;171;15;20;102;0;
Ejugris;;0;31.56;5;173;20;10;148;1;
Vice;;0;39.38;5;174;10;15;121;0;
Koroneshot;;0;30.06;5;176;26;8;154;0;
Manra;;0;45.31;5;176;5;14;132;0;
Hurkem;;0;38.75;5;178;29;8;160;0;
Oduzom;;0;54.19;5;179;8;13;131;0;
Bozipower;;0;41.38;5;179;47;19;100;0;
Lolka;;0;38.56;5;179;15;17;111;0;
Suna;;0;47.94;5;183;11;9;157;0;
Kimog;;0;43.31;5;183;7;11;144;0;
Mingming;;0;34.50;5;195;36;7;161;0;
Tanja;;0;39.88;5;197;20;11;150;0;
Kokondawo;;0;34.69;5;198;46;17;112;0;
Ennekud;;0;38.75;5;203;17;15;123;0;
Irula;;0;42.88;5;205;13;14;126;0;
Letos;;0;39.13;5;205;54;15;122;0;
Megi;;0;38.75;5;211;16;7;163;1;
Magalin;;0;36.56;5;214;17;16;114;0;
Vodkao;;0;41.63;5;216;34;18;109;0;
Jazmer;;0;35.50;5;217;41;13;133;4;
Pandekaduo;;0;45.63;5;217;38;15;119;0;
Whisper;;0;39.13;5;219;47;14;133;1;
Acudaira;;0;43.19;5;222;27;6;164;0;
Applemaru;;0;39.81;5;230;16;21;92;0;
Tila;;0;35.56;5;233;19;17;113;0;
Billy;;0;37.81;5;243;34;15;123;1;
Nirvana;;0;30.69;5;249;55;23;83;1;
Colum;;0;35.88;5;253;18;17;110;0;
Jothod;;0;34.75;5;253;35;9;154;0;
Diamonds;;0;27.13;5;253;48;12;130;0;
Balkon;;0;32.50;5;254;51;20;111;0;
Ocheken;;0;30.63;5;257;37;18;109;0;
Hoci;;0;27.25;5;257;54;27;68;2;
Morcid;;0;35.88;5;258;64;20;101;0;
Zidrali;;0;36.38;5;258;27;12;133;0;
Zerkek;;0;32.25;5;259;55;17;107;0;
Psycho;;0;43.88;5;260;69;16;114;0;
Zora;;0;46.44;5;261;13;6;171;0;
Trinity;;0;31.56;5;266;68;10;145;0;
Brangxd;;0;36.81;5;269;13;9;151;0;
Jovuhe;;0;35.75;5;272;94;18;110;0;
Muninger;;0;41.06;5;272;41;17;124;0;
Azel;;0;28.06;5;273;34;13;132;3;
Obobra;;0;43.56;5;276;91;14;141;0;
Zuji;;0;33.44;5;279;68;10;143;1;
Tufruthe;;0;46.50;5;280;20;18;108;0;
Varce;;0;35.43;5;281;52;18;110;0;
Zime;;0;39.94;5;285;51;14;127;0;
Ezabe;;0;40.06;5;289;24;11;143;0;
Zerga;;0;42.25;5;289;25;18;107;0;
Mintz;;0;32.75;5;289;40;13;134;0;
Saze;;0;32.50;5;292;38;20;96;3;
Mazal;;0;32.19;5;294;69;21;96;0;
Jahal;;0;33.25;5;296;15;10;144;0;
Nudal;;0;33.75;5;297;56;14;124;1;
Achinnuz;;0;39.44;5;297;26;13;133;0;
Illul;;0;33.44;5;301;60;22;98;0;
Mksm;;0;29.63;5;302;62;17;115;0;
Vashake;;0;29.56;5;306;79;17;110;0;
Fred;;0;35.69;5;310;26;12;135;1;
Kita;;0;40.50;5;311;18;13;128;0;
Zishez;;0;33.44;5;318;79;8;161;2;
Vidne;;0;33.44;5;319;70;16;113;0;
Aradruz;;0;32.38;5;321;40;14;127;2;
Stefanette;;0;43.31;5;331;32;10;150;0;
Carata;;0;40.50;5;333;83;16;119;1;
Olates;;0;35.50;5;333;47;10;142;1;
Azid;;0;33.88;5;336;44;16;116;0;
Babi;;0;34.25;5;336;81;9;155;0;
Zoma;;0;32.19;5;352;118;16;116;2;
Zevid;;0;30.20;5;353;36;11;142;1;
Ednuze;;0;36.25;5;358;64;10;147;0;
Bishole;;0;34.94;5;365;67;17;114;0;
Zachida;;0;35.75;5;366;118;12;139;0;
Oshul;;0;29.63;5;367;53;15;121;1;
Vufra;;0;35.81;5;374;33;11;142;0;
Dorcia;;0;35.38;5;374;88;19;108;0;
Isobel;;0;36.81;5;378;88;19;101;0;
Pattoriku;;0;33.13;5;385;76;13;134;2;
Blazko;;0;29.56;5;386;126;27;69;4;
Laotsu;;0;30.50;5;387;67;15;124;2;
Amez;;0;38.38;5;390;78;15;122;0;
Lrina;;0;34.63;5;392;73;14;123;1;
Atak;;0;37.06;5;393;76;10;144;0;
Luka;;0;43.56;5;398;77;10;151;0;
Drdoom;;0;28.19;5;400;107;18;112;0;
Lozard;;0;29.44;5;410;138;3;181;10;
Jadil;;0;33.00;5;418;162;17;115;0;
Vatile;;0;30.63;5;425;108;12;136;2;
Korda;;0;31.50;5;428;113;15;125;4;
Cojoz;;0;38.19;5;444;222;28;158;0;
Roban;;0;31.25;5;462;64;17;118;0;
Trzeci;;0;27.56;5;465;140;19;103;0;
Capiroto;;0;46.19;5;466;30;2;188;1;
Sinninri;;0;31.31;5;470;109;13;135;2;
Dehethe;;0;39.63;5;477;108;10;148;0;
Erkos;;0;34.94;5;498;149;9;157;8;
Lelliz;;0;46.31;5;518;125;4;180;0;
Hurtzdonut;;0;30.00;5;523;147;19;103;6;
Soda;;0;32.50;5;550;50;10;143;1;
Ashime;;0;34.06;5;553;144;9;153;0;
Zilli;;0;32.56;5;560;147;18;108;0;
Angel;;0;30.44;5;568;216;10;160;0;
Osun;;0;26.94;5;587;180;17;121;32;
Regi;;0;30.69;5;590;166;12;139;1;
Jessica;;0;26.88;5;592;49;7;164;0;
Adreziz;;74;66.63;4;100;4;14;129;0;
Jesas;;0;44.38;4;107;4;9;159;0;
Kiiler;;0;40.38;4;115;11;14;127;0;
Raya;;0;40.13;4;142;24;16;117;0;
Meme;;0;33.50;4;149;15;13;131;0;
Gonareer;;0;38.00;4;149;44;23;83;0;
Magichino;;0;34.69;4;152;15;16;120;0;
Yenn;;0;34.81;4;154;35;13;134;0;
Ashadi;;0;31.19;4;156;25;6;174;0;
Abolish;;0;41.13;4;158;17;18;108;0;
Cherepun;;0;23.80;4;161;56;11;141;0;
Tali;;0;26.50;4;164;12;11;146;0;
Rozen;;0;29.29;4;170;17;16;123;0;
Pookah;;0;21.50;4;179;37;19;107;0;
Ircirkeg;;0;34.19;4;181;42;17;111;1;
Pohuist;;0;29.71;4;190;24;9;154;0;
Saint;;0;32.94;4;199;46;13;134;0;
Ethos;;0;29.63;4;199;35;16;118;0;
Kulla;;0;35.81;4;200;31;20;97;0;
Helug;;0;25.38;4;205;48;24;81;0;
Harcal;;0;31.81;4;206;28;7;164;0;
Bobudri;;0;25.63;4;206;44;20;99;0;
Minace;;0;31.81;4;207;57;10;145;1;
Otosha;;0;33.88;4;207;20;10;148;0;
Couilles;;0;32.73;4;211;19;15;123;0;
Yukoo;;0;25.88;4;213;44;19;104;2;
Krasotka;;0;32.44;4;213;68;15;129;0;
Mariluz;;0;36.25;4;220;30;13;134;0;
Thelegend;;0;34.44;4;225;18;8;158;0;
Siany;;0;33.88;4;226;19;14;126;0;
Sedne;;0;28.19;4;227;21;12;138;0;
Torta;;0;29.80;4;238;28;20;95;0;
Pluem;;0;33.25;4;247;39;7;161;0;
Vale;;0;22.19;4;247;47;17;111;1;
Ithannen;;0;31.69;4;250;32;14;127;0;
Babo;;0;26.81;4;256;64;18;106;1;
Pippi;;0;29.38;4;257;48;18;112;0;
Martha;;0;32.25;4;258;59;19;103;0;
Sisesha;;0;24.50;4;258;68;21;100;2;
Bodi;;0;23.06;4;264;65;10;144;3;
Ironsky;;0;24.63;4;265;70;14;127;0;
Killer;;0;22.80;4;266;61;17;111;0;
Raum;;0;31.31;4;268;50;14;127;0;
Botag;;0;24.38;4;268;139;15;120;5;
Zarra;;0;30.56;4;268;71;7;160;1;
Lorire;;0;31.25;4;269;72;17;113;1;
Sara;;0;28.63;4;279;33;15;122;1;
Aratark;;0;34.56;4;290;74;16;116;2;
Otirzad;;0;30.75;4;293;31;18;107;0;
Megumim;;0;30.31;4;297;52;16;116;1;
Orzini;;0;32.88;4;310;40;12;133;1;
Esushi;;0;29.75;4;312;117;14;126;2;
Noxx;;0;31.75;4;313;63;11;134;2;
Metaman;;0;28.88;4;316;98;13;125;2;
Hethe;;0;32.56;4;318;64;12;135;4;
Oshin;;0;21.19;4;322;44;11;142;1;
Hermione;;0;25.38;4;331;44;8;148;0;
Estrella;;0;30.88;4;331;74;6;163;1;
Tristana;;0;25.31;4;332;62;18;108;1;
Jarzufra;;0;33.94;4;334;50;3;186;1;
Etenuk;;0;24.63;4;337;55;9;159;1;
Habunne;;0;29.81;4;338;66;18;104;1;
Arave;;0;28.94;4;346;127;26;66;1;
Egle;;0;32.06;4;353;73;9;151;1;
Guga;;0;29.44;4;354;54;16;117;0;
Karcirzi;;0;29.56;4;360;117;12;141;0;
Dashude;;0;30.94;4;360;68;11;140;2;
Wanda;;0;18.88;4;366;66;11;143;13;
Flare;;0;28.69;4;371;116;11;148;2;
Marzi;;0;30.00;4;371;67;15;113;1;
Othak;;0;25.38;4;372;71;13;130;3;
Aswin;;0;19.69;4;378;261;14;147;5;
Sasuxa;;0;21.81;4;383;109;10;167;5;
Hikrelli;;0;30.38;4;387;98;11;141;6;
Mravol;;0;26.50;4;388;130;15;135;6;
Whitehand;;0;24.81;4;390;90;18;106;3;
Cara;;0;24.63;4;405;133;20;100;5;
Tuli;;0;28.38;4;417;90;12;136;1;
Ometeg;;0;30.19;4;418;127;19;97;2;
Zodus;;0;28.38;4;420;149;15;117;2;
Sushudra;;0;25.06;4;429;74;9;145;1;
Izuril;;0;27.63;4;454;134;13;136;10;
Sune;;0;26.13;4;459;54;8;147;3;
Oletug;;0;29.56;4;460;89;12;135;1;
Azada;;0;30.13;4;461;169;11;142;3;
Kori;;0;17.31;4;476;122;9;151;1;
Rapture;;0;31.94;4;485;57;13;135;1;
Alexnew;;0;25.63;4;488;170;15;142;5;
Zakezi;;0;32.81;4;491;62;13;132;0;
Luke;;0;22.19;4;492;47;13;133;0;
Sillim;;0;21.69;4;498;118;10;144;3;
Ocila;;0;25.40;4;499;100;12;124;3;
Gallicus;;0;22.44;4;501;125;9;152;1;
Desmond;;0;25.36;4;505;213;23;80;3;
Bedne;;0;24.94;4;506;212;16;122;1;
Adrek;;0;24.31;4;508;214;15;122;0;
Kitel;;0;21.63;4;575;113;15;130;3;
Vuhuz;;0;25.81;4;583;243;16;124;1;
Daisy;;0;32.94;4;591;234;18;106;3;
Nitha;;0;23.44;4;594;121;13;118;12;
Draco;;0;17.94;4;597;149;15;120;16;
Conassa;;0;16.81;3;95;45;12;136;0;
Cuthadri;;0;22.06;3;98;16;14;125;0;
Valdoche;;0;31.06;3;124;17;15;123;1;
Abake;;0;23.44;3;146;43;14;127;0;
Korjj;;0;27.38;3;150;35;19;96;0;
Moji;;0;24.25;3;154;25;17;113;0;
Gregor;;0;23.19;3;158;18;17;112;0;
Totek;;0;26.56;3;164;36;13;130;0;
Hunni;;0;30.50;3;170;45;14;130;0;
Kebabe;;0;19.63;3;179;45;19;99;2;
Smith;;0;24.50;3;182;27;12;138;0;
Quira;;0;19.06;3;183;28;12;140;0;
Dalat;;0;41.94;3;183;31;15;124;1;
Sura;;0;21.00;3;186;40;15;126;2;
Tagi;;0;32.38;3;193;16;20;99;0;
Orion;;0;31.13;3;193;16;10;150;0;
Firefly;;0;21.75;3;195;57;15;120;0;
Yedoong;;0;31.69;3;196;33;8;161;0;
Joon;;0;27.69;3;199;56;16;116;0;
Esirza;;0;19.31;3;199;17;6;169;0;
Alig;;0;28.13;3;203;26;15;127;0;
Sheyna;;0;21.50;3;205;35;23;83;0;
Archie;;0;19.19;3;213;46;22;88;0;
Rohira;;0;28.31;3;216;63;15;123;1;
Lauraish;;0;21.56;3;220;50;16;118;1;
Olotha;;0;23.44;3;226;42;15;124;0;
Ahin;;0;19.07;3;227;61;22;89;0;
Mara;;0;17.31;3;228;62;13;145;3;
Tirtelli;;0;29.50;3;229;78;5;167;1;
Barka;;0;18.86;3;231;48;17;116;1;
Perez;;0;18.44;3;231;39;27;62;4;
Mitos;;0;20.50;3;234;61;15;120;0;
Egenid;;0;24.44;3;235;76;15;130;0;
Hannuta;;0;23.88;3;236;48;4;171;0;
Vele;;0;25.56;3;243;92;19;99;3;
Suppizer;;0;25.19;3;246;31;15;122;1;
Ragrid;;0;22.20;3;246;44;9;152;0;
Hayoul;;0;27.88;3;246;49;13;139;1;
Stronggirl;;0;22.00;3;247;34;20;92;2;
Acheme;;0;27.88;3;247;64;28;54;2;
Diana;;0;19.94;3;248;49;11;139;1;
Lyly;;0;21.50;3;250;59;20;97;0;
Iron;;0;26.13;3;252;91;12;140;1;
Jede;;0;28.00;3;252;60;22;88;0;
Eren;;0;28.63;3;254;57;20;98;1;
Zorko;;0;16.38;3;259;68;22;87;1;
Arten;;0;27.06;3;261;25;12;139;2;
Veze;;0;21.50;3;262;63;9;152;1;
Cenuz;;0;20.25;3;264;70;14;128;0;
Otifrim;;0;28.38;3;264;55;13;137;1;
Sooqa;;0;22.25;3;270;65;11;144;0;
Kanre;;0;16.50;3;270;44;21;86;0;
Otravez;;0;18.00;3;271;47;16;115;0;
Karina;;0;19.93;3;272;65;9;149;2;
Zedisi;;0;19.69;3;275;54;15;122;2;
Traingonvn;;0;22.31;3;278;56;17;106;1;
Honam;;0;18.50;3;278;65;15;124;1;
Fran;;0;24.06;3;281;64;13;131;0;
Vada;;0;24.25;3;281;73;15;123;0;
Adekas;;0;21.88;3;281;91;13;135;2;
Keise;;0;24.50;3;281;87;21;95;0;
Vatrix;;0;27.63;3;281;60;14;123;1;
Warlock;;0;22.94;3;282;41;12;137;1;
Deboz;;0;19.75;3;283;126;11;158;1;
Luchi;;0;22.85;3;288;50;23;82;0;
Akom;;0;22.00;3;292;67;7;164;0;
Acil;;0;20.88;3;292;58;17;109;0;
Kerkika;;0;25.00;3;293;113;16;113;0;
Ethat;;0;20.69;3;298;96;22;93;1;
Vizir;;0;20.44;3;298;86;12;134;4;
Ederzi;;0;23.69;3;298;53;16;116;2;
Aramis;;0;17.06;3;302;85;16;113;0;
Yaloch;;0;28.44;3;304;54;21;92;2;
Redshirt;;0;23.56;3;304;92;28;80;3;
Hukra;;0;24.75;3;308;66;6;178;2;
Freya;;0;24.25;3;314;142;17;111;1;
Minimaus;;0;31.13;3;314;26;8;158;2;
Lele;;0;27.69;3;315;89;15;137;1;
Ihonne;;0;22.00;3;316;85;19;103;0;
Ovok;;0;27.19;3;323;60;9;149;2;
Gibi;;0;21.19;3;323;85;12;159;0;
Tortuga;;0;19.94;3;324;74;15;112;1;
Trese;;0;30.36;3;324;107;12;140;0;
Bogyo;;0;23.69;3;328;99;10;179;0;
Ercarkis;;0;20.81;3;333;91;10;150;2;
Chobz;;0;21.13;3;334;114;17;140;2;
Echis;;0;21.88;3;341;70;9;152;0;
Einhorn;;0;24.75;3;347;90;18;134;3;
Turgan;;0;15.44;3;352;54;20;88;2;
Ziha;;0;24.81;3;354;57;24;80;1;
Koshute;;0;20.63;3;362;84;11;144;1;
Carire;;0;29.38;3;362;52;13;132;3;
Gold;;0;23.75;3;374;84;13;130;0;
Susha;;0;15.19;3;375;122;7;158;1;
Ollie;;0;18.50;3;376;190;13;156;4;
Hamela;;0;19.81;3;378;159;6;173;2;
Kome;;0;30.06;3;379;129;15;117;3;
Egikres;;0;21.63;3;387;157;15;123;2;
Blasty;;0;20.75;3;391;35;9;149;2;
Jenny;;0;24.81;3;393;78;12;138;1;
Jacom;;0;20.19;3;394;122;13;126;2;
Shree;;0;29.69;3;401;61;22;85;0;
Isanin;;0;17.56;3;409;87;5;168;3;
Miki;;0;26.00;3;409;151;29;72;5;
Kordonut;;0;26.75;3;425;174;11;142;2;
Seke;;0;23.63;3;426;138;15;120;0;
Magician;;0;18.50;3;427;130;18;103;6;
Avrorti;;0;19.00;3;430;145;16;120;0;
Tari;;0;24.00;3;436;138;8;160;3;
Rihanna;;0;17.13;3;437;120;17;130;0;
Tekeka;;0;21.64;3;445;121;13;132;4;
Lamdaigia;;0;27.88;3;452;258;16;154;2;
Miren;;224;19.00;3;458;79;9;149;0;
Test;;0;15.31;3;458;123;16;118;1;
Banron;;0;28.50;3;462;94;5;175;3;
Diraha;;0;19.43;3;465;155;21;89;3;
Sotada;;0;18.06;3;468;122;25;77;4;
Mmmmmmm;;0;19.29;3;480;131;20;92;1;
Tiktikpoo;;0;19.81;3;481;229;17;121;2;
Legorze;;0;23.94;3;492;66;15;127;1;
Hotpants;;0;19.44;3;494;129;10;149;4;
Sana;;0;15.43;3;495;123;13;127;2;
Kiko;;0;29.88;3;509;254;20;113;7;
Vihi;;0;20.07;3;522;175;6;164;2;
Vigaba;;0;21.38;3;524;244;16;114;3;
Celithi;;0;20.69;3;525;262;20;122;1;
Cisa;;0;14.63;3;527;160;11;136;2;
Sillynilly;;0;29.63;3;531;94;7;169;5;
Bedi;;0;17.06;3;556;158;18;99;1;
Zardoz;;0;29.75;3;576;297;19;115;4;
Osat;;0;22.31;3;597;253;17;115;4;
Wdnmd;;0;12.31;3;599;169;16;110;8;
Maggie;;0;26.13;2;67;15;17;112;0;
Mandar;;0;49.25;2;98;2;16;122;0;
Cedric;;0;18.56;2;113;26;24;81;1;
Qazwsx;;0;24.69;2;114;14;13;140;0;
Ebraka;;0;17.06;2;119;6;9;155;0;
Icora;;0;13.07;2;122;29;10;152;0;
Ojovra;;0;52.19;2;124;2;24;80;0;
Horiison;;0;20.50;2;130;10;5;170;0;
Barlin;;0;43.00;2;131;8;13;136;0;
Sihut;;0;10.33;2;131;64;20;115;0;
Zorcorza;;0;20.69;2;134;25;17;115;0;
Esol;;0;21.17;2;136;13;15;126;0;
Ekram;;0;21.29;2;145;22;16;137;0;
Catheshi;;0;51.44;2;145;1;7;166;0;
Arale;;0;27.06;2;149;12;11;145;0;
Nethi;;0;15.06;2;149;6;9;150;0;
Jokil;;0;21.67;2;151;20;12;130;0;
Boridne;;0;24.13;2;153;7;18;112;0;
Sumim;;0;28.13;2;166;15;9;155;0;
Rinerde;;0;18.43;2;168;19;16;120;0;
Riley;;0;21.44;2;168;31;15;125;0;
Cenifri;;0;14.56;2;170;40;15;124;0;
Haze;;0;18.50;2;171;13;18;105;0;
Imuled;;0;17.80;2;173;13;13;133;0;
Logain;;0;11.44;2;173;39;17;119;0;
Valir;;0;20.38;2;175;26;17;113;0;
Sailar;;0;19.31;2;176;15;9;155;0;
Onurdul;;0;20.31;2;178;28;6;169;0;
Zdccf;;0;15.00;2;178;39;3;178;1;
Sebe;;0;14.38;2;179;32;10;150;0;
Wpee;;0;21.50;2;181;48;10;146;0;
Gold;;0;12.62;2;181;30;26;71;4;
Etihaz;;0;14.44;2;181;22;16;117;0;
Itilin;;0;17.13;2;185;25;16;116;0;
Jesus;;0;20.44;2;186;26;7;164;0;
Mumu;;0;15.63;2;187;12;14;131;0;
Khantorka;;0;13.79;2;193;28;16;116;0;
Heture;;0;18.69;2;193;17;15;122;0;
Ogurchik;;0;14.75;2;194;32;14;127;0;
Agrem;;0;18.00;2;195;22;16;118;0;
Monk;;0;19.75;2;196;31;13;133;0;
Magic;;0;13.63;2;196;38;16;114;4;
Onnedni;;0;17.69;2;198;23;19;107;0;
Yuzutop;;0;18.06;2;198;38;14;123;0;
Jedi;;0;15.25;2;198;25;17;111;0;
Ijachid;;0;16.31;2;200;40;12;137;1;
Alien;;0;20.44;2;201;14;9;151;0;
Boom;;0;21.13;2;203;13;11;145;0;
Ekun;;0;18.88;2;205;12;16;118;0;
Onrom;;0;17.81;2;209;25;10;146;0;
Aruk;;0;25.81;2;209;29;21;93;0;
Zurga;;0;17.69;2;211;23;13;135;0;
Direrda;;0;18.50;2;213;42;28;71;0;
Calliande;;0;11.88;2;213;30;12;132;1;
Jinrata;;0;20.69;2;219;47;16;118;0;
Irgertet;;0;15.40;2;219;33;15;123;1;
Milisha;;0;21.13;2;220;7;9;157;0;
Malahai;;0;14.86;2;220;53;3;184;1;
Maygina;;0;23.44;2;220;23;19;105;0;
Zibrid;;0;12.75;2;221;50;15;122;0;
Peach;;0;23.25;2;223;24;16;121;0;
Czesiekczk;;0;13.75;2;224;26;9;158;0;
Msblank;;0;17.50;2;224;55;19;101;0;
Bebret;;0;16.31;2;224;33;11;138;0;
Trulla;;0;15.07;2;228;37;11;142;0;
Sushog;;0;15.00;2;229;31;13;131;1;
Lesha;;0;10.44;2;229;25;10;150;0;
Akrothe;;0;14.73;2;230;43;27;78;1;
Good;;0;12.56;2;231;31;14;128;1;
Doom;;0;19.44;2;232;88;20;161;0;
Athogris;;0;20.19;2;232;50;15;126;0;
Gashem;;0;13.94;2;236;27;10;145;0;
Empress;;0;20.19;2;238;20;13;136;0;
Achudri;;0;17.86;2;239;31;6;165;0;
Vuli;;0;22.00;2;239;23;15;125;0;
Xxun;;0;13.63;2;242;40;19;116;0;
Ezaze;;0;19.38;2;242;36;5;173;0;
Birzi;;0;23.13;2;244;24;14;127;0;
Esiri;;0;16.19;2;244;36;5;172;1;
Vimod;;0;12.57;2;246;28;21;92;2;
Merlin;;0;16.31;2;246;14;15;124;0;
Warlock;;0;11.31;2;246;40;18;117;3;
Selena;;0;14.50;2;248;48;16;118;0;
Ajogrog;;0;14.36;2;249;75;15;126;0;
Jula;;0;13.93;2;250;26;19;104;1;
Ladure;;0;12.50;2;251;26;11;140;4;
Rare;;0;13.81;2;252;39;16;116;1;
Torten;;0;18.94;2;253;25;14;126;0;
Atuz;;0;15.63;2;258;27;15;122;0;
Murerke;;0;23.69;2;260;39;12;136;0;
Rinas;;0;14.50;2;260;26;4;179;0;
Blackdeath;;0;14.19;2;261;21;15;120;0;
Inckid;;0;20.80;2;261;47;9;151;1;
Erdala;;0;24.00;2;265;28;9;149;0;
Vardeza;;0;15.56;2;267;43;20;102;4;
Ihil;;0;20.06;2;267;7;7;167;0;
Rotel;;0;15.60;2;270;58;15;120;0;
Nele;;0;17.19;2;271;39;11;143;0;
Annorid;;0;20.19;2;273;19;25;76;0;
Atholia;;0;18.81;2;274;20;14;127;0;
Hilga;;0;10.69;2;277;67;18;108;4;
Godhand;;0;14.23;2;277;58;17;110;0;
Jakuci;;0;17.75;2;280;44;10;148;0;
Ijinna;;0;14.36;2;282;53;17;111;1;
Aldra;;0;18.38;2;282;28;9;156;0;
Orgeg;;0;17.69;2;282;29;5;171;0;
Scythe;;0;14.80;2;284;65;18;106;0;
Epsilon;;0;11.56;2;287;45;12;130;2;
Tiji;;0;18.38;2;288;52;12;142;0;
Quox;;0;16.29;2;289;45;10;143;0;
Vasilisc;;0;15.63;2;292;29;16;118;0;
Nikimage;;0;11.79;2;292;34;10;150;2;
Triss;;0;17.38;2;295;32;9;152;0;
Isheka;;0;15.38;2;302;60;24;81;1;
Acoze;;0;11.13;2;303;56;19;105;0;
Sebastian;;0;13.38;2;304;57;16;121;0;
Dichali;;0;19.25;2;306;44;12;138;0;
Helena;;0;21.31;2;309;63;12;136;0;
Gerzuki;;0;9.79;2;309;42;8;159;3;
Alizrias;;0;21.21;2;310;42;16;119;0;
Sarzode;;0;12.69;2;317;20;11;143;1;
Kece;;0;16.00;2;317;78;10;146;4;
Gebinne;;0;17.13;2;317;82;24;80;1;
Senrugra;;0;18.13;2;321;28;11;144;0;
Rayshamr;;0;14.00;2;324;24;13;135;1;
Rapcha;;0;16.19;2;325;43;12;137;0;
Cese;;0;17.69;2;326;52;18;109;0;
Cizig;;0;19.29;2;328;64;17;114;0;
Odis;;0;14.25;2;339;67;10;146;0;
Ekomi;;0;15.63;2;345;55;14;130;0;
Dukija;;0;19.81;2;348;60;9;145;0;
Guvros;;0;9.00;2;360;90;14;121;2;
Miamyn;;0;13.94;2;361;127;22;113;0;
Sudrone;;0;10.50;2;370;49;12;138;2;
Rohel;;0;19.00;2;382;93;9;148;0;
Nightchill;;0;8.83;2;396;32;13;133;1;
Taliesen;;0;12.87;2;399;27;16;119;0;
Ashas;;0;12.69;2;400;84;6;173;2;
Achille;;0;14.33;2;406;112;20;95;3;
Ased;;0;11.83;2;411;60;7;162;2;
Zavia;;0;18.25;2;421;31;10;144;0;
Silket;;0;13.36;2;421;57;10;144;1;
Evami;;0;10.94;2;422;109;7;160;3;
Asterius;;0;10.47;2;425;36;16;116;5;
Tonyh;;0;19.50;2;426;82;20;98;0;
Enneri;;0;14.88;2;426;84;20;109;0;
Death;;0;12.25;2;426;77;17;109;3;
Pusywoman;;0;13.57;2;436;96;9;152;2;
Shadow;;0;14.63;2;437;89;6;166;2;
Scotiina;;0;11.29;2;454;158;13;135;2;
Serefine;;0;13.75;2;458;81;18;102;2;
Rafri;;0;14.50;2;461;110;12;133;0;
Lifrana;;0;17.07;2;468;62;6;161;0;
Hamer;;0;8.58;2;471;33;19;99;8;
Ashaz;;0;12.14;2;474;51;11;137;4;
Innise;;0;12.94;2;492;78;20;104;0;
Godrathe;;0;20.81;2;503;31;15;129;0;
Robri;;0;11.60;2;522;97;17;109;13;
Lola;;0;16.50;2;524;50;9;148;0;
Tian;;0;10.50;2;527;96;22;87;8;
Rathag;;0;9.27;2;532;158;25;110;14;
Izuje;;0;13.44;2;534;98;7;157;8;
Lokizmate;;0;11.79;2;551;218;24;100;4;
Init;;0;10.60;2;552;81;11;143;3;
Inrok;;0;13.36;2;562;70;17;112;3;
Enachas;;0;10.63;2;589;173;10;150;10;
Adruva;;14;60.25;1;74;12;18;110;0;
Okek;;0;53.13;1;88;9;11;146;0;
Kubakri;;81;68.69;1;89;3;17;117;0;
Murdi;;7;60.75;1;112;17;15;128;0;
Bippytwaht;;0;35.38;1;114;6;16;119;0;
Yari;;0;22.56;1;123;5;19;100;0;
Shadow;;0;45.56;1;126;1;9;155;0;
Sutag;;0;13.19;1;138;17;17;119;1;
Spark;;0;27.44;1;142;4;18;111;0;
Lottoone;;0;30.40;1;142;21;14;127;0;
Zuga;;0;11.00;1;157;20;16;118;0;
Ithuzez;;0;10.38;1;165;48;17;123;0;
Etham;;0;18.44;1;170;2;18;113;0;
Ivada;;0;12.67;1;172;15;13;130;0;
Erus;;0;23.63;1;174;8;14;130;0;
Dili;;0;30.50;1;175;4;14;132;0;
Zoki;;0;10.50;1;178;34;7;166;1;
Silver;;0;33.69;1;180;9;8;157;0;
Helia;;0;10.08;1;181;9;24;78;0;
Wapati;;0;22.50;1;183;10;12;138;0;
Ozas;;0;22.25;1;188;16;20;99;0;
Ebragrol;;0;8.33;1;188;20;19;104;0;
Luma;;0;21.06;1;190;12;15;124;0;
Ryhor;;0;12.44;1;193;33;17;116;1;
Kala;;0;12.81;1;196;25;8;154;1;
Ruhast;;0;12.13;1;198;28;8;155;1;
Lishe;;0;9.63;1;199;10;10;141;0;
Emednun;;0;10.75;1;200;16;8;162;1;
Yondu;;0;12.63;1;202;18;12;136;0;
Sepron;;0;8.07;1;202;20;16;123;0;
Vorgam;;0;22.44;1;203;23;7;164;0;
Quest;;0;14.13;1;204;15;15;121;0;
Superxox;;0;11.27;1;205;47;15;124;1;
Mevrig;;0;10.60;1;209;11;15;121;0;
Byebyebye;;0;10.75;1;211;23;16;117;0;
Ishom;;0;11.81;1;213;23;12;136;0;
Haha;;0;9.73;1;218;66;20;98;2;
Mage;;0;12.75;1;219;25;9;155;0;
Othat;;0;12.69;1;224;21;12;141;0;
Echaka;;0;8.86;1;224;28;13;128;1;
Irkunam;;0;9.94;1;226;31;17;109;1;
Ekel;;0;13.63;1;231;30;14;129;1;
Xaanyr;;0;7.92;1;231;25;14;127;0;
Numpty;;0;27.88;1;233;14;14;128;1;
Rozotha;;0;10.82;1;234;17;14;125;1;
Lada;;0;9.27;1;234;31;14;130;0;
Zese;;0;10.75;1;236;52;12;141;0;
Snaatchey;;0;8.88;1;236;22;16;120;0;
Ades;;0;20.94;1;239;9;5;176;0;
Ceda;;0;11.63;1;239;16;9;154;0;
Zogroma;;0;12.00;1;241;20;16;118;0;
Arzoz;;0;12.85;1;242;33;18;109;0;
Merlin;;0;8.92;1;243;57;19;100;0;
Balem;;0;21.93;1;244;7;13;133;0;
Creampie;;0;21.75;1;246;13;9;153;0;
Enebre;;0;13.27;1;248;29;18;108;1;
Sedos;;0;8.71;1;250;32;20;95;1;
Fehu;;0;9.71;1;250;26;13;131;0;
Gode;;0;8.15;1;253;67;10;148;2;
Merlin;;0;11.14;1;259;21;8;162;0;
Chris;;0;15.31;1;259;13;11;142;0;
Angus;;0;10.13;1;261;39;18;107;1;
Rosie;;0;11.71;1;261;32;14;127;0;
Tavrere;;0;11.19;1;265;26;7;163;1;
Acidad;;0;11.38;1;265;14;13;133;0;
Cuuntbag;;0;13.19;1;269;42;14;126;2;
Hujos;;0;11.63;1;269;34;11;139;1;
Tessah;;0;12.43;1;269;29;8;152;0;
Sirke;;0;10.18;1;270;77;18;107;1;
Qween;;0;11.25;1;272;33;15;122;0;
Irgurdi;;0;9.86;1;275;27;16;117;1;
Joorta;;0;9.07;1;276;23;4;176;1;
Ocuvig;;0;10.21;1;280;61;8;158;2;
Thea;;0;9.45;1;282;58;12;135;0;
Ellicam;;0;10.46;1;286;49;13;131;1;
Gelum;;0;10.50;1;286;21;9;155;0;
Numbskull;;0;9.86;1;289;57;8;157;1;
Aimsly;;0;9.08;1;291;69;22;83;1;
Ishira;;0;14.31;1;292;30;9;154;1;
Ozubi;;0;9.42;1;293;38;12;139;3;
Ragnan;;0;11.29;1;294;68;14;126;3;
Gennom;;0;8.50;1;296;47;16;114;1;
Widow;;0;6.75;1;297;35;14;129;1;
Troy;;0;7.80;1;299;57;9;154;0;
Irdiz;;0;9.80;1;305;115;17;121;3;
Evento;;0;19.19;1;308;42;12;136;0;
Malik;;0;11.63;1;315;94;18;110;2;
Ircekram;;0;9.00;1;316;49;15;122;0;
Avraza;;0;13.29;1;318;60;10;146;0;
Eavent;;0;9.54;1;319;56;13;129;0;
Idemim;;0;10.00;1;320;60;11;138;2;
Zidak;;0;9.75;1;321;25;15;123;0;
Lich;;0;9.27;1;321;58;23;80;1;
Brouge;;0;8.08;1;322;91;13;135;0;
Zebam;;0;8.09;1;323;81;16;115;2;
Skurge;;0;9.00;1;324;53;17;112;3;
Herta;;0;8.50;1;325;43;20;97;0;
Agojan;;0;15.19;1;325;45;5;174;0;
Karlos;;0;10.87;1;325;37;5;163;0;
Ibrad;;0;9.15;1;326;32;16;119;3;
Cohez;;0;8.46;1;329;45;19;102;2;
Siveshe;;0;10.00;1;329;75;17;106;1;
Bliss;;0;13.38;1;332;32;9;150;0;
Franx;;0;9.40;1;332;34;10;139;2;
Nolan;;0;9.94;1;334;45;8;156;2;
Jeshe;;0;8.07;1;335;76;20;97;5;
Emin;;0;10.88;1;337;35;21;91;0;
Alexandria;;0;8.38;1;338;75;9;159;2;
Ojuz;;0;9.57;1;338;33;7;161;1;
Luve;;0;7.94;1;341;46;12;141;1;
Zleet;;0;9.60;1;341;48;20;97;1;
Gecin;;0;11.80;1;345;54;19;104;1;
Luni;;0;9.92;1;347;34;13;126;2;
Zane;;0;8.40;1;348;122;3;182;4;
Odin;;0;8.36;1;349;59;18;105;1;
Oboz;;0;6.93;1;349;51;11;137;1;
Mave;;0;8.57;1;350;43;10;140;0;
Avantax;;0;9.23;1;356;143;10;147;6;
Gabri;;0;11.07;1;357;39;14;127;1;
Ojal;;0;8.79;1;357;59;12;136;1;
Icuba;;0;13.56;1;358;45;17;113;2;
Kady;;0;11.19;1;358;99;15;121;1;
Alphazot;;0;8.21;1;359;103;13;137;1;
Bitcoin;;0;9.92;1;359;102;10;143;1;
Konrasi;;0;8.38;1;360;64;20;102;0;
Jarzakre;;0;8.73;1;360;58;16;116;3;
Bahookie;;0;8.58;1;362;124;16;120;3;
Really;;0;10.94;1;363;89;13;130;0;
Adonas;;0;10.00;1;363;102;15;121;2;
Dentino;;0;8.69;1;366;62;5;168;3;
Gondermoly;;0;6.43;1;366;73;7;166;2;android
Carnemoida;;0;8.31;1;367;57;15;117;0;
Gunra;;0;8.46;1;369;69;14;132;2;
Etet;;0;10.57;1;373;67;18;106;0;
Rikoge;;0;7.54;1;373;48;11;135;0;
Xerxes;;0;9.75;1;373;104;16;120;1;
Boji;;0;9.00;1;377;33;11;142;0;
Ithra;;0;8.25;1;381;68;8;153;3;
Taraze;;0;10.29;1;383;65;21;102;1;
Ecelok;;0;8.69;1;384;91;9;149;3;
Rushoki;;0;8.75;1;385;51;11;141;0;
Akina;;0;10.20;1;386;36;19;99;1;
Rema;;0;9.23;1;388;45;7;162;0;
Hazin;;0;9.00;1;394;165;12;138;3;
Morgana;;0;9.80;1;395;58;4;175;2;
Zenn;;0;9.00;1;396;74;8;156;3;
Zithak;;0;12.06;1;399;20;20;102;1;
Ortak;;0;7.92;1;400;59;17;113;6;
Bate;;0;29.56;1;402;6;11;147;0;
Moga;;0;9.27;1;407;78;16;120;2;
Omarza;;0;8.83;1;407;59;11;138;2;
Limarta;;0;7.93;1;407;92;12;134;1;
Basamanium;;0;8.85;1;409;112;19;102;3;
Telok;;0;9.77;1;409;51;8;154;0;
Ajonra;;0;7.36;1;411;150;17;125;3;
Nurzorki;;0;8.15;1;413;111;16;118;3;
Borzi;;0;9.43;1;416;91;14;127;1;
Anugri;;0;10.17;1;418;106;11;143;0;
Etacarai;;0;8.71;1;418;72;9;151;1;
Otire;;0;12.38;1;425;48;8;162;0;
Ojashi;;0;10.71;1;426;163;24;89;2;
Inothas;;0;12.94;1;428;62;14;127;0;
Chillsis;;0;10.50;1;430;60;8;155;0;
Adarki;;0;10.15;1;431;210;11;193;2;
Jeki;;0;7.92;1;433;54;7;159;3;
Seilormun;;0;8.44;1;434;32;9;151;0;
Wastec;;0;7.85;1;434;74;16;116;3;
Jean;;0;8.31;1;439;62;21;90;2;
Booo;;0;9.86;1;440;82;6;168;1;
Gubrebi;;0;8.67;1;441;65;9;149;1;
Ceki;;0;8.08;1;445;129;20;107;2;
Rice;;0;9.45;1;448;72;11;140;3;
Icute;;0;8.85;1;448;93;16;112;0;
Soca;;0;10.86;1;452;227;8;220;1;
Elomum;;0;9.17;1;456;75;12;133;1;
Leera;;0;9.50;1;459;41;11;142;0;
Lukan;;0;9.88;1;462;152;17;122;3;
Anruca;;0;9.15;1;464;171;24;124;2;
Burner;;0;12.44;1;468;174;13;157;1;
Arcanus;;0;11.69;1;469;189;12;187;2;
Rithul;;0;8.29;1;470;149;22;89;2;
Ekatny;;0;8.54;1;479;70;5;170;0;
Save;;0;9.80;1;485;101;19;101;8;
Whome;;0;7.92;1;485;130;20;101;2;
Meinv;;0;8.92;1;489;113;11;139;7;
Buggylady;;0;8.62;1;490;63;12;138;0;
Atuni;;0;8.46;1;491;99;12;138;4;
Buraki;;0;9.36;1;494;71;14;125;1;
Buzija;;0;10.50;1;500;66;15;121;4;
Galadriel;;0;11.88;1;501;62;16;117;1;
Ihavi;;0;9.79;1;505;167;17;111;5;
Eshadiz;;0;8.73;1;506;71;13;126;1;
Beaverrot;;0;9.93;1;514;115;15;118;0;
Lemoce;;0;12.07;1;521;93;10;143;1;
Radd;;0;7.79;1;529;102;7;159;3;
Magicpuki;;0;9.64;1;535;130;14;130;2;
Ozug;;0;10.14;1;542;174;13;148;2;
Indigo;;0;9.00;1;545;90;6;154;1;
Tugres;;0;9.50;1;547;166;14;152;3;
Izanak;;0;7.09;1;552;112;19;98;5;
Dancheng;;0;9.93;1;562;109;21;103;1;
Hufren;;0;10.21;1;567;117;16;116;0;
Tunia;;0;7.67;1;567;111;13;128;2;
Jalori;;0;9.75;1;568;114;22;99;2;
Amog;;0;8.86;1;569;97;9;151;2;
Dubi;;0;8.43;1;569;111;9;170;4;
Cola;;0;10.38;1;569;98;5;170;3;
Atimi;;0;9.00;1;571;163;16;118;5;
Sanra;;0;9.63;1;574;246;10;147;6;
Zuka;;0;8.31;1;582;66;10;145;2;
Polgera;;0;7.71;1;582;96;15;117;4;
Ennuba;;0;10.92;1;583;79;12;135;1;
Ehis;;0;7.42;1;586;46;11;136;2;
