Chinawz,,1757,70,133,561,0
Chinablue,,1742,69.75,133,581,1
Koreayman,,1468,70,133,598,1
Chinamogu,,1511,70,131,469,2
Corrupt,,1505,70,131,566,1
Deuterium,,1492,70,127,531,1
Usafarlina,,1406,70,126,544,2
Catalin,,1301,70,126,563,1
Bangzisb,,1108,70,126,581,4
Clotho,,1257,70,125,511,1
Chinawpyhs,,1420,70,123,479,1
Koreakong,,1507,70,123,559,0
Rinoa,,1294,70,122,478,0
Ukraine,,1146,70,122,550,3
Ruwind,,1427,70,122,583,5
Phuqnose,,1247,70,121,403,4
Figadoro,,1229,70,121,511,2
Chinaaktwo,,1439,70,121,529,2
Trouble,,919,70,121,535,4
Seba,,1308,70,121,576,0
Ruhyhy,,1372,70,121,590,7
Illit,,1220,70,121,596,1
Chinabiu,,1282,70,120,471,0
Koreacami,,1032,70,120,500,3
Balderk,,1156,70,120,501,0
Bigegg,,1269,70,119,423,6
Koreagirl,,848,70,119,531,0
Rina,,952,70,118,516,2
Chinahaha,,1056,70,118,538,1
Ogebi,,1284,70,118,542,1
Solembum,,1085,70,118,549,3
Jinnie,,1103,70,118,554,5
Ebada,,943,70,118,588,0
Umbradei,,1110,70,118,590,7
Tawaba,,1275,70,117,398,2
Chinaboy,,1203,70,117,468,1
Zulivarus,,1259,70,117,507,8
Bounty,,963,70,117,534,2
Rogue,,1057,70,117,558,4
Korealll,,1116,70,116,482,0
Beerhunter,,1008,70,116,498,0
Ooooooooo,,963,70,116,518,3
Wutwut,,849,70,116,535,3
Hakrim,,988,70,116,536,1
Ashenna,,1000,70,116,554,2
Rukirrr,,922,70,116,583,1
Katapiola,,1026,70,116,590,2
Koreababy,,918,70,115,455,1
Isiz,,1253,70,115,514,3
Unknown,,1157,70,115,564,1
Koreamir,,1072,70,114,433,1
Ladrian,,944,70,114,494,6
Noob,,1000,70,114,515,4
Eretuz,,1066,70,114,547,5
Chan,,728,70,114,574,7
Ihome,,988,70,114,575,5
Koreazone,,1185,70,114,588,8
Muri,,1146,70,113,413,1
Sini,,1109,70,113,451,3
Asegog,,1113,70,113,482,2
Chinaym,,1092,70,113,485,4
Damaged,,1164,70,113,493,1
Borke,,993,70,113,511,6
Selene,,870,70,113,523,13
Chinabanye,,1092,70,113,541,0
Deadshot,,1145,70,113,555,8
Toffi,,890,70,113,570,2
Chinabanye,,1036,70,113,572,0
Koreaclear,,1001,70,113,587,1
Koreadenny,,1064,70,113,588,5
Maje,,1046,70,112,479,0
Hkseal,,985,70,112,520,1
Koreaming,,941,70,112,533,5
Adod,,917,70,112,540,1
Domino,,666,70,112,544,4
Nipsanhips,,924,70,112,558,2
Beiyi,,1104,70,112,559,3
Nightflare,,1148,70,112,561,2
Jadnokri,,932,70,112,570,7
Tenbird,,728,70,112,575,2
Ruyurate,,755,70,112,587,2
Coco,,1054,70,112,594,5
Huawei,,1045,70,111,448,3
Good,,935,70,111,460,1
Simon,,875,70,111,486,1
Hello,,935,70,111,493,3
Ares,,1104,70,111,510,2
Delphy,,1053,70,111,510,2
Rualex,,1005,70,111,515,2
Avade,,923,70,111,524,2
Nilette,,1022,70,111,525,1
Deci,,1119,70,111,530,2
Koreahevre,,817,70,111,548,2
Elise,,719,70,111,581,13
Amicia,,582,70,111,586,2
Tgmken,,963,70,110,355,2
Lovewymfyy,,1037,70,110,368,3
Aaha,,948,70,110,407,1
Moka,,668,70,110,513,4
Diee,,671,70,110,527,3
Lovelulu,,1069,70,109,482,0
Sryu,,633,70,109,516,1
Serkane,,812,70,109,528,2
Moopee,,727,70,109,531,2
Lodinni,,961,70,109,532,6
Snow,,794,70,109,540,4
Titties,,874,70,109,550,1
Koreamiaka,,791,70,109,567,4
Ruhold,,708,70,109,570,3
Koreassss,,942,70,109,584,5
Google,,944,70,109,592,5
Pistoleira,,1049,70,109,598,1
Koreagura,,776,70,108,414,3
Bonovent,,900,70,108,463,1
Koreanbin,,812,70,108,473,2
Nosgoth,,732,70,108,482,4
Boromir,,884,70,108,504,1
Veje,,668,70,108,505,2
Aijnbee,,853,70,108,508,1
Lerta,,887,70,108,511,8
Asal,,890,70,108,521,4
Natalian,,881,70,108,526,0
Mara,,620,70,108,538,2
Korealolo,,697,70,108,545,3
Chinaclara,,921,70,108,545,3
Peshta,,1119,70,108,550,1
Chop,,905,70,108,561,1
Chinasw,,1010,70,108,570,1
Xxxxx,,561,70,108,579,4
Asheshe,,785,70,108,584,3
Nada,,648,68.33,108,591,1
Rubikon,,646,70,108,598,1
Megazor,,1106,70,107,423,1
Chinachris,,917,70,107,455,3
Atheena,,617,70,107,456,1
Isuma,,855,70,107,492,2
Heavyscorp,,894,70,107,498,7
Coshina,,1122,70,107,514,2
Hulkriss,,966,70,107,517,8
Onras,,781,70,107,522,4
Hawkeye,,867,70,107,526,1
Oroven,,956,70,107,527,0
Mengle,,862,70,107,540,1
Koreamoo,,768,70,107,541,0
Geldjager,,1041,70,107,544,0
Luzem,,907,70,107,545,7
Ometha,,863,70,107,549,12
Emijig,,548,70,107,560,3
Morti,,543,70,107,565,3
Nordije,,492,70,107,568,0
Chinakiki,,830,70,107,588,2
Feijiang,,869,70,107,593,17
Lucretia,,796,70,107,594,7
Baragoz,,907,70,106,444,1
Koreamulan,,613,70,106,472,4
Jackino,,822,70,106,496,1
Zurune,,984,70,106,496,1
Rosa,,547,70,106,498,1
Dtgold,,896,70,106,521,4
Arannil,,817,70,106,527,5
Nudrina,,860,70,106,530,2
Aram,,1005,70,106,533,3
Boringgame,,996,70,106,540,2
Teryx,,890,70,106,541,0
Kitsch,,917,70,106,576,4
Arig,,820,70,106,578,3
Ashikrim,,589,70,106,583,1
Sepp,,651,70,106,584,3
Isice,,788,70,106,592,6
Ibrave,,899,70,106,593,5
Frblanzin,,998,70,106,593,2
Blacky,,664,70,105,297,0
Agorzez,,1051,70,105,307,1
Vicky,,740,70,105,324,0
Erzhan,,819,70,105,345,3
Koreamir,,791,70,105,351,2
Ohejok,,798,70,105,369,1
Lurkat,,826,70,105,416,3
Viti,,700,70,105,421,1
Neal,,783,70,105,422,0
Unye,,692,70,105,423,0
Kirtese,,551,70,105,428,5
Cefriha,,895,70,105,431,3
Dunphil,,758,70,105,453,1
Zitug,,575,70,105,457,0
Mohi,,526,70,105,494,5
Delete,,727,69.92,105,502,1
Emina,,863,70,105,508,6
Chinaxz,,567,70,105,512,3
Ooooo,,487,70,105,518,0
Sony,,581,70,105,521,4
Djura,,496,70,105,540,2
Gaja,,906,70,104,382,3
Arikk,,785,70,104,431,2
Sorcam,,850,70,104,463,3
Zzzz,,587,70,104,471,1
Rukakoou,,726,70,104,483,4
Confrico,,924,70,104,489,1
Cathirgi,,1037,70,104,492,0
Constandin,,790,70,104,503,2
Reha,,858,70,104,507,3
Darci,,536,70,104,518,8
Akmx,,533,67.08,104,539,8
Jevil,,585,70,104,548,9
Murka,,795,70,104,557,3
Obrushe,,874,70,104,598,6
Sini,,911,70,103,373,0
Sini,,847,70,103,425,1
Richtgun,,632,70,103,447,7
Gregory,,1000,70,103,453,1
Rucisa,,759,70,103,457,3
Acil,,847,70,103,462,5
Onetwo,,612,70,103,472,1
Hinomoto,,852,69.92,103,477,4
Tele,,480,70,103,482,2
Koreassan,,627,70,103,483,3
Innus,,535,68.92,103,483,2
Korean,,1003,70,103,485,1
Dide,,423,70,103,485,2
Jane,,930,70,103,489,7
Thanphong,,1061,70,103,506,0
Bang,,480,70,103,511,1
Rishe,,881,70,103,514,1
Milano,,884,70,103,517,0
Korean,,947,70,103,520,5
Rawrtastic,,843,70,103,522,1
Rogithi,,385,70,103,525,2
Bici,,509,69.67,103,531,5
Kiss,,643,70,103,539,1
Sanca,,763,70,103,540,4
Chinahero,,1001,70,103,542,2
Ecem,,750,70,103,558,7
Kemir,,338,70,103,564,1
Aroni,,630,70,103,566,4
Alamarama,,555,70,103,568,2
Koreabal,,891,70,103,574,0
Rubaka,,566,70,103,576,1
Loke,,564,70,103,577,1
Anot,,768,70,103,582,3
Muskat,,592,70,103,589,0
Acer,,602,70,103,591,1
Marduk,,605,70,103,599,0
Koreananu,,493,70,102,353,6
Krizsi,,923,70,102,364,2
Chones,,837,70,102,368,3
Damit,,1008,70,102,396,0
Merza,,971,70,102,430,2
Cbag,,794,70,102,435,0
Railgun,,862,70,102,436,6
Rosan,,694,70,102,443,2
Iran,,582,70,102,450,4
Killa,,665,70,102,455,2
Zunnun,,868,70,102,500,5
Cirene,,869,69.92,102,506,2
Biffers,,466,70,102,517,7
Smile,,624,70,102,520,1
Sihed,,855,70,102,547,8
Ruamazon,,748,70,102,548,3
Batya,,426,70,102,558,8
Ozinnin,,571,70,102,563,4
Kuga,,663,70,102,566,2
Allelim,,598,70,102,572,7
Lilka,,813,70,102,576,4
Zelove,,804,70,102,579,1
Yumo,,747,70,102,592,2
Hurdurdor,,646,70,102,592,2
Bakanoob,,862,70,101,302,0
Rupolice,,829,70,101,392,2
Maltez,,717,70,101,411,4
Iseta,,525,70,101,436,2
Tonufra,,590,70,101,440,2
Vumi,,709,70,101,464,1
Gukri,,413,70,101,469,6
Lejat,,641,70,101,474,0
Pichpang,,853,70,101,476,7
Reshom,,643,70,101,481,4
Nevrig,,484,70,101,482,0
Luhozi,,460,70,101,484,4
Shogun,,460,70,101,493,0
Nolalle,,870,70,101,494,1
Emam,,956,70,101,498,2
Deaf,,661,70,101,500,4
Koreapiu,,862,70,101,502,4
Zzangdog,,897,70,101,503,0
Sarze,,822,70,101,507,2
Dera,,995,70,101,518,7
Elite,,573,70,101,518,4
Vasya,,572,70,101,520,8
Khamba,,614,70,101,521,5
Neva,,892,70,101,524,2
Kida,,1075,70,101,526,10
Zaza,,887,70,101,527,1
Mara,,492,70,101,534,5
Soth,,429,70,101,540,2
Gavok,,495,69.83,101,540,8
Chinalin,,819,70,101,541,8
Orgug,,448,70,101,542,3
Kendrick,,524,70,101,548,8
Zefrokri,,827,70,101,559,6
Hirce,,455,70,101,563,1
Rodrid,,443,69.75,101,564,3
Jojugi,,544,70,101,565,4
Korealpddr,,943,70,101,573,5
Powerdog,,624,70,101,573,3
Eventcnr,,516,70,101,575,8
Koreamal,,507,70,101,579,5
Erol,,770,70,101,585,7
Irut,,771,70,101,588,9
Gucod,,690,70,101,592,12
Chinaxi,,827,70,101,597,7
Etakoz,,539,70,101,598,4
Chinaton,,999,70,100,221,1
Pifpaf,,877,70,100,299,1
Koreapp,,654,69.5,100,311,3
Superdm,,879,70,100,338,0
Koreamir,,815,70,100,348,0
Antik,,760,70,100,358,1
Kappa,,953,70,100,360,3
Deeman,,828,70,100,361,2
Kishut,,879,70,100,362,0
Hejute,,771,70,100,366,3
Korzog,,991,70,100,372,1
Chinasama,,406,70,100,387,1
Ebome,,764,70,100,391,2
Raven,,926,70,100,394,3
Yenvn,,690,70,100,399,0
Fenix,,641,68.08,100,401,2
Korealee,,830,70,100,402,1
Bunusha,,853,70,100,408,4
Megara,,808,70,100,410,1
Chonker,,772,70,100,414,6
Abudne,,563,70,100,426,0
Ebeje,,363,70,100,428,2
Greta,,779,70,100,429,3
Dibe,,576,70,100,430,3
Chinassla,,731,70,100,432,11
Mctyrael,,523,70,100,434,4
Esok,,462,70,100,446,0
Chinaw,,871,70,100,447,1
Honuje,,678,70,100,447,4
Korrayman,,769,70,100,448,3
Goodspeed,,646,70,100,448,0
Edras,,883,70,100,453,2
Yungelona,,734,70,100,455,6
Koreaface,,871,70,100,463,1
Whathaforg,,614,70,100,464,8
Koreanoopy,,721,70,100,467,1
Isihis,,658,70,100,474,7
Goldglobes,,430,70,100,478,0
Ered,,749,70,100,480,5
Mase,,459,68.83,100,481,3
Ibrute,,893,70,100,482,3
Marusia,,876,70,100,483,6
Hegrabe,,526,70,100,490,11
Romez,,564,70,100,490,1
Ceres,,587,70,100,491,4
Hurgok,,686,70,100,492,8
Zesty,,902,70,100,492,11
Elzbeth,,774,70,100,492,10
Muzan,,769,70,100,494,1
Erduji,,710,70,100,497,5
Toka,,651,70,100,500,7
Nivreg,,812,70,100,500,2
Rithe,,879,70,100,502,6
Cuvaz,,486,70,100,504,6
Alad,,434,70,100,504,11
Chinawyz,,747,70,100,506,1
Uriel,,442,70,100,508,0
Assault,,881,69.75,100,508,6
Hashtag,,814,70,100,513,3
Katud,,520,70,100,525,5
Orine,,655,70,100,527,3
Kusha,,639,70,100,532,12
Hihihoho,,819,70,100,532,2
Namesx,,864,70,100,537,3
Sorde,,524,70,100,538,2
Meja,,463,70,100,539,1
Loax,,366,70,100,548,3
Boss,,467,70,100,551,3
Aron,,570,70,100,551,0
Salam,,767,70,100,552,0
Demon,,688,70,100,572,4
Sanra,,404,70,100,578,0
Uschi,,746,70,100,585,1
Natasha,,469,70,100,590,0
Snow,,625,70,100,598,2
Xapek,,783,70,99,386,10
Obumal,,785,70,99,431,2
Rotten,,612,70,99,496,7
Kilos,,721,70,99,509,2
Babayaga,,805,70,99,513,2
Cushi,,445,70,99,514,2
Jovrana,,550,70,99,532,7
Krasotka,,419,70,99,541,1
Zalle,,451,70,99,542,9
Icygold,,815,70,99,557,4
Gurken,,433,70,99,559,4
Izonra,,501,70,99,560,5
Freyja,,588,70,99,580,2
Baren,,379,70,99,583,2
Bane,,466,70,99,589,4
Erdutha,,643,70,99,599,6
Wiro,,917,70,98,423,2
Evita,,493,70,98,446,0
Sanra,,694,68.17,98,459,1
Pennywinkl,,448,70,98,465,4
Donobo,,667,70,98,480,0
Dachiz,,725,70,98,507,2
Glock,,667,70,98,507,4
Ruarthas,,714,70,98,510,3
Jonnum,,484,70,98,513,6
Othel,,430,70,98,519,7
Tommygun,,731,70,98,531,0
Zudit,,627,70,98,540,0
Givemegems,,740,70,98,542,2
Ozarti,,377,70,98,545,7
Squall,,515,70,98,548,1
Rumarygold,,835,70,98,552,11
Maemae,,494,70,98,552,2
Koreatop,,721,69.33,98,555,3
Ithuk,,680,69.92,98,558,1
Chinacz,,489,70,98,561,4
Ecebes,,665,70,98,568,8
Leshage,,657,70,98,571,1
Bambldi,,460,70,98,574,2
Kehigi,,653,70,98,587,1
Mathes,,423,70,98,592,0
Nonen,,424,70,98,597,6
Hudra,,882,70,97,410,4
Tempus,,565,70,97,412,2
Rakrurdi,,909,70,97,424,3
Iridnan,,688,70,97,429,3
Gjbh,,428,70,97,462,0
Kain,,483,70,97,463,3
Koreao,,924,70,97,473,2
Daboom,,629,70,97,475,2
Vinahey,,415,70,97,481,4
Nietzsche,,478,70,97,506,1
Jaket,,447,70,97,507,4
Jobog,,445,70,97,509,2
Ebin,,807,70,97,513,5
Koreabin,,737,70,97,515,4
Ruchigger,,703,70,97,534,2
Larteni,,300,70,97,538,3
Rize,,391,70,97,542,1
Donzera,,683,70,97,544,1
Soja,,836,70,97,547,7
Jefold,,498,70,97,552,1
Vena,,286,69.83,97,556,2
Sisi,,397,70,97,556,5
Biscua,,677,70,97,558,4
Korea,,738,70,97,568,4
Asaka,,398,70,97,577,4
Horcruxtwo,,629,70,97,577,2
Rumacloud,,784,70,97,580,7
Johun,,807,70,97,586,3
Petarda,,416,70,97,586,0
Blast,,408,70,97,587,1
Naji,,527,70,97,588,6
Event,,864,70,97,589,8
Elatham,,336,70,97,596,5
Soji,,490,70,96,403,15
Fbking,,499,70,96,469,3
Sejob,,722,70,96,482,4
Rore,,408,70,96,485,1
Degrakre,,456,70,96,485,5
Swiftscore,,685,70,96,487,5
Eziz,,382,69.42,96,492,2
Odun,,608,70,96,501,4
Gertrud,,783,70,96,514,0
Arterdog,,387,70,96,517,2
Lsina,,582,68.33,96,521,3
Lase,,725,70,96,526,14
Zicag,,569,70,96,526,9
Iris,,511,70,96,529,1
Dejolura,,842,70,96,535,1
Jared,,462,70,96,542,2
Strawberry,,745,70,96,543,1
Vedat,,372,70,96,545,5
Temptwo,,364,70,96,549,0
Stalker,,686,70,96,550,2
Kuke,,555,70,96,569,8
Deadpool,,753,70,96,574,17
Zirted,,421,68.92,96,576,2
Irgednos,,347,70,96,580,3
Nitrogun,,977,70,95,252,1
Tozi,,773,70,95,296,0
Liliana,,684,70,95,301,2
Chinaz,,978,70,95,366,5
Niflheimr,,353,70,95,391,4
Bqnf,,591,70,95,402,3
Good,,682,70,95,406,3
Hefre,,361,70,95,407,6
Huxian,,820,70,95,407,2
Another,,421,70,95,420,3
Ruirodtri,,850,70,95,429,5
Viper,,893,70,95,436,2
Komem,,320,70,95,442,8
Rusdoxik,,301,68.42,95,446,8
Koreaheal,,304,70,95,447,3
Eldisa,,334,70,95,466,2
Gakuk,,746,70,95,471,3
Ogirzot,,472,70,95,474,1
Bonono,,395,70,95,477,1
Soduta,,352,70,95,481,2
Alex,,513,70,95,483,1
Puni,,357,70,95,489,3
Aryanoone,,848,70,95,503,3
Goldenboy,,682,70,95,504,2
Rockette,,628,70,95,512,0
Mothe,,356,70,95,517,3
Sera,,407,70,95,520,0
Rume,,558,70,95,523,1
Clodiq,,456,68.08,95,526,1
Bontobi,,402,70,95,538,0
Gold,,429,70,95,545,0
Hertid,,432,70,95,545,12
Chemystery,,520,70,95,548,17
Parasite,,294,70,95,553,9
Jucam,,661,69.83,95,586,5
Goldi,,812,70,95,589,13
Jane,,574,69.08,95,591,4
Hakaz,,680,70,95,597,1
Othuz,,412,70,94,444,2
Gunersm,,342,69.25,94,448,2
Rihe,,268,69.67,94,465,1
Robert,,493,70,94,481,3
Holit,,648,70,94,503,3
Lazi,,416,70,94,532,14
Bili,,392,70,94,545,4
Acik,,740,70,94,546,13
Jushe,,355,70,94,549,1
Nerunra,,680,68.58,94,562,7
Chinalx,,716,70,94,578,1
Insane,,288,69.33,94,594,12
Butchevent,,459,70,93,389,3
Eben,,359,70,93,403,1
Erkal,,451,70,93,405,4
Ithid,,356,69.42,93,423,2
Booyah,,348,70,93,429,4
Takanishi,,399,69.92,93,435,0
Zordus,,359,70,93,442,4
Sevvere,,760,70,93,443,8
Ekran,,715,70,93,462,6
Ariee,,624,70,93,499,5
Bimal,,353,70,93,508,5
Grizli,,340,70,93,508,0
Schraps,,652,70,93,515,6
Supertang,,527,70,93,516,1
Noob,,457,70,93,526,1
Evaforever,,713,70,93,534,0
Serina,,737,70,93,539,6
Second,,393,70,93,548,1
Erzal,,460,70,93,555,2
Nibuats,,466,70,93,556,0
Cici,,666,70,93,559,0
Hacin,,624,70,93,564,2
Mariao,,689,70,93,565,1
Nikita,,582,70,93,570,1
Olloz,,484,70,93,584,2
Nenrim,,399,70,93,593,12
Lagan,,772,70,93,595,1
Evonnut,,406,70,92,435,1
Merci,,325,69.83,92,438,2
Egolim,,309,70,92,442,2
Mosalah,,579,67.5,92,467,0
Aijanbee,,606,70,92,475,0
Soram,,767,70,92,484,6
Vebis,,414,70,92,493,2
Piskotek,,671,70,92,494,3
Zegirgi,,635,70,92,497,6
Aquax,,310,70,92,502,1
Ilidri,,612,70,92,502,2
Aciz,,350,70,92,513,11
Karramba,,242,70,92,530,8
Serenity,,388,69.92,92,533,2
Waldemarus,,668,70,92,538,5
Bordirga,,425,70,92,540,8
Nitha,,527,70,92,542,3
Obogil,,355,70,92,544,1
Puppybark,,458,70,92,551,2
Agig,,389,70,92,551,6
Karamba,,584,70,92,552,7
Bonome,,424,69.42,92,561,3
Ercuda,,678,70,92,583,8
Creep,,274,70,92,588,2
Csniper,,824,69.33,91,325,2
Evedj,,895,70,91,409,1
Slime,,371,70,91,411,2
Have,,703,70,91,429,3
Halfdan,,531,70,91,433,3
Ddddd,,665,70,91,434,0
Firefly,,477,70,91,455,1
Kokkeater,,504,70,91,472,7
Tosi,,651,70,91,475,3
Ateshe,,342,70,91,486,16
Ruspetyx,,277,70,91,492,5
Sterling,,310,70,91,492,3
Ibun,,372,70,91,494,4
Kalachuchi,,311,70,91,511,3
Dovek,,323,70,91,513,2
Krxyz,,472,69.42,91,516,1
Timo,,787,70,91,517,2
Athurdiz,,312,70,91,519,4
Zidne,,279,70,91,522,2
Hunter,,621,70,91,523,4
Bita,,574,70,91,527,6
Azat,,314,70,91,529,4
Cubafre,,708,70,91,529,3
Rote,,322,69.83,91,550,4
Zeka,,411,70,91,555,0
Ruqwerty,,530,70,91,558,6
Irzurtez,,391,70,91,561,10
Vanhel,,645,70,91,562,2
Atabe,,499,70,91,574,2
Ithome,,673,70,91,583,7
Pelmeshka,,239,70,91,590,7
Ared,,310,70,91,594,10
Othaluz,,900,70,90,283,5
Chinaxx,,760,70,90,283,1
Erisen,,513,70,90,304,1
Cenite,,247,70,90,333,1
Aterdul,,378,70,90,335,0
Deadgold,,863,70,90,341,2
Allmyfault,,859,70,90,343,4
Kara,,435,69.83,90,347,0
Chaosgold,,791,70,90,349,2
Ocal,,319,70,90,357,1
Rainbowdog,,631,70,90,363,2
Korearang,,410,70,90,368,2
Nikeba,,491,68.42,90,376,2
Atenea,,722,70,90,379,4
Munran,,479,70,90,381,0
Izal,,589,70,90,382,1
Johnwick,,722,70,90,387,4
Mayoi,,543,70,90,398,0
Bangbang,,729,70,90,403,3
Lava,,241,69.92,90,408,3
Zasa,,364,70,90,417,1
Keje,,484,70,90,417,1
Jacukiller,,562,70,90,420,5
Osunne,,347,70,90,423,2
Etak,,300,70,90,423,1
Oret,,644,70,90,427,2
Immo,,317,70,90,430,7
Caldo,,265,69.92,90,438,1
Yavigold,,554,70,90,440,2
Kikri,,365,70,90,441,2
Ccccc,,424,70,90,452,2
Sandro,,492,70,90,459,0
Happy,,512,70,90,460,4
Manfred,,249,70,90,462,4
Adrin,,475,66.08,90,462,2
Ribe,,268,70,90,463,2
Ginnara,,546,70,90,468,4
Zellis,,414,70,90,472,9
Ilol,,432,70,90,472,0
Opyt,,301,70,90,478,0
Lage,,400,70,90,487,8
Snake,,382,70,90,488,0
Ordine,,343,70,90,492,9
Sosiska,,234,70,90,493,8
Aban,,327,70,90,497,1
Wolfens,,257,69.25,90,508,0
Tyara,,394,70,90,512,13
Kerrigan,,383,70,90,519,7
Zuja,,493,70,90,533,1
Tahir,,256,70,90,548,2
Gunni,,257,70,90,563,3
Asini,,706,70,90,563,15
Golddigger,,574,70,90,567,2
Lonri,,387,70,90,570,14
Rijari,,261,69.67,90,573,10
Koreakr,,682,70,90,580,3
Bucky,,386,70,90,586,8
Neve,,233,70,90,588,2
Player,,301,70,90,592,6
Moonflower,,497,70,89,315,0
Ijag,,679,70,89,435,3
Aleg,,744,70,89,455,2
Moca,,313,70,89,463,6
Ghost,,760,70,89,467,1
Idaka,,381,69.83,89,476,4
Molod,,353,70,89,497,4
Getbent,,634,70,89,504,8
Jeja,,387,70,89,510,0
Ikize,,504,70,89,519,4
Izak,,336,70,89,520,7
Ginrez,,337,70,89,526,4
Livraz,,292,70,89,526,2
Hellqwem,,247,70,89,537,9
Lazorda,,440,70,89,543,0
Alluzok,,240,70,89,548,7
Kobruz,,371,70,89,552,7
Zitag,,304,70,89,570,5
Burerki,,322,70,89,586,6
Isya,,550,70,89,597,9
Igez,,722,70,88,242,1
Lasal,,694,70,88,404,1
Matan,,417,69.42,88,413,2
Granis,,363,70,88,420,0
Fatu,,348,70,88,428,2
Ecal,,317,69.92,88,449,0
Tayli,,248,70,88,466,5
Afrin,,218,70,88,469,1
Mini,,552,70,88,482,1
Guvidre,,617,70,88,488,2
Shupia,,545,70,88,488,2
Igin,,384,70,88,492,2
Gede,,558,70,88,497,3
Ulysse,,325,69.25,88,497,0
Karla,,419,69.83,88,501,4
Dogrez,,504,70,88,511,8
Irzeruz,,263,70,88,516,5
Onnod,,273,69.5,88,517,1
Elivus,,538,70,88,520,11
Omimi,,650,70,88,533,2
Athom,,348,69.92,88,541,8
Choilsang,,387,70,88,542,2
Habat,,468,70,88,545,2
Wufric,,225,70,88,546,4
Hudnet,,504,70,88,553,5
Bowstripe,,373,70,88,560,16
Bluesky,,347,70,88,567,4
Adaged,,274,70,88,568,3
Koreamyung,,515,70,88,577,6
Vadrel,,480,69.92,88,589,0
Odemi,,214,70,88,593,2
Cadni,,387,70,88,593,0
Enroshug,,304,70,88,594,1
Edat,,277,69.83,88,599,7
Jati,,789,70,87,384,1
Venna,,529,70,87,415,1
Solomon,,383,70,87,420,2
Othinig,,250,70,87,421,5
Korea,,396,70,87,443,0
Winia,,548,69.92,87,446,5
Janruk,,559,70,87,447,3
Hitman,,561,68.42,87,466,4
Achmedina,,434,70,87,479,1
Mude,,274,70,87,484,1
Sukeci,,319,70,87,485,2
Vali,,306,70,87,487,3
Obrodnus,,276,70,87,489,6
Ichossan,,262,70,87,491,5
Korjercobi,,513,69.92,87,513,4
Kupfi,,500,70,87,525,5
Aearring,,332,70,87,531,5
Rothi,,705,70,87,534,0
Nanne,,533,69,87,542,3
Negehe,,563,70,87,549,3
Anbgold,,711,70,87,570,8
Alithe,,228,70,87,574,2
Kithi,,332,70,87,576,1
Haha,,460,70,87,577,2
Juci,,602,70,87,584,7
Ocolon,,427,70,87,589,7
Twitch,,561,70,87,593,6
Ochad,,456,70,87,594,3
Adnigit,,222,70,87,597,1
Acorci,,272,70,87,598,0
Adaimei,,305,70,86,306,0
Erik,,318,69.42,86,383,2
Fury,,315,70,86,397,2
Evres,,256,70,86,406,4
Diablo,,264,70,86,419,1
Gunz,,445,70,86,423,1
Dukuve,,380,70,86,434,3
Elizi,,243,70,86,449,1
Zoia,,212,70,86,453,2
Mesi,,488,70,86,457,0
Adam,,515,70,86,465,1
Shlyapa,,296,70,86,475,12
Trouble,,479,70,86,477,0
Marga,,390,70,86,484,11
Bonoma,,433,70,86,521,4
Allebom,,429,70,86,537,4
Izet,,341,68.92,86,541,2
Omega,,329,70,86,544,21
Bubkiss,,445,69.33,86,547,7
Emod,,560,70,86,553,0
Qwerty,,520,70,86,557,5
Lorusa,,337,70,86,557,2
Teberge,,240,69.92,86,562,6
Avrum,,232,70,86,565,1
Ojukon,,244,70,86,567,3
Jerze,,439,70,86,575,3
Ishuhag,,329,70,86,580,2
Queen,,595,70,86,586,3
Ohulam,,353,70,86,587,11
Name,,302,70,86,595,2
Amim,,517,70,85,269,1
China,,577,70,85,289,4
Erezil,,405,70,85,298,0
Chinapj,,508,70,85,301,0
Babe,,677,70,85,304,0
Aarowtool,,231,70,85,312,0
Liga,,440,70,85,316,2
Avrogol,,613,70,85,334,1
Hope,,785,70,85,335,1
Meek,,347,70,85,348,0
Koteasexy,,349,70,85,356,6
Eleven,,727,70,85,359,2
Zinogi,,339,70,85,369,1
Lakestone,,665,70,85,373,2
Chinababy,,395,70,85,376,2
Freyaz,,194,69.25,85,382,0
Isega,,813,70,85,383,3
Anbbinny,,262,70,85,393,1
Orkog,,583,70,85,396,5
Seiku,,286,70,85,398,4
Luthe,,408,70,85,400,4
Mavri,,611,70,85,402,0
Hathom,,282,70,85,407,2
Igek,,297,70,85,407,0
Lara,,267,70,85,407,2
Kira,,331,70,85,418,2
Luna,,580,70,85,419,1
Inral,,292,70,85,420,5
Boom,,463,70,85,420,3
Peppa,,301,67,85,424,1
Secha,,733,70,85,426,5
Koreahenry,,572,70,85,436,0
Slawek,,289,69.58,85,440,10
Hunter,,207,69.25,85,442,3
Gretel,,655,70,85,444,1
Calamity,,663,70,85,448,2
Bighit,,464,70,85,449,1
Rubeers,,636,70,85,450,0
Ircerge,,316,70,85,455,1
Odros,,283,69.42,85,455,6
Kebi,,464,70,85,459,1
Hokre,,248,70,85,461,1
Gigi,,338,70,85,464,0
Bounty,,291,70,85,464,2
Ihofrel,,211,70,85,469,0
Ozunag,,446,70,85,471,0
Nithial,,256,68.17,85,475,2
Vadna,,363,67.17,85,479,1
Azirtaz,,383,70,85,480,1
Masa,,275,68.58,85,480,3
Jenny,,543,70,85,485,0
Iron,,233,70,85,487,1
Ilocut,,337,67.17,85,496,1
Zurce,,377,70,85,499,5
Zova,,251,70,85,499,0
Romani,,261,69.92,85,500,1
Headshot,,402,70,85,503,1
Ceali,,447,70,85,503,2
Bilibons,,305,70,85,507,15
Jebashi,,375,70,85,521,1
Ezes,,259,70,85,522,1
Cali,,254,70,85,522,1
Hwhdjd,,608,70,85,524,0
Pisunvip,,250,70,85,529,4
Demas,,246,70,85,533,2
Redhood,,553,70,85,566,0
Arianna,,297,70,85,569,8
Othum,,279,70,85,575,6
Rebra,,473,70,85,589,1
Mako,,524,70,85,590,1
Omin,,353,70,84,382,6
Hamog,,664,69.83,84,390,1
Bani,,441,70,84,410,0
Menrim,,233,70,84,414,1
Iben,,461,70,84,448,1
Ranati,,339,70,84,462,11
Ajim,,332,70,84,473,0
Hole,,577,70,84,497,0
Furzi,,301,70,84,509,6
Zerze,,318,70,84,516,1
Pickminnow,,291,70,84,531,2
Vosha,,565,69.83,84,536,4
Ibubas,,292,70,84,573,0
Easy,,239,68.75,83,334,1
Zucod,,376,70,83,384,0
Natalya,,649,70,83,404,1
Sqlabc,,421,70,83,408,6
Vurged,,523,70,83,415,2
Rublik,,347,70,83,416,2
Hala,,392,70,83,430,5
Hayabusa,,549,70,83,432,2
Sophitia,,323,69.58,83,435,2
Hallexl,,644,70,83,438,6
Koreapj,,250,70,83,450,5
Adnonna,,616,70,83,459,7
Efrubi,,253,70,83,462,4
Raji,,236,70,83,467,5
Ebithom,,307,70,83,468,9
Gonros,,457,70,83,471,0
Miza,,788,69.42,83,476,4
Okednuk,,522,70,83,481,4
Oiling,,265,70,83,494,0
Feyfa,,198,69.08,83,499,0
Feelbadman,,489,70,83,502,0
Assasian,,260,70,83,530,0
Elina,,228,70,83,530,7
Maxzh,,497,70,83,531,2
Cassia,,361,70,83,532,5
Driftgod,,190,70,83,539,3
Kodi,,233,70,83,539,1
Vedma,,314,70,83,546,5
Toki,,427,69.33,83,556,5
Vuca,,321,70,83,556,2
Wyatt,,284,70,83,556,1
Bale,,573,70,83,563,1
Killswitch,,250,69.92,83,583,6
Rusmasta,,301,70,83,587,4
Anrod,,264,70,83,587,3
Ircishe,,188,70,82,343,1
Devinci,,639,70,82,408,0
Ilim,,568,70,82,409,1
Koreacibal,,332,70,82,413,4
Rumario,,448,69.33,82,427,4
Ciagiotto,,446,69.92,82,450,3
Lice,,261,70,82,458,7
Azeti,,386,70,82,461,0
Gnida,,194,70,82,474,0
Sona,,298,70,82,481,1
Hasuk,,358,66.67,82,481,1
Illiz,,209,70,82,488,4
Nova,,180,70,82,490,3
Orcal,,187,69.75,82,490,0
Jean,,328,70,82,491,6
Senum,,434,67.67,82,502,5
Ogret,,402,70,82,513,1
Hedra,,249,70,82,534,1
Ifrun,,415,69.75,82,538,0
Kalol,,383,70,82,562,3
Habid,,253,70,82,579,7
Obacum,,355,70,82,583,1
Arcol,,423,70,82,585,0
Zerkel,,225,70,82,589,5
Venomtri,,267,70,82,594,2
Rubeast,,422,70,81,234,0
Riza,,187,68.17,81,329,12
Mulle,,378,70,81,338,0
Robinson,,344,70,81,342,0
Hoka,,212,69.17,81,359,1
Aranud,,272,69.25,81,364,5
Ninastrick,,163,68.08,81,376,1
Zipfl,,396,70,81,380,8
Cohon,,353,70,81,392,3
Mmmmm,,565,70,81,398,3
Kini,,445,70,81,400,0
Ovek,,417,70,81,438,12
Lexso,,317,70,81,442,0
Mifrig,,543,70,81,455,0
Zohace,,236,69.08,81,458,0
Lambchop,,227,70,81,465,3
Evana,,479,70,81,470,2
Amace,,310,70,81,471,24
Asuje,,291,70,81,474,2
Luxubu,,209,69.5,81,482,1
Oversider,,659,70,81,483,12
Nocha,,331,70,81,486,3
Mujwoe,,294,69.83,81,490,13
Dekri,,442,70,81,492,0
Pewpewpew,,329,70,81,492,0
Duthethe,,235,70,81,500,0
Raidy,,222,70,81,503,0
Mcgold,,206,69.25,81,512,3
Dragonaut,,350,70,81,514,5
Celulla,,483,70,81,522,1
Vimi,,211,69.92,81,539,7
Okruk,,224,69.17,81,541,0
Bedet,,186,70,81,548,13
Gorol,,195,70,81,553,4
Sirenia,,271,70,81,555,3
Numseven,,351,70,81,555,2
Kila,,216,70,81,556,2
Tirtud,,514,70,81,561,1
Ginnel,,582,70,81,567,4
Bobb,,256,70,81,572,11
Igimuz,,337,70,81,586,1
Ohonas,,371,70,81,594,0
Braco,,306,69.92,81,594,8
Irtacot,,513,70,81,594,4
Seven,,487,70,80,157,0
Killer,,414,70,80,174,0
Koshi,,220,70,80,214,2
Kenzi,,468,70,80,233,0
Olivia,,167,69.67,80,261,4
Norza,,469,69.58,80,262,1
Trigun,,317,70,80,266,1
Holi,,417,70,80,266,0
Iren,,391,68.5,80,269,0
Ccccc,,543,70,80,275,0
Hobis,,296,70,80,280,1
Koreazike,,512,70,80,283,1
Pauluap,,700,70,80,285,2
Silverd,,306,70,80,285,3
Keris,,408,70,80,296,2
Bohanses,,495,70,80,308,0
Mootagen,,583,70,80,312,1
Seta,,235,70,80,317,4
Souliii,,365,70,80,318,0
Goldilocks,,351,70,80,319,1
Hides,,633,70,80,320,0
Rovra,,282,70,80,322,2
Ithid,,448,70,80,323,3
Erig,,577,70,80,325,0
Money,,299,70,80,331,0
Kikou,,272,70,80,333,1
Ihas,,229,70,80,339,13
Ortefri,,248,70,80,341,0
Thorgal,,602,70,80,346,3
Rudjek,,588,70,80,348,2
Lovavi,,530,68.42,80,349,0
Ezaza,,297,70,80,349,1
Olata,,266,70,80,351,0
Gedag,,472,70,80,352,0
Mayflower,,729,70,80,355,10
Jane,,218,69.08,80,356,1
Evoche,,279,70,80,356,0
Tofrag,,160,69.67,80,359,6
Olas,,592,70,80,366,2
Lolik,,244,70,80,369,2
Annul,,181,70,80,369,0
Deji,,429,69.5,80,373,0
Kalas,,205,69.92,80,378,0
Cija,,595,70,80,379,0
Janrarca,,260,70,80,384,2
Jarah,,383,70,80,390,4
Koreawin,,628,70,80,391,0
Boza,,418,70,80,393,0
Rukola,,531,70,80,396,3
Raval,,274,70,80,398,3
Wits,,549,70,80,401,1
Mustdie,,392,70,80,402,1
Estro,,487,70,80,404,1
Jamie,,656,70,80,406,1
Ruxrust,,639,70,80,406,2
Ifreda,,208,69.58,80,407,2
Knallkopp,,192,70,80,407,9
Koreannero,,286,70,80,409,0
Azol,,183,68.92,80,411,9
Mong,,280,70,80,412,1
Obrafra,,240,70,80,414,0
Idnoked,,430,67.42,80,414,3
Afronna,,630,70,80,415,2
Dana,,184,69.67,80,421,4
Ircis,,326,70,80,422,0
Kiringu,,244,70,80,423,0
Shade,,493,70,80,423,0
Shooter,,562,70,80,424,0
Vero,,312,70,80,427,2
Bajud,,243,70,80,427,4
Gguunnii,,230,66.92,80,428,3
Zuthana,,249,70,80,429,3
Ozacul,,315,70,80,432,0
Vemil,,230,69.25,80,433,0
Mickf,,313,70,80,438,5
Adnod,,190,70,80,439,1
Cole,,255,70,80,442,3
Omen,,227,68.42,80,443,3
Onenone,,314,70,80,443,2
Vaji,,287,70,80,445,2
Somehow,,474,70,80,445,2
Arkane,,263,70,80,454,7
Troy,,269,70,80,456,0
Redshirtwo,,287,70,80,457,2
Tenpin,,506,70,80,458,0
Seven,,276,70,80,461,2
Igrobi,,229,70,80,467,6
Ntwidumela,,291,70,80,468,2
Cabe,,232,67.58,80,474,0
Anovas,,358,70,80,485,0
Innije,,301,70,80,492,15
Cynvendee,,251,69.67,80,493,0
Ivel,,222,70,80,505,2
Egeza,,183,70,80,505,7
Jambalaya,,407,69.92,80,507,2
Ennuze,,249,70,80,523,4
Hunter,,345,66,80,527,2
Dracarys,,269,70,80,533,0
Emaros,,323,70,80,537,2
Erizi,,288,70,80,539,1
Camlansuc,,538,70,80,541,1
Krpaul,,270,70,80,556,1
Wonder,,279,70,80,557,6
Hazen,,196,70,80,564,22
Noona,,288,70,80,574,24
Mushi,,242,69.83,80,576,3
Ginger,,274,70,80,578,3
Abarce,,288,70,80,584,3
Amune,,312,70,80,586,6
Nize,,294,70,80,599,0
Illeca,,476,70,79,481,2
Zagranre,,227,70,79,530,8
Misi,,226,70,79,565,1
Buchishi,,290,70,79,578,0
Iron,,312,70,79,579,10
Bangarang,,294,70,78,381,5
Kazik,,609,70,78,438,2
Retoche,,467,70,78,442,1
Kira,,383,70,78,446,0
Aloura,,305,69.33,78,457,12
Ehit,,289,70,78,467,2
Angeli,,249,70,78,479,1
Voshoda,,214,66.33,78,483,6
Taji,,404,70,78,484,5
Nadava,,417,70,78,484,1
Lara,,227,69.75,78,493,1
Innez,,155,69.67,78,498,0
Telodni,,284,70,78,515,1
Simsim,,556,70,78,515,9
Reche,,222,69.58,78,529,2
Zolane,,258,70,78,552,5
Tuvim,,427,70,78,563,8
Caga,,307,69.75,78,564,0
Hotdog,,501,70,78,564,6
Ivurti,,201,70,78,575,2
Savi,,154,70,78,579,7
Gubani,,482,70,78,589,0
Clone,,504,70,78,592,1
Jozet,,452,70,78,595,2
Vaayu,,257,69.5,77,365,3
Eventium,,336,70,77,449,0
Hara,,217,69.75,77,457,6
Irdothak,,304,70,77,503,1
Zuhal,,257,70,77,530,6
Mdeh,,334,70,77,540,2
Shazalah,,283,70,77,570,2
Onnitz,,567,70,77,571,5
Bigbra,,278,70,77,574,5
Danube,,556,70,77,589,2
Ituri,,193,70,77,589,8
Iaga,,281,69.58,76,245,2
Govreze,,219,69,76,328,2
Hutha,,383,70,76,361,1
Idog,,296,70,76,409,0
Kehis,,224,70,76,432,6
Jathe,,507,70,76,437,1
Huivam,,238,70,76,441,3
Merzek,,370,70,76,443,1
Ergeg,,182,69.58,76,446,3
Ryuunuske,,350,70,76,457,0
Samantha,,371,69.83,76,492,7
Kimod,,304,69.92,76,497,0
Macun,,422,70,76,500,2
Imperabuss,,328,70,76,525,0
Lucjos,,375,68.92,76,526,10
Mixtera,,185,69.83,76,540,1
Kusok,,186,70,76,567,1
Babajaga,,263,70,75,252,3
Evet,,614,70,75,256,0
Ruvektor,,527,70,75,287,2
Evaha,,255,70,75,301,1
Oham,,236,70,75,342,4
Jifrije,,442,69.75,75,360,1
Doremifa,,301,70,75,384,0
Otamuk,,200,69.08,75,443,1
Osog,,265,70,75,448,10
Nosa,,426,70,75,463,6
Bung,,180,68.58,75,470,4
Avram,,429,70,75,479,22
Cotot,,179,69.67,75,489,3
Kokom,,233,69.33,75,507,0
Ezece,,248,70,75,510,20
Huiod,,280,70,75,560,0
Superdadio,,196,70,75,589,2
Kortureva,,385,70,74,378,0
Coded,,211,70,74,457,13
Boke,,529,70,74,462,7
Echil,,188,67.5,74,477,4
Ennishi,,197,70,74,477,21
Vika,,336,70,74,481,0
Janosikpl,,423,70,74,507,10
Rima,,180,70,74,511,6
Laslow,,252,70,74,539,8
Arcodnug,,221,69.92,74,596,4
Loga,,278,69.33,73,328,8
Ethet,,351,69.92,73,411,0
Rakema,,258,70,73,416,0
Oakley,,194,70,73,420,17
Elisa,,343,70,73,432,0
Sukerman,,145,69.25,73,480,5
Jesus,,295,70,73,507,5
Cidnud,,422,70,73,508,2
Tyumen,,315,70,72,359,0
Othus,,149,70,72,372,3
Ruslana,,459,66.92,72,402,5
Hezarca,,162,70,72,409,2
Eres,,199,70,72,419,6
Bastet,,461,70,72,435,3
Orcok,,348,70,72,436,2
Sammie,,286,70,72,453,1
Agifriz,,295,69.25,72,462,9
Itota,,289,70,72,473,1
Rizaca,,212,70,72,485,6
Rurgez,,388,69.75,72,508,2
Roda,,302,68.42,72,510,6
Nishi,,163,70,72,514,1
Vasilisa,,201,70,72,518,8
Eldiablo,,232,70,72,537,7
Coursair,,164,70,72,537,2
Kile,,330,70,72,553,1
Gunslinger,,350,69.33,72,581,9
Hunteruber,,450,70,71,358,3
Okak,,246,70,71,359,5
Greystone,,500,70,71,390,2
Notavirus,,220,69,71,425,7
Fellwulf,,343,70,71,452,1
Dorko,,307,70,71,454,1
Adrulel,,247,70,71,458,6
Reshe,,337,70,71,466,13
Jerce,,218,70,71,476,8
March,,324,69.92,71,506,4
Kobedra,,260,69.33,71,507,1
Begreta,,257,69.67,71,509,5
Klaus,,188,70,71,513,7
Edwina,,185,70,71,514,6
Mahi,,229,70,71,532,0
Emigrot,,162,69.58,71,535,16
Nina,,170,70,71,552,1
Asolidnoob,,299,70,70,201,1
Mihek,,370,67.92,70,233,3
Hrco,,323,70,70,233,0
Sogeking,,259,70,70,251,3
Gala,,228,70,70,264,10
Irkas,,191,67.75,70,287,1
Lulaza,,169,70,70,287,1
Felix,,360,70,70,300,1
Bezirte,,269,70,70,307,4
Godroma,,186,66,70,311,1
Buba,,395,69.92,70,329,8
Visp,,242,70,70,331,1
Minus,,217,70,70,336,0
Kahene,,355,70,70,337,2
Shotgun,,441,70,70,338,5
Odpadnica,,241,68.92,70,342,2
Oldbird,,433,70,70,373,1
Galakinie,,312,67,70,378,0
Tuva,,406,70,70,378,2
Picka,,203,69.92,70,389,0
Avus,,299,70,70,397,0
Stomatolog,,198,69.58,70,406,1
Akunda,,346,70,70,444,0
Vithilla,,284,64.42,70,458,3
Orzaha,,475,70,70,464,1
Tyger,,325,70,70,465,7
Roland,,204,69.92,70,474,0
Oshunnon,,314,69.58,70,480,4
Akag,,186,69.92,70,543,9
Tammy,,246,69.83,70,565,23
Rusi,,250,69.83,70,581,14
Mobico,,183,69.83,69,380,3
Cusabra,,312,67.75,69,410,7
Gigrem,,211,69.08,69,439,4
Ygritte,,242,70,69,461,4
Ohozi,,210,69.5,69,533,7
Jasherx,,173,69.92,69,540,7
Enrin,,322,70,69,563,3
Goraffe,,210,69.08,68,330,0
Event,,194,64.5,68,424,8
Odnilig,,204,69.67,68,436,3
Christina,,314,70,68,437,8
Vagul,,131,67.08,68,441,0
Cane,,349,70,68,443,0
Babog,,157,70,68,477,10
Irgin,,307,68.75,68,478,2
Karacho,,198,69.33,68,499,0
Rocky,,430,70,68,503,1
Egaziz,,377,70,68,505,2
Ojaz,,158,65.58,68,518,1
Akuk,,200,69.42,68,534,1
Lunne,,302,70,68,535,0
Kumgargl,,435,70,68,535,1
Zotaje,,286,68.75,68,539,10
Oshoga,,197,70,68,573,2
Kurceg,,147,70,68,577,1
Adane,,237,68.25,68,582,0
Liberty,,237,70,68,594,5
Aubrey,,354,70,68,598,16
Lipi,,185,70,67,362,5
Olak,,161,70,67,392,0
Suggan,,268,68.42,67,412,0
Ithat,,394,70,67,425,1
Sechi,,272,70,67,428,6
Jivi,,230,67.5,67,443,7
Sade,,211,70,67,448,3
Othurci,,257,70,67,450,4
Ologad,,325,68.33,67,471,14
Neba,,193,70,67,478,5
Joni,,309,70,67,494,17
Tarot,,201,70,67,526,14
Momi,,242,70,67,585,2
Agothe,,397,68.67,66,316,5
Aneme,,102,67.92,66,358,10
Gavinhung,,158,70,66,431,4
Gali,,231,67.08,66,442,3
Rofi,,305,70,66,454,0
Izul,,260,69.25,66,476,0
Morcim,,251,68.5,66,485,6
Ibrarde,,214,67.67,66,555,7
Tasi,,230,70,65,167,3
Erked,,141,68.5,65,222,1
Totha,,199,67.92,65,256,0
Amok,,215,70,65,264,0
Hejuji,,157,68.67,65,277,0
Remington,,142,70,65,316,2
Ihurtem,,165,70,65,324,0
Valentina,,192,66.5,65,334,0
Ride,,207,68.75,65,344,0
Samag,,233,69.42,65,345,0
Orona,,212,66.67,65,351,0
Bache,,149,65.83,65,365,8
Vocan,,177,70,65,373,2
Keshi,,374,70,65,376,2
Toldya,,380,70,65,409,2
Kavi,,195,69.5,65,418,6
Anrid,,245,70,65,418,16
Aranyb,,166,67.25,65,419,1
Zumi,,293,69.58,65,423,1
Trinity,,328,69.25,65,426,1
Hooyah,,274,70,65,432,5
Luna,,177,70,65,439,0
Zaja,,196,67.25,65,449,10
Akka,,199,67.58,65,478,18
Karrinm,,417,70,65,491,0
Anen,,196,70,65,512,0
Ogaduz,,195,70,65,518,8
Katha,,195,70,65,571,0
Ethilla,,88,70,64,348,1
Seka,,387,64.67,64,392,11
Habos,,192,70,64,431,6
Absinth,,229,70,64,442,2
Cipa,,218,69.75,64,576,1
Ovrak,,146,70,64,591,21
Ogoken,,182,68.91,63,395,5
Drunk,,259,67,63,430,2
Vavi,,290,70,63,453,3
Ehednit,,257,70,63,556,3
Efrage,,197,70,62,336,0
Takime,,197,70,62,383,3
Geni,,183,68.17,62,395,1
Dothi,,257,68.67,62,397,2
Neve,,292,69.75,62,415,12
Bulma,,229,70,62,444,2
Akoshil,,163,67,62,462,0
Teancum,,230,70,62,469,1
Mahi,,147,70,62,480,4
Okuzam,,203,67.42,62,491,3
Cara,,310,69.75,62,502,2
Navi,,386,69.5,62,544,6
Innirum,,334,69.58,62,554,11
Zine,,190,68.33,61,308,3
Chronos,,280,70,61,333,1
Tauriel,,358,70,61,379,2
Lotte,,423,70,61,396,2
Hinrud,,282,70,61,404,5
Cifri,,150,69.33,61,436,1
Idaza,,230,69.83,61,460,1
Licaga,,193,70,61,464,0
Denaerys,,383,67.42,61,557,4
Korgun,,247,67.67,60,256,0
Suede,,263,70,60,275,1
Sirka,,407,69.92,60,279,1
Acuz,,280,70,60,298,0
Gurdare,,167,66.92,60,307,0
Duda,,376,70,60,316,0
Dugran,,147,70,60,318,0
Angerfist,,204,70,60,327,0
Irun,,293,68.5,60,355,3
Zadri,,267,69.25,60,376,1
Cateha,,114,69.42,60,381,0
Koreayj,,364,70,60,386,1
Holiday,,336,69.91,60,393,3
Ololoi,,211,70,60,394,1
Sensei,,148,69.33,60,403,29
Irel,,324,69.92,60,404,12
Ziri,,294,70,60,434,0
Evette,,154,68.17,60,444,0
Acoka,,270,64.75,60,449,1
Flaim,,324,69.17,60,486,13
Lisa,,201,66.83,60,506,0
Shadows,,212,70,59,417,2
Eugenia,,149,69.42,59,456,9
Civi,,123,66.42,59,498,33
Vithorci,,290,69.42,59,554,2
Bingbong,,350,69.33,58,249,0
Aton,,188,68.75,58,325,2
Juda,,244,70,58,419,2
Igek,,159,66.33,58,427,4
Ripley,,182,68.5,58,455,1
Shazaam,,168,66,58,470,1
Spike,,102,69,58,520,5
Arianwyn,,127,68.8,57,298,0
Ebigri,,127,69.83,57,390,0
Ellie,,241,70,57,403,4
Ordog,,228,69.42,57,443,7
Legek,,123,69.67,57,461,2
Hank,,367,69.17,57,539,4
Hejkowa,,178,69.83,57,556,6
Tacan,,184,68.92,56,322,2
Huthi,,77,67.17,56,345,0
Gochon,,176,70,56,355,3
Vtote,,150,70,56,356,3
Avirzel,,128,67.5,56,404,0
Daze,,185,70,56,405,3
Jufred,,110,68.25,56,444,3
Egot,,204,64.92,56,485,4
Ishora,,295,68.92,55,239,0
Korsan,,389,68.75,55,263,2
Drakath,,67,70,55,281,4
Elici,,200,70,55,299,0
Timothy,,310,69.67,55,302,2
Oshesi,,152,70,55,306,6
Kiritsugu,,151,70,55,314,0
Snietmp,,182,68,55,319,0
Madet,,238,70,55,334,0
Riper,,170,68.83,55,353,1
Echonne,,101,64.5,55,361,2
Hekeda,,185,69.58,55,368,0
Vipevento,,337,70,55,371,2
Aconnol,,145,68.17,55,399,1
Hela,,208,63.17,55,419,13
Adnoged,,285,68.83,55,428,13
Onarka,,158,69.91,55,435,6
Ordurkaz,,132,65.17,55,458,5
Adnuthe,,192,68.42,55,504,2
Aranwe,,280,70,54,263,5
Jaze,,99,69.42,54,285,10
Yhyh,,111,69.17,54,356,6
Grey,,212,69.67,54,487,7
Kelseir,,187,68.83,53,271,0
Onnora,,129,64.5,53,307,1
Jigrace,,114,68.92,53,321,1
Hibol,,168,69.08,53,333,0
Vaheha,,216,69.92,53,393,1
Logra,,173,65.58,53,501,2
Ised,,193,68.75,53,511,0
Postevak,,157,69.75,52,195,3
Cuta,,134,70,52,261,4
Arven,,188,61.17,52,298,0
Amber,,100,70,52,313,4
Bubmbac,,95,67.42,52,319,1
Erton,,150,70,52,365,0
Dije,,150,69.25,52,378,1
Zarcohe,,190,68.5,52,419,12
Sishabi,,234,70,52,455,2
Chelsea,,125,69.17,51,352,0
Zakkboose,,124,69.33,51,392,3
Atojas,,106,69,51,423,4
Darkov,,189,69.25,50,164,0
Cela,,115,70,50,248,4
Annoca,,148,67.4,50,252,0
Zesi,,82,67.83,50,253,0
Erica,,117,70,50,256,0
Ezuz,,399,70,50,282,1
Culud,,103,68.17,50,294,3
Duteha,,156,64.58,50,303,0
Bonrut,,81,65.58,50,310,0
Ojirzus,,77,65.08,50,324,0
Kura,,139,61.17,50,334,1
Robakus,,197,68.83,50,361,0
Paladin,,154,70,50,373,0
Strelka,,133,69.45,50,380,2
Tinny,,232,66.83,50,380,0
Ruhol,,136,62.92,50,380,1
Akres,,73,64.5,50,391,4
Beavis,,184,63.08,50,392,0
Ovus,,152,70,50,414,0
Olluve,,135,68.25,50,427,0
Zantana,,162,66.17,50,431,2
Soeldner,,154,64.5,50,439,2
Mahela,,272,65.58,50,473,0
Zuchet,,238,66.75,50,504,0
Janre,,85,70,49,235,0
Berosi,,108,61,49,278,2
Atalanta,,60,69.3,49,283,3
Rore,,147,70,49,385,3
Evrus,,140,68.08,49,424,2
Kori,,198,70,49,479,0
Mothom,,150,69.3,48,370,0
Ocogi,,141,69.5,48,463,0
Meganri,,72,65.5,47,235,0
Ivas,,99,66.7,47,282,1
Orek,,169,67.67,47,407,2
Ragnar,,142,68.92,47,489,0
Aseti,,19,68.1,46,169,1
Ziherta,,108,69.5,46,210,2
Eded,,95,69.92,46,350,2
Dogfish,,89,67.75,46,418,5
Tsunade,,152,64.08,45,114,0
Bannol,,149,62.58,45,202,0
Arugra,,178,68.08,45,205,0
Jhonwicki,,104,68.25,45,244,0
Popo,,56,65.42,45,255,0
Ejel,,183,68.83,45,260,0
Lefty,,80,65.25,45,363,1
Popupkat,,143,61.92,45,364,0
Imiki,,144,63.25,45,455,1
Saltierre,,215,67,45,575,0
Azerotta,,56,64.83,43,244,0
Yoko,,86,69.58,43,359,0
Karlotto,,208,70,43,400,0
Jesica,,141,66.08,43,414,0
Aritan,,210,68.58,43,472,11
Booboo,,155,62.42,42,172,1
Terti,,54,69.42,41,463,0
Koreach,,263,70,40,193,1
Tremos,,29,64.83,40,276,0
Ogive,,93,56,40,307,0
Kampfkater,,111,67.22,40,331,0
Ocanom,,162,66.5,40,345,3
Duhek,,99,63.73,40,365,0
Ahera,,83,68.33,40,365,0
Keki,,28,66,40,404,0
Zabret,,157,69.33,40,488,1
Zuna,,96,54.17,39,406,1
Zarol,,119,69.25,39,451,0
Ruerzag,,139,64.33,38,493,2
Jezzabella,,142,69.67,38,504,2
Iteze,,150,68.67,37,304,3
Dave,,140,65,37,329,6
Sawyer,,91,67.25,36,254,0
Lolo,,53,63.33,35,152,0
Rose,,55,65,35,215,0
Katerina,,40,56.33,35,228,0
Hovruza,,41,59.42,35,326,1
Arya,,73,62.25,34,224,0
Ramsesita,,92,61.17,34,239,2
Ghoust,,96,52.42,34,344,2
Iden,,136,65.75,34,388,5
Gaygun,,30,59.5,33,153,0
Mcphedran,,30,63.33,33,246,1
Hldegn,,28,62.33,33,344,0
Bullzeye,,151,53.58,33,407,3
Luhenra,,154,63.75,33,461,1
Jango,,48,69.18,33,542,1
Stelissa,,21,68.25,31,211,2
Conan,,43,63.08,31,236,0
Zinger,,127,64,31,331,2
Mesa,,43,56,31,391,0
Bebe,,73,56.5,31,403,2
Onim,,21,70,30,192,0
Naga,,22,58.92,30,199,0
Tokri,,44,66.1,30,219,0
Adribe,,174,63.17,30,231,0
Teca,,26,70,29,176,0
Kanibe,,55,61.5,28,345,3
Jack,,52,63,27,250,0
Leras,,0,53.08,25,181,0
Yogurt,,100,63.42,25,221,0
Ideshim,,0,55.67,25,277,0
Natibe,,16,61.17,24,198,0
Vekin,,0,59.5,23,222,0
Mordate,,0,55.58,22,235,0
Warbrad,,0,64.33,21,227,0
Ituce,,0,60.5,21,318,0
Eventdude,,88,50.5,21,529,1
Ezet,,0,62.17,20,126,0
Horzal,,0,65.33,20,141,0
Wolf,,32,60,20,144,0
Hulika,,15,65,20,171,0
Coraliz,,0,59.17,20,431,0
Ihali,,26,66.08,19,109,0
Conny,,142,66.17,19,177,0
Salix,,0,61.08,19,227,0
Eventressa,,0,63.42,18,150,0
Surata,,0,54.27,18,189,0
Domuna,,0,60.22,17,260,2
Kavug,,0,54.83,17,273,1
Durci,,0,60.17,16,182,0
Darkwarte,,0,56,16,188,0
Zerion,,0,55,16,205,0
Kivuz,,50,66.75,16,339,8
Doda,,4,61.58,15,157,0
Konan,,1,56.42,15,194,0
Rattatatat,,0,49.75,15,221,0
Ishes,,0,52,15,265,0
Doce,,111,61.58,14,128,0
Ventrice,,0,43.67,14,236,0
Dodolino,,0,54.75,14,246,0
Poldy,,0,55.08,13,192,0
Gekata,,0,49.33,13,220,0
Keve,,0,56.25,12,202,3
Elon,,0,59.44,12,290,0
Killdozer,,0,60.08,11,309,1
Anurkug,,0,53.58,10,108,0
Lebaran,,0,58.75,10,109,0
Dima,,0,45.33,10,121,0
Kathen,,0,48.42,10,125,0
Bronwyn,,0,60.42,10,185,0
Runi,,0,48.58,10,200,2
Andbar,,0,55.92,10,207,0
Tonrak,,0,54.92,10,250,0
Dajurze,,0,57.92,10,282,1
Lando,,0,48.83,9,194,0
Ghjjvvh,,0,59.22,9,266,4
Adet,,0,55,9,296,0
Bayonetha,,0,55.83,8,102,0
Mackdaddum,,0,44.25,8,144,0
Avan,,0,49.67,8,149,0
Jergi,,76,66.33,8,162,0
Boomstik,,0,47.67,8,164,2
Ruva,,0,52.25,8,174,0
Moza,,0,55.92,8,185,2
Asene,,0,45.25,8,206,0
Hede,,0,52.33,8,231,0
Doublemay,,0,57.33,8,232,1
Zadnice,,0,49.58,8,241,2
Dogzilla,,0,48.08,8,244,1
Ibrit,,0,56.17,8,344,1
Asag,,0,49.83,8,354,9
Elebi,,0,45,8,357,2
Juni,,0,47.11,8,373,5
Zusovi,,0,62.42,7,105,0
Kida,,0,50,7,122,0
Vurga,,0,64.92,7,122,0
Avros,,0,57.42,7,143,0
Rottersand,,0,60.67,7,144,0
Meno,,0,53.5,7,151,1
Teshade,,0,57,7,169,0
Sara,,0,54.5,7,183,0
Steamotop,,0,49.17,7,187,3
Kendyj,,0,60.25,7,189,0
Miraya,,0,50.5,7,191,1
Amber,,0,57.56,7,195,0
Tobikills,,0,53.22,7,209,6
Mazkiller,,0,64.83,7,219,3
Sovoca,,0,45.58,7,264,3
Sujez,,0,46,7,281,1
Inccubus,,0,45.58,7,307,3
Akaz,,0,50.75,7,312,0
Maze,,0,39.92,7,315,1
Inrek,,0,52.78,7,341,5
Bigbiatchh,,0,49.67,7,362,7
Ovrulle,,0,52,7,369,2
Alog,,0,45.83,7,380,1
Vutuchi,,0,46.33,7,382,4
Gacelle,,0,55,7,393,1
Erzithag,,0,45.25,7,427,1
Reve,,0,37.17,7,487,7
Vemok,,0,56.11,7,549,5
Cabre,,0,46,7,564,9
Dama,,0,46.89,6,88,0
Zidiz,,0,55.67,6,111,0
Rapsinfive,,0,45.33,6,114,0
Kirkid,,0,53.17,6,134,0
Itarzel,,0,39.17,6,143,1
Lashud,,0,37.33,6,160,1
Mithi,,0,45.42,6,206,0
Bakan,,0,45.11,6,212,1
Barte,,0,48.92,6,215,1
Springtime,,0,47,6,235,0
Ruzot,,0,46,6,236,0
Irzogi,,0,39.67,6,239,0
Sukana,,0,47,6,242,0
Efrothan,,0,51.22,6,253,0
Cheech,,0,45,6,256,0
Even,,0,38.92,6,260,1
Bebe,,0,44,6,264,1
Jordi,,0,50.08,6,279,2
Calamity,,0,47.5,6,304,0
Ikroke,,0,38.33,6,319,1
Riheg,,0,39.75,6,325,1
Eson,,0,34.08,6,359,8
Mofo,,0,40.67,6,378,0
Line,,0,36.42,6,407,1
Abul,,0,28.33,6,446,8
Madmax,,0,39.5,6,481,4
Ergona,,0,43.22,6,498,0
Ivreti,,0,43,6,526,2
Tittentina,,0,42.5,5,109,0
Ivrokrag,,0,45.56,5,114,0
Acalug,,0,41.67,5,130,0
Elysiadylb,,0,48,5,136,0
Jviser,,0,37.25,5,150,0
Odardok,,0,33.17,5,152,1
Jihyo,,0,43.42,5,167,0
Ertud,,0,38.42,5,169,0
Ivesa,,0,30.9,5,178,0
Ithishi,,0,40.42,5,189,0
Jila,,0,30.58,5,204,0
Evenphir,,0,34.83,5,217,0
Bini,,0,28.92,5,242,0
Avrus,,0,35.75,5,245,0
Iren,,0,32.33,5,253,1
Tagut,,0,28.42,5,257,0
Vitaliy,,0,34.33,5,262,0
Faerelin,,0,28.58,5,285,0
Huxiaoyang,,0,33.67,5,299,5
Vurgidni,,0,33.44,5,305,4
Fretzel,,0,33.17,5,312,4
Ehal,,0,38,5,346,0
Jidon,,0,25.42,5,427,11
Lihuz,,0,29.83,5,431,9
Anobi,,0,34.08,5,439,1
Yourloved,,0,35.33,4,118,0
Obudnon,,0,29.08,4,163,1
Ameshik,,0,26.92,4,174,0
Otuci,,0,27.22,4,177,0
Abet,,0,27.11,4,204,0
Zize,,0,26.67,4,234,3
Bezug,,0,23.56,4,236,0
Rurdugre,,0,31.18,4,238,0
Homare,,0,31.22,4,240,3
Zercaba,,0,25.5,4,266,0
Spiltsiom,,0,28.08,4,275,1
Demon,,0,26.22,4,278,2
Rartud,,0,29.92,4,293,1
Nila,,0,26.22,4,384,4
Zirdan,,0,22.25,4,475,3
Ellekre,,0,23.11,4,528,6
Biral,,0,21.5,3,135,0
Eren,,0,27.78,3,136,0
Dusez,,0,24.56,3,180,0
Alright,,0,19.83,3,180,0
Idiot,,0,19.92,3,200,2
Tester,,0,25.56,3,201,0
Ogas,,0,26.56,3,209,0
Nadas,,0,15.75,3,211,1
Artera,,0,19.25,3,213,0
Cypher,,0,18.5,3,219,2
Zira,,0,18.67,3,251,1
Hothi,,0,23.08,3,259,0
Erzalin,,0,19.33,3,286,2
Balla,,0,20.75,3,288,2
Izot,,0,20.33,3,292,1
Lathaz,,0,18.27,3,304,1
Inna,,0,15.67,3,319,0
Onnuron,,0,20.5,3,342,3
Otuja,,0,13.42,3,347,1
Abit,,0,19.11,3,406,6
Lampiao,,0,15.92,3,559,0
Anda,,0,20.25,3,573,6
Irogi,,0,15.78,2,107,0
Eziz,,0,12.83,2,139,0
Irving,,0,16.56,2,143,0
Medy,,0,14.33,2,152,0
Eshotha,,0,12.75,2,169,0
Taza,,0,11.42,2,176,0
Zortik,,0,19.56,2,189,0
Nirgod,,0,11.89,2,190,0
Zuthorte,,0,11.22,2,261,0
Prem,,0,10.92,2,277,0
Osem,,0,12.58,2,293,0
Madjongpyo,,0,9.89,2,324,1
Kerz,,0,10.89,2,357,1
Buche,,0,10.11,2,390,0
Tarzomi,,0,10.56,2,416,0
Raorohee,,0,10.08,2,419,1
Nikita,,0,17.08,1,125,0
Amber,,0,11.56,1,126,0
Jajel,,0,10.09,1,127,0
Igrak,,0,6.08,1,130,0
Kanoz,,0,9.33,1,171,0
Nonem,,0,10.25,1,171,0
Osal,,0,10.11,1,176,0
Virgine,,0,10.44,1,187,0
Galadryel,,0,7.67,1,194,0
Baga,,0,9.22,1,195,0
Imik,,0,9.5,1,201,0
Kohi,,0,10,1,218,0
Kathurzi,,0,7.78,1,226,0
Eventguy,,0,11.25,1,231,0
Cuve,,0,9.22,1,331,0
Reshi,,0,5.88,1,338,0
