Korsibural,,2088,1589483,3
Koryen,,2057,1569513,1
Roki,,2100,1559545,4
Koraokiji,,2063,1539560,2
Korkizaru,,2062,1539487,4
Korgazua,,2001,1519400,1
Firewolf,,1692,1499442,8
Korn,,1875,1489448,4
Korgura,,1869,1489427,4
Kortera,,1910,1449487,6
Deut,,1910,1449442,2
Karyna,,1657,1449429,0
Rindis,,1880,1449425,6
Nadrok,,1897,1449403,11
Seba,,1967,1439444,4
Sanlaopo,,1786,1439440,8
Avun,,1919,1439436,4
Koryo,,2007,1439426,7
Daywalker,,1667,1439411,1
Gunra,,1859,1429481,2
Argenta,,1812,1429449,7
Well,,1781,1429433,3
Simon,,1716,1419452,8
Caleb,,1877,1419430,7
Orcog,,1939,1409518,4
Nirn,,1857,1409461,2
Kordoll,,1808,1399486,5
Dnomyarz,,1722,1399431,5
Vadre,,1425,1399419,3
Chinajc,,1889,1389577,2
Ssix,,1601,1389479,2
Korrong,,1528,1389469,4
Silver,,1678,1389427,2
Edem,,1300,1389417,3
Narlacsvs,,1780,1389403,0
Onix,,1930,1389400,2
Korwitch,,1817,1379575,2
Korloveu,,1645,1379479,7
Igor,,1182,1379474,9
Vannodna,,1528,1379453,3
Infinity,,1478,1379436,5
Needhightl,Challenger,1391,1369526,5
Jemadne,,1750,1369505,2
Goldhunter,,1768,1369488,7
Voodooc,,1488,1369464,2
Dinomimi,,1804,1369459,4
Korlucia,,1698,1369445,7
Katalinvad,,1570,1359518,2
Korteacher,,1448,1359511,5
Huge,,1553,1359502,3
Korgu,,1570,1359496,11
Clara,,1543,1359477,9
Korgoldbi,,1593,1359445,7
Chicaboom,,1815,1359439,13
Yalevi,,1579,1359408,8
Korgood,,1360,1359408,3
Evidam,,1651,1359404,9
Kordark,,1267,1349551,3
Gunsgirl,,1364,1349534,1
Rugrass,,1376,1349506,1
Dethstrike,,1612,1349479,3
Tajpan,,1621,1349470,4
Pajo,,1548,1349464,7
Ishuz,,1497,1349454,12
Korashy,,1170,1349454,5
Masken,,1343,1349454,6
Silver,,1499,1349437,5
Taka,,902,1349430,3
Mara,,1746,1349413,1
Rulamai,,1698,1349410,7
Loopy,,1652,1349407,3
Vermelho,,1121,1339673,0
Majod,,1398,1339562,4
Simon,,1733,1339547,5
Zuba,,1367,1339545,2
Ishak,,1202,1339523,3
Sudre,,1524,1339499,4
Tures,,1224,1339493,5
Timelock,,1160,1339459,2
Hohenheim,,1711,1339452,4
Hueputalo,,1889,1339439,6
Korkim,,1347,1339418,4
Hiroprot,,1777,1339413,7
Nikemen,,1375,1329649,1
Kordooboo,,1653,1329612,4
Korberich,,1388,1329533,4
Korgod,,1608,1329525,3
Evuta,,896,1329492,8
Kormove,,1655,1329468,7
Abez,,1146,1329453,5
Ajila,Challenger,1586,1329410,14
Mirr,,1330,1319522,6
Ebet,Challenger,1169,1319490,4
Ares,,1849,1319488,2
Korben,,1594,1319463,7
Violence,,1604,1319442,7
Kordo,,1334,1319439,2
Kortest,,1652,1319407,2
Gezol,,1394,1309570,5
Umbradei,,1513,1309510,7
Tennos,,949,1309510,10
Arkima,,1199,1309508,2
Blort,,1549,1309483,13
Koroops,,1496,1309481,10
Arzan,,1225,1309477,18
Gunzakimbo,,1580,1309472,11
Jubulsanc,,1181,1309466,7
Githe,,1232,1309465,3
Velaya,,1573,1309463,5
Raven,,1346,1309432,10
Ruvube,,1156,1309427,4
Jalil,,1745,1309422,11
Krkys,,1235,1309414,11
Fackme,,1304,1309413,7
Slasher,,1871,1299592,9
Slobber,,1388,1299531,10
Akegrum,,1553,1299529,15
Assault,,1413,1299514,4
Coldet,,1827,1299509,4
Ferrous,Challenger,883,1299475,3
Bauwnty,,1355,1299475,9
Aseba,,1156,1299453,2
Tazz,,1857,1299412,32
Leliana,,1198,1299409,1
Ottawa,,1077,1299408,2
Korshot,,1426,1299407,7
Ijichi,Challenger,1832,1289664,4
Iden,,1395,1289618,3
Vusaji,,1446,1289544,1
Syrus,,1503,1289527,0
Ruji,,1244,1289526,0
Ragnagna,,1417,1289507,5
Zira,Challenger,1421,1289500,3
Ruyarik,,1240,1289496,7
Illluck,,1247,1289495,7
Sashoz,,1399,1289490,7
Gorigi,,1582,1289478,7
Lsanb,,1022,1289461,1
Arese,,1579,1289460,9
Jraggun,,1064,1289455,5
Ikrarki,,1597,1289451,13
Rugnom,,1408,1289431,9
Sebe,,878,1289427,3
Nohes,,1633,1289411,8
Gardeshi,,785,1279569,1
Ludni,,1269,1279560,0
Mare,,1340,1279510,4
Onetwo,,1088,1279499,5
Eket,,955,1279475,5
Odurol,,1427,1279462,7
Nethok,,1439,1279456,4
Lurch,,1469,1279410,11
Hayabusa,,1706,1269658,3
Obama,,1615,1269636,2
Leeholim,,1472,1269631,4
Line,,1826,1269622,2
Darkhunter,,1105,1269615,4
Gandalff,,1653,1269610,1
Jisave,,1009,1269538,3
Anrubuz,,1212,1269505,4
Azobe,,714,1269463,2
Seraph,,1518,1269462,6
Oluhi,,827,1269446,6
Jashi,,1649,1269441,4
Lili,,1519,1269428,5
Rubandoss,,757,1269421,6
Ziji,,815,1269404,4
Hike,,1387,1259648,5
Umumma,,1805,1259613,12
Korittv,,1162,1259583,8
Kratzke,,1421,1259583,17
Kara,,1265,1259577,1
Lerot,,1091,1259557,8
Asun,,1607,1259496,2
Sakka,,878,1259453,11
Jidna,,1037,1259430,12
Melody,,1882,1259428,23
Slonik,,1326,1259418,8
Korsty,,883,1259408,2
Vabok,,1113,1249619,0
Korgobebe,,1517,1249607,6
Petarda,,1266,1249573,3
Geminicina,,1552,1249551,3
Omad,,950,1249524,5
Ogak,,1261,1249493,3
Matrempit,,1198,1249461,3
Thum,,1167,1249458,5
Ecilig,,1206,1249443,8
Asak,,1017,1249439,2
Sefalabani,,1043,1249437,8
Zombie,,1068,1249431,6
Tempy,,1100,1249430,6
Sayangku,,1282,1249410,2
Tatjana,,1210,1239685,4
Neliana,,1087,1239649,3
Korjinac,,1490,1239628,6
Chop,,1404,1239599,2
Winzer,,1076,1239587,6
Somehow,,1058,1239581,1
Screamer,,1006,1239571,3
Elez,,729,1239561,1
Teve,,1330,1239559,5
Evon,,1058,1239555,3
Taiwan,Challenger,1506,1239553,0
Nathit,,1831,1239539,9
Groot,,1124,1239531,2
Bobafett,,1235,1239529,2
Koryouna,,1230,1239523,9
Lava,,1011,1239516,6
Itanris,,1320,1239508,6
Orada,,1292,1239505,3
Anna,,1593,1239501,4
Kortotoro,,978,1239495,6
Osus,,841,1239493,4
Mint,,1274,1239485,10
Faenyx,,1227,1239481,7
Rojis,,1170,1239478,3
Koravin,,1375,1239476,6
Raiik,,1280,1239469,4
Korswag,,761,1239461,3
Yuung,,1020,1239460,2
Wynding,,529,1239450,2
Ardol,,668,1239449,5
Ekes,,1278,1239446,14
Alus,,870,1239445,1
Darkwing,,1029,1239438,3
Gundam,,637,1239428,5
Ekodid,,644,1239425,3
Madni,,915,1239418,5
Zappy,,511,1239405,1
Fettprinz,,653,1239404,0
Leli,,1502,1229678,1
Koruniv,,1246,1229595,2
Vanessa,,1652,1229589,3
Atom,,1227,1229570,5
Celeste,,639,1229568,3
Reign,,1056,1229548,3
Korboy,,1355,1229548,8
Rain,,629,1229536,4
Oscar,,1055,1229534,4
Wisp,,1321,1229526,9
Luleta,,1159,1229504,11
Ekig,,1299,1229497,1
Coshid,,887,1229450,4
Idrela,,1259,1229430,0
Fxxk,,729,1229417,1
Pretoria,,922,1229410,1
Eshel,,1378,1229406,15
Seon,,816,1229404,3
Coheed,Challenger,1245,1219730,5
Ibreshol,,1343,1219649,2
Bahamut,,958,1219605,4
Kormilim,,1385,1219591,7
Avrila,,1013,1219578,5
Cilla,,1234,1219563,5
Rebrage,,1600,1219561,4
Etim,,1361,1219537,3
Deniro,,600,1219528,4
Kork,,857,1219514,4
Vigo,,1190,1219510,3
Ethum,,877,1219503,4
Maeballs,,666,1219478,10
Moon,,893,1219476,11
Loga,,751,1219460,3
Misskhan,,1020,1219458,3
Nahin,,594,1219452,11
Lime,,1270,1219452,9
Eluresja,,1363,1219447,4
Hoblstik,,1135,1219447,1
Antepali,,1075,1219443,12
Vera,,1037,1219438,12
Mint,,1330,1219433,11
Nova,,883,1219430,1
Irota,,933,1219429,4
Silvergirl,,553,1219423,12
Lynn,,1022,1219419,14
Bobafett,,1560,1219415,1
Noname,,713,1219406,0
Korgod,,1328,1209708,2
Kira,,1372,1209704,1
Korthekhun,,1243,1209701,1
Kortvtv,,1031,1209676,5
Sollee,,1019,1209643,2
Getssam,,638,1209616,1
Korboys,,1076,1209611,3
Kordieu,,1186,1209580,9
Sweety,,1331,1209578,8
Cilee,,1471,1209570,4
Taha,,419,1209542,2
Lamubra,,1339,1209518,2
Abut,,1090,1209504,8
Sylvanas,,994,1209474,10
Ecive,,1045,1209456,5
Xiting,,504,1209456,5
Enatod,,833,1209452,5
Xrzix,,1030,1209437,6
Nmcb,,1158,1209432,13
Kavri,,749,1209428,9
Amba,,1280,1209427,0
Babayaga,,778,1209408,3
Ococ,,751,1209403,9
Custer,,1356,1209402,7
Zorom,,1239,1199625,1
Gungirl,,997,1199501,2
Kenfett,,888,1199476,8
Chkndinner,,716,1199474,5
Juben,,1364,1199472,10
Ababa,,1593,1199433,4
Crown,,1308,1199418,8
Alicha,,514,1199401,13
Oona,,1460,1189616,3
Korsunny,,929,1189610,0
Risesilver,,1460,1189594,7
Geemoney,,701,1189561,2
Vipx,,1046,1189560,4
Ejikit,,1266,1189546,4
Ojeza,,1272,1189543,6
Chinalin,,992,1189541,1
Xulei,,1022,1189522,1
Dilad,,659,1189507,2
Celloca,,1018,1189496,5
Kordondon,,1282,1189493,3
Vedek,,501,1189487,6
Gothet,,1075,1189473,1
Allofrak,,552,1189472,5
Ikumun,,962,1189455,6
Kiloru,,1128,1189453,6
Izot,,1157,1189453,1
Sibam,,677,1189453,5
Jewbinator,,686,1189449,3
Wowo,,1294,1189447,2
Rarde,,940,1189435,1
Geonpark,,457,1189425,4
Midnala,,593,1189420,13
Silicon,,1016,1189418,0
Iveles,,606,1189410,2
Head,,1081,1179655,2
Ruibag,,706,1179632,5
Luda,,1317,1179590,9
Grik,,689,1179583,2
Cethal,,1338,1179575,10
Cadd,,756,1179555,6
Okurga,,484,1179532,6
Kornam,,1096,1179521,7
Liza,,678,1179517,0
Scope,,1297,1179495,6
Heta,,1183,1179477,4
Lurcud,,871,1179463,7
Lubi,,710,1179456,4
Gawias,,1396,1179440,4
Maza,,1053,1179410,5
Montolio,,668,1179408,1
Grit,Challenger,1066,1179401,3
Chara,,1374,1169606,2
Meja,,1134,1169597,4
Kyonike,,996,1169583,5
Alodre,,726,1169572,2
Tortid,,1807,1169571,2
Ices,,762,1169566,3
Imum,,1369,1169551,2
Madna,,1028,1169539,2
Goshi,,738,1169528,3
Bang,,620,1169518,2
Odnama,,1121,1169506,8
Madora,,904,1169502,6
Nekto,,1149,1169491,0
Mosi,,636,1169478,3
Deadeye,,1117,1169475,3
Tele,,855,1169470,4
Voguha,,799,1169469,2
Goanna,,732,1169462,8
Drejfus,,584,1169458,4
Venom,,904,1169446,2
Pupper,,876,1169437,8
Zorki,,507,1169422,2
Ajekon,,1202,1169417,2
Plague,Challenger,822,1169404,7
Piffpuff,,575,1169400,6
Obama,,1339,1159703,3
Enun,,1317,1159701,0
Loti,Challenger,1338,1159670,3
Pushy,,954,1159615,2
Catflaps,,1108,1159595,4
Ozawa,,866,1159580,2
Somsom,,1049,1159565,0
Olaja,,1197,1159564,12
Ejunid,,950,1159546,8
Mike,,775,1159490,13
Coffeedrip,,976,1159489,6
Dohgun,,957,1159487,10
Binano,,681,1159486,1
Yavis,,1053,1159479,5
Ifroti,,614,1159468,0
Begit,,887,1159463,0
Gojisi,,545,1159446,1
Orzis,,1176,1159445,4
Arcas,,576,1159434,6
Daemo,,474,1159424,5
Tize,,830,1159420,3
Kolobina,,526,1159419,9
Dukralli,,623,1159416,4
Zerzer,,634,1159414,13
Ruletka,,575,1159403,6
Xxxxx,,1051,1149676,0
Hnjchina,,1048,1149589,8
Xisisix,,1484,1149544,5
Orosiz,,1406,1149532,20
Eshos,,729,1149515,5
Irzaji,,603,1149496,15
Guhubi,,1075,1149473,9
Legend,,628,1149473,6
Canelita,,1171,1149473,8
Jajak,,780,1149469,16
Vinipuh,,1084,1149464,12
Nazn,,872,1149460,7
Junas,,1013,1149442,2
Teceme,,1045,1149442,2
Halfdan,,817,1149433,9
Kinnag,,732,1149427,10
Vasa,,1173,1149411,20
Jade,,681,1149401,9
Maje,,1034,1139657,3
Mango,,944,1139653,1
Taco,,1308,1139626,1
Tejubi,,1368,1139621,4
Jahat,,1004,1139621,2
Ahuzaz,,1516,1139616,3
Suei,,901,1139585,3
Guro,,774,1139582,2
Nirekra,Challenger,1658,1139580,6
Gulira,,1094,1139578,1
Zuda,,1240,1139577,4
Mezi,,888,1139575,9
Shadow,,675,1139575,8
Madmini,,853,1139571,2
Caixukun,,1169,1139566,12
Gujirci,,717,1139553,6
Busud,,645,1139537,1
Redtail,,1177,1139528,3
Koreacho,,887,1139517,5
Honruthe,,769,1139512,2
Nana,,648,1139509,5
Irtije,,652,1139509,7
Achedon,,562,1139508,10
Itujim,,1131,1139506,11
Jkioup,,938,1139498,4
Karty,,467,1139490,1
Jajasi,,1107,1139486,11
Erkosha,,1030,1139486,16
Vudi,,580,1139474,5
Tianwang,,995,1139470,4
Arasha,,1176,1139469,6
Shewalk,,466,1139459,9
Kehe,,861,1139455,6
Rifra,,493,1139447,4
Nisik,,531,1139445,3
Mirti,,416,1139436,2
Tafrog,,944,1139435,4
Orkok,,533,1139430,1
Anatol,,631,1139426,3
Elok,,958,1139424,7
Dalma,,523,1139423,3
Kordarrk,,987,1139418,9
Kihi,,1297,1139411,5
Janek,,913,1129723,1
Moana,,1202,1129639,5
Sova,,1095,1129631,4
Minechar,,1023,1129598,8
Korcoco,,970,1129591,9
Razo,,1074,1129591,10
Tekok,,1007,1129573,6
Fenrir,,614,1129553,2
Gilinna,,831,1129549,8
Maratoo,,488,1129547,3
Hele,,834,1129534,8
Nukrem,,874,1129529,5
Luci,,833,1129504,7
Chinalion,,850,1129502,11
Jodit,,1099,1129495,7
Denni,,583,1129475,9
Irgud,,1025,1129473,20
Gumowa,,1008,1129469,5
Trytonxd,,567,1129466,2
Litaz,,1173,1129466,4
Sigma,,1128,1129460,1
Shadow,,404,1129438,1
Abohuk,,462,1129437,1
Jucos,,573,1129421,10
Ladnebre,,487,1129418,2
Bbbbbbbbbb,,543,1129416,6
Zion,,948,1129408,9
Blmsucs,,611,1129406,2
Korjd,,944,1129403,5
Gremory,,1185,1119775,3
Godass,,854,1119708,5
Luron,,1289,1119651,9
Happydays,,573,1119631,0
Christmas,,1159,1119609,0
Fenekbrus,,1183,1119608,4
Vashi,,1036,1119607,2
Chong,,466,1119595,2
Okid,,1096,1119576,1
Hesos,,625,1119568,1
Kuda,,1095,1119566,2
Qhhh,,870,1119557,9
Anthonie,,546,1119555,7
Novon,,1145,1119553,1
Jisime,,1163,1119546,1
Athasa,,1407,1119540,2
Sunny,,441,1119533,2
Szarley,,1084,1119521,10
Osunus,,707,1119512,5
Killer,,530,1119511,4
Dragonaut,,459,1119507,2
Hero,,677,1119502,13
Athimi,,1267,1119501,4
Itoza,,628,1119488,0
Tudi,,524,1119484,4
Etul,,914,1119483,4
Legolas,,519,1119474,2
Ezug,,556,1119464,6
Babahunter,,784,1119459,1
Mela,,705,1119455,2
Esak,,525,1119454,1
Dafdav,,1082,1119454,1
Befrun,,1045,1119453,7
Jiri,,947,1119453,1
Woon,,932,1119432,3
Duke,,629,1119430,3
Virid,,522,1119412,2
Schwabukk,,930,1119408,8
Matratze,,670,1119407,2
Blizzard,,835,1109803,1
Fortune,Centurion,993,1109785,3
Korminwoo,,1421,1109743,3
Pilipinas,,872,1109728,1
Maui,,1199,1109727,4
Tequila,,819,1109716,7
Jahuje,,1008,1109712,0
Korhwangse,,1353,1109701,4
Avrerda,,550,1109696,2
Donny,Challenger,998,1109685,2
Startup,,1278,1109683,4
Chinayyyyy,,1042,1109678,3
Soyounga,,933,1109677,2
Mecoshe,,881,1109672,7
Heretic,,469,1109672,2
Inifgm,,1097,1109671,2
Leol,,986,1109670,10
Wreaker,,1377,1109666,3
Zihat,,782,1109648,6
Semmi,,1042,1109643,3
Oran,,916,1109618,1
Mave,,973,1109616,0
Danela,,635,1109606,4
Zojum,,598,1109606,9
Orcadri,,1797,1109602,2
Buckwheat,,955,1109593,5
Delpiero,,868,1109590,8
Oshed,,910,1109588,0
Elobun,,640,1109587,6
Nima,Centurion,865,1109584,0
Expp,,1134,1109584,5
Lija,,1238,1109574,1
Turcaz,,1132,1109569,5
Korchoibs,,1309,1109569,4
Silverass,,977,1109565,9
Thelemite,,746,1109563,1
Embetaooo,,546,1109561,2
Animos,,668,1109561,0
Rublik,,645,1109560,3
Trdlik,,1123,1109560,3
Wyatt,,779,1109559,2
Puni,,694,1109556,26
Boooooom,,1192,1109554,6
Plague,,702,1109552,5
Nizan,,493,1109549,5
Ithera,,990,1109549,1
Laolizi,,446,1109546,6
Crash,,1328,1109544,21
Odusi,,610,1109544,4
Nogreda,,889,1109540,8
Inek,,1045,1109536,5
Narga,,420,1109535,6
Riges,,1007,1109534,0
Lechi,,651,1109532,3
Jojo,,862,1109527,3
Mmpp,,485,1109526,1
Ordiz,,663,1109526,0
Jade,,657,1109522,0
Nopaytowin,,1318,1109520,25
Kalush,,361,1109518,10
Kuga,,764,1109518,2
Aboos,,616,1109517,1
Zuthe,,1142,1109511,1
Lage,,596,1109500,8
Ninreg,,764,1109495,2
Larky,,951,1109494,1
Durid,,653,1109487,6
Niiic,,743,1109482,1
Gemma,,1330,1109477,6
Orcod,,638,1109468,2
Orelen,,750,1109468,3
Vume,,621,1109468,10
Irden,,590,1109463,2
Biffy,,660,1109463,3
Methe,,488,1109459,2
Nala,,729,1109452,8
Imod,,932,1109451,17
Adelle,,985,1109449,15
Sinfarm,,370,1109441,7
Cene,,704,1109434,10
Peedrinker,,499,1109430,0
Adkgold,,960,1109427,7
Ovaz,,464,1109422,2
Ceshat,,669,1109421,4
Vige,,602,1109421,13
Seraphim,,463,1109414,2
Icil,,959,1109408,16
Libero,,880,1109403,4
Agnez,,1048,1099639,2
Liera,,1069,1099612,4
Soja,,697,1099534,2
Noguce,,530,1099523,5
Runner,,481,1099520,17
Evaci,,538,1099511,10
Khairul,,1320,1099493,3
Erdoz,,565,1099475,0
Jasode,,947,1099464,2
Event,,629,1099456,0
Chamsaem,,1324,1099453,10
Oran,,345,1099437,8
Tethuk,,732,1099431,13
Homug,,479,1099428,10
Zzzzz,,843,1099425,11
Zulama,,723,1099425,3
Clint,,552,1099421,5
Rena,,622,1089638,6
Aquax,,713,1089607,6
Chinaz,,1110,1089603,10
Mazikeen,,1443,1089600,1
Rubeer,,1295,1089585,0
Anqnf,,976,1089577,0
Korrinda,,603,1089575,1
Gibana,,703,1089563,6
Eros,,626,1089558,5
Lite,,622,1089553,10
Otelleg,,667,1089539,3
Atom,,669,1089536,6
Agrabad,,498,1089512,3
Roli,,485,1089503,2
Azel,,535,1089486,2
Xuhui,,521,1089474,10
Gabriel,,915,1089469,6
Ecobrol,,616,1089469,4
Hansel,,1041,1089460,4
Irig,,381,1089457,5
Erdos,,910,1089446,12
Enzan,,550,1089443,3
Andrea,,524,1089443,1
Ragenn,,544,1089435,0
Ecarza,,815,1089433,3
Ochod,,360,1089426,5
Pichacka,,582,1089421,5
Gubaha,,1013,1089418,6
Mirti,,504,1089414,5
Loot,,869,1089412,6
Arkan,,595,1089406,4
Sexgo,,651,1089406,3
Pryme,,606,1089405,1
Magnar,,1015,1089405,1
Mubre,,623,1079682,1
Bbingbbang,,595,1079553,13
Lelul,,520,1079487,2
Kube,,554,1079483,3
Zurga,,763,1079464,3
Alice,,511,1079458,4
Tina,,372,1079454,1
Abem,,881,1079453,4
Rova,,509,1079453,1
Crosshair,,437,1079451,2
Evici,,984,1079435,21
Xziz,,577,1079424,5
Jillishi,,757,1079420,13
Guen,,453,1079415,9
Athunri,,1087,1079409,3
Allanik,,720,1069635,1
Rusa,,840,1069615,1
Zenobi,,1162,1069612,2
Agran,,640,1069601,1
Conral,,392,1069584,8
Ezucek,,705,1069567,1
Echipad,,945,1069541,3
Kisa,,555,1069505,3
Velky,,864,1069494,6
Adez,,442,1069494,2
Nelane,,400,1069475,2
Tempo,,527,1069468,4
Kkkkkkk,,588,1069457,9
Athomit,,778,1069413,6
Drake,,424,1069411,1
Aquiemico,,1121,1069408,0
George,,904,1069407,1
Josi,,1123,1059755,3
Zabad,,844,1059739,0
Ahuz,,955,1059730,1
Shade,,952,1059723,1
Hhhhjh,,646,1059716,0
Onnuda,,1254,1059692,1
Kara,,889,1059672,1
Gayane,,651,1059668,4
Nicki,,605,1059666,6
Iseshi,,926,1059629,1
Immoralis,,992,1059627,3
Bartive,,624,1059597,2
Syko,,395,1059596,1
Lotit,,1023,1059555,5
Eaglix,,497,1059542,4
Vegeta,,853,1059537,9
Cjdvnd,,358,1059530,7
Hannele,,425,1059530,2
Ishake,,929,1059524,0
Orzugrot,,578,1059519,0
Hedon,,839,1059513,16
Icudna,,554,1059489,2
Legra,,465,1059488,4
Shot,,549,1059459,0
Gedroce,,435,1059431,5
Vladimir,,589,1059429,7
Akavim,,603,1059424,4
Hunter,,474,1059400,7
Twice,,731,1049623,3
Echeyakee,,733,1049615,6
Nithos,,461,1049490,4
Korsaza,,380,1049467,3
Irton,,803,1049467,20
Cipollino,,518,1049441,5
Arweyn,,630,1049417,6
Azazel,,997,1049417,8
Korjinseng,,1012,1049412,17
Abrori,,634,1049407,8
Alsgur,,879,1039726,7
Gushaz,,320,1039705,2
Xorap,,912,1039696,0
Porori,,552,1039683,5
Rukola,,1259,1039682,3
Loki,,668,1039678,1
Efrin,,460,1039657,1
Inuz,,350,1039615,1
Gungrave,,922,1039605,2
Ideal,,417,1039604,0
Farthead,,451,1039602,5
Dithek,,704,1039597,4
Korverzed,,462,1039588,3
Jjjjjjjj,,252,1039587,6
Cjkro,,320,1039587,7
Gagre,,842,1039585,4
Zerci,,1123,1039575,2
Ithidag,,566,1039551,5
Andbount,,448,1039544,1
Belmont,,815,1039534,6
Beowulf,,1117,1039527,3
Bela,Challenger,491,1039526,1
Serg,,551,1039526,2
Lara,,400,1039523,0
Kotha,,513,1039518,4
Windman,,720,1039517,1
Arari,,384,1039511,7
Buzi,,863,1039505,1
Methufri,,685,1039501,1
Nedre,,494,1039498,2
Lister,,822,1039497,13
Abot,,369,1039495,12
Kela,,798,1039475,2
Jarta,,281,1039475,10
Autonam,,480,1039469,4
Ivin,,897,1039469,6
Pifpaf,,363,1039466,0
Itok,,973,1039455,5
Autoname,,443,1039454,1
Hypro,,413,1039434,2
Arurdi,,486,1039423,1
July,,447,1039423,7
Manrirgi,,601,1039419,3
Merenptah,,1122,1039401,2
Herewego,,571,1029721,5
Odor,,719,1029668,1
Evodra,,864,1029637,2
Raynman,,407,1029558,4
Korzebul,,949,1029549,6
Killer,,414,1029543,4
Ilikedvp,,816,1029531,7
Tejus,,393,1029496,5
Emfirion,,506,1029495,5
Whirlwind,,542,1029495,6
Vijunre,,434,1029466,7
Leekoei,,1265,1029461,3
Sobrol,,539,1029461,3
Butwhole,,301,1029449,6
Irdava,,698,1029442,1
Kujo,,448,1029410,13
Qsilver,,588,1029410,7
Kirts,,821,1019669,3
Bubek,,246,1019616,5
Cuze,,375,1019611,10
Livrin,,772,1019600,2
Gazuki,,580,1019572,1
Skadedyr,,706,1019572,4
Soonho,,595,1019566,9
Korloba,,782,1019558,5
Dorko,,562,1019556,1
Anren,,424,1019548,1
Inice,,424,1019534,2
Tuha,,455,1019528,0
Imerce,,328,1019527,0
Angel,,353,1019525,9
Alok,,373,1019524,11
Egid,,571,1019516,0
Qwerty,,562,1019513,1
Riga,,751,1019506,3
Avaral,,982,1019500,1
Nobrand,,349,1019492,16
Mary,,540,1019465,3
Ozzie,,877,1019464,2
Kojum,,492,1019461,1
Maze,,554,1019459,2
Talace,,741,1019454,0
Lara,,402,1019445,6
Honestasia,,493,1019445,1
Laxanona,,337,1019434,16
Scath,,816,1019433,1
Binoz,,560,1019432,15
Divrodi,,480,1019421,11
Tigris,,366,1019412,7
Ezurte,,439,1019407,1
Innibi,,705,1019405,1
Bukiz,,332,1019403,4
Moonrising,,473,1019402,3
Ragornia,,1194,1009787,1
Bounty,,821,1009770,1
Jabi,,831,1009762,6
Visa,,957,1009745,1
Yomama,,938,1009719,2
Toci,,325,1009715,2
Jade,,690,1009707,3
Anreci,,863,1009706,7
Asuka,,953,1009692,3
Rakam,,413,1009690,2
Vwvenus,,749,1009679,2
Idoji,,452,1009677,3
Weymarn,,732,1009676,0
Dexter,,508,1009673,1
Burito,,615,1009668,4
Ithem,,843,1009662,0
Tomanra,,321,1009657,1
Xidaerii,,1050,1009648,4
Dozit,,417,1009648,2
Enzooo,,371,1009645,1
Abobron,,378,1009644,4
Belladonna,,606,1009644,2
Ruvora,,475,1009643,11
Nope,,527,1009639,2
Fleshka,,830,1009637,6
Esud,,824,1009631,3
Mezavre,,607,1009631,1
Savant,,881,1009625,0
Sigron,,491,1009622,4
Pogr,,918,1009621,3
Olul,,381,1009614,1
Chinayoyo,,647,1009613,4
Updorachid,,968,1009608,1
Nimueh,,495,1009607,2
Dovre,,1320,1009600,3
Okol,,489,1009596,0
Bunarte,,889,1009586,3
Omoshi,,819,1009586,2
Kohas,,653,1009581,4
Sniper,,556,1009580,3
Sikoro,,577,1009580,0
Kael,,691,1009567,2
Gorelocks,,591,1009563,0
Buca,,317,1009556,3
Romi,,318,1009555,4
Vika,,367,1009547,1
Tina,,666,1009545,6
Kachok,,551,1009543,1
Kabi,,591,1009540,9
Fukblkppl,,377,1009539,10
Gobble,,817,1009534,3
Ecuk,,340,1009533,16
Evie,,658,1009530,5
Trump,,832,1009524,3
Agrobra,,426,1009524,7
Kathini,,1263,1009522,6
Naja,,297,1009519,6
Oneshi,,833,1009519,5
Akig,,991,1009517,4
Java,,364,1009517,1
Egeg,,528,1009515,2
Silver,,374,1009512,1
Mefreti,,661,1009509,9
Cushan,,310,1009508,13
Rozali,,577,1009502,9
Banda,,661,1009498,2
Odrude,,486,1009488,3
Raha,,417,1009483,0
Charlie,,641,1009468,3
Zithi,,622,1009463,0
Matus,,503,1009463,2
Mudronna,,332,1009461,7
Olam,,311,1009460,1
Sohe,,405,1009460,0
Zithi,,339,1009454,5
Lugnut,,390,1009452,2
Sheppard,,350,1009449,4
Bakedaf,,323,1009447,2
Enebe,,629,1009439,1
Jagnj,,888,1009437,5
Ethom,,497,1009436,2
Cirdil,,325,1009430,0
Jajok,,949,1009421,5
Reysky,,309,1009418,2
Askikaga,,286,1009416,3
Money,,541,1009406,4
Cerkel,,613,1009405,6
Eighttogo,,520,1009403,1
Dothas,,674,999687,1
Ilofrug,,360,999656,7
Sugi,,824,999576,15
Lucky,,897,999555,6
Mrleon,,709,999539,6
Vori,,924,999504,5
Orzid,,391,999474,4
Ivrebe,,619,999470,6
Wanted,,355,999461,1
Hica,,446,999459,6
Zube,,430,999456,12
Horga,,974,999443,0
Kome,,365,999408,2
Akong,,805,989664,2
Shak,,701,989624,7
Noname,,523,989611,3
Ailosti,,306,989609,5
Abenne,,369,989592,4
Robinette,,499,989570,15
Mayfly,,900,989569,1
Connor,,1022,989550,3
Rothage,,588,989523,4
Kschoanb,,353,989489,1
Otus,,704,989487,10
Azin,,455,989479,5
Luvik,,791,989448,1
Tora,,379,989426,8
Onnenon,,710,989423,7
Oshibram,,412,989422,11
Jula,,446,989415,8
Ashadril,,297,989406,1
Onas,,315,989403,4
Deadboy,,676,979676,2
Tuze,,453,979541,15
Ovreni,,561,979536,7
Abrode,,340,979518,2
Korizko,,678,979502,4
Minnam,,435,979489,3
Mese,,440,979471,7
Zolila,,290,979465,1
Deadpool,,752,979461,2
Oiling,,546,979441,1
Suzi,,451,979430,5
Tyxing,,348,979428,2
Bothid,,798,979416,4
Lesit,,459,979415,6
Rugreaty,,594,969638,6
Honora,,845,969626,0
Evah,,339,969618,3
Avuni,,702,969613,0
Ebana,,444,969589,2
Zecherzi,,320,969586,0
Egica,,418,969580,11
Arcebuza,,312,969560,2
Cuce,,424,969560,0
Odin,,414,969548,2
Zave,,306,969522,7
Gurte,,316,969519,4
Arya,,321,969518,2
Noah,,299,969506,6
Duma,,300,969502,1
Ekivin,,364,969498,7
Natasha,,617,969486,0
Tootsie,,432,969471,0
Vlad,,413,969459,2
Nikrem,,400,969457,4
Arevak,,848,969452,1
Avatas,,254,969434,3
Kiskis,,382,969431,7
Donara,,564,969411,1
Ebusha,,530,969401,10
Korryumon,,1054,959838,0
Weehaaa,,471,959763,0
Tallache,,437,959758,1
Item,,647,959708,0
Christa,,537,959706,5
Ahima,,1044,959691,3
Darkstar,,788,959673,3
Bahuvri,,821,959666,1
Choulee,,406,959655,4
Caros,,404,959642,0
Ivrizwood,,968,959627,2
Kordark,,578,959621,4
Coco,,348,959598,1
Jargen,,551,959595,0
Obrat,,281,959590,2
Amircus,,449,959555,1
Edroril,,397,959544,3
Milady,,910,959511,0
Balas,,377,959510,5
Deadshot,,408,959473,5
Ogunrem,,508,959457,10
Irkik,,372,959442,7
Abcdefg,,514,959440,13
Ovred,,617,959434,10
Ijog,,444,959433,10
Broot,,342,959422,12
Samael,,295,959410,3
Nirti,,475,959401,4
Edos,,316,949653,1
Adud,,316,949643,1
Rorcuk,,468,949607,7
Lashi,,405,949595,0
Valliza,,556,949578,4
Lexus,,658,949552,5
Casper,,292,949534,4
Artuz,,402,949526,14
Kiturki,,406,949524,2
Sonaldo,,884,949523,19
Love,,328,949500,6
Eloda,,300,949499,2
Lezet,,253,949493,2
Parzival,,563,949490,4
Kokotina,,366,949464,2
Innid,,583,949445,3
Badow,,487,939650,4
Odirtom,,842,939640,11
Oakley,,398,939630,6
Achot,,503,939613,3
Glokta,,366,939604,2
Ashanti,,484,939602,3
Erume,,300,939595,1
Ganrafre,,478,939589,3
Ayanonana,,970,939582,2
Zoga,,395,939574,5
Aris,,349,939560,4
Geziz,,273,939557,9
Mardusha,,595,939556,2
Elis,,459,939547,5
Akris,,655,939533,7
Saka,,581,939530,3
Kerta,,421,939521,3
Hang,,849,939517,6
Enruz,,423,939456,5
Kuthut,,394,939454,13
Celeda,,309,939449,8
Zale,,820,939447,14
Lillith,,281,939440,9
Kumbecket,,403,939436,5
Seahorror,,343,939411,3
Epoha,,504,929642,0
Whitefang,,1010,929615,3
Oshak,,404,929586,10
Megrin,,250,929580,9
Cuburde,,360,929573,3
Derschaten,,337,929549,4
Duban,,240,929546,5
Aaaa,,923,929545,6
Temp,,375,929536,1
Decourcy,,796,929535,3
Zhaozilong,,443,929522,14
Hunter,,595,929512,1
Wolfstar,,702,929508,19
Muflin,,430,929496,3
Iren,,342,929479,6
Mila,,244,929470,7
Potvora,,398,929468,4
Zoni,,342,929460,16
Redsonya,,385,929459,6
Megapihar,,547,929455,0
Wasilisk,,278,929451,7
Chrissy,,372,929451,2
Omodra,,433,929444,3
Greygun,,589,929444,4
Omokri,,271,929439,3
Adore,,347,929437,1
Onnok,,247,919671,7
Arcoce,,338,919664,4
Tomi,,615,919641,2
Arhas,,215,919635,1
Lorevi,,241,919633,2
Jock,,331,919626,2
Togre,,298,919606,1
Bloedwen,,519,919599,0
Luraji,,242,919585,2
Arderki,,620,919575,2
Kehan,,339,919573,3
Resurrectm,,342,919571,7
Herurke,,251,919557,3
Ogotad,,596,919555,2
Gergari,,270,919540,5
Deadeye,,400,919535,21
Kinnien,,247,919526,4
Vefrel,,536,919510,0
Mokomo,,282,919499,1
Ravit,,407,919499,5
Dana,,351,919489,9
Tagssssss,,274,919472,5
Vogakre,,394,919466,12
Venter,,514,919460,4
Lealavin,,387,919439,9
Neko,,291,919420,7
Liander,,793,919418,6
Slammer,,479,909806,2
Gloriseek,,888,909804,1
Zeni,,956,909803,4
Kamar,,430,909802,0
Hedari,,277,909797,0
Azella,,553,909780,0
Mekrosi,,329,909778,0
Tiktok,,941,909778,0
Ijunaz,,481,909777,1
Yuny,,378,909777,0
Temp,,537,909771,4
Dechadri,,848,909762,1
Kira,,724,909760,1
Tothod,,399,909758,0
Starfall,,416,909753,3
Inriz,,448,909752,1
Holangiii,,516,909748,3
Arzaki,,828,909747,0
Idothe,,314,909746,1
Russich,,907,909741,0
Hoti,,399,909734,3
Jordodna,,418,909731,1
Louie,,464,909728,0
Vinus,,510,909726,3
Echive,,447,909726,5
Sannum,,314,909723,6
Pengzhuzhu,,274,909716,15
Stukov,,331,909713,2
Loubna,,840,909712,0
Idak,,224,909710,4
Janniza,,652,909705,2
Korsomeca,,368,909703,0
Dotefra,,589,909702,9
Tralala,,814,909699,3
Nerkon,,245,909691,3
Hotdish,,292,909687,15
Okan,,643,909686,5
Virga,,264,909686,0
Birgud,,577,909686,6
Berzashi,,658,909685,1
Sarinne,,340,909683,3
Allishe,,304,909681,4
Arzothe,,308,909680,2
Kergi,,486,909680,8
Kormcs,,668,909675,24
Ihid,,554,909661,3
Hithat,,258,909660,1
Ichag,,369,909656,2
Ivedred,,381,909655,2
Jugubri,,652,909653,0
Soravi,,313,909653,3
Jellame,,387,909652,2
Beced,,280,909652,5
Dabasa,,443,909651,1
Ejodnoz,,451,909650,0
Adirza,,306,909649,0
Hazati,,184,909641,2
Zizi,,645,909638,2
Orgatun,,722,909631,5
Mezashe,,293,909630,9
Molly,,351,909628,3
Averzig,,630,909624,6
Event,,304,909623,6
Vethes,,332,909623,14
Happy,,535,909619,3
Jezam,,383,909616,4
Mardige,,343,909616,3
Recyc,,436,909615,7
Tellana,,685,909614,2
Mekrobre,,305,909613,0
Vare,,760,909611,3
Edanak,,448,909610,2
Honda,,366,909609,5
Icoshom,,687,909607,1
Youngjun,,479,909603,9
Azak,,312,909601,1
Daloji,,233,909599,2
Marie,,295,909598,0
Ruatlas,,733,909597,6
Buffy,,504,909596,5
Acarti,,214,909596,2
Moshi,,913,909595,1
Cechag,,226,909588,2
Jedilegund,,511,909585,2
Bodne,,323,909584,2
Eggy,,283,909583,7
Pufpu,,258,909583,0
Neva,,445,909582,0
Nolecha,,598,909580,2
Curde,,498,909576,1
Surge,,220,909570,8
Homunculus,,518,909567,9
Tiamnren,,351,909566,1
Avet,,891,909560,2
Zarra,,267,909558,4
Ganuki,,245,909553,4
Bulgartemp,,322,909552,4
Sadness,,234,909551,8
Moti,,398,909548,2
Reja,,289,909544,0
Borgy,,283,909542,4
Ygaramir,,312,909538,4
Lala,,257,909537,1
Sezon,,786,909537,0
Erdannam,,275,909534,1
Dordod,,312,909527,0
Itozas,,407,909519,1
Wayne,,332,909515,5
Bang,,300,909514,21
Temp,,320,909512,11
Shikaku,,300,909507,0
Cowboy,,418,909505,3
Caluge,,300,909504,0
Innes,,370,909502,1
Moon,,316,909502,0
Schrecke,,277,909501,1
Event,,222,909496,0
Vaki,,319,909492,4
Acun,,376,909489,1
Hojara,,452,909488,0
Meja,,262,909484,2
Herte,,295,909483,3
Harom,,313,909480,11
Denarze,,563,909480,3
Illihal,,444,909479,5
Nuje,,364,909479,1
Ezibra,,342,909478,1
Itune,,244,909476,10
Jshooter,,762,909475,0
Kikoo,,461,909473,3
Elmina,,340,909470,3
Ezuve,,312,909465,2
Ejoved,,610,909465,4
Itaja,,779,909460,3
Simum,,540,909460,0
Putin,,396,909454,1
Imithe,,280,909454,1
Jisun,,250,909448,2
Anna,,321,909438,6
Hideseek,,292,909433,1
Zebokra,,362,909431,10
Iluki,,408,909429,7
Ollovuk,,241,909425,10
Chrissy,,356,909421,2
Batrabu,,393,909416,6
Ironman,,400,909415,1
Winona,,251,909413,1
Mona,,412,909412,14
Khan,,579,909402,5
Dokimaki,,291,909402,7
Freedom,,665,899665,7
Osurce,,187,899640,8
Nenri,,203,899596,4
Nikure,,218,899562,4
Voha,,516,899557,2
Inin,,448,899503,24
Negy,,285,899481,12
Svetka,,299,899475,8
Kuchan,,624,899467,3
Liliana,,455,899457,4
Geten,,549,899431,8
Gothet,,310,899414,5
Ragore,,441,899412,8
Artemis,,347,899407,2
Dirane,,654,899406,0
Stifflerr,,316,899404,5
Faust,,523,889752,3
Fantasia,,231,889744,0
Gazam,,325,889592,2
Kalle,,588,889586,1
Bajube,,242,889586,4
Chocotaco,,771,889580,3
Ladurke,,519,889564,12
Ajas,,433,889554,2
Kimm,,592,889531,4
Kungfuphuy,,939,889512,4
Kogre,,388,889489,17
Nicis,,655,889481,2
Numirde,,207,889470,2
Hafana,,340,889465,9
Sukad,,247,889461,3
Mistletoe,,355,889456,3
Mirkaz,,744,889456,2
Ecim,,388,889453,4
Vegra,,470,889444,3
Anbbh,,501,889443,13
Zorcun,,310,889441,0
Cotobi,,671,889437,3
Tokesi,,342,889419,2
Otharkal,,311,889407,7
Binnod,,518,889406,2
Virca,,382,879632,2
Zurti,,297,879613,0
Ecothin,,468,879559,15
Balvaniii,,484,879548,22
Jitoda,,561,879524,4
Golddigger,,624,879481,7
Arzuseg,,323,879478,1
Marzi,,228,879471,3
Autoroute,,801,879470,3
Nerde,,308,879428,7
Eruna,,245,879423,2
Youngjj,,328,879418,5
Eshot,,400,879416,3
Ajuzi,,564,879414,5
Defri,,594,879410,9
Gotha,,498,879408,18
Nacis,,307,879405,2
Osog,,416,869791,1
Mollelli,,261,869640,2
Kize,,229,869625,7
Runuzi,,382,869595,1
Zegra,,253,869556,3
Done,,801,869547,6
Trivium,,272,869538,2
Jesoli,,194,869534,13
Alohis,,577,869532,3
Mygod,,319,869523,5
Bleid,,266,869505,2
Anizok,,201,869499,4
Dinek,,298,869498,4
Cameron,,431,869489,2
Maryjane,,250,869465,3
Peyton,,354,869458,3
Onepiece,,245,869451,4
Jeni,,290,869445,2
Kejil,,338,869430,3
Sucz,,804,869430,3
Radirka,,272,869427,0
Madwolf,,311,869420,2
Ordel,,263,869410,3
Algam,,811,869409,1
Valeska,,284,869409,1
Rasun,,380,869404,5
Efroshom,,410,859770,0
Sahina,,477,859749,3
Zeros,,524,859746,0
Suke,,704,859734,0
Koreabb,,621,859729,5
Karu,,294,859691,4
Ramrod,,236,859690,11
Arillil,,342,859643,4
Lesanya,,272,859630,9
Zadnat,,599,859624,1
Homage,,708,859615,2
Komugi,,383,859612,0
Keto,,274,859612,1
Zuma,,288,859593,5
Hunter,,443,859589,0
Sarez,,386,859572,3
Icebrug,,356,859560,5
Tagidi,,225,859540,1
Sete,,530,859488,3
Cige,,334,859478,3
Ohodem,,338,859459,2
Raha,,338,859448,6
Mirda,,314,859441,9
Serena,,208,859434,21
Imisas,,279,859433,7
Reika,,421,859432,2
Niceti,,259,859405,3
Dega,,592,849700,0
Irock,,353,849604,1
Agom,,169,849584,6
Zinna,,308,849561,13
Kongeli,,375,849510,3
Action,,746,849421,8
Tefras,,264,839805,1
Evente,,487,839653,1
Kelli,,321,839651,3
Ovidnak,,324,839650,3
Event,,408,839628,3
Koshi,,353,839623,8
Lozi,,620,839579,2
Agoz,,306,839571,7
Dranzr,,419,839563,2
Adnore,,308,839557,0
Rona,,285,839552,3
Bela,,258,839550,0
Seex,,349,839550,1
Azuki,,511,839539,5
Ylwecz,,275,839520,2
Evinne,,408,839519,5
Augustus,,282,839518,1
Xoma,,267,839516,7
Bathez,,501,839505,2
Agathor,,466,839492,5
Tiba,,266,839478,3
Suded,,798,839454,5
Lanaya,,579,839448,0
Vikriz,,368,839429,2
Iamgod,,356,839411,3
Well,,238,839409,6
Rumil,,319,829857,1
Rase,,386,829737,1
Zuce,,198,829725,1
Zukrag,,592,829716,2
Hunter,,524,829603,2
Rakrilli,,299,829601,0
Otit,,366,829592,0
Vulun,,496,829589,4
Koza,,281,829584,4
Anbfive,,311,829553,0
Zenruna,,292,829545,3
Fandy,,611,829517,2
Lara,,212,829509,0
Sartana,,253,829505,4
Rose,,349,829492,3
Tina,,338,829455,3
Nohi,,610,829455,7
Jetblack,,495,829454,5
Evon,,325,829447,0
Apollo,,226,829437,5
Gichadni,,483,829435,3
Hahaa,,328,829413,3
Turdington,,486,829412,6
Kidi,,709,829406,21
Cethorga,,255,829404,6
Corona,,280,819674,0
Turtoce,,543,819667,1
Boss,,269,819625,3
Eceda,,251,819602,6
Tuluci,,302,819582,14
Jaca,,312,819575,1
Ordurze,,260,819561,2
Niah,,209,819558,4
Belzebu,,240,819542,4
Veevee,,257,819537,4
Annirol,,386,819503,5
Korrocksp,,313,819479,0
Ochuthe,,627,819451,8
Zizi,,257,819423,3
Krysth,,620,819413,0
Murzog,,256,819406,3
Rakerca,,254,819405,9
Kela,,703,809844,1
Anqnf,,540,809782,0
Phoebe,,308,809775,1
Amodi,,314,809767,0
Korhana,,543,809754,0
Okill,,151,809748,4
Otudi,,462,809746,1
Vetin,,409,809746,0
Jabi,,330,809741,0
Eberda,,504,809739,0
Akuma,,326,809732,1
Juna,,356,809715,0
Inudi,,396,809714,0
Savi,,397,809714,1
Ovakes,,542,809703,0
Oceza,,371,809701,0
Gongjuren,,297,809698,0
Againtur,,701,809696,0
Tinik,,578,809686,1
Nemrodbh,,518,809679,5
Hone,,420,809669,2
Kraz,,450,809668,0
Korarmy,,584,809664,8
Ecok,,607,809664,1
Nircom,,178,809659,1
Archy,,286,809649,2
Lunafreya,,288,809636,0
Korth,,690,809636,5
Zeji,,229,809631,20
Idivi,,288,809626,0
Mirgese,,437,809622,9
Anigavegne,,591,809622,5
Ente,,314,809617,1
Hazina,,923,809610,1
Ojid,,283,809608,7
Erdid,,251,809607,2
Valeera,,231,809603,3
Aneki,,289,809595,0
Vaka,,492,809594,3
Nizi,,219,809592,1
Dibreni,,489,809592,0
Freja,,429,809591,0
Enovin,,360,809590,1
Dukrun,,262,809589,0
Fierecilla,,316,809587,3
Dusi,,296,809585,0
Idebat,,288,809584,1
Debre,,272,809583,1
Elea,,226,809570,2
Torzag,,304,809567,2
Kovik,,690,809565,4
Belei,,429,809546,3
Mile,,524,809534,0
Zame,,209,809531,0
Hunter,,258,809527,4
Zuhe,,425,809523,2
Irdume,,295,809518,3
Lega,,209,809514,2
Eventsong,,351,809509,9
Mishe,,354,809506,0
Archer,,608,809501,4
Ruitachi,,317,809496,5
Onnoni,,500,809495,3
Bomberman,,262,809494,0
Brenda,,265,809489,16
Ikreg,,205,809486,3
Zebrel,,268,809479,6
Bounter,,244,809478,4
Wwggzz,,490,809477,0
Junra,,212,809477,0
Lafre,,240,809476,8
Rakidra,,282,809472,2
Ordil,,255,809463,2
Deli,,219,809456,2
Daki,,288,809451,0
Jonros,,209,809451,6
Heta,,417,809449,1
Tabche,,258,809444,0
Vergoshe,,344,809433,7
Vuzi,,417,809432,9
Rabil,,704,809428,0
Atom,,344,809427,0
Tise,,669,809426,1
Vice,,280,809419,9
Vullis,,355,809413,2
Mabushi,,399,809409,1
Jochoki,,331,809409,2
Stfelicien,,221,809405,1
Curki,,389,799749,0
Orzorzos,,279,799671,2
Ilysm,,611,799596,4
Shadream,,418,799574,4
Kuzuk,,227,799521,3
Rendsong,,693,799502,2
Arkunem,,501,799491,4
Nidaye,,363,799453,5
White,,447,799440,1
Umay,,222,799427,2
Meta,,261,799420,2
Jolly,,271,799419,11
Goldsun,,195,789749,0
Jugin,,243,789599,4
Bohanbi,,440,789596,2
Gorgon,,206,789589,4
Gece,,436,789582,0
Athicul,,260,789580,0
Anredri,,247,789579,2
Andrew,,683,789534,4
Spoiler,,402,789524,2
Lithat,,288,789518,2
Ivrirza,,266,789511,2
Nicot,,228,789492,2
Adalicia,,277,789478,0
Tera,,202,789476,2
Odage,,237,789461,3
Rolek,,222,789449,3
Karen,,352,789447,2
Ihudre,,472,789447,2
Suraz,,291,789445,4
Dajol,,405,789443,8
Aubhtwo,,384,789431,3
Give,,263,789422,3
Lartiti,,281,789414,0
Idnez,,300,789410,3
Athaje,,335,789402,9
Qkdramcgra,,425,779792,4
Ekaca,,329,779686,1
Ducpham,,313,779672,8
Driada,,292,779641,3
Crow,,531,779639,0
Xero,,224,779637,22
Nobre,,249,779567,1
Nobleone,,347,779549,1
Zorgos,,231,779548,9
Anrode,,259,779543,13
Rorze,,205,779538,2
Ddaengmo,,365,779527,1
Hini,,282,779510,7
Prohibida,,361,779503,1
Icuve,,488,779500,2
Mola,,518,779462,0
Rulis,,211,779449,0
Cithud,,348,779448,5
Kybosh,,271,779437,3
Koma,,299,779435,12
Biatch,,246,779429,5
Roland,,430,779424,0
Season,,240,779417,1
Tecici,,209,779414,4
Kannun,,353,769723,2
Jithulla,,232,769642,5
Rozanna,,207,769615,1
Song,,510,769611,0
Bardo,,384,769606,1
Vmal,,304,769577,7
Codi,,310,769573,7
Ajode,,201,769563,18
Otil,,282,769556,0
Ballerina,,355,769526,10
Maga,,513,769516,4
Colt,,450,769504,4
Ofrellod,,220,769482,2
Jale,,207,769471,6
Xxkns,,233,769447,0
Ertivi,,223,769438,6
Zaci,,250,769421,3
Ifrurga,,281,769410,2
Lordog,,336,769408,8
Biubiu,,496,759890,0
Zuras,,426,759819,0
Carrycc,,538,759817,2
Agrin,,390,759795,0
Daxiong,Challenger,514,759778,1
Vudnela,,343,759776,2
Xubique,,476,759774,1
Kidet,,737,759753,1
Nati,,270,759735,7
Ilos,,178,759720,1
Achoti,,354,759712,1
Anardes,,454,759705,0
Techija,,281,759705,0
Sodre,,263,759698,1
Amadeus,,260,759690,0
Librom,,299,759661,0
Ekarge,,431,759659,1
More,,341,759647,6
Jija,,289,759646,10
Jenn,,173,759634,11
Tadi,,241,759628,4
Azid,,394,759625,2
Lizil,,348,759617,12
Tabulbol,,160,759615,0
Waninoco,,203,759609,1
Esovi,,564,759592,2
Emugri,,504,759589,0
Mitije,,203,759587,5
Jekroki,,295,759543,2
Vman,,290,759517,4
Parkreo,,216,759513,4
Lure,,246,759512,10
Ogoka,,182,759497,0
Indie,,307,759481,4
Evee,,227,759471,11
Nixon,,206,759468,0
Ovetus,,244,759457,6
Event,,275,759437,0
Zimon,,379,759437,14
Tzerwin,,188,759432,19
Krystal,,278,759413,27
Muthet,,152,749793,1
Cihace,,226,749731,0
Eligos,,194,749708,2
Oooooooooo,,572,749702,5
Oroson,,751,749632,0
Cevros,,270,749584,2
Autonom,,184,749574,4
Metharke,,149,749570,5
Kingkashu,,233,749564,14
Onio,,188,749544,3
Rugreja,,243,749525,5
Ekros,,206,749514,0
Hanti,,363,749494,4
Bujon,,233,749490,1
Bungus,,288,749489,9
Haha,,219,749465,6
Akat,,266,749465,3
Knallpeng,,224,749458,6
Etine,,225,749456,4
Odades,,214,749417,6
Dithe,,253,749417,0
Enak,,277,749413,10
Miss,,328,739768,0
Latcho,,392,739759,0
Terdun,,304,739696,0
Donovan,,277,739628,0
Alom,,162,739608,0
Vori,,246,739599,0
Argarde,,253,739596,3
Tiger,,207,739580,0
Kerzinra,,245,739545,2
Edode,,301,739538,2
Karolina,,250,739524,7
Hungly,,243,739524,1
Erulle,,421,739517,0
Zabi,,272,739502,7
Hize,,150,739495,2
Thiago,,292,739458,1
Vani,,210,739449,4
Django,,247,739444,1
Odin,,249,739435,5
Adrk,,257,739432,1
Bakraz,,267,739419,1
Atanis,,227,729816,0
Lednavra,,212,729738,0
Buddy,,163,729726,0
Nadi,,165,729708,2
Tony,,173,729686,0
Ibigrod,,172,729664,13
Bonavi,,178,729652,3
Buvara,,268,729652,1
Efruk,,228,729651,5
Dokdokorea,,369,729647,4
Marel,,138,729635,9
Cire,,160,729614,0
Atos,,254,729610,2
Daberman,,431,729610,1
Reshi,,228,729607,6
Tinmar,,143,729589,0
Lochima,,250,729589,0
Otocun,,261,729573,4
Leslie,,219,729554,1
Achiten,,298,729537,5
Bahal,,325,729533,2
Mazafaka,,246,729516,4
Orcuki,,287,729494,6
Tempo,,204,729451,4
Dopmn,,265,729442,5
Ethobe,,311,729437,8
Holus,,307,729422,0
Ehabren,,428,719684,1
Lomid,,282,719663,10
Orcag,,153,719663,12
Obruvel,,254,719653,0
Azam,,188,719652,4
Berta,,159,719630,1
Orkonroz,,468,719604,9
Ihivut,,334,719595,9
Dachog,,178,719557,2
Kara,,406,719536,8
Xiij,,553,719533,6
Norten,,220,719519,3
Nica,,289,719500,7
Sawsan,,528,719497,2
Demi,,213,719489,2
Craftws,,201,719488,2
Torce,,214,719478,3
Miva,,253,719473,2
Carllos,,243,719463,9
Vogrehi,,298,719458,2
Daroo,,527,719457,10
Igirza,,269,719454,1
Ahem,,192,719437,0
Emat,,318,719426,5
Cavra,,432,719420,3
Acimi,,169,719420,3
Ogradra,,253,719404,1
Yeeti,,233,709845,2
Okal,,479,709828,2
Igtenos,,431,709818,0
Noba,,398,709812,0
Zagruvra,,390,709809,0
Icuhed,,251,709791,5
Bidon,,456,709784,2
Fonix,,359,709784,0
Irtes,,242,709781,0
Rohaye,,153,709756,1
Mibra,,421,709752,0
Saki,,264,709746,0
Rogi,,212,709738,2
Orzane,,165,709737,0
Gordi,,235,709735,2
Mova,,517,709728,0
Agon,,334,709723,0
Himiko,,349,709720,0
Ofridri,,516,709715,1
Amaz,,417,709714,3
Codiwomple,,506,709710,0
Ihati,,328,709706,0
Etuli,,459,709694,1
Yoyo,,207,709693,2
Tinnola,,238,709692,1
Sorca,,196,709690,0
Mohen,,147,709680,1
Ithoki,,294,709676,0
Hakashe,,269,709675,3
Death,,236,709655,4
Mibure,,215,709642,2
Kukrel,,225,709641,2
Faith,,343,709634,7
Gamid,,231,709630,0
Vobe,,431,709626,0
Evilyne,,320,709622,3
Sillber,,251,709622,1
Kugi,,283,709607,0
Blastface,,135,709606,0
Tatsutatsu,,359,709599,0
Leshage,,324,709598,5
Ibris,,212,709593,1
Ellada,,263,709591,0
Mona,,219,709590,0
Bounteous,,221,709584,16
Arykha,,180,709560,8
Kamati,,268,709526,0
Idrik,,420,709524,1
Retnuha,,200,709515,1
Ethehe,,336,709515,3
Remington,,270,709496,2
Adras,,243,709494,0
Edrethid,,151,709494,2
Tenshi,,263,709490,4
Blackout,,213,709486,1
Ogullez,,144,709482,0
Move,,398,709475,5
Orcad,,208,709430,4
Johan,,241,709408,9
Kororngy,,269,699676,4
Yukinon,,341,699671,5
Golla,,411,699649,5
Ertos,,278,699620,7
Tumada,,266,699610,1
Xiix,,459,699582,9
Imag,,317,699581,10
Arkam,,230,699577,0
Verzete,,293,699575,8
Nidenide,,497,699507,0
Gucci,,372,699472,8
Gunilla,,194,699471,3
Amane,,273,699461,6
Akaman,,181,699450,2
Shmatka,,192,699435,3
Rotome,,300,699433,7
Gunner,,210,699409,17
Isssw,,135,689716,2
Zava,,433,689676,1
Valiton,Challenger,202,689659,1
Lobrag,,190,689640,0
Zirtol,,88,689602,3
Evrucuk,,360,689601,3
Sorry,,212,689600,1
Merkabi,,418,689593,0
Losowy,,182,689574,3
Gomik,,172,689573,1
Vetham,,343,689573,1
Juvoche,,201,689567,7
Binnud,,230,689511,8
Whure,,218,689510,7
Blair,,175,689495,5
Hyligun,,266,689493,1
Govat,,177,689492,5
Izuna,,167,689488,4
Valethe,,224,689470,12
Hanna,,317,689469,9
Mystery,,168,689461,2
Donatello,,133,689455,0
Cira,,184,689454,0
Iterious,,228,689452,0
Gisa,,246,689448,5
Bosuri,,210,689445,3
Subos,,284,689438,3
Inazut,,216,689437,0
Killabz,,264,689435,2
Hordem,,238,689415,3
Darkangel,,182,689413,10
Akida,,225,689410,0
Tipelo,,235,689409,10
Miodio,,387,689408,9
Siger,,235,689406,3
Lethe,,167,689405,1
Caonima,,298,679690,1
Graefin,,370,679684,3
Deneris,,360,679682,6
Inon,,355,679662,3
Ceche,,214,679652,1
Atohid,,227,679651,4
Nobi,,82,679649,2
Arok,,171,679647,0
Orzertod,,325,679646,6
Gnarzeye,,345,679641,3
Mrcm,,315,679634,7
Simon,,222,679629,4
Kufrik,,291,679609,7
Tokis,,235,679607,2
Elos,,324,679604,0
Sjtz,,231,679604,9
Lazi,,304,679595,1
Bling,,560,679575,3
Nodrik,,180,679573,0
Mokolo,,370,679568,1
Jaboz,,275,679546,2
Akhibaal,,368,679540,0
Tanna,,298,679538,0
Anamag,,316,679533,7
Assatwo,,332,679522,1
Cusitha,,270,679520,1
Moca,,206,679519,1
Gillolle,,193,679518,3
Onella,,275,679512,0
Spectrax,,276,679489,1
Ollad,,156,679486,4
Innat,,477,679480,1
Vada,,293,679473,7
Rodrigo,,288,679472,4
Jumo,,248,679469,2
Zaguha,,209,679456,9
Event,,202,679446,3
Event,,302,679425,2
Gasat,,181,679421,0
Rozi,,392,679418,0
Okovod,,197,679412,0
Somoga,,247,679412,4
Areg,,187,679408,0
Ababi,,170,669790,1
Test,,274,669684,2
Arcohos,,363,669677,3
Balitas,,160,669651,2
Sleepyjoe,,239,669637,2
Isharde,,157,669634,0
Bangbang,,193,669629,10
Mucek,,326,669626,5
Eshom,,205,669622,2
Orgasa,,165,669612,3
Zaria,,223,669586,1
Ladyevil,,252,669585,0
Balbierto,,252,669562,6
Amateur,,209,669550,6
Odeza,,253,669550,2
Jeremie,,317,669534,1
Amaza,,145,669528,0
Okazun,,232,669527,0
Vaka,,292,669519,7
Sice,,184,669516,4
Klara,,179,669511,7
Nocheji,,237,669507,4
Gunner,,457,669507,6
Meow,,248,669505,8
Kazuma,,170,669503,4
Pistolex,,197,669473,0
Javaci,,267,669471,0
Eileen,,221,669464,5
Ardabras,,361,669462,1
Sothoca,,170,669439,5
Jollyroger,,207,669401,0
Hegrini,,296,659830,0
Githishi,,481,659787,4
Oshivi,,197,659785,7
Kihuk,,123,659780,0
Irok,,316,659780,1
Elek,,584,659762,0
Darceba,,200,659758,4
Firstanb,,554,659757,2
Ortos,,178,659757,1
Mintgun,,441,659756,0
Egebi,,214,659752,0
Jucuve,,272,659751,1
Igrizel,,133,659745,0
Anathe,,238,659740,0
Arnzo,,243,659729,0
Edwardaa,,217,659723,0
Kusille,,210,659721,2
Vagodoom,,207,659719,5
Newbieyiy,,215,659716,0
Rara,,163,659712,0
Omercal,,277,659711,0
Aescan,,228,659705,1
Huvi,,146,659698,1
Akuma,,415,659697,0
Killame,,190,659697,0
Hegagra,,473,659696,0
Adrug,,187,659694,2
Zoga,,212,659690,3
Beguva,,265,659687,4
Gidnanra,,190,659687,1
Donniki,,217,659681,0
Argena,,177,659680,1
Moke,,197,659673,4
Baje,,292,659673,1
Dinak,,390,659656,1
Acadras,,207,659650,0
Ahiz,,391,659648,0
Kega,,220,659647,3
Kacodna,,196,659646,0
Viktor,,214,659645,0
Salsbury,,196,659632,0
Acimi,,327,659632,2
Zedri,,122,659630,1
Koma,,205,659629,9
Zitin,,190,659629,5
Vemfes,,373,659628,1
Xiaotian,,309,659627,3
Evum,,157,659617,1
Hansara,,227,659616,5
Zashem,,228,659611,10
Sabra,,263,659600,2
Dantus,,164,659592,1
Juwon,,513,659591,0
Vejinna,,262,659587,9
Eros,,384,659584,2
Dosuka,,257,659582,0
Kurkeha,,178,659575,5
Heiwaheiwa,,367,659556,0
Heka,,140,659551,5
Shadow,,290,659550,0
Ekavi,,156,659549,5
Oneshoty,,166,659545,2
Mitanri,,123,659542,3
Otok,,175,659540,7
Pelekku,,323,659532,1
Kranc,,204,659528,7
Isijoz,,161,659520,1
Nuhi,,188,659504,0
Hyomijjang,,331,659499,1
Onathi,,218,659498,1
Irkasi,,205,659492,0
Nasha,,255,659476,0
Dimera,,253,659474,4
Reha,,196,659458,1
Endarkener,,306,659449,2
Itheche,,245,659445,3
Edek,,289,659434,13
Sinon,,141,659428,3
Merkage,,230,659424,0
Deha,,206,659423,9
Azuveg,,251,659412,0
Zombi,,188,659407,0
Ashillig,,188,659407,0
Nihbh,,251,649781,2
Annese,,111,649747,2
Maca,,113,649724,0
Cefrem,,198,649695,3
Syka,,181,649687,2
Tumel,,142,649684,4
Guni,,219,649682,3
Amime,,328,649682,3
Enigma,,282,649653,0
Neki,,133,649639,1
Kibral,,178,649634,2
Sukud,,232,649616,3
Muki,,135,649589,4
Zithe,,282,649587,0
Lolka,,128,649586,6
Sakevi,,202,649548,10
Pufa,,246,649543,12
Besha,,214,649535,0
Prussia,,211,649518,5
Cefra,,201,649515,2
Ashore,,124,649502,4
Bikit,,218,649499,3
Radim,,355,649491,2
Irgadrim,,167,649485,0
Eleris,,156,649450,2
Anko,,160,649436,2
Ilum,,237,649408,5
Severo,,204,639732,4
Tracey,,227,639651,10
Kahlan,,356,639632,1
Arom,,134,639623,9
Isese,,144,639605,0
Tukrodni,,180,639597,0
Hertus,,226,639596,1
Joje,,193,639596,0
Hegra,,203,639592,2
Zethud,,181,639580,3
Kellan,,219,639575,1
Arkisha,,197,639573,0
Oxxo,,150,639566,0
Rikrita,,238,639549,1
Okargan,,201,639544,2
Ezuz,,192,639528,0
Ohifri,,149,639526,6
Lumul,,339,639524,4
Horcat,,226,639514,0
Zera,,199,639506,0
Dethod,,186,639506,0
Muzes,,286,639501,0
Billy,,315,639500,1
Google,,218,639484,4
Orum,,175,639464,0
Dobak,,201,639462,2
Siron,,158,639454,1
Karki,,151,639452,11
Guner,,309,639446,3
Leon,,256,639442,4
Ejil,,342,639439,1
Omega,,174,639431,3
Erkizez,,216,639419,2
Imed,,204,639414,2
Ivanam,,150,629732,0
Smchunter,,174,629727,0
Anidun,,173,629723,3
Manulla,,99,629711,1
Jihzm,,189,629705,3
Ithok,,165,629695,10
Wpstones,,171,629677,0
Millen,,119,629671,0
Jacordi,,129,629670,4
Gunslinga,,106,629611,3
Rise,,224,629608,1
Septic,,150,629586,0
Jetha,,366,629578,1
Valery,,244,629575,0
Doshesha,,370,629574,2
Kata,,338,629557,5
Volodimir,,139,629545,6
Baddog,,257,629541,3
Vednuhe,,246,629507,3
Gorhonzola,,228,629503,1
Tytian,,141,629501,4
Zezuk,,298,629497,0
Jayden,,156,629482,4
Jannerta,,245,629482,6
Vunni,,202,629460,0
Darker,,335,629453,4
Otto,,266,629450,6
Anesha,,246,629436,14
Akasheg,,327,629425,1
Rommel,,176,629416,2
Laleve,,96,619833,3
Vebus,,154,619830,0
Kava,,279,619757,2
Desperado,,175,619721,2
Koreapark,,322,619691,3
Iceshun,,214,619675,1
Ethufra,,135,619674,3
Rufrushe,,311,619661,0
Dusa,,178,619659,7
Dolo,,184,619658,0
Tothem,,201,619651,0
Inrot,,354,619642,1
Samz,,164,619619,0
Obithos,,196,619616,0
Huft,,220,619596,0
Bill,,364,619594,8
Jozel,,191,619591,2
Chaky,,130,619583,0
Ahag,,236,619578,7
Ashiba,,153,619548,0
Lusayf,,164,619545,0
Pfirsich,,160,619542,3
Camola,,138,619539,3
Vavaba,,150,619523,2
Cika,,257,619513,2
Prunelle,,204,619511,13
Isana,,233,619495,9
Drek,,109,619488,2
Hedi,,267,619485,0
Anek,,213,619472,4
Soka,,255,619471,5
Lurdi,,315,619454,1
Afral,,144,619448,0
Ardaniz,,151,619434,1
Gerard,,181,619426,16
Zala,,304,619425,1
Lori,,198,619407,7
Colihe,,310,609878,0
Inrez,,616,609874,0
Jocasta,,525,609862,0
Bigbaddog,,205,609815,0
Diablo,,199,609779,1
Rillen,,309,609779,2
Abbey,,222,609778,1
Sanri,,275,609776,1
Innog,,189,609774,0
Roland,,357,609765,0
Bread,,299,609764,1
Toki,,297,609764,0
Paige,,254,609763,0
Aroga,,202,609749,2
Teva,,233,609747,0
Pigtail,,280,609745,0
Ozojim,,123,609738,0
Kaje,,167,609731,0
Misaki,,170,609727,1
Icoka,,136,609727,0
Jerze,,319,609724,9
Babel,,293,609721,0
Roobee,,258,609718,2
Mordicai,,196,609704,0
Liberty,,334,609698,0
Odavek,,171,609696,1
Sena,,187,609690,2
Hurcas,,163,609689,1
Sezona,,132,609686,0
Pakse,,249,609685,0
Bednim,,127,609683,4
Tivrig,,162,609681,3
Tajitaji,,355,609679,0
Circle,,108,609677,1
Omucot,,168,609674,1
Sasin,,281,609673,0
Hidi,,209,609671,5
Love,,237,609659,0
Starkley,,295,609658,0
Ogas,,146,609657,1
Shangyu,,88,609655,10
Ekakek,,237,609653,0
Sinfire,,130,609650,2
Minou,,438,609649,0
Loveress,,181,609640,0
Abelle,,242,609631,1
Lorenzo,,194,609627,1
Shilianzhe,,314,609618,0
Samud,,161,609613,2
Gunman,,123,609612,0
Hoor,,118,609610,0
Jelas,,135,609603,4
Hulu,,192,609601,6
Rejog,,222,609595,0
Ardegil,,273,609592,3
Uzen,,143,609589,0
Zathas,,408,609585,3
Kallibe,,245,609584,11
Etheba,,135,609580,0
Vabe,,145,609575,0
Kira,,185,609568,0
Nisorge,,266,609568,0
Chinaolp,,295,609564,4
Dantefix,,190,609556,0
Cyir,,209,609554,0
Omigra,,200,609553,0
Echez,,209,609552,0
Ylona,,165,609551,1
Vodne,,261,609547,1
Ibode,,162,609541,1
Sila,,133,609512,3
Drrubbrduq,,184,609512,0
Pomela,,200,609501,7
Seledok,,145,609489,1
Zefrunra,,206,609482,0
Larala,,306,609478,0
Nata,,148,609476,9
Herne,,191,609464,0
Cajos,,184,609454,0
Arathot,,187,609444,0
Zeropoint,,144,609429,9
Atlastz,,314,609409,0
Jurcan,,153,599750,3
Zargos,,178,599713,3
Serzem,,163,599711,3
Durzerda,,116,599706,1
Inrofre,,217,599667,6
Zobe,,222,599643,0
Furia,,180,599619,6
Enenri,,108,599617,6
Atibe,,181,599612,1
Bullseye,,123,599585,3
Bolli,,177,599566,2
Sten,,231,599556,3
Lasi,,179,599532,4
Hell,,363,599528,10
Jorda,,186,599528,2
Keke,,234,599489,0
Jige,,130,599470,6
Omuz,,200,589754,0
Labod,,96,589724,2
Aaapa,,288,589717,1
Rash,,156,589689,4
Vijam,,128,589662,1
Elise,,227,589628,1
Edward,,111,589624,2
Kinnuk,,198,589619,0
Poorname,,196,589580,0
Osircem,,138,589580,4
Ellyl,,52,589578,13
Temp,,96,589573,3
Ethuk,,217,589570,0
Gyna,,189,589555,1
Killer,,143,589549,2
Oshon,,104,589545,2
Arzaz,,135,589544,1
Ides,,258,589536,2
Backhand,,192,589532,1
Eventhero,,110,589529,1
Egortuk,,133,589526,2
Rodria,,257,589521,1
Xpoyx,,190,589519,2
Omubrun,,180,589513,0
Mizaab,,215,589492,1
Olladre,,306,589479,8
Butag,,203,589478,1
Ehal,,243,589465,1
Polaris,,255,589461,4
Raroci,,148,589453,0
Joguge,,146,589425,5
Sempaks,,212,589420,2
Tunia,,189,589403,1
Alas,,110,579772,1
Event,,91,579766,5
Yolo,,194,579759,4
Xxxx,,109,579746,1
Inril,,215,579726,2
Beckman,,86,579703,6
Anek,,226,579699,0
Teha,,97,579686,2
Egeg,,197,579684,0
Vokis,,233,579659,1
Ghostjr,,230,579619,0
Killerus,,133,579608,2
Adam,,220,579601,3
Aluten,,167,579554,4
Agibre,,214,579553,3
Lerguli,,123,579534,4
Othut,,180,579528,3
Kaza,,120,579521,1
Gurkum,,198,579503,2
Ellit,,150,579486,0
Tele,,240,579481,8
Thomas,,161,579455,0
Sirena,,229,579446,7
Osuza,,331,579401,14
Chani,,171,569685,1
Sourcherry,,131,569679,1
Ardozin,,116,569655,1
Noyka,,124,569627,2
Jinramen,,157,569626,0
Sece,,183,569618,2
Sazuri,,105,569617,0
Leosen,,118,569603,0
Gugu,,113,569592,2
Orate,,156,569590,8
Abrerdim,,153,569585,1
Legion,,156,569574,1
Caca,,158,569564,0
Erkot,,196,569552,3
Musketero,,118,569548,2
Nici,,186,569546,2
Namjin,,126,569544,4
Tirka,,258,569541,0
Aaron,,226,569540,1
Tiroloco,,114,569514,2
Osoluk,,155,569500,6
Radi,,222,569488,2
Kirak,,164,569482,3
Heheki,,278,569466,1
Roland,,286,569461,7
Avredak,,218,569456,4
Ikokil,,204,569449,3
Looggo,,152,569431,1
Temp,,108,559869,0
Isute,,305,559864,0
Ezusa,,264,559843,0
Oshut,,403,559792,4
Esheli,,216,559773,0
Ivinnok,,127,559771,0
Rinide,,150,559767,1
Ilurguz,,106,559766,0
Event,,202,559753,3
Isuvi,,115,559748,0
Mailyn,,105,559741,4
Hekuba,,238,559736,0
Herelle,,101,559733,1
Cora,,327,559730,0
Eshese,,141,559725,0
Huge,,154,559724,0
Lore,,116,559722,0
Ivrudul,,310,559719,1
Axce,,133,559716,1
Edibe,,134,559712,0
Pado,,94,559708,0
Marrakk,,207,559705,0
Dednun,,149,559705,0
Gaga,,168,559697,1
Symptrol,,239,559697,1
Gibele,,123,559697,5
Encore,,173,559696,0
Ridnivi,,109,559695,0
Adek,,162,559691,1
James,,193,559691,0
Ebet,,156,559691,0
Lonnos,,182,559689,0
Aleta,,183,559685,0
Nama,,124,559676,0
Zamud,,135,559674,0
Zeruka,,121,559673,0
Akkiko,,145,559663,3
Aqew,,173,559658,0
Azol,,284,559655,0
Heidi,,168,559654,2
Bugyy,,118,559651,0
Holos,,167,559647,0
Jesmelkary,,163,559643,0
Xiaoyu,,212,559640,1
Draconikar,,160,559640,2
Tagdobo,,278,559639,1
Bodus,,126,559625,0
Brox,,118,559625,1
Zirgud,,194,559620,0
Ohat,,141,559614,1
Xiahouyuan,,193,559609,1
Zarda,,147,559601,0
Mimirka,,174,559584,0
Ikis,,297,559547,5
Karuthe,,153,559541,2
Etiz,,128,559540,7
Lijunyu,,114,559538,11
Ajelous,,177,559524,0
Jubre,,152,559521,7
Kirziha,,154,559520,0
Aturda,,381,559501,5
Fella,,230,559496,6
Kashal,,190,559490,0
Orkem,,124,559484,1
Berde,,157,559469,0
Temporary,,212,559465,29
Sedrug,,134,559461,3
Livrege,,343,559432,0
Oesterhase,,257,559406,0
Kuzen,,198,559404,0
Phrygia,,141,559403,0
Buled,,42,549753,4
Tesla,,142,549753,2
Lillythe,,312,549750,1
Gerkut,,117,549744,8
Zura,,89,549723,0
Jasleh,,58,549720,6
Kerdavre,,170,549719,3
Aran,,505,549711,0
Mori,,168,549706,0
Name,,91,549700,7
Arcin,,127,549692,19
Ozim,,112,549682,3
Memik,,69,549676,1
Yakkieboe,,75,549672,5
Adun,,108,549667,4
Bellatrix,,145,549662,2
Corvere,,247,549656,13
Esibre,,128,549649,5
Alakes,,187,549634,2
Neledna,,148,549633,6
Visom,,178,549629,7
Bummi,,153,549628,1
Avurod,,58,549612,3
Lena,,267,549606,5
Strawhat,,159,549575,4
Clever,,159,549560,0
Mejarte,,174,549556,1
Miemie,,107,549547,7
Tinos,,154,549546,8
Anbfarmer,,227,549533,22
Cifri,,200,549523,6
Onyone,,263,549519,2
Buckler,,158,549515,0
Pedropblo,,183,549509,7
Iten,,135,549499,5
Oden,,215,549490,1
Idicem,,126,549425,8
Tikred,,207,549418,5
Erem,,147,549417,4
Zefra,,81,549407,21
Sssss,,113,539820,1
Illas,,157,539800,2
Ercas,,122,539746,0
Detekre,,260,539724,1
Lechik,,183,539719,0
Cigale,,100,539717,4
Zadoje,,125,539700,0
Bitirza,,205,539686,1
Rasterz,,199,539686,0
Karl,,45,539681,0
Sezonni,,67,539680,0
Fromthehip,,222,539670,1
Liya,,202,539669,0
Boom,,190,539668,0
Ritsu,,85,539648,1
Vonrethi,,193,539641,1
Eran,,135,539636,0
Bennate,,150,539635,1
Ollenrim,,150,539634,3
Godstar,,86,539629,0
Odoha,,177,539624,2
Raca,,174,539609,6
Hedri,,81,539608,7
Raven,,119,539596,3
Lina,,114,539594,2
Hita,,120,539592,0
Chadwick,,94,539591,1
Athene,,168,539578,7
Hero,,238,539578,5
Goze,,208,539574,1
Zephyr,,184,539570,1
Larceti,,61,539567,1
Bigurga,,88,539563,2
Gushim,,260,539558,1
Marcobre,,148,539552,0
Donba,,120,539543,1
Siva,,327,539533,0
Zqbdpz,,301,539520,1
Vosa,,138,539509,4
Ibrid,,320,539501,1
Zheng,,199,539490,0
Pewter,,176,539488,0
Trefskai,,131,539484,2
Yuelei,,99,539473,1
Rainy,,138,539469,1
Denys,,113,539467,3
Iuws,,106,539467,4
Adicto,,95,539464,3
Isijol,,143,539464,1
Dizpento,,125,539453,1
Keira,,307,539443,2
Zartana,,172,539438,1
Mathalia,,129,539437,5
Sicharke,,241,539432,0
Suvuvi,,80,539422,0
Farter,,203,539415,1
Mithut,,92,539403,13
Sinon,,227,529860,0
Vortal,,126,529786,1
Tronk,,174,529774,0
Assas,,189,529773,1
Zuvri,,192,529772,0
Gabriella,,114,529739,0
Obrutas,,281,529731,0
Proskope,,90,529730,0
Iturzud,,103,529721,0
Vunnol,,259,529707,2
Brblal,,73,529703,0
Gabrathe,,81,529698,1
Nada,,212,529691,1
Irina,,272,529686,0
Cidra,,194,529678,0
Innelluz,,133,529676,0
Panda,,70,529661,3
Mava,,186,529639,1
Anarda,,100,529636,0
Suedear,,144,529634,4
Lilia,,327,529634,1
Hunrokra,,78,529632,0
Ekurta,,123,529623,0
Asonnog,,202,529620,1
Irdoga,,159,529618,0
Ruca,,110,529613,0
Enneham,,136,529606,1
Suhum,,146,529604,4
Lerde,,187,529598,0
Mitiol,,191,529580,1
Killmedead,,114,529580,0
Robert,,133,529577,0
Ircosha,,124,529572,1
Amosi,,226,529570,1
Adreji,,136,529569,4
Golam,,93,529569,6
Hunter,,91,529560,5
Meguma,,198,529559,0
Irzurged,,186,529558,2
Piacid,,147,529557,2
Guva,,300,529547,2
Toza,,229,529528,0
Gundown,,124,529524,8
Zora,,142,529524,2
Artannas,,299,529521,1
Bufriba,,84,529516,2
Lotus,,167,529508,5
Nennikra,,127,529505,5
Wolfhunter,,203,529502,7
Jupec,,118,529499,8
Jade,,105,529494,0
Fomka,,152,529480,4
Vedegi,,126,529475,5
Alyxandra,,126,529464,2
Funa,,185,529449,2
Kelsey,,171,529444,4
Omohe,,160,529440,1
Kozesa,,263,529430,2
Vosha,,107,529428,5
Kazeshi,,207,529422,9
Hube,,183,529418,0
Rokek,,94,519816,1
Bozotrump,,151,519778,1
Vobagre,,129,519765,2
Gpandout,,96,519762,0
Innerti,,126,519754,0
Love,,147,519754,1
Debi,,80,519751,5
Ochesha,,341,519734,0
Nuce,,90,519722,2
Eronre,,104,519703,0
Ennithe,,140,519700,0
Liye,,110,519699,3
Ashocha,,159,519696,0
Nergal,,275,519694,0
Inabra,,119,519673,4
Tegom,,194,519666,0
Ivis,,131,519658,2
Kirty,,114,519650,0
Ektomorff,,93,519637,8
Kira,,167,519636,2
Lokret,,112,519630,0
Vsvn,,140,519629,0
Jesi,,268,519627,3
Billy,,119,519624,11
Brutus,,156,519622,2
Bacille,,176,519620,3
Jupiter,,125,519615,4
Ariza,,119,519610,4
Deshim,,100,519601,2
Vedra,,177,519578,3
Lovrula,,149,519575,17
Ovak,,139,519558,7
Bullseye,,163,519553,4
Lathi,,133,519549,5
Nada,,159,519539,4
Edrin,,268,519486,5
Nfico,,265,519482,2
Nikije,,163,519470,2
Libido,,136,519468,4
Ithedrad,,148,519457,1
Zosari,,203,519451,7
Loge,,120,519442,4
Kothoje,,166,519438,9
Icuroz,,187,519430,0
Ihojem,,180,509852,0
Joke,,201,509844,0
Dusivi,,66,509841,0
Kethisha,,107,509819,0
Lucia,,224,509818,0
Gilid,,133,509817,0
Hunter,,149,509807,0
Punkkicker,,101,509805,0
Verizi,,110,509803,0
Deadshot,,62,509795,1
Agrithe,,94,509794,0
Buma,,86,509792,3
Hungsolo,,255,509790,0
Zove,,207,509787,1
Rumpel,,120,509786,0
Acekam,,36,509779,0
Sonia,,97,509774,0
Ochak,,71,509773,0
Illece,,216,509772,0
Hidra,,117,509772,1
Pionek,,107,509770,0
Carzil,,86,509767,1
Creaver,,128,509766,3
Rotot,,154,509765,0
Okida,,46,509763,0
Zelodna,,312,509763,0
Zzingelove,,132,509759,0
Araz,,121,509758,0
Shelby,,137,509757,1
Obat,,135,509755,0
Danoida,,151,509754,0
Zebi,,153,509751,1
Sarah,,120,509750,0
Mystey,,71,509749,0
Khcaji,,144,509745,1
Ejade,,73,509745,0
Danaeyyop,,93,509744,0
Venom,,271,509743,0
Beckham,,186,509741,2
Sochaca,,149,509740,1
Izeja,,157,509739,0
Ojojam,,153,509735,0
Whoami,,121,509734,4
Sutham,,228,509734,0
Halut,,147,509730,0
Tschilli,,269,509727,0
Innobe,,115,509726,5
Vekren,,152,509726,1
Agrije,,273,509725,0
Tatsumaki,,235,509724,0
Echazuz,,77,509721,0
Luca,,193,509716,0
Moku,,79,509715,1
Kakrek,,117,509715,0
Simba,,126,509714,0
Valli,,70,509714,1
Girzak,,105,509713,0
Maybe,,330,509712,0
Johnwick,,81,509710,1
Friederich,,121,509708,0
Guntoo,,156,509708,0
Ravet,,177,509707,0
Ritha,,200,509706,0
Athiz,,42,509704,0
Tohin,,136,509704,0
Sadrevra,,263,509703,0
Zerabeth,,216,509702,0
Donnene,,143,509700,0
Cevi,,306,509696,0
Ononra,,119,509696,0
Jerraldo,,177,509694,0
Bang,,228,509692,0
Govad,,117,509690,0
Cila,,139,509690,0
Zene,,214,509684,0
Lomos,,84,509679,0
Ganorga,,286,509678,0
Rogros,,104,509676,6
Andrzejek,,100,509676,0
Izza,,95,509675,0
Hokri,,96,509673,0
Baemax,,149,509671,0
Alen,,128,509670,1
Zoza,,100,509667,2
Deadeye,,112,509667,0
Elrendar,,107,509666,10
Zenith,,70,509658,4
Reha,,78,509657,0
Jorge,,191,509655,1
Sujarca,,124,509652,0
Ocin,,80,509652,0
Inrid,,179,509651,0
Adelia,,152,509648,1
Sidney,,85,509646,0
Lihe,,113,509639,0
Leetsfonam,,141,509638,0
Akere,,178,509636,2
Ceki,,114,509634,0
Nucud,,150,509632,4
Ored,,74,509626,0
Cullesa,,99,509617,0
Sebokri,,152,509616,0
Valentina,,178,509616,0
Caziha,,105,509611,2
Poprocks,,94,509610,0
Cirdan,,289,509605,0
Zivruhe,,130,509604,0
John,,96,509596,1
Ronbotian,,155,509595,1
Bunty,,152,509589,1
Kuwukz,,99,509588,0
Craimer,,144,509585,0
Angel,,143,509585,0
Icatha,,155,509576,11
Homesweet,,111,509576,3
Cassey,,185,509575,0
Gamora,,218,509574,0
Imulle,,237,509573,0
Imori,,72,509572,0
Ajek,,121,509568,1
Mrhunter,,161,509565,0
Negoche,,74,509560,1
Diba,,197,509560,0
Darkcyco,,223,509555,1
Ithan,,83,509554,0
Saja,,259,509549,0
Jullien,,247,509547,0
Hujek,,137,509541,0
Veixing,,206,509537,1
Dethana,,116,509531,0
Cirka,,268,509521,0
Itezum,,187,509518,4
Baoyu,,80,509513,2
Tivodri,,160,509509,0
Ebres,,166,509499,0
Nobe,,201,509494,0
Irtuti,,175,509492,0
Ezzikiel,,190,509487,0
Jeza,,85,509463,0
Rile,,131,509462,0
Teke,,216,509460,0
Bavavra,,196,509417,0
Hena,,170,499782,2
Octavia,,102,499747,3
Summit,,224,499738,5
Hemroids,,81,499733,4
Osca,,88,499694,3
Namiga,,88,499680,1
Izeze,,130,499631,1
Buthila,,178,499617,0
Arzaz,,149,499617,0
Kogoce,,87,499608,6
Solik,,119,499582,2
Anatheg,,135,499571,3
Noke,,83,499569,0
Omon,,117,499554,2
Tamibri,,173,499552,2
Irake,,147,499540,5
Zuluga,,128,499536,5
Celle,,122,499523,7
Saintzero,,231,499481,4
Erihi,,70,499432,5
Vonan,,131,489746,0
Olinud,,99,489737,0
Ditag,,106,489734,0
Sniao,,80,489699,0
Ithotus,,154,489697,0
Irzas,,93,489689,0
Keparat,,84,489665,0
Asuhe,,102,489645,0
Ercis,,223,489635,0
Vicoze,,87,489633,4
Dzep,,51,489630,3
Lilith,,102,489607,0
Gucoz,,31,489607,2
Tethoni,,90,489598,1
Ishil,,109,489584,1
Tuhigri,,131,489574,0
Justbpn,,123,489561,5
Arisa,,120,489550,2
Eventiy,,98,489549,0
Athek,,101,489541,0
Blaze,,91,489539,1
Junghyun,,62,489533,0
Odoz,,174,489511,2
Irturte,,92,489489,0
Ojure,,126,489487,1
Melody,,122,489471,1
Buga,,202,489467,3
Kanul,,121,489454,4
Eventto,,125,489404,4
Ivroka,,166,479835,0
Booty,,122,479753,0
Emenres,,143,479748,0
Osen,,155,479742,0
Anig,,81,479719,0
Cheap,,117,479703,0
Lvyona,,161,479693,1
Athiva,,91,479671,1
Zolot,,140,479635,0
Asuhad,,66,479611,1
Crownate,,187,479596,1
Insadol,,152,479586,3
Sadia,,79,479578,1
Naven,,57,479534,12
Ecinrak,,186,479532,0
Hedem,,152,479526,1
Rsmo,,83,479521,5
Gyhhv,,251,479517,5
Rikusa,,111,479510,2
Zusotha,,120,479505,1
Cavracha,,194,479503,2
Saja,,85,479479,2
Suma,,130,469773,3
Aeneira,,144,469730,1
Chinahello,,195,469710,0
Inan,,70,469697,0
Tonya,,207,469680,2
Anoobig,,194,469662,0
Sylie,,110,469659,1
Sipahi,,106,469652,1
Mecava,,36,469641,1
Hofrut,,135,469634,1
Setivi,,113,469633,1
Ican,,211,469626,3
Nakato,,82,469555,0
Coda,,109,469517,4
Tuka,,61,469513,3
Victoria,,101,469475,5
Repeat,,143,469414,4
Serek,,154,459857,0
Maximus,,118,459832,0
Orudran,,238,459830,0
Sheshooter,,143,459824,0
Etham,,96,459811,0
Ellaz,,81,459801,0
Caboti,,66,459792,0
Suziz,,130,459766,0
Lilith,,63,459747,0
Eserze,,123,459744,0
Agiga,,160,459743,0
Jebal,,133,459742,0
Emuvet,,162,459728,0
Biubiubiu,,82,459723,0
Young,,95,459720,0
Mirzek,,164,459719,0
Oeoe,,125,459712,0
Jirillis,,117,459698,2
Jedafri,,72,459697,1
Olis,,201,459690,0
Murena,,70,459689,1
Azure,,192,459682,0
Lisaann,,134,459680,3
Enorig,,73,459679,1
Nilithe,,59,459675,0
Arzukel,,62,459671,0
Hiro,,164,459670,0
Nizun,,51,459661,4
Kimo,,114,459659,0
Bretai,,175,459655,13
Zyzax,,74,459645,1
Bimimi,,53,459630,0
Ethirgun,,91,459610,0
Adita,,168,459557,0
Azurri,,100,459543,0
Batddau,,109,459454,0
Nizi,,248,459451,0
Sillim,,95,459400,0
Nuda,,71,449781,1
Nadniki,,52,449770,0
Vibri,,114,449751,0
Kala,,265,449743,0
Nalea,,105,449739,0
Lodun,,96,449722,1
Boomboom,,36,449696,0
Ahihihi,,36,449684,1
Razorfist,,119,449676,6
Lexi,,99,449666,1
Avaz,,69,449656,1
Idaka,,105,449629,1
Iksde,,83,449628,2
Avebe,,104,449620,2
Ishudrek,,147,449446,5
Ihikri,,132,449436,3
Kiiro,,108,449432,1
Xapek,,211,439802,0
Onrol,,132,439769,1
Rasalgul,,56,439743,1
Teba,,76,439740,0
Arkanne,,103,439727,0
Cajun,,116,439714,0
Limited,,188,439712,1
Erok,,54,439709,0
Sabrina,,74,439706,0
Dingurth,,95,439705,0
Rata,,122,439703,0
Jamim,,44,439702,1
Makral,,55,439691,1
Emadi,,42,439686,3
Ureridu,,119,439686,2
Ekren,,132,439672,3
Leocooper,,41,439667,0
Vagus,,75,439633,0
Marksman,,136,439619,1
Merlina,,116,439615,0
Gelathe,,115,439577,1
Idun,,62,439549,0
Vercot,,79,439512,9
Igor,,115,439480,3
Linebra,,173,439461,1
Rose,,136,439446,0
Beatit,,57,439443,0
Iceburn,,136,429876,0
Ohinek,,81,429842,0
Trigunn,,79,429782,1
Esiz,,120,429736,1
Kati,,56,429723,0
Azrot,,86,429711,0
Ijurguz,,142,429706,0
Popierdol,,167,429704,0
Lekre,,41,429682,0
Zero,,117,429679,0
Rocik,,104,429668,1
Kilamil,,119,429663,1
Bathad,,69,429629,0
Izul,,225,429621,1
Odibi,,107,429615,1
Turok,,211,429610,5
Onyx,,175,429524,9
Homak,,100,429490,6
Magnus,,74,429458,0
Jessiej,,143,429452,1
Irzos,,186,419846,1
Psay,,124,419779,2
Dimon,,55,419779,1
Ciruk,,91,419773,0
Evrati,,70,419772,1
Cukorce,,165,419759,1
Lima,,43,419758,2
Ivom,,75,419745,1
Artur,,123,419742,1
Asshole,,46,419735,0
Shmandy,,153,419722,1
Nevrake,,139,419716,3
Jime,,44,419693,2
Ginnosha,,105,419680,0
Lune,,146,419674,4
Orora,,96,419653,1
Arthur,,41,419653,5
Jaziz,,96,419635,5
Akzi,,35,419625,1
Temp,,84,419622,6
Azan,,100,419425,6
Dolida,,95,409883,0
Tuvori,,84,409877,0
Zicot,,65,409874,0
Calum,,297,409870,1
Dicel,,124,409835,0
Bundinha,,23,409830,0
Rirdon,,59,409826,0
Noice,,37,409821,0
Metha,,162,409820,0
Bangbang,,149,409814,0
Odras,,35,409792,0
Ilum,,102,409779,0
Sonet,,186,409765,0
Veviga,,109,409758,0
Boomer,,109,409752,0
Shax,,63,409750,0
Kayden,,123,409749,0
Fouk,,60,409740,0
Patrycja,,155,409739,0
Arek,,78,409739,0
Adica,,112,409738,0
Paradox,,80,409735,0
Teki,,132,409725,0
Gloryhog,,60,409720,0
Derkin,,148,409720,0
Juhun,,36,409713,3
Ethashe,,156,409708,0
Digrizzly,,228,409704,1
Superporn,,181,409703,0
Tsubasa,,86,409691,0
Juliette,,89,409691,0
Punyo,,68,409691,0
Jorti,,123,409688,0
Veludri,,22,409686,0
Sladge,,100,409685,0
Ithun,,59,409685,0
Derschau,,151,409678,0
Osit,,75,409674,0
Malakka,,118,409666,0
Adog,,37,409660,0
Lumici,,97,409646,0
Seke,,72,409643,1
Rula,,158,409635,0
Hirke,,99,409610,0
Nemziss,,89,409578,0
Laureline,,122,409575,0
Herba,,207,409562,0
Bithon,,91,409551,0
Etuk,,72,409548,1
Criticalmo,,154,409515,1
Gavri,,84,399760,0
Jaje,,70,399752,1
Vatin,,79,399735,1
Ephemerum,,131,399711,1
Efrit,,99,399675,1
Babym,,46,399658,1
Arkas,,157,399652,4
Cushat,,81,399646,1
Onetsky,,116,399642,2
Artuleg,,90,399614,1
Kurem,,98,399581,2
Lusa,,104,399575,0
Misha,,86,399554,5
Kokrin,,62,399527,1
Matrim,,89,399508,0
Nicestkt,,39,399488,8
Idarkut,,124,399481,2
Destro,,215,399461,1
Ekivem,,67,389826,0
Lucylou,,22,389801,1
Orurci,,52,389778,1
Dayeon,,63,389763,2
Kuda,,91,389757,0
Cheexa,,144,389748,2
Othithe,,134,389718,1
Miji,,72,389697,4
Insane,,32,389683,0
Sven,,35,389673,0
Eunmi,,124,389660,2
Suchoga,,98,389653,7
Rushe,,99,389623,0
Karci,,39,389600,1
Gryffindor,,86,389591,1
Sinsobaki,,139,389575,0
Icez,,57,389573,8
Bardem,,130,389569,2
Dkvvv,,55,389513,4
Sinuva,,195,389490,1
Reja,,109,389458,0
Shutan,,66,389410,1
Korsubzero,,369,379869,0
Omugi,,28,379836,0
Imus,,49,379774,1
Idam,,53,379741,1
Emet,,28,379728,0
Luna,,115,379726,4
Bosshunter,,36,379701,0
Clone,,78,379677,0
Bobake,,101,379639,6
Zufret,,81,379577,0
Ecare,,97,379571,0
Bumbarella,,118,379564,2
Bobotet,,65,379542,0
Cadranni,,111,379517,4
Laila,,109,379516,1
Krula,,111,379435,7
Efrivak,,56,369809,2
Tirzi,,32,369806,0
Retas,,245,369790,0
Ogrin,,62,369776,4
Boowang,,47,369758,1
Becechi,,39,369756,2
Suihuivcha,,31,369755,1
Houz,,68,369737,2
Ticos,,178,369719,0
Alisha,,151,369714,2
Vatot,,86,369707,0
Tikubra,,115,369704,0
Biubiu,,41,369699,3
Sidrin,,58,369681,5
Ogiz,,38,369674,1
Lujid,,155,369673,3
Rekris,,112,369567,1
Esili,,107,369519,4
Pansirone,,93,359889,0
Zeda,,114,359881,0
Avarcin,,94,359849,0
Geshod,,112,359847,0
Shandris,,76,359836,0
Vibe,,216,359831,0
Nahad,,113,359817,0
Ozichi,,170,359814,0
Killer,,100,359792,0
Sefra,,100,359791,0
Kure,,106,359791,0
Alos,,118,359790,0
Nira,,80,359790,0
Boomboy,,76,359786,0
Maya,,25,359769,1
Vobak,,44,359738,0
Lileem,,163,359714,0
Lego,,118,359713,0
Filea,,164,359696,1
Lethis,,31,359667,4
Anbuang,,89,359657,2
Mibi,,58,359654,0
Vanessa,,60,359616,6
Gunner,,89,359585,1
Shawn,,97,359539,0
Zoraca,,57,349805,0
Celine,,94,349800,1
Renron,,22,349798,0
Sauce,,46,349798,1
Rashid,,9,349791,1
Kidri,,64,349778,0
Vitane,,215,349761,2
Asul,,75,349714,1
Brenany,,113,349710,2
Ashan,,80,349658,1
Zuji,,61,349628,3
Geekilee,,149,349597,0
Ambeckett,,1985,339935,0
Ilaka,,135,339885,0
Icke,,141,339859,0
Tibode,,43,339818,0
Sullerce,,27,339776,0
Kitty,,49,339765,2
Ikos,,41,339747,0
Arcukrik,,54,339716,0
Hitat,,33,339707,1
Ihoje,,70,339702,1
Banhbo,,37,339689,1
Zazenre,,61,339594,3
Anilyo,,71,329859,0
Nuvre,,96,329776,0
Sima,,99,329742,1
Hyoojass,,149,329739,0
Oris,,33,329732,0
Oxoa,,87,329730,0
Nihin,,66,329707,1
Mubek,,45,329684,2
Dyhd,,69,319891,0
Blokju,,111,319876,0
Monaniss,,146,319852,1
Zubat,,39,319828,0
Orcorge,,32,319809,0
Cube,,58,319806,1
Celoji,,24,319784,1
Zujo,,99,319774,0
Sniper,,23,319771,1
Mars,,62,319654,3
Tulus,,36,319586,1
Kachut,,113,309888,0
Linrala,,58,309887,0
Mati,,40,309884,0
Suzutsuki,,98,309881,0
Dakot,,237,309877,0
Tashi,,38,309873,0
Azzerotta,,157,309871,0
Hudrus,,38,309867,0
Meiliki,,185,309866,0
Langston,,11,309860,0
Urus,,165,309856,0
Granger,,0,309839,0
Moehh,,196,309823,0
Onnes,,10,309821,0
Igrame,,96,309817,0
Veci,,123,309806,0
Nuthesa,,118,309764,0
Osethaz,,89,309748,0
Zazallo,,57,309726,0
Edron,,80,309724,0
Itet,,12,309716,0
Behel,,25,309716,0
Kezen,,42,309669,0
Nigil,,88,309644,0
Razos,,113,309616,0
Liheyoung,,59,309604,0
Koregom,,222,309588,0
Dacenri,,115,309583,0
Cutudi,,139,299929,0
Azoz,,43,299883,0
Ragnar,,41,299850,0
Enum,,41,299807,0
Nizi,,149,299786,0
Munrurde,,55,299770,1
Borka,,42,299719,0
Djkjh,,37,299705,0
Hina,,159,299575,4
Ashetez,,101,299501,1
Bountyy,,129,289903,0
Pewpew,,37,289892,0
Bobo,,200,289891,0
Mrchuoi,,153,289844,0
Vosinre,,52,289828,0
Roborat,,25,289816,0
Mithis,,60,289811,2
Irtorti,,46,289791,1
Dadonkbomb,,144,289772,0
Eviljoy,,36,289752,1
Pifpaf,,14,289748,1
Trumpsb,,133,289653,3
Roryt,,79,289612,0
Uroshuna,,154,279911,0
Vojta,,65,279911,0
Zizi,,39,279891,0
Dozus,,9,279817,1
Jegos,,75,279816,0
Surges,,32,279786,0
Sannok,,85,279754,0
Misa,,14,279716,0
Jack,,115,269925,0
Jakrez,,61,269876,0
Kang,,65,269852,0
Zusa,,31,269851,1
Intheatre,,64,269837,0
Ikabra,,17,269823,0
Idurez,,17,269817,2
Codnoche,,74,269815,2
Coaie,,214,269756,1
Razad,,74,269663,1
Amaha,,37,259891,0
Emoshun,,9,259877,0
Cosmic,,98,259830,0
Azwin,,21,259827,0
Erasmo,,87,259814,0
Atikruz,,45,259809,0
Cojak,,37,259759,0
Kachin,,178,259601,1
Boomboom,,32,249818,0
Abovrig,,0,249813,0
Ercat,,61,249802,0
Wtemp,,147,249477,4
Jahi,,68,239902,0
Jedri,,4,239862,0
Siha,,14,239812,0
Recca,,26,239793,1
Legorci,,35,239790,1
Dila,,35,239695,3
Honda,,5,229895,0
Snurk,,93,229888,0
Fatklitz,,28,229883,0
Nithe,,11,229858,1
Manslayer,,0,229841,2
Yogu,,40,229824,0
Printer,,13,229809,1
Denjs,,0,229788,1
Berzeli,,8,229785,1
Horzun,,111,229773,0
Mpuhjuara,,145,229766,0
Aendhal,,20,229717,4
Taltemp,,60,219916,0
Ceres,,28,219875,0
Semi,,35,219869,1
Vatig,,112,219866,0
Alazam,,5,219857,1
Elas,,5,219812,0
Zenna,,74,209944,0
Onnari,,153,209910,0
Vulun,,0,209906,0
Idram,,0,209897,0
Bekum,,2,209895,0
Echemit,,0,209890,0
Flathen,,51,209871,0
Zegran,,0,209869,0
Legolas,,43,209855,0
Julli,,87,209853,0
Baed,,9,209828,0
Ethel,,0,209827,0
Callume,,0,209825,0
Ikrune,,0,209823,0
Nana,,92,209817,0
Haelhunter,,39,209795,0
Patra,,0,209794,0
Hurdis,,0,209776,0
Larual,,1,209771,1
Race,,12,209728,0
Viktoria,,113,209715,0
Milica,,85,199904,0
Raguz,,18,199894,0
Bounty,,0,199880,0
Isudnin,,9,199845,0
Abruha,,8,199819,0
Memere,,82,189887,0
Ovreci,,59,189879,1
Takra,,5,189866,0
Bandit,,27,189786,0
Fizik,,25,189732,1
Gazza,,0,179890,0
Dore,,5,179863,0
Gazzon,,42,179840,0
Ilunra,,0,179817,0
Cooler,,46,179663,0
Iduk,,22,169902,0
Jube,,0,169886,0
Jack,,2,169871,0
Hugo,,3,169868,1
Lohengrin,,0,169859,0
Hufra,,0,169849,0
Ivos,,0,169816,1
Batani,,0,169735,2
Liba,,21,169694,2
Meje,,68,159916,0
Woolala,,24,159911,0
Naenae,,0,159898,0
Vennum,,19,159874,0
Banditka,,0,159867,0
Duit,,7,159852,0
Herte,,0,159832,0
Tasak,,0,159817,0
Jmvg,,94,159774,0
Jertare,,80,149927,0
Ggyy,,0,149919,0
Lava,,82,149892,0
Leba,,0,149885,0
Pifpaf,,69,149882,0
Nibi,,77,149818,1
Imihi,,0,149780,2
Daemona,,0,149700,0
Rothe,,0,149623,1
Hairball,,0,139894,0
Vace,,24,139855,0
Retro,,0,139854,1
Sotha,,6,139845,0
Dadadada,,0,139839,0
Basil,,90,139839,0
Silvers,,0,139822,0
Kallug,,0,139784,1
Sene,,22,139749,2
Orzen,,0,139734,1
Szefowa,,0,129899,0
Aham,,0,129895,0
Zufriz,,0,129880,0
Iserkul,,0,129879,0
Cesufre,,0,129875,0
Barman,,53,129873,0
Kumom,,0,129873,0
Ozam,,0,129856,0
Wyatt,,0,129855,0
Loki,,0,129844,1
Cocacola,,0,129828,0
Zion,,0,129816,0
Ciza,,0,129814,0
Hilarze,,0,129814,0
Bolopl,,0,129766,0
Tutu,,2089,119933,0
Lexi,,0,119912,0
Hellsing,,0,119899,0
Lani,,25,119892,0
Havre,,0,119865,0
Throwaway,,0,119853,0
Vozi,,0,119837,0
Eshad,,0,119830,1
Pista,,0,119800,0
Riluci,,32,119765,1
Onrerti,,0,119698,0
Tinrik,,0,109943,0
Econe,,0,109926,0
Grom,,0,109920,0
Domut,,0,109901,0
Gurore,,90,109897,0
Juzevi,,0,109894,0
Knobgobble,,74,109885,0
Tamvan,,0,109883,0
Dude,,0,109883,0
Merlin,,0,109879,0
Rela,,0,109868,0
Titti,,0,109862,0
Zari,,0,109862,0
Sirodi,,0,109857,0
Rurci,,0,109856,0
Stormzy,,0,109854,3
Ekeka,,0,109854,0
Cevris,,0,109849,0
Guma,,0,109839,0
Beezer,,0,109838,0
Newhclma,,0,109831,0
Dhinn,,0,109830,0
Obraki,,0,109826,0
Kiritoo,,0,109822,0
Raimundo,,0,109818,0
Abyss,,0,109808,0
Zero,,0,109777,0
Seann,,0,109765,0
Hadre,,354,109737,0
Raymonde,,0,109730,0
Zethek,,0,109715,0
Edrul,,0,109644,0
Ruki,,0,109559,0
Nakroci,,0,99906,0
Caros,,0,99883,0
Abihe,,0,99875,0
Eonar,,0,99866,0
Titti,,0,99865,0
Gretel,,0,99860,0
Kimik,,0,99845,3
Ymlha,,0,99840,0
Kede,,0,99838,0
Kawali,,0,99824,0
Toltol,,0,99820,2
Esunrad,,0,99809,1
Ojem,,0,99807,0
Toshe,,0,99802,1
Kidne,,0,99794,1
Nadine,,0,99793,0
Sacwonder,,0,99785,0
Anirte,,0,99783,0
Luha,,0,99783,0
Somel,,0,99770,2
Rama,,0,99706,1
Nelson,,0,99705,2
Dufra,,0,99704,0
Illbno,,0,99694,1
Avega,,0,99671,1
Okuz,,0,99654,0
Rezure,,0,99541,2
Cashe,,0,89934,0
Iralug,,0,89928,0
Mercy,,0,89914,0
Mace,,0,89913,1
Elwen,,2,89913,0
Arale,,0,89910,0
Tudul,,0,89889,0
Raquel,,39,89888,0
Vifrodra,,0,89888,0
Mogrut,,0,89885,0
Asil,,0,89883,0
Mime,,0,89876,1
Litirce,,34,89863,0
Shad,,0,89860,0
Zutiva,,0,89841,0
Naba,,0,89840,0
Zoceza,,0,89838,0
Markus,,0,89824,0
Alice,,0,89822,0
Lynde,,4,89820,0
George,,41,89811,0
Iken,,0,89806,0
Lisa,,0,89776,1
Ojoje,,0,89775,2
Anom,,0,89772,1
Asil,,0,89767,0
Darkd,,11,89756,2
Sashuvi,,0,89753,0
Kote,,0,89750,1
Elka,,0,89747,0
Nizothi,,0,89746,2
Sinder,,0,89726,0
Kata,,0,89722,2
Amici,,0,89721,2
Giao,,0,89719,1
Kita,,0,89714,3
Kimoge,,0,89690,0
Rollurta,,0,89681,1
Jonneche,,0,89641,6
Asum,,0,89618,3
Knallerbse,,0,89591,2
Phrozzen,,0,89564,2
Inez,,0,89538,2
Makina,,0,79951,0
Orguz,,42,79941,0
Stop,,127,79937,0
Ochod,,8,79927,0
Lilminx,,113,79924,0
Hada,,18,79920,0
Alam,,9,79916,0
Migri,,49,79913,0
Nene,,0,79913,0
Deadeye,,148,79911,0
Goje,,0,79907,0
Infinity,,1,79907,0
Ladyd,,105,79905,0
Nikkilover,,0,79901,0
Elektra,,0,79894,0
Nachos,,0,79893,0
Spikeusak,,2,79893,0
Nusa,,2,79893,0
Kade,,0,79892,0
Zishechi,,76,79888,0
Nerca,,0,79887,0
Aram,,0,79886,0
Guda,,0,79885,0
Cufrot,,0,79882,0
Leleg,,0,79877,0
Tiki,,41,79877,0
Mera,,0,79870,0
Murci,,0,79869,0
Athok,,11,79867,0
Rurdis,,0,79865,0
Alex,,0,79863,0
Isera,,0,79861,0
Chono,,3,79858,0
Mota,,0,79858,0
Event,,47,79850,0
Keeni,,0,79836,0
Annichi,,0,79829,0
Didi,,0,79829,1
Hochovi,,0,79828,2
Valorhunt,,0,79825,0
Murok,,0,79825,0
Jakubka,,0,79819,0
Anevroz,,0,79819,1
Eventman,,6,79819,0
Helarosa,,3,79819,0
Gunnervii,,0,79817,0
Gadrirde,,0,79817,0
Squinch,,0,79815,0
Drizzt,,0,79814,0
Norag,,0,79814,1
Vincent,,0,79814,0
Piotr,,0,79806,1
Kithami,,0,79800,0
Othemi,,0,79799,1
Coki,,0,79787,0
Orgam,,16,79787,0
Osohin,,0,79782,1
Reave,,0,79779,1
Nami,,2,79774,0
Jugrol,,0,79773,2
Enriba,,0,79773,0
Vanderjack,,0,79768,1
Nevud,,0,79760,1
Ehak,,0,79760,3
Coops,,0,79759,1
Nugslinger,,0,79759,3
Flow,,0,79748,1
Utachi,,0,79744,1
Hucashi,,0,79734,2
Lede,,0,79726,0
Avuk,,0,79725,0
Egroz,,0,79723,5
Bakod,,0,79715,0
Spooky,,0,79712,1
Himmi,,0,79708,1
Lurkaz,,0,79707,0
Elledan,,0,79698,1
Orgloj,,0,79692,2
Ethin,,0,79683,1
Klopfer,,0,79679,6
Chowyunfat,,0,79656,0
Shooty,,0,79648,9
Ogellel,,0,79642,4
Kegriri,,0,79633,2
Martin,,0,79632,2
Broghar,,0,79631,0
Samy,,0,79609,3
Kuke,,0,79571,11
Mujebra,,0,79570,1
Jetha,,0,79557,6
Yoshiki,,0,79544,8
Ggamsigun,,0,79535,7
Edeti,,0,79530,4
Sudna,,0,79522,2
Inida,,0,79514,6
Warz,,0,79493,6
Boblik,,0,79484,14
Corkoz,,0,79481,4
Krondithis,,0,79474,5
Fetuccini,,0,79441,16
Dafri,,0,69940,0
Bokude,,0,69928,0
Hallivra,,0,69925,0
Rike,,0,69924,0
Humu,,0,69924,0
Ijil,,0,69918,0
Argennit,,0,69916,0
Sice,,0,69916,0
Kataci,,0,69914,0
Bida,,0,69911,0
Aubrey,,0,69909,0
Amina,,0,69906,0
Lode,,0,69906,0
Buna,,0,69905,0
Blair,,0,69902,0
Zize,,0,69892,0
Bawang,,0,69890,0
Erdog,,0,69885,0
Ircurzas,,0,69884,0
Raba,,0,69882,0
Zara,,0,69880,0
Acya,,0,69879,0
Ethurge,,0,69877,0
Kemoha,,0,69875,1
Roland,,0,69874,0
Egarkun,,0,69872,0
Oshona,,0,69872,1
Irtidik,,0,69868,1
Tolehe,,0,69867,0
Kliss,,0,69866,0
Vudez,,0,69863,0
Nasava,,0,69862,0
Dojugi,,0,69862,0
Alis,,0,69860,1
Vosha,,26,69856,0
Lathi,,0,69852,0
Enem,,0,69846,0
Cazis,,0,69845,0
Tida,,0,69842,1
Cezoce,,0,69840,1
Othosag,,0,69839,0
Roland,,0,69837,0
Jamm,,0,69828,0
Jebreshi,,0,69827,0
Pihc,,0,69827,0
Test,,0,69826,0
Gathuje,,0,69826,0
Kuche,,0,69826,2
Zoom,,0,69825,0
Goji,,0,69824,0
Diva,,0,69824,0
Marianna,,0,69823,0
Eventhero,,0,69818,0
Ashusha,,0,69815,0
Ceshak,,0,69814,0
Gido,,0,69811,1
Skrimov,,0,69810,0
Pisztoly,,0,69808,0
Graywolf,,0,69806,1
Athakril,,0,69805,1
Tulug,,0,69805,0
Ezozek,,0,69804,1
Avrig,,0,69803,4
Gaheg,,0,69803,1
Jaroul,,0,69801,0
Picola,,0,69800,1
Cadruja,,0,69798,1
Rohel,,0,69795,0
Lanselot,,0,69792,3
Dashutha,,0,69789,0
Zzar,,0,69788,0
Jura,,0,69787,1
Kirge,,0,69785,0
Ariadne,,0,69779,1
Efrirdim,,0,69774,1
Idita,,0,69772,0
Eventwibo,,0,69769,1
Arzutha,,0,69759,0
Tize,,0,69757,14
Kees,,0,69754,1
Onami,,0,69752,0
Knutzac,,0,69748,3
Vemim,,0,69745,1
Haru,,0,69741,0
Jedix,,0,69736,1
Abin,,0,69735,2
Arakros,,0,69734,2
Ethubi,,0,69730,1
Faker,,0,69728,0
Zerone,,0,69720,1
Nuti,,0,69719,0
Vincent,,0,69716,1
Jenre,,0,69709,3
Alathus,,0,69708,0
Obonral,,0,69707,3
Bomez,,0,69706,2
Nenne,,0,69706,4
Connor,,0,69706,4
Thyliendra,,0,69704,1
Haolyth,,0,69703,4
Ruja,,0,69703,6
Felipe,,0,69701,0
Imugi,,0,69696,1
Zezasa,,0,69696,5
Vuma,,0,69694,2
Ruvril,,0,69693,0
Miro,,0,69693,2
Vadorza,,0,69692,3
Jushol,,0,69691,2
Etomi,,0,69686,4
Idede,,0,69684,1
Evilama,,0,69682,3
Ditch,,0,69675,2
Vick,,0,69664,2
Horuk,,0,69652,7
Nikolas,,0,69649,1
Ride,,0,69645,0
Arty,,0,69640,1
Irterkim,,0,69638,1
Gabriel,,0,69637,0
Ikote,,0,69637,1
Bklynzoooo,,0,69633,3
Achadnus,,0,69626,1
Tyrion,,0,69626,4
Ocari,,0,69607,5
Misel,,0,69601,4
Rullug,,0,69595,2
Puskin,,0,69591,3
Havald,,0,69591,2
Hucul,,0,69586,2
Neivy,,0,69586,6
Orikalko,,0,69580,2
Faewitch,,0,69574,2
Giorgio,,0,69573,4
Akrollis,,0,69569,6
Shanah,,0,69562,2
Icorza,,0,69539,3
Mirdam,,0,69535,3
Hodegre,,0,69517,3
Luvaka,,0,69514,2
Gordeg,,0,69508,4
Arial,,0,69493,9
Ocak,,0,69490,6
Mariss,,0,69456,5
Cira,,0,69443,2
Zona,,0,59923,0
Artez,,0,59920,0
Bullfinch,,0,59919,0
Vone,,0,59918,0
Rata,,0,59911,0
Profjoke,,0,59910,0
Diha,,0,59904,0
Dudnun,,0,59900,0
Bukice,,0,59899,0
Wilkingg,,0,59899,0
Ordirza,,0,59893,0
Kavres,,0,59890,0
Cabuz,,0,59888,0
Vlad,,0,59886,0
Vogad,,0,59885,0
Amaket,,0,59882,0
Irtullit,,0,59875,0
Otat,,0,59875,0
Nedra,,0,59872,0
Nami,,0,59867,0
Munior,,0,59865,0
Tashana,,0,59864,0
Dilal,,0,59861,0
Jimmy,,0,59860,0
Toge,,0,59860,0
Jarok,,0,59859,0
Yoyoiu,,0,59858,0
Keravi,,0,59855,0
Dana,,0,59854,0
Arzuvel,,0,59852,0
Ruvain,,0,59851,0
Zuthik,,0,59849,0
Tiki,,0,59846,0
Tithynnia,,0,59841,0
Masa,,0,59840,0
Sellena,,0,59838,0
Qian,,0,59838,0
Metronox,,0,59837,0
Buzohe,,0,59836,0
Ragnar,,0,59836,0
Ikulak,,0,59835,0
Reksie,,0,59833,0
Ovuk,,0,59826,1
Andwil,,0,59825,0
Dusemi,,0,59824,0
Dobi,,0,59821,0
Ardezod,,0,59818,0
Dikota,,0,59809,0
Ethol,,0,59807,0
Nola,,0,59806,0
Ilimog,,0,59803,0
Eldridge,,0,59801,0
Slither,,0,59801,0
Tracer,,0,59800,0
Othodra,,0,59797,0
Sisishe,,0,59797,0
Edos,,0,59796,0
Zeta,,0,59788,0
Mane,,0,59788,1
Heba,,0,59788,0
Goka,,0,59784,1
Gudnud,,0,59780,0
Annad,,0,59774,0
Ehil,,0,59774,0
Hosoda,,0,59773,0
Nota,,0,59772,1
Death,,0,59771,0
Evan,,0,59770,0
Ardurkil,,0,59770,1
Beri,,0,59766,0
Arcol,,0,59763,1
Rushihe,,0,59753,0
Evagot,,0,59751,0
Janniklas,,0,59750,0
Arzihom,,0,59748,0
Lardirgi,,0,59744,0
Sutihi,,0,59744,0
Gotcha,,0,59738,2
Obrem,,0,59736,0
Haha,,0,59733,0
Ergeka,,0,59733,2
Arkemon,,0,59721,1
Muli,,0,59717,0
Ebariz,,0,59712,8
Mikes,,0,59707,3
Kolleshi,,0,59706,0
Haza,,0,59696,0
Heiwabhtwo,,0,59693,0
Killer,,0,59691,0
Celine,,0,59689,0
Lafrana,,0,59684,0
Luros,,0,59671,2
Izod,,0,59671,0
Krunk,,0,59660,3
Kaga,,0,59655,0
Lucas,,0,59653,0
Tesud,,0,59651,2
Blyaha,,0,59648,1
Jonatan,,0,59647,0
Orilid,,0,59647,0
Maximus,,0,59641,1
Vutit,,0,59638,6
Besa,,0,59637,0
Ozzyrules,,0,59626,2
Dark,,0,59615,5
Irdigam,,0,59608,0
Dantalion,,0,59604,0
Ellit,,0,59571,0
Suke,,0,59568,0
Alexia,,0,59562,0
Dingsda,,0,59549,0
Shiraz,,0,59539,0
Ochatul,,0,59492,0
Tabom,,0,59443,2
Hellary,,0,59439,0
Lirgug,,0,49912,0
Nojum,,0,49909,0
Kiza,,0,49905,0
Vednoti,,0,49903,0
Cazat,,0,49887,0
Vasherde,,0,49879,0
Jege,,0,49877,0
Legolas,,0,49876,0
Izibe,,0,49876,0
Binnn,,0,49871,0
Ohoge,,0,49868,0
Morgos,,0,49867,0
Idavre,,0,49867,0
Imama,,0,49867,0
Izece,,0,49861,1
Rezi,,0,49860,0
Nusta,,0,49859,0
Vurza,,0,49859,0
Anunah,,0,49854,0
Gammroth,,0,49849,0
Manni,,0,49845,0
Liza,,0,49844,0
Zobrile,,0,49844,0
Iladin,,0,49844,0
Aangelotus,,0,49843,0
Lesy,,0,49840,0
Vete,,0,49837,0
Okishe,,0,49837,0
Brontasaur,,0,49836,0
Valen,,0,49827,0
Jina,,0,49827,0
Kataz,,0,49824,0
Ozehod,,0,49822,0
Ssibalchoo,,0,49821,1
Athenor,,0,49821,0
Tebame,,0,49820,0
Lauwie,,0,49817,0
Tehtang,,0,49812,0
Sida,,0,49802,0
Gebi,,0,49802,4
Bouncey,,0,49798,0
Dithi,,0,49797,0
Athadi,,0,49795,0
Cule,,0,49795,0
Falmoore,,0,49794,0
Veja,,0,49780,0
Tool,,0,49778,0
Silver,,0,49778,0
Kotul,,0,49778,0
Zeri,,0,49776,0
Sekre,,0,49772,0
Golonecka,,0,49772,1
Dahlia,,0,49768,2
Nyomi,,0,49763,0
Zoxic,,0,49761,0
Lathase,,0,49760,0
Ochothat,,0,49758,1
Covet,,0,49754,0
Battlemaid,,0,49742,1
Kkebabbsil,,0,49738,1
Salla,,0,49738,0
Larax,,0,49730,0
Ishum,,0,49723,2
Cati,,0,49717,0
Ojes,,0,49717,0
Aridnak,,0,49716,3
Kerasus,,0,49707,0
Fortis,,0,49703,1
Egron,,0,49696,1
Bushava,,0,49694,0
Mucige,,0,49691,2
Lamit,,0,49670,0
Ales,,0,49665,1
Zena,,0,49659,0
Bizon,,0,49657,4
Jejute,,0,49653,0
Vuthose,,0,49653,3
Event,,0,49650,1
Zarzul,,0,49649,2
Gethi,,0,49642,2
Hulle,,0,49637,3
Lamboy,,0,49623,2
Akralla,,0,49623,0
Neko,,0,49614,1
Nableg,,0,49614,0
Gumi,,0,49613,4
Ruzes,,0,49607,1
Darla,,0,49603,4
Dugrorka,,0,49602,0
Tabaz,,0,49594,6
Kata,,0,49590,4
Odin,,0,49587,4
Jami,,0,49582,2
Zediz,,0,49576,4
Nehez,,0,49567,4
Kotirki,,0,49563,4
Odarte,,0,49556,3
Oribut,,0,49539,5
Gabriel,,0,49526,4
Koukou,,0,49524,1
Cilla,,0,49507,4
Irgoz,,0,49483,2
Avazas,,0,49483,4
Cheldoux,,0,49435,3
Event,,0,49431,0
Lohos,,0,39939,0
Unknown,,0,39915,0
Bonrom,,0,39909,0
Decode,,0,39905,0
Eziduk,,0,39904,0
Gunchong,,0,39903,0
Ercava,,0,39898,0
Ertuden,,0,39892,0
Merkubra,,0,39891,0
Huras,,0,39891,0
Junxi,,0,39884,0
Tinre,,0,39884,0
Ozum,,0,39883,0
Rauri,,0,39880,0
Metizi,,0,39880,0
Vashi,,0,39877,0
Hoziha,,0,39875,0
Stirk,,0,39874,0
Citathi,,0,39874,1
Cera,,0,39873,0
Masakre,,0,39872,0
Terminal,,0,39864,0
Birkek,,0,39856,0
Ivekad,,0,39855,0
Asohin,,0,39855,0
Pachela,,0,39854,0
Vibrem,,0,39853,0
Mashafri,,0,39850,1
Itug,,0,39850,0
Czopers,,0,39848,1
Metema,,0,39846,2
Krex,,0,39846,0
Adag,,0,39842,0
Gunner,,0,39842,1
Osese,,0,39841,0
Calamity,,0,39839,1
Magda,,0,39839,1
Vosha,,0,39838,0
Volus,,0,39838,0
Ozeg,,0,39838,1
Ecille,,0,39837,1
Sheva,,0,39836,0
Koja,,0,39836,1
Octavia,,0,39836,0
Azedre,,0,39835,0
Eliz,,0,39833,1
Bore,,0,39832,0
Feng,,0,39831,0
Deaftday,,0,39830,0
Death,,0,39830,1
Krayz,,0,39828,0
Cose,,0,39828,2
Teharca,,0,39826,0
Mshutka,,0,39826,2
Orget,,0,39825,0
Ivol,,0,39824,0
Event,,0,39824,0
Kurge,,0,39821,0
Kunit,,0,39820,0
Igos,,0,39819,0
Cehoz,,0,39814,1
Zuri,,0,39813,1
Minna,,0,39813,1
Dimwit,,0,39810,0
Acashat,,0,39808,0
Erivon,,0,39799,0
Orgafraz,,0,39799,1
Nimser,,0,39798,1
Pewpew,,0,39798,2
Abejes,,0,39797,0
Hinihao,,0,39796,1
Mesir,,0,39795,0
Ekad,,0,39795,0
Azok,,0,39793,0
Tone,,0,39792,1
Benno,,0,39790,1
Moverest,,0,39789,2
Fleeting,,0,39789,0
Jasmine,,0,39789,0
Madrag,,0,39787,0
Kethithe,,0,39786,2
Tari,,0,39785,0
Oooosu,,0,39784,3
Athos,,0,39784,1
Radne,,0,39784,1
Nethen,,0,39783,2
Ashut,,0,39783,0
Jess,,0,39782,0
Igrekuk,,0,39781,2
Germania,,0,39780,0
Ajorten,,0,39779,1
Zorkatha,,0,39779,0
Zokrile,,0,39778,2
Ircek,,0,39778,1
Rika,,0,39777,2
Korci,,0,39776,0
Crabclaw,,0,39776,0
Sprigan,,0,39776,1
Ellom,,0,39775,1
Adrakros,,0,39768,0
Henoh,,0,39767,1
Mole,,0,39767,0
Odonnek,,0,39765,0
Omgmg,,0,39764,0
Tage,,0,39761,2
Esaha,,0,39759,0
Jude,,0,39756,2
Ogrirtug,,0,39756,0
Cabbage,,0,39755,1
Desperado,,0,39755,2
Needsmcgee,,0,39754,0
Hosannah,,0,39748,1
Edunok,,0,39747,0
Togubra,,0,39746,1
Zadni,,0,39743,0
Makino,,0,39743,3
Litere,,0,39740,0
Infinity,,0,39739,2
Enigma,,0,39739,0
Selgrin,,0,39735,2
Bamura,,0,39732,1
Vefrom,,0,39731,1
Dennaki,,0,39730,0
Babu,,0,39725,0
Innas,,0,39724,0
Zibat,,0,39724,4
Bothek,,0,39716,1
Alera,,0,39716,1
Enrojas,,0,39713,0
Kira,,0,39713,0
Wantwo,,0,39713,1
Hitava,,0,39710,0
Zaiross,,0,39708,0
Ethamat,,0,39707,0
Ladi,,0,39707,0
Eejit,,0,39706,1
Evrog,,0,39703,1
Bleach,,0,39703,0
Adari,,0,39691,0
Sohuni,,0,39685,0
Omatam,,0,39681,6
Smoover,,0,39680,1
Tuli,,0,39680,2
Pewpew,,0,39677,2
Hathus,,0,39674,0
Macgil,,0,39670,1
Obral,,0,39668,3
Sunnat,,0,39667,0
Michi,,0,39664,3
Hanmin,,0,39650,2
Rico,,0,39648,0
Gartuci,,0,39645,0
Ithomi,,0,39643,6
Inifitlagg,,0,39633,1
Vortal,,0,39624,1
Omidan,,0,39605,0
Wolrowiii,,0,39605,3
Monolito,,0,39602,2
Curcica,,0,39599,1
Ninri,,0,39573,1
Ferrero,,0,39570,1
Gikurta,,0,39569,1
Gudnebri,,0,39569,3
Back,,0,39568,5
Deathshot,,0,39564,0
Ygmtxwd,,0,39559,1
Jera,,0,39545,1
Vazika,,0,39524,0
Higa,,0,39521,1
Nutu,,0,39521,0
Asalaja,,0,39505,2
Ecathen,,0,39498,1
Zhyx,,0,39486,2
Lefre,,0,39484,0
Argelog,,0,39465,3
Fddsjhy,,0,39462,5
Ochol,,0,39444,1
Richard,,0,39424,2
Tosid,,0,39411,4
Pobi,,0,39402,0
Bonedady,,0,29923,0
Ogoki,,0,29920,0
Evot,,0,29920,0
Ceresus,,0,29915,0
Ergirdim,,0,29909,0
Wibi,,0,29906,0
Zomone,,0,29906,0
Belovri,,103,29900,0
Hathum,,0,29900,0
Event,,0,29899,0
Inrushez,,0,29891,0
Jashe,,0,29888,0
Twovictwo,,0,29887,0
Lerire,,0,29886,0
Tank,,0,29884,0
Nedni,,0,29883,0
Ecibra,,0,29881,0
Tezul,,0,29881,0
Darda,,0,29880,0
Nonni,,0,29877,0
Hithus,,0,29876,0
Killes,,0,29875,0
Eviz,,0,29874,0
Jamper,,0,29874,0
Nava,,0,29874,0
Relan,,0,29871,0
Bilum,,0,29871,0
Ibod,,0,29871,0
Fish,,0,29869,0
Vanusi,,0,29868,0
Decus,,0,29866,0
Itille,,0,29865,0
Annugi,,0,29864,0
Lovi,,0,29863,0
Charianne,,0,29862,0
Ezen,,0,29861,0
Vubi,,0,29860,0
Gece,,0,29859,0
Ekrugrod,,0,29859,0
Vardi,,0,29857,0
Othocat,,0,29856,0
Cookie,,0,29856,0
Sigi,,0,29853,0
Groza,,0,29852,0
Doctor,,0,29849,0
Hawkeye,,0,29848,0
Shailin,,0,29848,0
Rudapipa,,0,29847,0
Zevote,,0,29846,0
Glock,,0,29846,0
Techoz,,0,29845,0
Megrok,,0,29845,0
Zigul,,0,29845,0
Smdocaos,,0,29844,0
Argon,,0,29843,0
Amelie,,0,29842,0
Kezagri,,0,29841,0
Xanxa,,0,29840,0
Igal,,0,29840,0
Vinrisha,,0,29839,0
Gingernutz,,0,29839,0
Delete,,0,29838,0
Heli,,0,29837,0
Google,,0,29836,0
Wesker,,0,29836,0
Rodavlas,,0,29830,0
Glasscanon,,0,29829,0
Kiwi,,0,29827,0
Robin,,0,29827,0
Cizizi,,0,29826,0
Jiehan,,0,29825,0
Elswyth,,0,29825,0
Second,,0,29824,0
Alen,,0,29822,0
Ortunni,,0,29820,0
Lorgom,,0,29817,0
Vadraja,,0,29814,0
Dead,,0,29811,0
Rothek,,0,29811,0
Girginre,,0,29811,0
Luba,,0,29811,0
Nohav,,0,29810,0
Kirito,,0,29810,0
Ishihed,,0,29808,0
Lothishe,,0,29806,0
Kokia,,0,29806,0
Tone,,0,29806,0
Jela,,0,29805,0
Avot,,0,29804,1
Ekuchi,,0,29803,0
Irduchis,,0,29802,0
Danniells,,0,29802,0
Emol,,0,29801,0
Hunterori,,0,29800,0
Riskierrob,,0,29799,0
Xanderz,,0,29799,0
Egrelil,,0,29798,0
Anastasia,,0,29795,0
Nuchahi,,0,29795,0
Gilbertina,,0,29794,0
Felicier,,0,29794,0
Syka,,0,29792,0
Missfired,,0,29790,0
Oltmanriv,,0,29789,0
Effort,,0,29785,0
Nanabre,,0,29784,0
Marfa,,0,29782,0
Deathsight,,0,29778,0
Sunnymaya,,0,29778,0
Rathian,,0,29776,0
Enruthez,,0,29774,0
Valonsasko,,0,29774,0
Duka,,0,29773,0
Jusa,,0,29772,0
Recon,,0,29770,0
Jack,,0,29767,0
Silver,,0,29766,0
Cala,,0,29764,0
Ovruba,,0,29762,0
Zloi,,0,29760,0
Debal,,0,29759,0
Datoka,,0,29759,0
Achunni,,0,29751,1
Nule,,0,29751,0
Dotag,,0,29750,0
Gunslinger,,0,29745,0
Leeuk,,0,29740,0
Arkos,,0,29740,0
Msdd,,0,29737,0
Onrita,,0,29736,0
Aleksa,,0,29736,0
Rinho,,0,29734,0
Ahigis,,0,29733,0
Averion,,0,29727,0
Cacavi,,0,29725,0
Arcelot,,0,29715,0
Cida,,0,29714,0
Bebete,,0,29713,0
Elprimo,,0,29710,0
Seta,,0,29706,0
Echola,,0,29702,0
Surtaz,,0,29702,1
Hashi,,0,29700,0
Hany,,0,29699,0
Ogeches,,0,29698,0
Belmont,,0,29698,0
Ajukra,,0,29697,0
Nince,,0,29694,0
Rage,,0,29689,1
Groviter,,0,29684,0
Othasha,,0,29666,0
Gannovi,,0,29657,1
Mihadra,,0,29654,0
Adoha,,0,29652,1
Aljay,,0,29647,1
Faresta,,0,29647,1
Creo,,0,29647,0
Negitoro,,0,29642,0
Lesek,,0,29637,0
Hujoki,,0,29629,0
Olloches,,0,29618,0
Wagox,,0,29608,0
Reqiro,,0,29605,0
Laicay,,0,29604,0
Kirda,,0,29595,0
Puta,,0,29594,1
Logan,,0,29590,1
Zaul,,0,29588,0
Rured,,0,29585,4
Conre,,0,29582,1
Ilan,,0,29578,0
Agrun,,0,29574,0
Munch,,0,29571,0
Shunter,,0,29561,0
Norki,,0,29555,0
Killua,,0,29549,0
Arkubi,,0,29541,0
Ehat,,0,29539,0
Zero,,0,29519,1
Zukra,,0,29512,0
Ezenborg,,0,29509,1
Tiger,,0,29433,0
Hirule,,0,19916,0
Dontalar,,13,19907,0
Etek,,0,19900,0
Drakie,,0,19897,0
Pigichang,,0,19892,0
Ojez,,0,19888,0
Ivebre,,0,19887,0
Orkid,,0,19885,0
Eshori,,0,19882,0
Schanna,,0,19879,0
Cukig,,0,19877,0
Synestra,,0,19876,0
Cehim,,0,19876,0
Nixer,,0,19876,0
Alirze,,0,19874,0
Scribbles,,0,19873,0
Zhaman,,0,19872,0
Smoke,,0,19871,0
Ashes,,0,19871,0
Ballz,,0,19867,0
Slash,,0,19866,0
Rise,,0,19864,0
Thunder,,0,19863,0
Eventasyo,,0,19863,0
Elese,,0,19863,0
Avreja,,0,19862,0
Tanakakorn,,0,19861,0
Katrinka,,0,19859,0
Tovi,,0,19858,0
Ejez,,0,19855,0
Ogutha,,0,19855,0
Gogo,,0,19854,0
Etejos,,0,19854,0
Coffee,,0,19852,0
Ideta,,0,19852,0
Tejerza,,0,19850,0
Lora,,0,19850,0
Johnywick,,0,19849,0
Ocos,,0,19848,1
Okabi,,0,19847,0
Innun,,0,19847,0
Ajacut,,0,19846,0
Ditud,,0,19846,0
Azori,,0,19845,0
Tukos,,0,19845,1
Glimmer,,0,19845,0
Sudeke,,0,19844,0
Ohoma,,0,19844,0
Orva,,0,19844,0
Sijum,,0,19843,0
Bosina,,0,19843,0
Okrotha,,0,19839,0
Motase,,0,19837,0
Vanonra,,0,19837,0
Ozuki,,0,19837,0
Nemi,,0,19836,0
Light,,0,19836,0
Dryprunes,,0,19836,0
Shear,,0,19835,0
Ethache,,0,19835,0
Zevrot,,0,19835,0
Tiruha,,0,19835,0
Adon,,0,19834,0
Hellraiser,,0,19832,0
Zobri,,0,19829,0
Kishug,,0,19829,0
Kira,,0,19828,0
Beezy,,0,19827,0
Acid,,0,19823,0
Olga,,0,19821,0
Harlekin,,0,19821,1
Volla,,0,19821,0
Ibrasa,,0,19820,0
Bubuka,,0,19819,0
Todok,,0,19814,0
Maul,,0,19814,0
Janre,,0,19813,0
Ikora,,0,19811,2
Enabi,,0,19808,0
Vayne,,0,19807,0
Imin,,0,19807,0
Zese,,0,19806,1
Hushut,,0,19804,0
Ullr,,0,19803,0
Anihuz,,0,19802,0
Hehehehe,,0,19802,1
Jullari,,0,19802,0
Vanna,,0,19802,0
Soulsnipe,,0,19799,0
Irguchi,,0,19799,1
Theodore,,0,19797,0
Alexgy,,0,19797,2
Ronne,,0,19797,0
Bond,,0,19797,0
Flaps,,0,19796,0
Gina,,0,19795,0
Stompin,,0,19795,0
Gurgoka,,0,19794,0
Eevee,,0,19793,0
Bilk,,0,19791,0
Gonoz,,0,19791,0
Iamgod,,0,19786,0
Athegun,,0,19786,0
Dianaaa,,0,19786,0
Efritha,,0,19784,0
Olok,,0,19782,0
Plays,,0,19782,0
Zotha,,0,19781,0
Aksh,,0,19781,1
Tifril,,0,19781,1
Hiram,,0,19780,0
Igesoz,,0,19779,2
Orim,,0,19778,0
Bobb,,0,19778,1
Woodie,,0,19776,0
Orcoge,,0,19774,0
Berkil,,0,19773,0
Etithit,,0,19770,0
Hiti,,0,19768,0
Venya,,0,19766,0
Surfer,,18,19766,0
Kacam,,0,19766,0
Linura,,0,19764,1
Ergos,,0,19764,0
Mecik,,0,19763,0
Baku,,0,19762,0
Orkucul,,0,19761,0
Kurolatmus,,0,19756,0
Athigrit,,0,19753,0
Imubed,,0,19752,2
Roronoa,,0,19751,1
Suka,,0,19751,0
Piypiy,,0,19750,0
Ibojos,,0,19750,0
Odnal,,0,19749,0
Tota,,0,19749,0
Boss,,0,19748,1
Ellara,,0,19748,0
Odao,,0,19747,2
Nmsl,,0,19746,0
Devikara,,0,19745,0
Oburdot,,0,19744,0
Pandora,,0,19744,0
Hilan,,0,19744,2
Kanone,,0,19743,0
Blondie,,0,19739,0
Surirze,,0,19733,0
Kuks,,0,19731,0
Ashos,,0,19730,0
Itut,,0,19729,0
Ruvi,,0,19729,0
Ehanrim,,0,19726,0
Goga,,0,19725,2
Adnidne,,0,19724,0
Ivan,,0,19722,0
Strobos,,0,19721,0
Mirze,,0,19721,0
Kunrini,,0,19720,0
Trrrr,,0,19717,0
Tuva,,0,19716,0
Coolkor,,0,19716,0
Sinani,,0,19707,0
Cili,,0,19706,1
Lufee,,0,19704,0
Jerry,,0,19702,2
Kayon,,0,19702,0
Yoontata,,0,19694,1
Cecin,,0,19692,3
Racut,,0,19692,0
Norcel,,0,19691,0
Ovun,,0,19690,0
Fenix,,0,19689,0
Major,,0,19689,1
Eventer,,0,19686,0
Raven,,0,19686,0
Emid,,0,19684,0
Lonre,,0,19680,0
Jalad,,0,19676,0
Huve,,0,19675,0
Jibe,,0,19674,1
Baka,,0,19674,0
Josi,,0,19672,0
Karla,,0,19672,0
Aviza,,0,19666,0
Boombox,,0,19658,0
Ande,,0,19650,0
Yottabits,,0,19647,1
Bore,,0,19646,2
Dana,,0,19644,0
Bridget,,0,19644,0
Ataz,,0,19637,3
Efreti,,0,19628,0
Gokeja,,0,19616,0
Hellum,,0,19604,0
Aroz,,0,19599,0
Sothe,,0,19593,0
Jovaz,,0,19590,2
Arashe,,0,19587,1
Carkethi,,0,19578,0
Hunterz,,0,19567,1
Dosha,,0,19555,0
Memoe,,0,19553,0
Duke,,0,19550,3
Obumoz,,0,19549,1
Karen,,0,19545,0
Popi,,0,19523,0
Agonruz,,0,19513,1
Buba,,0,19501,1
Agiz,,0,19493,1
Kitha,,0,19490,0
Musha,,0,19490,0
Isos,,0,19474,0
Filthy,,0,19468,0
Ralla,,0,19445,0
