Koreaabin,,1266,1169455,1
Chinamogu,,1365,1139449,2
Koreayman,,1347,1139430,1
Chinablue,,1275,1119504,1
Ptwsux,,1227,1109455,2
Koreacolen,,1232,1099535,1
Chinalong,,1070,1099512,1
Koreakong,,1126,1079480,3
Koreamoon,,932,1079414,0
Castani,,939,1069479,0
Laeralei,,883,1059557,0
Balderk,,937,1049550,0
Proxygold,,895,1049494,1
Koreazones,,930,1049484,5
Felmobdos,,913,1049464,2
Koreamir,,981,1049463,1
Tgodtime,,766,1049452,2
Koreaanpan,,1076,1039629,0
Koreaokok,,834,1039503,4
Eluk,,841,1039442,3
Chinamumu,,808,1039425,1
Chinadevil,,1079,1029510,1
Nunra,,920,1019463,2
Korean,,880,1019460,3
Kimbo,,922,1019456,4
Elonmusk,,794,1019451,3
Ethan,,867,1019427,2
Ovuge,,872,1019419,1
Jasi,,834,1009621,0
Chinahaha,,875,1009594,1
Chinasoul,,829,1009458,4
Dexy,,958,1009443,2
Notagain,,650,1009426,2
Zava,,801,1009403,4
Rivierakid,,857,999554,2
Umbradei,,899,999543,2
Koreacami,,755,999520,1
Xxxxx,,769,999502,1
Saphira,,922,989584,2
Efreg,,944,989581,1
Tenbird,,619,989555,0
Qingmo,,883,989536,2
Happy,,830,989517,2
Seba,,834,989502,0
Gettinit,,832,989490,1
Hoony,,918,989485,0
Killer,,822,989470,1
Koreaggun,,590,989423,2
Arion,,816,989411,3
Koreagaia,,831,989408,3
Koreatop,,635,989405,6
Koreaman,,769,979682,1
Mrrobot,,815,979583,4
Item,,685,979569,3
Saynoptw,,818,979508,3
Ordathi,,965,979490,3
Tamara,,822,979454,0
Shotgun,,488,979437,6
Koreano,,740,969587,0
Boomblast,,741,969523,1
Zatun,,689,969435,1
Marysue,,667,969434,1
Bountnoptw,,463,969434,0
Chinaaa,,957,959662,0
Koreaminju,,805,959653,2
Koreadream,,915,959643,4
Power,,950,959608,2
Sonja,,655,959584,4
Samuel,,578,959556,1
Saynoptw,,649,959475,1
Zero,,887,959471,6
Abci,,649,959440,0
Golddigger,,602,959439,1
Borke,,689,949642,2
Okokok,,712,949621,1
Korean,,806,949574,0
Koreajin,,614,949561,1
Inonol,,717,949518,0
Tianjie,,748,949513,2
Korealovee,,781,949506,2
Koreascv,,979,949504,5
Trufax,,609,949503,4
Edahi,,493,949480,1
Korbiscuit,,691,949478,1
Lucas,,576,949450,3
Axin,,672,949427,3
Giselle,,849,949408,3
Zulivarus,,960,939646,4
Goldballs,,751,939644,1
Saynoptw,,561,939627,0
Aktwo,,842,939584,1
Innite,,684,939575,0
Koreacpa,,829,939564,0
Nogemnoptv,,387,939543,0
Okemi,,502,939513,0
Koreagura,,579,939505,4
Zeratul,,552,939496,1
Odnita,,614,939482,8
Koreaproof,,767,939474,1
Therhana,,738,939461,5
Leona,,730,939446,0
Adoka,,507,939442,1
Ange,,717,939442,5
Chnboy,,847,929704,0
Koreahi,,623,929610,1
Pauline,,695,929605,1
Koreahyun,,684,929576,3
Majingis,,608,929569,0
Aery,,483,929567,2
Riosm,,529,929565,3
Chinassss,,787,929555,0
Chinachris,,748,929534,1
Korealim,,549,929528,2
Zozo,,542,929523,1
Faile,,429,929496,5
Jellobh,,499,929495,1
Mara,,472,929490,2
Chinaooxx,,668,929461,2
Nilla,,648,929450,2
Bigefra,,652,929442,1
Bellina,,644,919578,2
Ptwsax,,363,919570,0
Xoxo,,597,919556,0
Mobstep,,644,919542,1
Nctpk,,624,919528,0
Rachel,,426,919525,1
Chinaboy,,708,919518,2
Guve,,746,919493,4
Ohno,,667,919455,1
Koreaendo,,726,919454,3
Gulu,,840,919442,4
Kazuma,,811,919442,2
Kerivi,,447,919429,1
Koreahyun,,873,909768,0
Koreajin,,531,909741,0
Soge,,388,909735,0
Koreaujun,,572,909689,1
Koreawild,,811,909653,1
Koreacorea,,590,909650,0
Hucuta,,646,909642,0
Lineage,,477,909639,1
Kortess,,590,909626,0
Koreakist,,643,909592,4
Esid,,449,909577,2
Korean,,841,909565,4
Noshok,,414,909559,0
Koreagimo,,583,909548,6
Coki,,617,909520,0
Koreashin,,754,909495,3
Sini,,678,909480,12
Koreachloe,,464,909473,5
Headshot,,546,909419,3
Pluto,,505,899557,0
Cada,,407,899525,1
Geumnawara,,699,899522,0
Momo,,512,899515,2
Ptwsux,,584,899514,1
Rosha,,513,899500,2
Django,,412,899488,1
Vicky,,428,899467,1
Diknutz,,308,899461,6
Ruvrisi,,649,899444,1
Beli,,480,899440,1
Succoco,,607,899440,4
Aras,,526,899435,0
Mollut,,371,899432,4
Sebal,,648,899416,1
Alijah,,435,899403,3
Nilette,,748,889622,0
Ludvia,,772,889597,0
Rexxar,,760,889586,1
April,,464,889568,2
Deadshot,,712,889555,1
Nightflare,,724,889550,0
Ruyurate,,405,889539,0
Odrarka,,745,889534,1
Ercol,,668,889526,0
Ragem,,491,889509,1
Tera,,545,889507,2
Oreje,,296,889497,5
Orkal,,796,889494,6
Amauattie,,508,889479,2
Civut,,385,889457,0
Hahaza,,496,889456,3
Dibol,,489,889454,2
Hawkeye,,724,889450,1
Doki,,751,889440,3
Neformal,,702,889424,0
Freyja,,523,889421,2
Ambeckett,,683,889408,3
Noptwdron,,506,879721,0
Kanni,,737,879555,2
Jumok,,630,879536,3
Irzofril,,515,879523,5
Size,,544,879522,1
Star,,445,879512,2
Xssss,,733,879502,4
Fafhrd,,422,879469,1
Koreazzang,,634,879416,1
Rerin,,598,879406,0
Hell,,551,879405,8
Xiaov,,628,869534,2
Goldugger,,600,869515,3
Arietta,,621,869513,0
Saari,,449,869511,1
Lavima,,487,869511,3
Tizin,,318,869500,0
Rynn,,542,869500,1
Fallon,,684,869483,2
Precent,,610,869434,5
Saka,,490,869414,3
Chinafugu,,797,859744,0
Aramiss,,644,859688,1
Koreamoon,,510,859646,0
Koreacool,,609,859602,0
Kong,,371,859573,4
Xxxxx,,487,859572,3
Sethi,,610,859566,1
Corry,,614,859545,1
Koreazoz,,495,859543,1
Meha,,618,859537,2
Silvia,,481,859533,6
Tage,,580,859532,3
Kassia,,493,859523,1
Lucy,,589,859522,2
Eventgold,,490,859512,1
Zogite,,652,859509,0
Koreapang,,451,859489,1
Tatatata,,649,859476,4
Irgit,,311,859476,2
Hama,,282,859474,5
Oveg,,536,859457,2
Seven,,415,859414,3
Jini,,645,859406,1
Cookie,,335,859400,3
Ceritha,,477,849585,1
Pshooter,,553,849580,3
Ajehe,,513,849556,0
Chronic,,581,849546,1
Online,,442,849542,0
Sujaz,,431,849538,2
Luki,,347,849532,0
Midori,,404,849516,3
Lomi,,736,849514,1
Rilli,,524,849505,1
Ladod,,435,849499,0
Riza,,411,849491,0
Matrim,,420,849486,7
Grimer,,282,849479,2
Alexia,,474,849470,1
Koreajuss,,459,849470,7
Koreajo,,570,849469,3
Miza,,447,849463,2
Chinawang,,464,849460,0
Mkki,,810,849459,1
Gregor,,581,849455,3
Amunril,,411,849441,1
Honey,,571,849430,1
Joseph,,290,849427,1
Chrono,,421,849424,0
Gspark,,435,849418,4
Zibu,,328,849410,2
Nevut,,395,839569,1
Deleteme,,447,839562,3
Nasa,,355,839553,2
Allid,,405,839528,2
Aqua,,430,839524,0
Anna,,679,839520,2
Chinahn,,647,839519,7
Eshevem,,483,839511,6
Odak,,432,839508,1
Cchoza,,340,839501,0
Micham,,633,839485,2
Zuggy,,593,839460,4
Reaper,,641,839459,1
Atheena,,307,839458,7
Veta,,427,839450,0
Irges,,372,839445,1
Nisha,,655,839443,2
Ptah,,653,839417,1
Hukrut,,317,839409,5
Saynoptw,,504,839402,3
Zole,,573,829683,1
Ptwsux,,305,829664,1
Rustar,,441,829628,2
Mirage,,345,829624,3
Ogis,,372,829617,4
Amoka,,315,829605,0
Okros,,280,829596,2
Mista,,533,829564,3
Kirkavra,,334,829559,3
Rosesa,,346,829541,0
Rumacloud,,678,829538,1
Koreasun,,511,829536,0
Imunni,,326,829532,2
Gertrud,,452,829527,1
Koreaspo,,591,829522,1
Blackhole,,372,829514,1
Zeks,,235,829513,3
Othusa,,422,829472,3
Ceti,,427,829463,2
Hateptw,,521,829437,0
Obel,,617,829435,2
Arei,,449,829421,2
Coco,,454,819690,1
Silliest,,394,819648,0
Calixto,,442,819644,2
Deleteme,,231,819639,0
Ruma,,482,819634,0
Juleka,,372,819626,1
Ohiz,,450,819590,0
Crazy,,409,819586,0
Koreazusuz,,550,819586,4
Ecus,,522,819570,1
Nessuno,,291,819561,0
Arikk,,565,819554,2
Heavysnake,,625,819540,2
Daedue,,293,819537,0
Troxevent,,544,819535,6
Cabed,,477,819534,3
Aded,,552,819502,1
Xiaov,,542,819496,2
Vebidi,,493,819484,2
Arcan,,454,819479,6
Asege,,342,819465,0
Phxx,,412,819461,7
Seved,,408,819452,5
Gabrule,,216,819451,3
Boromir,,550,819421,0
Mimyoyo,,812,809848,0
Koreamesh,,693,809819,0
Soca,,426,809787,0
Koreanoopy,,470,809780,0
Dhunter,,582,809758,1
Senoz,,649,809752,0
Abos,,435,809730,1
Isol,,438,809718,0
Mite,,548,809671,3
Ithlyn,,611,809660,1
Vuci,,525,809659,3
Chinavip,,583,809655,1
Kira,,584,809648,1
Nolekri,,396,809647,1
Gadi,,327,809640,3
Koreagonie,,603,809620,1
Esham,,280,809608,2
Caha,,465,809608,0
Gunnici,,739,809605,1
Chaosgold,,473,809579,2
Zakil,,321,809574,1
Biggunz,,399,809569,3
Mara,,492,809543,2
Agrebi,,283,809537,0
Shadvess,,417,809523,1
Roke,,343,809514,0
Pupper,,365,809513,2
Chinajella,,743,809511,2
Bogrum,,552,809508,2
Tiji,,645,809505,4
Hada,,282,809489,1
Athodog,,475,809475,3
Cinnoki,,304,809458,6
Anbbinny,,370,809451,1
Fast,,295,809438,4
Valentine,,459,809405,0
Ollis,,568,799642,2
Shino,,350,799628,0
Koreaoomo,,360,799624,4
Solla,,621,799609,1
Doob,,591,799607,0
Natese,,356,799582,0
Domino,,297,799573,0
Biffles,,320,799572,0
Koreamagwi,,352,799561,3
Ezclap,,281,799557,0
Mcgraw,,326,799554,7
Bumbles,,663,799552,0
Chinatopu,,423,799551,2
Chinamay,,259,799551,2
Kudreshe,,263,799549,0
Gava,,325,799539,1
Evrurde,,459,799527,0
Oged,,423,799496,2
Kova,,285,799492,1
Vvvv,,523,799478,3
Darkgun,,209,799467,1
Reapercho,,298,799466,2
Zerg,,308,799459,3
Idnerke,,367,799428,5
Madagar,,475,799418,2
Chinamxj,,458,799410,0
Rustopptw,,585,789723,0
Giga,,726,789714,1
Giblet,,330,789677,0
Sleilaa,,401,789665,0
Sharmuta,,589,789657,1
Saynoptw,,373,789656,1
Bodni,,471,789656,0
Ruhehyache,,573,789655,1
Jtak,,279,789646,2
Ashahaz,,227,789644,1
Roachhuntr,,659,789636,2
Roznor,,393,789626,1
Ibrid,,398,789619,5
Sudekri,,331,789614,1
Rida,,400,789597,0
Tatut,,343,789596,1
Arcumam,,574,789587,0
Ololord,,503,789586,1
Busicha,,335,789562,3
Ladybug,,584,789560,1
Orzohe,,461,789555,5
Artez,,281,789540,1
Bujorzi,,460,789540,2
Vineria,,248,789521,4
Butchgold,,660,789520,2
Sirka,,367,789505,0
Voha,,467,789502,2
Koreaok,,522,789500,2
Adnoz,,516,789498,0
Souls,,351,789497,3
Dekrun,,352,789497,2
Vira,,325,789493,1
Geri,,483,789491,0
Tele,,274,789480,5
Ddagang,,211,789467,2
Rusnupi,,474,789467,0
Koreamiros,,344,789463,1
Orkin,,335,789462,1
Freya,,270,789456,0
Soth,,229,789444,1
Obos,,329,789432,3
Tovad,,547,789411,0
Korealee,,614,789409,2
Ovrudos,,423,789409,0
Golddigger,,489,779761,0
Blazingkid,,437,779694,1
Akrez,,287,779673,1
Kiki,,358,779633,1
Achitha,,402,779621,2
Esholat,,504,779614,1
Lufrit,,424,779610,2
Farinel,,451,779598,4
Maxzh,,489,779598,0
Koreazot,,348,779592,0
Talia,,456,779589,1
Naga,,396,779588,0
Roshebri,,554,779587,2
Anatol,,296,779578,0
Roll,,365,779575,0
Vuta,,274,779565,2
Putinvor,,292,779555,2
Zubithe,,363,779539,0
Beri,,427,779533,1
Gunfight,,253,779520,3
Koreatit,,360,779520,4
Recherz,,232,779518,0
Dumi,,292,779510,2
Revre,,459,779506,3
Judedri,,380,779494,1
Asspen,,321,779473,4
Yvong,,294,779469,2
Ehemug,,438,779467,0
Torria,,467,779467,1
Enoque,,450,779437,0
Vagra,,350,779427,4
Lojida,,391,779422,1
Wrecker,,260,779416,6
Evecan,,506,779413,3
Icehat,,520,779409,3
Timi,,255,769691,0
Hilafra,,529,769673,1
Agrad,,288,769662,1
Isinot,,518,769659,1
Vathorzi,,264,769658,0
Sipi,,275,769649,3
Hannah,,383,769634,2
Dishika,,352,769632,0
Splashdamg,,257,769612,1
Azarga,,542,769592,1
Nurdos,,278,769587,0
Jille,,472,769584,0
Squidward,,263,769578,0
Aphong,,245,769570,0
Hoha,,499,769570,4
Tofribre,,210,769559,2
Mimi,,320,769551,1
Kaze,,360,769548,0
Chigger,,388,769546,0
Gods,,408,769545,0
Joanna,,291,769539,2
Rusa,,265,769537,2
Bothi,,572,769537,2
Jokavri,,431,769531,3
Gena,,266,769527,5
Kachkarik,,308,769523,1
Roxane,,481,769504,2
Acer,,546,769502,1
Redshirt,,460,769501,2
Skywalker,,432,769491,2
Eldisa,,427,769472,0
Hotha,,357,769472,4
Ofrihet,,439,769464,1
Jorog,,366,769464,4
Evallaz,,396,769464,0
Deedee,,268,769461,3
Elarge,,282,769446,3
Qnfrk,,489,769437,2
Ivas,,185,769429,9
Tiga,,254,769416,3
Ecakra,,268,769413,6
Adabaz,,527,769413,0
Jiget,,416,769401,3
Koreahmh,,792,759840,0
Chinawei,,336,759791,0
Bishiba,,556,759791,0
Yersinia,,653,759787,1
Legacy,,474,759770,0
Koreanic,,369,759746,0
Gaves,,395,759745,0
Olan,,626,759729,0
Korealim,,543,759727,1
Jeren,,304,759722,0
Ebas,,238,759715,1
Surduz,,248,759708,3
Miroji,,407,759704,2
Medrezi,,529,759702,2
Enehi,,424,759692,0
Kallen,,377,759683,0
Gacud,,566,759682,2
Beji,,320,759677,3
Gigat,,411,759667,0
Ogiki,,528,759662,1
Edagen,,257,759659,1
Roralpain,,427,759657,0
Forme,,401,759656,0
Bovrinra,,588,759656,2
Lutha,,329,759655,1
Magi,,695,759652,2
Korea,,418,759652,1
Granis,,290,759645,2
Span,,292,759645,1
Bhunter,,488,759645,0
Longzg,,341,759643,2
Ivas,,621,759642,1
Cnsu,,531,759641,1
Slivercool,,371,759639,3
Sumubi,,291,759639,2
Hunter,,419,759636,0
Shoterfoot,,608,759635,1
Okiron,,344,759635,3
Turza,,408,759633,3
Roza,,464,759631,0
Missmess,,526,759624,1
Murze,,412,759621,5
Frodo,,341,759620,1
Evurtug,,622,759620,6
Zero,,521,759619,1
Djooo,,359,759619,5
Ocenanoptw,,475,759610,3
Swunghoon,,570,759607,5
Koreaandy,,330,759606,4
Kpop,,530,759603,2
Dernopska,,197,759601,0
Gukgold,,310,759601,1
Bacil,,483,759600,3
Babal,,251,759600,1
Goldylox,,623,759599,2
Morning,,302,759598,3
Zejom,,368,759596,2
Ikas,,329,759595,1
Rutvistik,,464,759594,3
Korearara,,373,759587,0
Ranelli,,351,759584,1
Emat,,379,759580,1
Lukas,,452,759578,1
Erzaz,,224,759576,0
Alil,,260,759574,0
Base,,376,759568,3
Egwin,,312,759567,1
Noji,,225,759565,2
Cijuli,,336,759565,1
Lele,,408,759563,0
Sunny,,253,759562,0
Koreart,,405,759559,2
Woops,,325,759556,1
Korea,,400,759553,2
Hebra,,513,759550,0
Snaipers,,272,759550,0
Proteus,,419,759549,2
Tornado,,563,759547,7
Zahe,,329,759544,0
Noga,,327,759543,0
Anna,,227,759534,0
Lyria,,373,759532,2
Zati,,436,759531,5
Ciriz,,252,759529,1
Calil,,229,759526,4
Koreanada,,390,759525,8
Show,,391,759523,3
Hodensack,,302,759516,3
Koreajina,,561,759515,3
Fortune,,320,759515,1
Enrek,,418,759514,0
Evangelion,,291,759507,0
Ordiros,,429,759507,3
Andithree,,271,759505,4
Vire,,412,759503,6
Koreamin,,272,759502,4
Vaha,,391,759501,1
Saynoptw,,348,759500,2
Gile,,525,759498,2
Halfdan,,387,759496,5
Jane,,241,759492,2
Kuka,,204,759491,1
Slonik,,317,759488,0
Nyvug,,402,759488,4
Sasi,,284,759479,4
Cash,,307,759479,0
Aerawen,,293,759478,2
Fluffytime,,322,759474,0
Nolli,,259,759465,2
Moguha,,246,759463,1
Temp,,375,759456,2
Hyooonmini,,234,759455,1
Nachtmahr,,370,759454,1
Futurama,,422,759453,3
Zlazena,,456,759452,3
Tulli,,303,759448,10
Obafre,,344,759438,4
Togame,,475,759437,1
Zara,,243,759431,0
Niba,,283,759430,4
Ozad,,333,759427,4
Mata,,174,759409,2
Erim,,265,759405,1
Mobel,,342,749604,1
Zercese,,530,749582,0
Irtoci,,496,749582,2
Flood,,276,749577,1
Terry,,276,749561,2
Ivrashuk,,190,749552,0
Walk,,398,749541,3
Ivez,,249,749541,0
Okas,,216,749531,1
Badul,,519,749531,4
Akozag,,271,749521,3
Thirdeeboy,,221,749509,1
Maddie,,485,749492,2
Itellet,,277,749487,3
Kovrubi,,433,749464,5
Sissi,,230,749458,6
Korgtbbbbb,,320,749454,1
Tujak,,400,749452,4
Efras,,237,749440,0
Rubrfspb,,449,749439,0
Sirija,,412,749438,2
Boss,,302,749437,3
Juicypuxxy,,187,749436,3
Orzal,,209,749419,1
Rashak,,464,749415,3
Dileras,,326,749411,1
Kowalia,,209,739669,0
Bothusa,,338,739654,5
Pasak,,286,739647,1
Lima,,223,739646,1
Hudnos,,442,739638,0
Rexx,,244,739636,0
Musubi,,297,739626,4
Masok,,764,739621,1
Nuse,,262,739612,0
Artoshe,,305,739609,2
Zeax,,187,739606,0
Kurut,,588,739606,1
Milla,,414,739603,2
Pooflinger,,464,739602,2
Olome,,568,739588,0
Avulez,,465,739586,2
Daimon,,380,739568,4
Yyue,,397,739566,4
Billdunn,,387,739565,3
Chita,,264,739556,1
Idoshes,,479,739554,0
Sehe,,280,739532,4
Elaka,,249,739531,0
Ziha,,327,739529,0
Romez,,229,739507,0
Kuvi,,346,739490,1
Ertig,,495,739480,0
Taipan,,333,739478,2
Ohra,,192,739469,1
Bahenol,,556,739464,2
Bota,,295,739460,0
Haki,,514,739446,4
Adrag,,439,739445,4
Arceba,,268,739439,3
Whankis,,341,739413,5
Yngerdryes,,340,729720,0
Ebuki,,352,729671,1
Cujo,,555,729651,2
Daisy,,445,729635,3
Chinababy,,304,729620,0
Mobega,,264,729603,1
Itut,,228,729589,2
Jesi,,211,729565,1
Otot,,311,729554,1
Rosa,,150,729548,0
Surcudna,,205,729546,1
Rorca,,309,729540,0
Winde,,218,729513,2
Rahab,,290,729472,3
Onoji,,204,729456,2
Vorkot,,290,729451,0
Susanna,,436,729448,7
Noki,,456,729431,3
Rojo,,528,729428,5
Queen,,306,729415,2
Seboli,,230,729413,4
Lirtase,,255,729407,7
Visi,,357,719654,1
Odrum,,493,719653,0
Riptiro,,223,719647,3
Hujek,,465,719600,1
Ikuse,,243,719599,0
Gida,,242,719595,1
Natalia,,245,719594,2
Yriksanin,,237,719593,2
Manie,,394,719589,1
Semol,,201,719567,1
Esoz,,247,719558,2
Ludi,,365,719558,5
Missjin,,400,719552,1
Cichot,,237,719536,1
Alod,,227,719533,1
Lesmat,,383,719523,0
Erag,,229,719519,0
Lysillru,,422,719517,3
Gracian,,410,719516,0
Huibii,,589,719515,0
Pingas,,444,719499,3
Ennik,,188,719481,4
Manya,,315,719481,7
Odrudnan,,239,719460,0
Situt,,511,719421,2
Koreamyung,,492,719420,7
Ghost,,408,719418,7
Qwerty,,393,719414,4
Jeka,,163,719409,1
Phuyl,,463,719406,7
Seventygo,,546,719402,1
Aaaaaaa,,276,709777,0
Slayer,,314,709777,2
Dude,,532,709770,0
Escanor,,311,709750,0
Vaze,,177,709713,0
Ctapywka,,635,709713,1
Reign,,604,709710,1
Ocare,,395,709699,0
Fireman,,530,709678,3
Zene,,423,709677,0
Moja,,380,709667,3
Igrali,,473,709665,0
Cojone,,315,709664,0
Ohosa,,300,709654,0
Aaaaaa,,369,709652,0
Iziti,,540,709644,1
Jahong,,348,709638,2
Anyeyi,,258,709629,1
Basek,,447,709612,1
Hena,,309,709608,2
Onris,,241,709606,1
Papazol,,236,709603,0
Nithial,,194,709600,4
Ethem,,187,709596,1
Qqak,,374,709595,3
Kayla,,318,709586,7
Rahesi,,273,709577,1
Hijax,,232,709561,4
Chinaduke,,487,709560,4
Mive,,328,709554,2
Umami,,261,709543,3
Tempo,,357,709541,3
Ptwsux,,312,709536,2
Tavi,,473,709535,1
Ruurishka,,535,709520,3
Akrinin,,309,709519,0
Robo,,559,709495,2
Hiji,,423,709485,6
Ddmband,,333,709463,6
Rushb,,445,709434,2
Nebrud,,206,709429,2
Rdyplyrone,,195,709416,4
Water,,494,699742,1
Kozorux,,169,699688,4
Athem,,317,699624,0
Surya,,416,699609,0
Ecuha,,289,699578,1
Eseba,,233,699567,0
Bhaal,,196,699559,1
Anonni,,268,699553,0
Hurose,,144,699542,1
Ruble,,387,699541,0
Duolity,,290,699540,2
Cnfish,,183,699532,0
Rumix,,546,699527,1
Zema,,277,699526,4
Hili,,220,699506,7
Flow,,236,699504,4
Otade,,344,699496,0
Odinni,,501,699495,0
Ertid,,518,699472,2
Shell,,174,699465,4
Rich,,247,699458,3
Vahili,,194,699457,1
Monila,,293,699438,3
Same,,157,699435,4
Halless,,452,699432,2
Moka,,131,699413,1
Danada,,313,699409,2
Tathela,,205,689708,0
Alkoy,,360,689653,2
Syder,,479,689650,0
Azul,,488,689649,0
Timel,,178,689645,0
Rulad,,451,689642,0
Banni,,187,689636,0
Koreaco,,603,689635,1
Jambello,,303,689634,1
Isortas,,255,689627,0
Gljone,,395,689618,0
Jovros,,239,689609,1
Kitaec,,297,689609,0
Gija,,376,689604,5
Gudruz,,376,689591,2
Lizitha,,193,689591,2
Sashesi,,247,689587,3
Zola,,475,689586,1
Mack,,408,689585,3
Ellennun,,358,689580,6
Waister,,213,689575,1
Toraktwo,,386,689569,0
Oshardez,,430,689552,0
Pistola,,171,689548,2
Chimera,,282,689547,0
Lowbob,,329,689536,2
Ceji,,387,689536,0
Hyuk,,347,689525,1
Alabi,,232,689521,3
Zouza,,190,689512,1
Idnidna,,313,689494,1
Murtak,,306,689489,0
Saynoptw,,471,689485,1
Altysya,,209,689473,1
Cahurge,,231,689465,1
Cakral,,386,689465,0
Sarti,,180,689461,0
Rufus,,473,689456,4
Bones,,215,689441,2
Kirra,,255,689440,0
Arkug,,212,689437,9
Kunam,,276,689417,1
Rusdima,,177,689414,0
Lucy,,189,689413,2
Tanya,,362,689407,3
Makrak,,231,689407,3
Bethirke,,174,679717,1
Mamosa,,316,679690,1
Sukid,,366,679642,2
Zila,,275,679627,0
Irzaz,,166,679619,2
Grimm,,151,679609,1
Sima,,411,679603,2
Sidnigri,,367,679573,0
Roci,,188,679567,6
Oshorcos,,378,679549,1
Cooper,,337,679526,1
Acit,,328,679525,5
Scelestic,,173,679495,3
Java,,345,679492,3
Donalli,,264,679482,0
Logreza,,297,679426,0
Homug,,413,669676,1
Abrok,,276,669666,0
Marichan,,321,669666,2
Gesi,,233,669625,0
Ramen,,417,669610,2
Znazzy,,296,669607,5
Honeycat,,223,669606,0
Gongzu,,195,669599,3
Pyzda,,217,669584,0
Limi,,445,669573,1
Edriz,,249,669570,5
Inanna,,448,669569,0
Imotul,,253,669544,7
Ollekrez,,321,669509,0
Sgill,,415,669507,1
Bonditto,,212,669499,2
Pistoleiro,,233,669497,0
Runotbw,,408,669496,0
Sadrara,,278,669495,3
Heman,,436,669416,1
Nocad,,237,669413,8
Gila,,153,669400,3
Ohuna,,451,659859,0
Eckbert,,174,659826,0
Chinaliu,,320,659817,2
Robin,,464,659815,0
Koreahuny,,391,659789,0
Athaci,,197,659787,2
Rurdog,,323,659775,0
Nexustemp,,206,659740,0
Umagumma,,406,659738,1
Deleteme,,268,659734,1
Gices,,337,659732,1
Koreahuha,,340,659718,0
Chongchong,,282,659713,1
Koreat,,312,659709,2
Sshhee,,483,659707,1
Quest,,246,659695,0
Buse,,367,659685,0
Ohazez,,230,659660,1
Anruk,,139,659659,2
Strannik,,545,659654,1
King,,192,659652,0
Tukri,,213,659642,0
Ryhu,,270,659639,0
Guildartz,,157,659620,0
Garthvader,,139,659618,3
Alutum,,128,659617,0
Cutypu,,446,659611,3
Zede,,337,659610,3
Ptwsuuxx,,237,659609,5
Cptstabby,,445,659606,0
Esoci,,202,659604,0
Edal,,318,659604,2
Ruverzila,,270,659602,2
Ruvex,,207,659590,1
Totoro,,446,659586,1
Elle,,329,659574,2
Nuced,,175,659573,0
Gete,,356,659562,2
Hunter,,538,659546,10
Halil,,208,659545,7
Edelli,,202,659543,2
Annez,,178,659533,0
Koreadybk,,332,659529,1
Mimida,,504,659528,3
Rugang,,296,659526,5
Titanis,,226,659525,6
Niti,,336,659525,3
Inina,,233,659496,2
Amudul,,367,659492,0
Devka,,442,659490,0
Sparks,,409,659448,1
Tibatiba,,358,659439,0
Gogi,,325,659436,2
Django,,277,659413,2
Benniz,,245,659408,8
Drizzt,,313,659406,1
Teideone,,137,659401,1
Black,,207,649613,2
Alucard,,234,649566,0
Omel,,141,649533,1
Taha,,187,649531,0
Alita,,331,649518,11
Duresha,,317,649493,4
Tali,,292,649474,0
Hatus,,185,649471,3
Jezzabel,,417,649460,2
Viga,,245,649456,1
Agrege,,171,649416,0
Jozi,,261,639820,1
Baxter,,441,639795,1
Jeces,,321,639767,0
Mothetha,,124,639739,0
Demonic,,426,639739,1
Girki,,361,639717,0
Yumeko,,157,639662,1
Jhunters,,408,639658,2
Maeo,,188,639637,1
Jele,,276,639634,1
Ashekri,,370,639633,0
Etel,,155,639627,2
Suthi,,353,639624,2
Venus,,267,639610,0
Sneeze,,218,639600,1
Edibil,,323,639566,0
Rocik,,234,639564,1
Erzom,,169,639563,5
Ekrivak,,148,639561,1
Katherine,,315,639547,3
Amik,,371,639541,2
Hehodi,,170,639535,2
Kimavi,,268,639532,0
Zukuve,,236,639526,3
Ihaz,,169,639515,7
Izuz,,283,639515,2
Corgi,,256,639501,0
Tasha,,250,639495,4
Hanji,,291,639487,5
Arianna,,183,639458,0
Zatha,,364,639435,2
Zoche,,220,629628,1
Qaaa,,271,629608,3
Cecok,,327,629591,1
Asirgi,,163,629584,0
Cestinidze,,193,629580,2
Callahan,,327,629578,1
Quencey,,183,629558,0
Riji,,177,629538,1
Avola,,335,629509,0
Valer,,183,629479,1
Sguardgun,,209,629478,1
Ginre,,250,629469,2
Tiri,,168,629414,8
Dragonel,,190,619747,0
Wildiin,,225,619739,4
Specshot,,358,619738,1
Wudijiba,,190,619712,4
Eres,,239,619695,4
Knatterina,,156,619676,0
Koreattma,,173,619672,0
Asheke,,413,619638,3
Docara,,150,619633,1
Ningning,,264,619611,1
Kogril,,195,619593,2
Lambchop,,98,619580,3
Ryuunuske,,270,619578,0
Theral,,143,619545,1
Nirem,,168,619543,1
Ohya,,258,619535,5
Illoz,,349,619532,0
Barzuk,,185,619504,4
Zuzia,,428,619499,1
Igijoz,,278,619489,2
Agadit,,446,619461,3
Obrarom,,277,619455,1
Durtel,,243,619423,1
Koreayeoro,,276,609850,1
Tessa,,304,609802,1
Lesuri,,215,609782,0
Skadi,,204,609762,0
Namsan,,453,609760,0
Nakud,,406,609756,0
Mrfister,,258,609747,0
Rodni,,130,609733,1
Chinacass,,279,609732,1
Anrokrez,,280,609728,0
Cagushe,,362,609723,2
Asol,,205,609718,2
Tial,,326,609716,0
Tryptamine,,352,609713,2
Izurin,,237,609713,0
Esut,,118,609709,2
Roron,,205,609707,1
Koreayoon,,167,609697,0
Gornathan,,329,609693,0
Calamity,,118,609693,0
Andira,,410,609690,0
Ariee,,350,609689,0
Ashanna,,295,609689,0
Torati,,234,609681,0
Evezia,,389,609673,0
Numeight,,315,609670,2
Arondit,,225,609663,0
Mabis,,274,609654,2
Beatrix,,391,609646,0
Bovoza,,226,609636,1
Kontest,,129,609632,0
Razor,,298,609629,0
Arggg,,113,609626,0
Aspiration,,398,609624,0
Tumima,,235,609620,2
Kudzula,,388,609618,0
Freeman,,219,609607,0
Zuul,,436,609605,3
Sneee,,310,609590,0
Lezyaj,,153,609583,1
Madlax,,280,609570,2
Gotit,,188,609565,0
Artovi,,164,609563,3
Zice,,262,609557,2
Kuruha,,203,609556,2
Vikremi,,281,609556,0
Vihek,,276,609544,2
Libis,,319,609544,2
Lovi,,238,609540,0
Enos,,245,609526,0
Koreaheal,,117,609520,9
Koton,,156,609519,6
Dami,,347,609518,0
Irun,,239,609517,1
Nefriz,,149,609510,1
Tomdraco,,319,609500,3
Vaca,,190,609497,1
Young,,154,609496,0
Julia,,90,609490,5
Gavin,,158,609487,2
Thiago,,235,609463,0
Akriz,,277,609462,3
Reeper,,183,609440,1
Gillem,,407,609438,6
Bungbu,,186,609424,0
Johnwick,,164,609407,3
Aaaaa,,222,609400,2
Econa,,324,599724,2
Okuke,,339,599669,0
Koreasu,,289,599629,3
Jazz,,148,599586,1
Ping,,237,599583,2
Cipa,,110,599581,1
Kardad,,238,599556,0
Arwen,,129,599513,1
Ilam,,149,599504,1
Bulletbewb,,324,599477,0
Goldenboy,,274,589755,1
Dodi,,135,589714,3
Cunne,,155,589712,1
Bebag,,321,589707,0
Oshoron,,124,589671,1
Sede,,202,589667,1
Koreaollaz,,199,589666,0
Irtama,,166,589661,1
Edeli,,257,589614,0
Weed,,120,589610,2
Zavele,,367,589609,0
Somehow,,240,589607,0
Tulla,,202,589602,0
Birca,,176,589599,0
Zesha,,160,589589,1
Gangsta,,245,589588,1
Iredna,,104,589580,0
Icholi,,176,589551,1
Moran,,101,589519,3
Gugguli,,154,589508,1
Sili,,324,589500,0
Ilubros,,210,589487,2
Yunuminbba,,368,589427,1
Aden,,151,589419,13
Nina,,198,589403,0
Gerdesha,,85,579683,2
Loki,,115,579681,3
Matuvi,,167,579655,0
Bardo,,345,579636,0
Vixen,,251,579624,0
Abrorte,,97,579619,0
Abut,,220,579616,1
Alim,,83,579601,0
Ceery,,351,579583,1
Nexi,,245,579544,2
Camz,,221,579538,6
Obrurdod,,363,579459,2
Omonam,,59,569700,0
Vothure,,52,569683,1
Pidaras,,203,569629,0
Agreg,,168,569583,1
Tavruci,,214,569559,0
Heri,,258,569553,0
Postrel,,88,569550,7
Oget,,200,569480,2
Salor,,366,569414,3
Maji,,243,559837,1
Yallcheat,,183,559826,0
Jinny,,205,559797,0
Vucha,,128,559743,1
Fendor,,369,559731,0
Ivruli,,250,559717,0
Acaz,,286,559714,0
Nadnet,,101,559699,0
Ashley,,182,559695,0
Tisi,,195,559674,1
Izusha,,133,559663,2
Sevra,,198,559663,0
Jite,,133,559651,1
Dave,,320,559637,0
Cuze,,130,559630,0
Magrom,,302,559615,3
Rusmag,,264,559593,1
Cagas,,287,559584,0
Jora,,329,559577,0
Athora,,291,559572,0
Cuten,,77,559539,2
Deftwulf,,300,559503,0
Zollefre,,274,559474,2
Yodysseus,,407,559429,1
Ivon,,100,549597,1
Mizeke,,138,549574,0
Mambajack,,32,539787,0
Ozoga,,107,539748,0
Legolas,,32,539684,6
Vikan,,104,539679,3
Jojo,,255,539664,0
Bara,,272,539654,0
Xenoflux,,183,539627,0
Ekravi,,246,539584,0
Juthut,,146,539573,1
Tune,,151,539565,0
Ruzend,,277,539557,0
Blaah,,158,539553,1
Rexan,,180,539498,2
Jina,,326,529719,0
Narudae,,70,529661,0
Rigos,,127,529608,6
Hadrin,,48,529479,2
Hofrek,,55,519723,0
Rayga,,101,519701,1
Etarge,,67,519692,1
Uselessp,,144,519667,4
Kanrite,,229,519655,0
Efruz,,157,519596,2
Carina,,98,519594,0
Reaper,,246,519590,0
Laura,,113,509802,0
Lilith,,290,509780,0
Eretria,,163,509777,2
Gasace,,185,509777,0
Hunter,,282,509775,0
Alan,,67,509772,0
Isothuz,,182,509728,0
Zushom,,77,509725,0
Jithunne,,264,509696,1
Ojosi,,88,509685,1
Irkemet,,319,509643,0
Kerdol,,128,509639,0
Neza,,134,509629,0
Txurri,,70,509620,0
Lordal,,142,509609,1
Kira,,224,509406,4
Sherwin,,191,499704,0
Zodrara,,78,499566,0
Fury,,271,499427,0
Chatta,,162,489724,1
Koreashine,,170,489719,0
Karili,,111,489684,0
Ribreli,,242,489555,2
Athenud,,49,469700,0
Cabine,,53,469696,6
Mobico,,144,469651,2
Annelyn,,75,469640,0
Gela,,84,469577,1
Buce,,343,459862,0
Vithi,,40,459824,0
Koreanitha,,294,459814,0
Todrul,,83,459795,0
Robak,,137,459742,0
Silver,,268,459732,0
Zanad,,120,459730,0
Athubrem,,84,459700,0
Kune,,144,459686,0
Zuge,,123,459664,0
Nirova,,250,459606,1
Orcorum,,70,459594,0
Coguk,,38,449754,0
Arul,,150,449495,1
Krysnik,,82,439816,0
Severine,,44,439773,0
Turzel,,83,429611,1
Erzot,,62,419548,1
Adruna,,285,409864,0
Ladydie,,270,409773,2
Lachugre,,62,409750,0
Helga,,75,409693,0
Swift,,154,409608,0
Dore,,101,389608,6
Idasa,,62,379769,0
Limon,,137,369676,2
Sarki,,118,369608,1
Suzom,,99,359842,0
Biubiubiu,,131,339807,0
Ezra,,198,339668,3
Koreanelf,,16,329829,0
Ojbk,,105,309837,0
Trigger,,77,309810,0
Egal,,0,269812,0
Bighead,,0,249744,0
Percyj,,26,239905,0
Darete,,94,239831,0
Abek,,0,219826,1
Kacog,,15,209889,0
Icharge,,0,199863,0
Jere,,0,179718,1
Cisot,,3,169805,1
Oohashiny,,64,159803,0
Code,,0,149731,1
Exodia,,0,139885,0
Taron,,0,129810,0
Vareha,,0,129747,0
Willousor,,0,109869,0
Halligalli,,0,109805,0
Asen,,0,109688,2
Minatzu,,0,99881,0
Hele,,0,99798,2
Ivuk,,0,89893,0
Shibuya,,0,89854,0
Nitemarez,,0,89841,0
Hurgene,,0,89830,3
Shooter,,0,89828,0
Ecurgid,,0,89785,0
Copy,,0,89739,0
Dada,,0,79839,1
Higgins,,0,79816,1
Lidon,,0,79797,0
Ynlee,,0,79705,2
Ohizi,,0,79685,2
Nurtiva,,0,79465,4
Mackitis,,0,69892,0
Besatha,,0,69884,0
Goruk,,0,69884,0
Athas,,0,69878,0
Goldhunter,,0,69867,0
Zurog,,0,69865,0
Gesheza,,0,69847,0
Arkogri,,0,69824,0
Rubeelnik,,0,69769,1
Turniej,,0,69731,0
Sothabi,,0,69723,0
Tirdili,,0,69668,2
Sututi,,0,69644,0
Mardi,,0,69628,1
Aruz,,0,69603,1
Erdol,,0,69581,3
Lulle,,0,69493,0
Koreatwo,,0,59878,0
Sylens,,0,59872,0
Selena,,0,59867,0
Rusi,,0,59867,0
Juvirca,,0,59864,0
Jenny,,0,59860,0
Mojil,,0,59855,0
Zasha,,0,59849,0
Lala,,0,59848,0
Jobat,,0,59831,0
Omacow,,0,59828,0
Chinaese,,0,59826,0
Rukal,,0,59800,1
Gopodeva,,0,59737,0
Nonna,,0,59698,2
Amadeu,,0,59629,0
Daemo,,0,49852,0
Hesychia,,0,49843,0
Vacuna,,0,49783,0
Boltar,,0,49779,0
Koreawoo,,0,49759,0
Athina,,0,49758,0
Fate,,0,39874,0
Kisi,,0,39871,0
Woods,,0,39855,0
Eshane,,0,39853,0
Jazz,,0,39852,0
Tocan,,0,39849,0
Isen,,0,39843,0
Toperka,,0,39839,0
Palamicia,,0,39834,0
Kiltrion,,0,39830,0
Vome,,0,39822,1
Ging,,0,39757,0
Sequoia,,0,39757,0
Vuthe,,0,39747,1
Iterun,,0,39700,1
Othekreg,,0,39682,0
Sparrow,,0,39663,0
Tunderfire,,0,29834,0
Ortuz,,0,29709,0
Kitha,,0,29709,0
Kanole,,0,29696,0
Ageda,,0,29690,0
Tarki,,0,29676,0
Zdelte,,0,29630,0
Ivrag,,0,29620,0
Ruptwsux,,0,19883,0
Ritum,,0,19831,0
Caba,,0,19825,0
Ererda,,0,19813,0
Ethaz,,0,19801,0
Dumyoung,,0,19795,0
Gina,,0,19790,0
Zunjoe,,0,19787,0
Amira,,0,19782,0
Ibolle,,0,19782,0
Event,,0,19781,0
Ranra,,0,19779,0
Farm,,0,19771,0
Koreaonew,,0,19626,0
Zobot,,0,19617,0
Azlucky,,0,19606,0
Neka,,0,19465,0
