Chinalbqs,,1903,70,143,543,0
Chinalong,,1611,70,140,536,3
Koreanjob,,1701,70,138,520,1
Korbiscuit,,1524,70,136,586,1
Adocmi,,1787,70,135,423,2
Xanthya,,1484,70,135,445,1
Chinalost,,1664,70,135,491,0
Sanctum,,1458,70,135,540,2
Sauzer,,1332,70,135,563,2
Chinarosy,,1603,69.89,135,589,1
Lagrange,,1510,70,134,558,3
Nerfmeplz,,1550,70,133,495,0
Regalia,,1545,70,133,524,0
Schinken,,1527,70,133,593,0
Aqua,,1205,70,132,591,1
Nancy,,1350,70,131,525,1
Orion,,1320,70,131,560,1
Chinaqun,,1473,70,131,579,2
Chinaqm,,1435,70,130,444,2
Blueluck,,1577,70,130,493,2
Croon,,1345,70,130,538,4
Odnin,,1345,70,129,570,1
Koreatiger,,1295,70,128,436,1
Koreakang,,1237,70,128,586,2
Erza,,1195,70,127,510,0
Koreakorea,,1196,70,127,524,3
Jeffrey,,1333,70,127,580,1
Hode,,1243,70,126,520,0
Celle,,1236,70,126,524,4
Chewie,,1067,70,126,599,2
Chinaz,,1134,70,125,356,1
Leonora,,1197,70,125,363,0
Vichol,,1284,70,125,379,0
Ashinnak,,1186,70,125,488,2
Fendy,,1289,70,125,548,1
Korbiscuit,,1038,70,124,537,0
Janthemage,,1224,70,124,588,2
Matac,,1229,70,124,589,2
Chinalan,,1175,70,123,460,2
Lenoranb,,1303,70,123,468,2
Galadriel,,1262,70,123,489,4
Holden,,866,70,123,563,6
Kelaza,,1077,70,123,572,3
Cnooo,,1002,70,123,574,2
Zappel,,1075,70,122,420,2
Kavrardi,,1213,70,122,420,1
Chinache,,1542,70,122,439,0
Zuriel,,1009,70,122,522,0
Arteros,,1044,70,122,549,4
Sori,,1076,70,122,555,6
Baferd,,1104,70,122,585,4
Koreasnow,,947,70,121,465,1
Akua,,1088,70,121,550,3
Onnazi,,846,70,121,551,2
Darklord,,1127,70,121,553,3
Neomond,,1164,70,121,598,3
Chinared,,1179,70,120,375,0
Emir,,1146,70,120,384,0
Chfzo,,1084,70,120,402,2
Zitha,,993,70,120,410,1
Rommedahl,,1184,70,120,415,4
Chinaufo,,1185,70,120,420,0
Blizzy,,931,69.89,120,426,0
Sephiroth,,1142,70,120,436,2
Koreahyun,,1312,70,120,441,2
Chinajun,,1093,70,120,449,0
Jarbin,,958,70,120,486,6
Degrohi,,813,70,120,522,0
Nimiral,,941,70,120,523,3
Chaah,,979,70,120,523,2
Frosty,,887,70,119,470,0
Jack,,1128,70,119,500,0
Ruzarip,,1041,70,119,521,1
Wind,,840,70,119,526,0
Watercloud,,973,70,119,526,5
Rjing,,954,70,119,530,2
Ambeckett,,933,70,119,545,0
Chinaj,,1171,70,119,563,3
Koreagold,,906,70,119,570,2
Livi,,858,70,119,584,3
Chinamz,,919,70,119,588,1
Mmbah,,716,70,118,448,0
Immy,,1110,70,118,484,0
Blot,,788,70,118,490,0
Chinakkkq,,1223,70,118,492,1
Korealin,,1183,70,118,492,7
Ebiz,,1118,70,118,537,3
Ttmm,,962,70,118,542,2
Crick,,748,70,118,549,0
Sula,,934,70,117,394,0
Koreamina,,1153,70,117,418,1
Amelia,,1143,70,117,452,1
Koreajuni,,1093,70,117,480,3
Joel,,883,70,117,497,2
Korzero,,1201,70,117,510,3
Twfacaiman,,726,70,117,525,4
Khadgar,,1025,70,117,566,5
Shenxian,,1108,70,116,413,1
Evranna,,983,70,116,435,1
Herd,,1010,70,116,454,0
Donuts,,1004,70,116,473,2
Koreamyst,,824,70,116,485,2
Pondiii,,971,70,116,504,3
Althea,,1109,70,116,509,1
Athena,,704,70,116,548,1
Xihe,,819,70,116,577,0
Iskorka,,856,70,116,587,11
Boomer,,565,70,116,588,7
Ovaga,,1171,70,115,350,0
Chinaup,,1126,70,115,370,0
Zooo,,956,70,115,389,0
Terana,,797,70,115,401,2
Garlic,,1240,70,115,425,5
Ivanvodka,,645,70,115,428,0
Hmxi,,1074,70,115,444,0
Joker,,944,70,115,456,3
Athena,,1213,70,115,457,2
Narff,,1064,70,115,458,4
Gojuz,,721,70,115,458,2
Koreaseop,,1052,70,115,477,6
Iiii,,913,70,115,477,0
Miakamagic,,772,70,115,480,3
Koreaendo,,1157,70,115,552,1
Nethila,,797,70,115,559,8
Lolaki,,654,70,114,396,1
Korearctic,,878,70,114,486,1
Koreaplus,,1003,70,114,574,0
Vivian,,894,70,114,579,4
Korealove,,819,70,114,582,3
Anna,,801,69.33,113,424,0
Chinamagic,,772,70,113,428,0
Naeta,,882,70,113,442,1
Rubot,,923,70,113,491,1
Mikello,,936,70,113,510,5
Speedbeppo,,858,70,113,519,4
Koreaehsab,,829,70,113,534,3
Vevra,,858,70,113,535,2
Arcannes,,951,70,113,540,4
Jessy,,1066,70,113,554,3
Miwa,,948,70,113,561,2
Tiffa,,366,70,113,569,0
Orcim,,1090,70,112,391,3
Thorad,,1044,70,112,391,0
Cesil,,843,70,112,441,1
Ancientace,,1152,70,112,442,2
Ellude,,799,70,112,452,1
Dobradupa,,830,70,112,468,1
Korea,,905,70,112,478,1
Elli,,816,70,112,510,0
Oveha,,517,70,112,513,1
Alfvie,,481,70,112,518,5
Terut,,950,70,112,525,3
Hera,,907,70,112,526,3
Hika,,836,70,112,527,3
Athom,,933,70,112,553,4
Docom,,686,70,112,563,0
Koreaoops,,950,70,112,574,5
Rudyx,,790,69.22,112,588,9
Cohakra,,446,70,112,593,3
Arot,,666,70,111,448,1
Golgota,,1001,70,111,503,0
Ojigra,,634,69.44,111,579,3
Ocon,,1025,70,110,281,3
Notouch,,1026,70,110,354,0
Joji,,973,70,110,373,0
Chronic,,733,70,110,385,4
Mobstep,,872,70,110,396,1
Koreagugu,,739,70,110,397,2
Chinah,,1067,70,110,405,2
Bulbdoeink,,971,70,110,412,5
Koreasunny,,884,70,110,428,1
Koreabong,,561,70,110,429,0
Jawa,,544,70,110,442,0
Hangege,,1034,70,110,450,0
Iirenaa,,765,70,110,468,0
Flame,,1062,70,110,475,4
Tolota,,852,70,110,485,1
Xibalba,,786,70,110,485,0
Dragon,,554,70,110,493,4
Zibu,,676,69.78,110,544,0
Gosaka,,964,70,110,593,7
Pokenslash,,616,70,109,361,4
Koreahoo,,872,70,109,394,0
Nennel,,997,70,109,401,2
Koreajsw,,908,70,109,439,3
Tidus,,932,70,109,448,2
Korshoong,,921,70,109,482,2
Cyko,,791,70,109,484,1
Jaguar,,1009,70,109,490,2
Cnhiba,,680,70,109,492,0
Koreanuna,,909,70,109,499,1
Ramirus,,565,70,109,499,2
Divinely,,688,70,109,500,2
Hennevra,,709,70,109,513,0
Ribi,,946,70,109,523,1
Tesha,,913,70,109,526,4
Freya,,645,70,109,526,2
Kgfrost,,982,70,109,529,0
Specialist,,729,70,109,534,4
Ruuuuze,,556,70,109,536,0
Noizy,,514,70,109,545,1
Miro,,920,70,109,554,5
Rivi,,626,70,109,588,2
Izunna,,701,70,109,593,2
Chinagg,,1013,70,108,386,1
Craiger,,562,70,108,405,1
Wjchoi,,1085,70,108,416,2
Cakribi,,610,70,108,422,0
Stella,,557,70,108,430,0
Pinoykiddo,,773,70,108,435,0
Jeza,,498,70,108,447,2
Bakrik,,933,70,108,450,1
Lali,,641,70,108,453,1
Neze,,955,70,108,456,4
Xandraxm,,715,70,108,471,1
Nanobreath,,606,70,108,477,1
Zhenmeizhe,,885,70,108,487,1
Zggood,,746,70,108,493,1
Magalinda,,592,70,108,496,1
Teshon,,469,70,108,502,2
Balztastic,,938,70,108,512,2
Koreamasho,,738,70,108,524,1
Adnis,,776,70,108,529,0
Deznutz,,700,70,108,533,0
King,,827,70,108,534,1
Lancetoon,,840,70,108,537,4
Talrasha,,828,69.78,108,551,3
Hebe,,810,70,108,557,4
Madafaka,,497,70,108,558,2
Bavaria,,764,70,108,564,1
Irkus,,732,70,108,580,1
Solution,,858,69.33,107,315,1
Topdog,,733,69.11,107,375,2
Korealim,,840,70,107,381,0
Wuchipasa,,598,70,107,382,0
Billel,,837,70,107,390,1
Kordiablo,,856,70,107,399,2
Hanju,,1003,70,107,404,6
Athel,,498,70,107,413,1
Echutem,,812,70,107,461,0
Rodna,,751,70,107,486,0
Orege,,739,70,107,489,4
Larta,,549,70,107,497,2
Esejit,,646,70,107,511,0
Alal,,725,70,107,514,6
Cooly,,797,69.78,107,514,5
Osaz,,930,70,107,542,5
Vuni,,522,70,107,546,1
Nihid,,820,70,107,546,1
Abcde,,581,70,107,570,1
Edurzi,,959,70,107,582,5
Irod,,1061,70,106,414,5
Helado,,860,70,106,431,0
Fungusnuts,,406,70,106,434,1
Kimhm,,580,70,106,434,6
Jisi,,924,70,106,443,2
Rukre,,748,70,106,444,0
Etsep,,791,70,106,469,0
Voloshi,,1025,70,106,476,3
Erzathad,,465,69.56,106,500,3
Legenda,,510,70,106,519,0
Quwum,,523,70,106,528,0
Shagren,,769,70,106,534,4
Korea,,817,70,106,539,3
Rivi,,878,70,106,586,4
Bena,,884,70,106,587,9
Chinav,,1101,70,105,270,1
Arzoral,,1002,70,105,277,0
Koreasch,,869,70,105,295,0
Toombs,,785,70,105,313,0
Siris,,874,70,105,331,2
Vietnam,,991,70,105,347,0
Roke,,481,70,105,347,0
Sathena,,695,70,105,350,0
Northkorea,,711,70,105,356,0
Phenomenon,,710,66.67,105,380,0
Rwua,,926,70,105,386,0
Thea,,506,70,105,401,1
Farinel,,495,70,105,402,0
Koreahebo,,823,70,105,402,2
Vacoo,,951,70,105,406,4
Koreadof,,872,70,105,426,2
Kael,,710,70,105,428,0
Bwizard,,705,70,105,429,0
Simi,,535,70,105,442,5
Abdullah,,453,70,105,455,0
Kiziz,,498,69.33,105,465,5
Poopetta,,835,70,105,468,0
Sethis,,573,70,105,471,1
Trude,,625,70,105,477,0
Skfarm,,871,70,105,485,1
Tubrez,,857,70,105,486,3
Ivune,,577,70,105,488,4
Logar,,784,70,105,509,5
Peepy,,464,70,105,522,3
Zima,,388,69.33,105,528,0
Broomie,,480,70,105,535,2
Janja,,821,70,105,549,6
Caka,,635,70,105,554,0
Savi,,905,70,105,559,2
Chinaqy,,801,70,104,376,1
Rahmek,,482,69.89,104,385,0
Azoew,,765,70,104,431,2
Ruel,,1051,70,104,476,3
Wannasleep,,528,70,104,492,0
Cekredi,,659,70,104,503,2
Stella,,723,70,104,509,1
Acidjunkie,,920,70,104,509,2
Anbthree,,604,70,104,515,4
Anbwispy,,876,70,104,526,0
Oban,,507,70,104,536,0
Nollabi,,398,70,104,545,1
Moooredmg,,484,70,104,558,0
Tahnkteemo,,518,70,104,560,0
Amaz,,866,70,104,560,1
Orel,,566,70,104,561,2
Otochi,,625,70,104,571,6
Erzuz,,856,70,104,581,1
Booba,,885,70,104,585,2
Soso,,708,70,104,593,4
Jacki,,590,70,104,597,1
Herta,,765,70,103,396,1
Vjvy,,764,70,103,401,0
Krpeach,,900,70,103,443,0
Enuk,,820,70,103,466,1
Dullomi,,931,70,103,487,1
Kirom,,475,70,103,501,3
Ephemeral,,701,70,103,504,6
Mennori,,595,69.78,103,511,0
Misszero,,455,70,103,513,3
Coco,,874,70,103,518,1
Suminy,,537,70,103,530,0
Rathe,,809,70,103,546,7
Jurosik,,406,70,103,557,0
Eciz,,548,70,103,557,0
Sibi,,426,68.56,103,558,1
Mordi,,402,70,103,564,0
Izin,,540,70,103,571,1
Ituca,,341,69.44,103,581,0
Korealoves,,831,70,103,598,7
Osig,,761,70,102,399,1
Krapeach,,466,70,102,400,0
Zima,,774,70,102,419,2
Lullaby,,738,70,102,433,4
Sebastian,,605,70,102,452,2
Buuuud,,684,70,102,452,1
Wesdes,,480,70,102,459,1
Burn,,728,70,102,478,4
Bituha,,850,70,102,480,8
Koreanikig,,583,70,102,503,1
Burgos,,791,70,102,505,3
Sufrorda,,669,70,102,536,2
Inon,,749,70,102,544,3
Vuki,,679,70,102,545,9
Cjmin,,759,70,102,548,4
Nini,,704,70,102,554,0
Edwardion,,640,70,102,597,10
Doomsday,,691,70,101,323,3
Nirva,,412,70,101,356,2
Vanda,,470,70,101,376,2
Canha,,632,70,101,381,5
Izus,,665,70,101,404,2
Chinayjh,,898,70,101,410,0
Osunre,,441,70,101,440,2
Zirka,,492,70,101,448,1
Pupper,,643,70,101,450,2
Mesha,,684,70,101,453,5
Sonny,,424,70,101,458,3
Zeras,,848,70,101,473,2
Korealove,,664,70,101,487,6
Zergy,,872,70,101,491,3
Sheikie,,701,70,101,492,3
Ryslata,,699,70,101,494,2
Onol,,774,70,101,497,5
Ovilla,,642,70,101,507,5
Bikra,,659,70,101,510,0
Magda,,488,70,101,519,1
Noob,,781,70,101,519,2
Mage,,825,70,101,519,7
Avodel,,724,70,101,524,0
Aries,,399,70,101,531,3
Happ,,779,68,101,536,3
Raheka,,420,70,101,548,3
Raistlin,,517,70,101,562,9
Myra,,597,70,101,586,1
Icem,,784,70,101,592,7
Eiskalt,,536,70,101,594,1
Rimum,,411,70,101,596,7
Chinamao,,1006,70,100,132,0
Kufran,,817,69.33,100,251,1
Rini,,658,70,100,257,0
Koreanana,,844,70,100,285,0
Koreatufan,,774,70,100,289,1
Chinared,,569,68.89,100,290,0
Kinre,,374,70,100,295,2
Ithina,,420,70,100,308,1
Phoenix,,767,70,100,315,1
Guhanyang,,486,70,100,316,0
Riga,,1037,70,100,318,2
Chinazzz,,658,70,100,318,0
Allot,,968,70,100,320,2
Othudon,,628,70,100,324,4
Boosta,,802,70,100,324,3
Koreatight,,649,70,100,329,0
Phxxx,,704,70,100,334,0
Spamilton,,539,70,100,344,0
Tigerlion,,689,68.56,100,347,1
Bgdd,,815,70,100,350,0
Erceshi,,455,69.89,100,351,0
Achives,,638,70,100,353,2
Chinalong,,800,70,100,354,0
Crazyhorse,,483,68.89,100,356,0
Rugrib,,422,70,100,358,1
Karas,,779,70,100,363,0
Jotgga,,636,70,100,369,0
Beta,,976,70,100,375,2
Adelka,,615,70,100,375,0
Osoviz,,353,70,100,377,0
Emara,,785,70,100,379,0
Rocom,,946,70,100,379,0
Chinaqun,,701,70,100,380,0
Bayez,,584,70,100,381,2
Lana,,522,70,100,398,0
Mindblast,,397,64.44,100,401,0
Adugi,,398,70,100,402,0
Bucul,,627,70,100,404,0
Acas,,354,70,100,423,3
Lini,,878,70,100,425,2
Ruturian,,654,70,100,435,3
Babytata,,575,70,100,438,2
Samnam,,358,70,100,438,2
Alan,,568,70,100,438,6
Temat,,597,70,100,439,0
Itethos,,883,68.11,100,440,3
Love,,524,70,100,441,8
Ihavrel,,339,70,100,444,2
Hibaby,,558,70,100,450,0
Divrom,,346,69.22,100,456,3
Phaedra,,564,70,100,457,3
Bodecia,,561,70,100,457,1
Chinaz,,658,69.78,100,458,4
Piaoxue,,533,70,100,461,2
Igas,,847,70,100,461,2
Chinaz,,460,70,100,462,6
Kenzi,,600,70,100,467,3
Youlaila,,824,70,100,467,5
Zabazaba,,829,70,100,470,0
Elysia,,365,70,100,472,1
Jezebel,,875,70,100,473,1
Tambur,,638,69.44,100,473,2
Ercot,,347,70,100,473,3
Sonra,,362,67.56,100,476,0
Arzag,,775,69.89,100,482,1
Tullipe,,750,70,100,482,0
Hujiayan,,504,70,100,483,0
Koreabudy,,419,70,100,488,1
Hera,,611,70,100,489,0
Kymura,,754,70,100,489,1
Miccpeng,,760,70,100,491,6
Detaja,,363,70,100,494,0
Ivafre,,625,66.33,100,496,0
Ezperitu,,525,70,100,499,0
Orim,,711,68,100,501,2
Sere,,385,70,100,512,3
Josa,,375,69.67,100,515,0
Zunnete,,662,70,100,524,6
Cota,,526,70,100,526,2
Juji,,713,69.11,100,531,0
Neshi,,520,70,100,532,0
Tineze,,723,70,100,538,2
Maleficent,,798,70,100,542,5
Pooper,,778,70,100,549,0
Ekeka,,532,70,100,553,5
Yoyoyo,,552,70,100,566,1
Zosal,,393,69,100,577,8
Vekule,,406,70,99,440,2
Goldbar,,418,70,99,480,1
Itachi,,721,70,99,489,0
Ingvar,,467,70,99,491,6
Aqnf,,623,70,99,497,3
Junrurki,,341,69.56,99,499,1
Dracula,,603,70,99,515,2
Trax,,766,70,99,522,1
Rutagan,,772,70,99,537,10
Gopgop,,404,70,99,568,0
Morgana,,836,70,98,402,1
Chinahux,,853,70,98,404,3
Maureen,,719,70,98,431,0
Truelegend,,616,70,98,450,0
Beba,,578,70,98,457,2
Chaos,,462,69.44,98,465,5
Isos,,655,70,98,465,0
Aqua,,476,70,98,467,3
Morganala,,655,70,98,488,1
Love,,392,70,98,508,1
Sasti,,547,68.33,98,510,2
Sealove,,401,69.78,98,513,1
Kucebi,,743,70,98,516,0
Dujaz,,337,70,98,522,3
Lucky,,692,70,98,525,2
Visth,,307,70,98,536,8
Tuthem,,336,70,98,547,2
Sogras,,350,66.89,98,553,0
Tathi,,607,70,98,562,0
Dina,,345,70,98,563,3
Haha,,585,70,98,577,1
Oshat,,404,70,98,594,0
Ngaoi,,514,70,97,385,2
Cassi,,379,67.89,97,394,0
Sozosa,,458,69.56,97,411,0
Adalimumab,,745,70,97,414,0
Aped,,549,70,97,428,2
Idribrul,,498,69.11,97,457,2
Sirda,,636,70,97,475,3
Sayaka,,756,70,97,479,1
Ifrunrem,,463,70,97,500,5
Hiketi,,561,70,97,515,2
Alysha,,370,70,97,532,3
Osirgis,,385,70,97,537,1
Zogom,,335,69.11,97,569,3
Mexserch,,345,70,97,580,2
Koreasiba,,735,70,96,358,0
Anatol,,355,70,96,367,0
Gelodri,,399,70,96,443,0
Expendable,,370,70,96,453,4
Exarline,,548,70,96,505,1
Dymi,,384,70,96,505,3
Allati,,284,70,96,507,1
Mujuca,,503,70,96,531,4
Loyalho,,244,69.89,96,532,5
Duveme,,495,70,96,536,3
Raga,,753,70,96,549,2
Saka,,706,70,96,570,1
Icewyn,,368,70,96,572,4
Venom,,443,70,96,578,4
Alum,,886,70,95,191,1
Tebi,,593,70,95,316,1
Koreamama,,680,70,95,340,0
Voshi,,747,70,95,344,1
Chinayu,,449,70,95,358,0
Kamo,,671,70,95,391,1
Zoca,,508,70,95,405,2
Zovedni,,480,70,95,418,0
Ebiji,,356,69.78,95,423,4
Oran,,642,70,95,426,0
Zutut,,506,70,95,429,1
Nephalem,,573,70,95,440,0
Mageman,,566,70,95,446,0
Eleti,,320,70,95,452,0
Alina,,332,70,95,457,7
Mastaflex,,322,70,95,461,4
Mejik,,364,70,95,462,4
Arivri,,562,66.78,95,467,2
Azan,,257,68.44,95,468,4
Illit,,314,70,95,475,1
Busit,,332,70,95,498,1
Vadeg,,328,68.78,95,499,2
Navi,,353,69.33,95,504,1
Junebug,,435,70,95,504,5
Magaman,,292,68.78,95,505,5
Koreaangry,,683,70,95,513,1
Olorin,,401,70,95,523,3
Sampa,,539,70,95,524,17
Duodraco,,677,69.44,95,530,4
Dogri,,487,68.33,95,555,6
Orguni,,520,70,94,329,1
Gaja,,383,68.89,94,417,2
Aarne,,401,70,94,447,2
Witch,,666,69.56,94,463,0
Sare,,618,70,94,518,1
Hero,,866,70,94,531,0
Pandora,,389,70,94,539,0
Ezoz,,420,70,94,553,3
Magisteve,,841,70,94,562,11
Chinamark,,829,70,93,315,0
Shadowcho,,694,70,93,317,0
Lezum,,356,70,93,385,0
Muka,,263,70,93,422,0
Emethom,,366,68,93,431,0
Ibul,,529,67.78,93,431,3
Argoos,,486,67.89,93,446,0
Hece,,443,70,93,459,9
Shazzooolo,,509,70,93,477,3
Feadyn,,639,70,93,477,2
Gandulf,,430,70,93,488,1
Betum,,534,69.89,93,491,3
Alex,,259,70,93,511,1
Erana,,663,70,93,527,4
Dofri,,450,70,93,528,6
Rovoshe,,319,70,93,535,7
Pareto,,412,69.67,93,552,1
Sambung,,483,68.44,93,552,0
Dracarys,,284,70,93,556,5
Jimi,,308,70,93,586,4
Dioanomalo,,637,70,92,332,6
Konog,,389,70,92,343,0
Rachelllll,,344,70,92,396,1
Staffara,,271,69.33,92,406,1
Luna,,524,68.33,92,465,1
Magical,,275,70,92,480,2
Cmptrwhz,,303,70,92,505,1
Kera,,448,69.89,92,518,2
Thimble,,415,70,92,529,2
Azek,,572,70,92,534,5
Mage,,294,70,92,545,4
World,,468,66.33,92,550,0
Conra,,665,70,92,562,11
Xschur,,464,70,92,581,7
Mina,,632,70,92,591,2
Rinkon,,601,70,92,592,1
Mathe,,516,70,92,593,2
Kajute,,325,69.89,92,594,3
Mithrandir,,365,70,92,595,1
Alnitak,,396,70,92,598,6
Leda,,521,70,91,307,1
Evillady,,586,70,91,394,0
Nutzack,,384,70,91,433,3
Lilith,,330,70,91,464,2
Middleman,,295,69.33,91,487,1
Arele,,314,69.89,91,492,1
Russell,,193,68.56,91,502,1
Sukrag,,463,70,91,512,9
Aziri,,626,70,91,522,10
Loregre,,271,69.33,91,530,2
Rekidre,,238,70,91,532,3
Sasek,,430,70,91,558,1
Mogodi,,232,68.67,91,576,5
Matrempit,,675,70,91,592,1
Ozarza,,605,70,90,238,2
Cnceo,,429,70,90,259,0
Arogas,,778,70,90,261,0
Irille,,625,70,90,292,0
Irgat,,626,70,90,302,0
Mollypolly,,483,70,90,315,1
Koreawho,,606,70,90,329,0
Dajiba,,773,70,90,349,2
Harlequin,,457,70,90,353,0
Blondi,,512,70,90,354,2
Stefan,,583,68.11,90,373,0
Leay,,461,69.11,90,378,1
Inurzut,,276,69.11,90,404,1
Skyy,,276,70,90,405,0
Sunit,,496,69.78,90,410,0
Haha,,366,70,90,413,1
Ajel,,670,70,90,413,0
Test,,233,69.89,90,415,0
Koreatoto,,345,69,90,417,1
Gandalf,,331,70,90,417,0
Golddigger,,496,70,90,418,1
Asik,,599,70,90,422,1
Cooler,,319,70,90,440,1
Ocahe,,232,70,90,455,0
Sekure,,254,70,90,459,0
Soso,,305,69.67,90,462,0
Allen,,548,70,90,474,9
Fika,,340,70,90,491,1
Korjhr,,421,70,90,493,3
Koreafish,,515,70,90,507,3
Orcona,,252,68,90,508,0
Irgen,,280,68.67,90,533,1
Miheva,,250,69.67,90,544,2
Tatzz,,281,70,90,554,0
Ovrortut,,432,70,89,371,5
Sonrade,,526,70,89,372,3
Kara,,463,70,89,407,0
Rira,,437,70,89,433,2
Suchi,,321,69.78,89,434,1
Ezise,,213,70,89,435,0
Ricishe,,261,66.89,89,445,2
Yuwei,,410,70,89,453,2
Gamma,,296,70,89,515,9
Luge,,370,70,89,586,1
Noname,,474,70,88,222,0
Wrack,,275,70,88,439,1
Kellam,,662,70,88,441,3
Suzy,,526,70,88,454,0
Narita,,260,70,88,457,0
Buset,,271,70,88,475,0
Sufroza,,237,70,88,477,0
Zathethe,,419,70,88,477,5
Saldia,,290,70,88,491,2
Etita,,405,69.22,88,496,0
Ocol,,357,70,88,558,2
Noob,,320,69.78,88,575,1
Suzy,,506,67.89,88,584,0
Jodnodi,,248,69.78,87,345,3
Cunnan,,266,70,87,349,1
Coffeez,,465,70,87,371,0
Shaqian,,429,70,87,402,0
Bigdix,,524,70,87,412,0
Akeg,,270,70,87,443,3
Blackicey,,285,70,87,459,5
Tatertot,,247,69.78,87,476,1
Magarella,,553,70,87,492,0
Linog,,254,70,87,530,3
Rachelle,,355,70,87,545,0
Diablo,,291,70,87,579,1
Leme,,304,70,86,282,1
Chinawang,,327,70,86,358,2
Arkanus,,311,70,86,401,0
Idete,,256,69.89,86,407,1
Badhbh,,267,68,86,444,7
Zojig,,472,70,86,499,3
Jnjsarang,,461,70,86,502,1
Ethuthi,,247,70,86,529,6
Cast,,267,70,86,588,3
Machicka,,543,70,85,211,1
Lost,,391,69.67,85,259,0
Elise,,349,66.56,85,274,0
Devri,,402,70,85,282,0
Hena,,322,70,85,293,0
Koreaking,,366,70,85,322,0
Vivasa,,619,70,85,332,0
Jardos,,288,70,85,343,0
Koreaviky,,428,70,85,345,0
Blizz,,609,69.22,85,355,1
Clamdip,,574,70,85,358,0
Zdeth,,318,70,85,362,1
Tigera,,266,70,85,406,0
Novad,,620,70,85,412,0
Ilod,,227,70,85,414,0
Goldenrod,,516,70,85,417,9
Enime,,444,70,85,422,0
Rusun,,195,70,85,428,3
Hola,,481,70,85,449,0
Cixe,,404,69.89,85,450,2
Libenyu,,226,70,85,451,0
Kotha,,284,70,85,463,2
Nunna,,326,70,85,463,1
Ishuki,,548,70,85,467,0
Andifour,,286,69.56,85,469,1
Kijem,,268,70,85,479,1
Karguz,,241,70,85,485,0
Jabxxx,,314,70,85,500,3
Magalee,,215,70,85,524,0
Hunny,,223,70,85,528,1
Igedi,,301,70,85,542,0
Amcl,,526,66.67,84,357,1
Maka,,239,70,84,379,0
Rosi,,281,70,84,383,0
Tamm,,470,69.78,84,404,1
Ikubi,,392,70,84,407,0
Hena,,222,70,84,514,4
Luxor,,253,70,84,555,1
Mist,,304,69.56,83,364,3
Serkarci,,267,70,83,374,0
Jeshos,,508,70,83,387,2
Jane,,307,70,83,393,0
Blazer,,206,67.22,83,400,1
Ethemem,,205,69.89,83,406,3
Akas,,505,70,83,428,2
Vanre,,245,70,83,493,2
Ethal,,237,70,83,526,2
Anig,,209,69.89,83,530,1
Tolezu,,369,70,83,532,2
Karina,,568,70,83,534,3
Koreasosor,,622,70,83,554,1
Oshidra,,318,66.11,83,566,0
Emuvi,,410,70,82,289,0
Okos,,593,70,82,307,2
Rashida,,531,70,82,380,1
Erezig,,219,70,82,386,0
Hiti,,402,70,82,406,0
Tubina,,535,69.89,82,428,1
Andora,,442,70,82,446,5
Koreazzang,,333,70,82,446,1
Ecin,,432,69.56,82,477,0
Muggi,,519,70,82,505,1
Kuvresi,,214,70,82,512,9
Arkuz,,287,70,82,596,2
Lurgi,,213,70,82,599,15
Jimanna,,246,70,81,277,0
Theone,,223,70,81,360,1
Agina,,237,59.89,81,366,0
Bodod,,223,66.67,81,409,1
Ohit,,282,69,81,425,3
Madziamba,,196,68.78,81,458,10
Igirki,,378,69.44,81,478,0
Teli,,229,69.11,81,482,0
Mera,,394,70,81,486,1
Ocuz,,181,70,81,491,1
Merlin,,238,68.44,81,497,4
Kira,,524,70,81,502,2
Ellem,,181,70,81,545,2
Daka,,290,70,81,578,2
Ecove,,856,70,80,112,0
Vapormage,,521,70,80,210,0
Boloashh,,470,70,80,230,0
Zuna,,417,69,80,248,0
Ellum,,295,70,80,254,0
Edat,,199,67,80,254,0
Nutha,,445,70,80,258,0
Shinigami,,449,70,80,286,1
Ahera,,280,70,80,288,0
Rustar,,263,68,80,288,3
Joce,,389,69.22,80,291,3
Iicann,,278,69.22,80,291,0
Vesaz,,567,70,80,292,0
Koreaapdo,,242,70,80,298,1
Nymeria,,525,70,80,335,0
Celsa,,272,70,80,337,2
Jabi,,231,70,80,340,4
Enon,,272,70,80,345,0
Czaruje,,420,70,80,350,0
Chinaaicui,,396,68.11,80,350,2
Draconik,,386,70,80,350,7
Kare,,429,69.11,80,362,11
Moviz,,152,69.44,80,367,1
Rhialta,,539,69.67,80,367,2
Guantan,,623,70,80,368,0
Bortam,,208,69.25,80,371,0
Acin,,360,70,80,375,0
Ikraz,,382,67,80,375,1
Firefire,,488,70,80,378,1
Konoje,,339,69.33,80,390,0
Mike,,295,70,80,394,2
Sara,,404,70,80,396,2
Onrak,,303,70,80,396,0
Ibane,,188,70,80,401,10
Qaledia,,193,70,80,402,1
Okrele,,229,70,80,406,0
Eventdeath,,275,68.89,80,406,0
Omutos,,195,70,80,414,9
Jobos,,339,70,80,416,2
Igimen,,615,70,80,418,0
Irashe,,200,68.78,80,421,2
Izes,,401,70,80,421,1
Aval,,352,69.33,80,422,0
Scratchy,,469,70,80,424,10
Evarge,,243,70,80,424,0
Zurgasa,,212,69.89,80,425,0
Iravul,,256,69.89,80,428,0
Koreasa,,339,70,80,428,0
Ppkabeluda,,275,70,80,429,3
Sisence,,215,69.89,80,431,2
Robra,,380,67.67,80,439,6
Koshmar,,429,69.56,80,447,5
Oledan,,258,70,80,455,0
Eros,,293,69.67,80,456,0
Nica,,252,70,80,469,3
Vufreg,,227,70,80,473,5
Rubiri,,177,69.33,80,479,1
Korealino,,397,70,80,490,8
Cnangcheng,,517,70,80,519,4
Merlin,,252,70,80,550,3
Acasi,,189,70,80,569,19
Ironman,,498,70,79,378,3
Nujurki,,332,69,79,443,2
Ogrohik,,196,69.11,78,356,2
Aries,,340,70,78,435,2
Teaha,,243,70,78,436,0
Ashos,,481,68.67,78,470,0
Kithi,,143,70,78,493,1
Zalupus,,215,70,78,497,2
Alphamage,,401,70,78,513,5
Cielle,,321,69.89,78,544,2
Corubre,,243,70,78,557,2
Kuja,,273,70,78,593,2
Rize,,219,70,77,353,1
Chinalori,,228,67.67,77,367,2
Vorga,,291,69.78,77,387,1
Pizza,,535,70,77,394,0
Chinalong,,408,70,77,423,2
Ursella,,212,68,77,455,4
Rasi,,378,69.78,77,473,5
Morgana,,454,70,77,478,6
Voze,,185,68.22,76,327,0
Mehi,,465,70,76,335,6
Eventkeks,,223,70,76,336,8
Cojake,,276,70,76,428,1
Merdi,,258,68.56,76,502,3
Sabre,,251,69.78,76,535,6
Jewel,,416,70,76,561,2
Sorrow,,514,69.44,75,267,0
Zulaz,,287,69.78,75,299,1
Redfox,,382,69.89,75,338,0
Qwestik,,260,68.78,75,373,1
Tamova,,226,69.67,75,383,5
Bali,,213,69.56,75,396,1
Buzzard,,214,70,75,399,0
Imoen,,256,69.89,75,437,1
Mura,,397,70,75,453,2
Ralra,,479,70,75,492,5
Artok,,211,69.67,75,509,4
Koreaezom,,202,67.33,75,520,10
Tathi,,413,69.78,75,550,0
Ostikriss,,239,70,74,301,2
Hosheg,,213,69.78,74,413,1
Vaspa,,227,69.22,74,459,7
Sudoda,,312,69.33,74,462,1
Goldmage,,269,69,74,470,5
Wigger,,253,70,74,508,1
Evunra,,207,70,74,521,1
Nekada,,448,70,74,571,3
Greyhoundz,,282,70,73,326,0
Ahog,,256,69.44,73,398,6
Noki,,265,70,73,414,6
Seberde,,215,70,73,431,10
Maquina,,241,70,73,447,1
Caralho,,223,70,73,593,3
Vocus,,142,69.78,72,361,11
Dakruca,,218,70,72,461,11
Duchuki,,426,70,72,517,7
Emil,,360,70,72,558,4
Ojadne,,207,70,71,353,3
Khalys,,166,63.78,71,368,5
Efrimim,,221,70,71,429,0
Deeznuts,,161,70,71,435,1
Amore,,457,69.67,71,445,3
Kishasha,,229,68.78,71,511,16
Soul,,175,70,71,541,3
Eclipsa,,430,70,70,182,0
Cethul,,202,69.78,70,308,0
Igum,,198,69.78,70,325,0
Sharky,,196,70,70,343,0
Izual,,333,69.11,70,391,2
Sumara,,434,70,70,397,0
Ojis,,282,67.44,70,404,1
Coltene,,232,70,70,405,3
Luginni,,409,68.89,70,405,2
Flailrend,,426,70,70,413,1
Boshon,,171,70,70,438,0
Surzesha,,170,69.67,70,439,1
Largag,,190,70,70,453,2
Ojinra,,217,70,70,469,2
Heshes,,308,70,70,472,1
Avelim,,235,68.11,70,580,5
Casey,,240,64.22,69,356,3
Malaya,,205,70,69,377,6
Zabraz,,229,70,69,468,3
West,,394,70,69,480,1
Abrigi,,200,70,69,493,16
Luzi,,209,69.22,69,511,0
Baikal,,193,68.89,68,446,5
Babe,,170,70,68,446,0
Nibbler,,179,69.11,68,448,3
Rincewind,,203,69.89,68,455,0
Ciapaciuk,,270,70,68,460,0
Yoniku,,218,69.33,68,461,4
Paladin,,283,64.22,68,503,7
Nenivi,,268,69.89,68,517,5
Gomod,,387,70,68,536,3
Arya,,307,68.33,68,567,1
Bamms,,429,70,67,371,0
Dobusa,,271,70,67,393,0
Lucifer,,275,69.78,67,415,1
Ogutas,,146,70,67,420,6
Nemma,,157,70,67,443,1
Elizaveta,,473,70,67,516,5
Assclown,,271,69.67,67,542,1
Eshom,,168,70,66,355,3
Idrod,,222,70,66,464,3
Valentine,,178,68.22,66,513,3
Tori,,135,70,66,518,6
Aribeth,,202,69,66,541,3
Lurtus,,135,69.11,66,561,0
Vove,,243,70,65,250,0
Xupacabra,,242,69.67,65,311,0
Kaboom,,159,68.78,65,311,0
Glok,,342,70,65,319,1
Elliza,,197,69.56,65,346,0
Konakdbool,,161,70,65,349,4
Notforlong,,189,70,65,354,0
Idnoga,,280,70,65,362,1
Rush,,275,69.78,65,392,0
Gggiii,,195,70,65,439,3
Rava,,299,68.67,65,457,4
Luci,,231,69.89,65,482,0
Ashid,,182,70,65,488,10
Kkchdn,,244,67,65,489,6
Deplorable,,200,68.67,65,527,12
Root,,398,70,65,536,6
Lina,,224,69.11,64,291,1
Ikima,,301,70,64,305,1
Brad,,199,65.44,64,353,1
Morzit,,145,70,64,442,1
Tumor,,213,69.67,64,479,7
Rumaria,,180,69.89,64,506,1
Ecezom,,118,70,64,519,14
Etheria,,404,70,63,276,3
Haha,,279,70,63,319,1
Pitupi,,242,70,63,413,4
Dirge,,258,70,63,434,0
Hero,,193,67.44,63,457,1
Drizzt,,170,70,63,471,0
Othaliz,,234,70,63,486,2
Achek,,345,70,63,492,5
Magno,,165,69,63,494,5
Argid,,120,69,63,529,11
Harmione,,124,66.89,63,537,21
Hanayo,,134,70,62,327,1
Jele,,265,70,62,370,4
Veji,,202,70,62,402,0
Tracy,,304,70,62,405,1
Laja,,175,68.78,62,420,29
Testmage,,162,70,62,433,4
Mifra,,153,70,62,436,0
Cazim,,174,70,62,484,7
Ajethe,,141,69.67,62,523,4
Funguy,,204,70,62,563,5
Xiera,,192,68.67,61,287,3
Arya,,224,70,61,327,1
Ogrece,,234,70,61,331,2
Zoltan,,364,70,61,361,3
Zodi,,90,65.11,61,373,0
Zulothe,,240,70,61,385,1
Thpiderth,,191,69.11,61,420,1
Jorgie,,277,70,61,464,2
Etheza,,479,70,60,219,0
Event,,260,66.44,60,253,0
Bolterimus,,364,70,60,261,9
Sunrore,,334,70,60,287,1
Witchy,,146,69.78,60,288,9
Kaite,,263,70,60,317,0
Kedova,,154,70,60,325,1
Arginni,,220,70,60,342,3
Morrigan,,272,70,60,357,11
Ajis,,179,69.89,60,358,2
Mothez,,219,67.89,60,360,2
Zaura,,249,70,60,361,2
Edros,,121,69.33,60,385,0
Hacorte,,136,70,60,387,0
Freeman,,135,70,60,407,8
Cranberry,,376,70,60,432,1
Ercadul,,397,69.78,60,433,0
Fonseca,,233,68.56,60,440,7
Nene,,171,67.56,60,441,7
Gmtingmg,,182,67.56,60,454,1
Avoki,,196,70,60,494,9
Rinne,,250,69.56,59,276,0
Jerzuz,,159,64.44,59,359,6
Edices,,259,69.78,59,419,0
Hethoz,,193,70,59,486,4
Ipenlah,,231,70,59,510,3
Korzan,,182,70,58,340,1
Medi,,284,70,58,435,2
Aguthi,,158,70,58,500,0
Ladjay,,238,70,58,583,5
Turag,,87,69.78,57,284,0
Okune,,137,70,57,318,11
Heliz,,149,70,57,349,3
Kunove,,347,70,57,357,0
Golle,,249,69.22,57,432,4
Ikron,,260,68.33,57,541,6
Cashura,,120,70,56,281,2
Weatherwax,,231,68.56,56,339,0
Gathonxx,,142,68.33,56,373,3
Pollatron,,135,68.78,56,379,2
Olligok,,123,69.11,56,448,3
Sotarce,,146,70,56,460,3
Tempy,,316,70,56,480,0
Adam,,369,70,56,492,4
Blaze,,153,66.89,55,250,0
Ichan,,178,70,55,277,0
Tenboss,,186,69.89,55,292,0
Luna,,174,69,55,303,0
Abada,,216,70,55,306,6
Gandalf,,355,70,55,323,1
Wally,,203,70,55,325,3
Asirci,,108,70,55,345,2
Cinra,,182,70,55,352,10
Artesa,,156,70,55,362,0
Ohika,,139,69.56,55,394,0
Adashi,,337,70,55,412,0
Ocoz,,223,70,55,428,0
Imithog,,216,70,55,440,16
Elsa,,151,67.56,55,448,0
Orahe,,145,69.11,55,448,4
Tester,,298,69.22,55,504,2
Keirametz,,186,63.56,54,321,5
Erit,,295,70,54,560,6
Preston,,205,67.56,54,561,6
Imperial,,222,63.11,54,581,9
Mari,,283,68,54,587,22
Alas,,190,68.67,53,393,1
Zubinel,,249,70,53,443,0
Zinka,,203,70,53,544,5
Jason,,276,70,53,580,2
Atom,,129,70,52,378,0
Ranuk,,175,70,52,484,1
Kahlan,,151,68.78,51,357,9
Anak,,127,70,51,382,6
Koreaj,,113,68.22,51,390,0
Fodder,,83,67.22,51,397,6
Gishe,,137,67.56,51,411,11
Jersey,,102,70,51,417,2
Josephine,,185,70,51,426,0
Enike,,132,70,51,431,3
Daveg,,88,62.44,51,439,4
Amam,,242,69,51,488,6
Avrora,,111,69.78,51,561,11
Roka,,205,68.11,50,252,0
Mammut,,107,68.33,50,270,0
Iluvatar,,109,64.22,50,281,1
Bumsbirne,,161,66,50,296,0
Tigri,,100,63.33,50,315,2
Girlyduck,,112,65.11,50,340,1
Zure,,133,69.44,50,342,0
Vaket,,129,69.11,50,348,3
Doidao,,40,69.67,50,354,0
Abal,,137,69.78,50,355,2
Sokre,,46,68.33,50,355,1
Heremi,,140,70,50,366,5
Iryne,,191,69.44,50,368,1
Nima,,139,70,50,375,0
Muhladin,,138,68.89,50,386,4
Kartun,,207,69,50,434,7
Julietta,,231,70,50,448,0
Cidrakithi,,154,69.78,50,448,4
Curit,,97,68.56,49,316,1
Draga,,117,67.89,49,480,6
Gathem,,83,69.11,49,580,7
Juli,,170,69.78,48,424,1
Meriondu,,174,69.89,48,442,1
Sigismondo,,104,68.33,48,444,8
Lilliana,,131,70,48,452,2
Rithes,,197,69.78,48,478,0
Irkoga,,192,69.56,48,478,0
Hunjani,,229,69.11,48,498,5
Vushere,,156,67,48,501,0
Blinky,,241,69.89,48,533,3
Ithel,,72,65.22,47,428,0
Oninre,,134,69.67,47,499,2
Othadul,,64,60.22,46,273,0
Shado,,202,69.33,46,348,6
Suna,,79,67.44,46,374,1
Calineczka,,146,68.22,46,396,2
Worshond,,44,62,46,400,2
Icestorm,,84,66.33,46,428,0
Vicam,,144,69.11,46,437,2
Phoxxy,,78,65.78,46,438,2
Corza,,303,70,46,439,1
Orzikri,,183,67.11,46,516,7
Todnihe,,87,66.78,46,526,1
Merlin,,54,68.78,45,192,0
Pinio,,39,67.11,45,244,2
Neba,,105,70,45,314,0
Azil,,126,66.33,45,345,0
Tigri,,88,69.22,45,416,3
Icho,,124,70,45,449,0
Roke,,41,65.33,44,293,1
Isaze,,247,70,44,355,1
Merve,,48,68.44,44,383,1
Snow,,59,69.78,44,476,3
Rimesa,,169,68.67,43,256,1
Circe,,57,69.56,43,294,0
Sese,,50,66,43,349,1
Nechi,,46,66.33,43,369,1
Vimas,,137,69.44,43,482,10
Mageqa,,197,68,43,531,3
Wutz,,110,67.22,43,557,1
Bobet,,165,69.33,42,293,2
Bguho,,96,65.89,42,312,1
Iceman,,89,69.75,42,351,3
Tocag,,106,68.67,41,262,2
Onyx,,142,65,41,319,0
Inis,,92,64.67,41,343,2
Imin,,93,64.67,41,364,1
Alavul,,115,66.78,41,387,3
Horak,,120,61.89,41,419,0
Enrini,,149,68.78,41,543,7
Athene,,127,65.78,40,163,0
Daddy,,76,66.11,40,179,0
Lilith,,166,68.56,40,282,0
Tiiii,,76,70,40,291,0
Annie,,239,69.11,40,293,1
Corwin,,128,66.22,40,324,0
Mivashi,,222,61,40,362,0
Sophie,,84,67.89,40,377,2
Erzes,,149,70,40,411,0
Infinity,,61,68.44,40,412,0
Lyth,,102,67.78,39,302,3
Ortesi,,45,68.44,39,369,3
Hela,,255,70,39,392,1
Athathe,,148,66.44,39,420,3
Rorce,,86,67.22,39,428,2
Zapp,,53,69.33,39,440,0
Kusula,,60,68.78,39,491,4
Yuan,,86,62.67,39,495,3
Geis,,91,68.22,38,306,0
Atus,,90,61.33,38,450,1
Silom,,54,62.67,38,519,2
Khang,,125,70,38,528,0
Piczka,,49,62.22,37,308,2
Ergithe,,33,65.33,37,382,5
Titia,,121,69.56,36,282,1
Hatered,,55,66.33,36,362,1
Datheja,,84,66.11,36,386,3
Oliri,,55,68.33,36,460,1
Powerpappn,,119,66.67,35,226,2
Qzzz,,73,67.33,35,256,2
Smokey,,185,69.89,35,286,2
Ultra,,150,68.67,35,291,0
Annudez,,21,62,35,291,0
Quaxi,,35,64.33,35,310,0
Maxis,,107,65.44,35,329,1
Wang,,163,68.56,35,378,5
Tiemea,,64,65.89,35,436,5
Goodspeed,,49,65.33,34,276,1
Alija,,72,67.56,34,312,1
Evii,,76,67.67,33,320,1
Iluz,,12,67.22,32,233,0
Shaztwo,,61,66.89,32,252,0
Kabragri,,49,68,32,357,1
Nahum,,112,65.75,32,420,0
Oboroz,,42,61,32,426,0
Cirtek,,74,66.11,32,441,6
Lait,,83,67.33,31,327,4
Erunag,,39,57.22,30,312,0
Shiny,,17,65.67,30,315,7
Vokra,,62,66.56,30,327,0
Hishude,,50,61.44,29,368,4
Rillol,,21,68.33,28,240,1
Merlijntje,,0,62.56,26,194,0
Snow,,4,62.78,25,184,0
Sherbear,,55,60.56,25,216,0
Greske,,148,68.67,25,254,0
Boda,,84,60.22,25,272,1
Sedre,,170,68.56,25,294,0
Taciki,,65,66.22,25,354,0
Iris,,37,70,24,207,0
Edril,,0,64.56,24,225,0
Olefral,,39,56.67,24,283,0
Doodle,,35,62.22,24,485,2
Robilad,,0,61.44,23,189,0
Ecidnam,,2,62.78,23,292,2
Kugirga,,1,64.89,22,242,1
Ermitanio,,0,62.78,21,202,1
Kerupito,,0,59.56,21,234,2
Ishovul,,0,58.89,21,243,0
Rudms,,20,61.22,20,155,0
Atherzed,,0,52.89,20,167,0
Ikuchim,,17,67.33,20,184,0
Dimunnyu,,0,65.78,20,185,0
Xynia,,22,66.89,20,205,0
Aranya,,0,59.44,20,208,0
Aradia,,14,53,20,217,0
Fika,,21,63.89,20,225,1
Quini,,0,58.56,20,243,1
Orcedri,,4,64.44,20,258,0
Meyneth,,111,67.56,20,275,0
Orkodio,,0,54.67,20,304,0
Merlin,,60,65.67,20,384,14
Etethom,,0,62.33,19,171,0
Season,,8,60.11,19,231,0
Megamagic,,0,55.67,19,330,5
Greg,,59,60.67,19,348,0
Avijog,,64,56.67,19,456,2
Colmar,,0,61,18,220,0
Coji,,0,58.56,18,324,0
Arcann,,0,63.89,17,194,0
Lonni,,0,54.22,17,205,0
Ozis,,12,61.56,17,224,0
Larzak,,0,65.22,17,229,0
Aranyc,,0,56.38,17,256,0
Nohax,,0,58,16,182,0
Sazime,,0,60.56,16,226,0
Kathari,,0,56.44,16,276,2
Emizi,,0,62.56,16,325,1
Emivam,,7,64,15,114,0
Icat,,0,57.11,15,190,0
Maliburg,,0,53.56,15,192,0
Loni,,0,59.56,15,196,0
Vevra,,0,60,15,229,0
Erul,,0,53.56,15,243,1
Tedrinra,,0,60.22,15,254,0
Oranius,,0,54.78,15,306,0
Arany,,0,59.5,15,311,0
Medicee,,0,57.44,14,242,0
Kudebi,,2,57.56,13,295,0
Percy,,0,55.56,13,476,0
Ruri,,0,56.56,13,530,7
Soap,,0,57.67,12,227,0
Lara,,0,44.89,12,329,5
Wildude,,0,54.11,12,375,0
Saram,,0,61.44,11,158,1
Spawacz,,0,58.44,11,167,0
Arzibem,,0,60.67,11,173,1
Vusot,,0,64.22,11,203,1
Achoba,,0,57.56,11,249,1
Burdul,,0,59.89,11,251,1
Shorttime,,0,56.33,11,293,0
Ododri,,0,57,11,413,2
Pollina,,0,60.29,10,171,0
Ehathi,,0,57.11,10,212,0
Nahuni,,0,61,10,224,0
Kurtima,,0,58.22,10,282,0
Gandolf,,0,47.89,10,419,0
Firewing,,0,60,9,165,0
Cenifir,,0,56,9,305,4
Homer,,0,56.44,9,319,1
Vudal,,0,52,9,327,2
Oreo,,0,57.33,9,333,2
Esheshon,,0,59.67,9,410,1
Zotteliese,,0,42,9,429,6
Ikana,,0,56,8,165,0
Adrigud,,0,48.22,8,190,0
Yossarian,,0,56.67,8,226,1
Dofren,,0,55,8,252,1
Ogrimi,,0,54,8,257,1
Orden,,0,51.33,8,281,3
Jesus,,0,53,8,362,2
Thejvniors,,0,56.67,8,380,4
Anda,,0,52.11,8,397,0
Averna,,0,49.67,8,427,1
Zekiera,,0,44.44,8,439,2
Dave,,0,46.22,8,446,3
Suni,,0,52.67,8,475,12
Akos,,0,48.56,8,513,8
Beak,,0,62.11,7,142,0
Lora,,0,59.44,7,149,0
Omarce,,0,52.22,7,167,1
Godstar,,0,45,7,215,1
Livrud,,0,49.89,7,241,1
Ertika,,0,53.11,7,247,0
Koreabeans,,0,46.89,7,260,0
Hirka,,0,31.22,7,315,12
Halesa,,0,50.67,7,325,1
Nethe,,0,52.22,7,351,1
Kogalila,,0,54.67,7,372,1
Baldur,,0,53.56,7,373,3
Janka,,0,56.67,7,421,3
Zosiaaaa,,0,50.78,7,424,1
Sorcoress,,0,52.11,7,425,9
Ofrek,,0,51.78,7,440,4
Lakoria,,0,50.33,7,452,0
Karcus,,0,53.78,7,471,8
Arkis,,0,49.67,7,472,4
Tezed,,0,49.78,7,482,10
Orola,,0,42.11,7,512,13
Eric,,0,47.22,7,552,11
Asgard,,0,50.22,7,591,1
Eliminator,,0,54.44,6,108,0
Rethi,,0,59,6,117,0
Enacek,,0,52.89,6,118,0
Ellel,,0,59.56,6,124,0
Kavrud,,0,49.67,6,141,0
Kachil,,0,45.44,6,144,1
Horneyan,,0,51.11,6,156,1
Ashley,,0,58.78,6,159,1
Irkanris,,0,54.78,6,166,0
Cibre,,0,53.67,6,171,1
Sidnad,,0,47.11,6,173,0
Obutha,,0,52.78,6,182,2
Lotus,,3,69.11,6,187,1
Izzet,,0,52.11,6,188,0
Malazarr,,0,52.44,6,192,0
Subzerro,,0,49.33,6,201,0
Mazadri,,0,50.11,6,205,0
Ihullam,,0,51.78,6,210,0
Ttmage,,0,47.67,6,211,2
Pywackette,,0,50.33,6,216,1
Vize,,0,44.33,6,218,0
Yummy,,0,47.11,6,228,2
Rage,,0,45.11,6,230,1
Cheburgena,,0,51.67,6,234,0
Regina,,0,35.22,6,241,2
Raba,,0,52.89,6,243,1
Odak,,0,50.33,6,250,3
Oblom,,0,49.67,6,253,0
Anusggsie,,0,44,6,256,1
Vakerti,,0,47.56,6,259,5
Zodrid,,0,46.33,6,274,4
Alex,,0,47,6,276,0
Avren,,0,51.11,6,281,1
Aguk,,0,44.89,6,286,1
Emilka,,0,47,6,288,0
Mullet,,0,42.78,6,300,1
Otebum,,0,43.56,6,312,3
Raziel,,0,44.56,6,319,0
Cujel,,0,49.56,6,326,2
Izumi,,0,44.78,6,334,0
Sergynek,,0,48.89,6,341,6
Sinyaa,,0,41.67,6,389,9
Sabuk,,0,50.44,6,390,1
Newboy,,0,38.67,6,393,3
Elim,,0,49.67,6,399,10
Ddonge,,0,40.78,6,438,9
Burgide,,0,41.67,6,459,3
Mouser,,0,41,6,460,1
Ovino,,0,48.22,6,480,1
Odniran,,0,35.56,6,571,16
Rije,,0,42.56,6,592,23
Icaliza,,0,37,6,592,11
Comando,,0,52.67,5,93,0
Vuze,,0,55.22,5,126,0
Anna,,0,52,5,131,0
Tymczasowa,,0,51.11,5,154,0
Manjushage,,0,26.78,5,159,0
Orcoka,,0,36.56,5,169,0
Nage,,0,44.33,5,175,1
Magicjan,,0,41.89,5,191,0
Sejos,,0,36.22,5,208,0
Porzeczka,,0,37.44,5,211,0
Flox,,0,42.56,5,222,0
Esbaide,,0,37,5,237,1
Bune,,0,40.78,5,241,0
Osek,,0,44.22,5,242,0
Morrigan,,0,41.11,5,261,0
Hermione,,0,41,5,271,0
Ezigres,,0,35.78,5,287,1
Elemam,,0,31.33,5,293,0
Ciri,,0,34.89,5,300,0
Jeran,,0,41.56,5,305,4
Edrin,,0,36.78,5,307,1
Luke,,0,35.89,5,309,5
Vukonri,,0,34.89,5,402,0
Spug,,0,34.67,5,404,0
Odin,,642,16.89,4,131,0
Alibaba,,0,31.11,4,159,0
Lidia,,0,29.56,4,177,0
Ihortak,,0,25.56,4,181,0
Azure,,563,25.89,4,203,0
Jimut,,0,25.11,4,218,0
Vive,,0,37.78,4,225,0
Ngising,,0,28.11,4,239,0
Zmrd,,0,35.33,4,266,0
Surtene,,0,31.33,4,283,0
Noki,,0,35.44,4,284,0
Hiza,,0,33.44,4,285,0
Achim,,0,24.22,4,307,0
Dubi,,0,25.22,4,317,0
Verkaz,,0,38.33,4,342,0
Irzevi,,0,26.56,4,345,2
Zetha,,0,25.44,4,345,1
Trinity,,0,23.22,4,349,1
Sexo,,0,28,4,380,1
Igraze,,0,25.78,4,428,3
Baka,,0,27.22,4,473,2
Chinariusa,,0,20,3,160,0
Terkay,,0,27.89,3,177,1
Azam,,0,29.78,3,179,0
Serkuce,,0,29.44,3,180,0
Tylor,,0,25.67,3,182,0
Roachwing,,0,27.67,3,191,0
Sheila,,0,16.11,3,203,0
Lovely,,0,23.22,3,203,0
Tabe,,0,22.22,3,219,0
Kenrive,,0,25.44,3,223,0
Omatham,,0,18.11,3,248,0
Herzi,,0,19.44,3,249,1
Metha,,0,19.44,3,263,2
Elez,,0,22.67,3,295,0
Star,,0,19.11,3,321,1
Ikes,,0,18.11,3,342,1
Cindy,,0,19.78,3,345,1
Melodias,,0,20.89,3,348,1
Irzot,,0,19.33,3,415,2
Fang,,0,15.67,3,456,0
Vubena,,0,18.33,3,494,0
Kufri,,0,19.78,3,497,2
Cxor,,0,19.11,3,503,2
Diablo,,0,18.67,3,513,3
Puuuu,,0,17,3,552,3
Gosu,,0,19.22,2,136,0
Zete,,0,16.11,2,151,0
Ecug,,0,22.33,2,159,0
Demandred,,0,19.11,2,162,0
Kitana,,0,14.78,2,171,0
Omem,,0,17.67,2,192,0
Lubrovre,,0,24.78,2,194,0
Loso,,0,21.44,2,198,0
Moja,,0,14,2,199,0
Ozulot,,0,11.67,2,205,0
Wickedann,,0,16.78,2,206,0
Reaper,,0,13.67,2,230,0
Ivushen,,0,15.22,2,231,0
Sadorze,,0,16.56,2,233,0
Yayahej,,0,15.22,2,236,0
Omedni,,0,18.11,2,238,0
Ranne,,0,12.89,2,254,0
Zule,,0,14.22,2,302,2
Zoni,,0,11,2,312,0
Sannos,,0,13,2,335,0
Igemit,,0,11.56,2,359,0
Patricia,,0,12.56,2,366,4
Egafrez,,0,13.89,2,378,0
Kothi,,0,10.8,2,409,0
Arcum,,0,11.33,2,492,0
Yngwie,,0,11.56,1,163,0
Nalot,,0,9.56,1,181,0
Erinne,,0,10,1,181,0
Power,,0,10.44,1,203,0
Vienna,,0,48.89,1,210,0
Chinajay,,0,9.89,1,216,0
Lomimi,,0,9.89,1,228,1
Zulus,,0,8.88,1,264,1
Bagibra,,0,10.22,1,267,0
Eileithyia,,0,11.44,1,267,0
Isos,,0,7.56,1,275,0
Magicmanty,,0,9,1,361,3
Chinaqiyue,,0,6,1,368,0
Kunduleta,,0,9.44,1,384,4
Hades,,0,6.88,1,432,1
Gold,,0,10,1,486,1
