Regalia,,1931,1549452,1
Lilywisp,,2017,1539421,0
Korkissme,,1932,1539400,0
Chinacctv,,2006,1529540,0
Sierra,,2025,1529454,4
Korsion,,2047,1529430,0
Clover,,1980,1529411,1
Mage,,2014,1519505,0
Parvati,,1811,1509463,3
Neko,,1988,1499619,0
Korbakjuk,,2003,1499442,3
Rudyx,,2007,1489544,1
Kortiger,,1931,1489475,1
Chinaps,,1990,1489461,1
Azul,,1905,1479455,0
Koryalacha,,2018,1479434,2
Chinaxin,,2000,1469491,0
Shivaski,,2049,1469435,3
Chinaf,,1965,1469432,3
Sauzer,,1970,1469429,0
Destroyer,,1926,1459628,1
Korahak,,1961,1459569,2
Gordi,,1937,1459494,1
Anbonbudgt,Challenger,1509,1459465,2
Money,,1727,1459432,4
Sijorki,,1963,1449474,1
Lethi,,1638,1449410,1
Duba,Centurion,1976,1449408,1
Icedin,Challenger,1796,1439607,1
Korean,Challenger,1878,1439590,2
Korjune,,1992,1439513,1
Kbot,,1829,1439483,4
Irdullum,,1824,1439482,1
Telary,,1709,1439449,2
Alisha,,1958,1439425,1
Erzaph,,1826,1439416,4
Ziyou,,1953,1429598,0
Rolypoly,,1832,1429541,0
Gandalf,,1888,1429506,2
Kazar,,1820,1429487,2
Nidalee,,1715,1429459,3
Siize,,1741,1429453,4
Aaaaaaa,,1607,1419514,0
Siji,,1848,1419439,0
Frostbite,Challenger,2033,1409687,1
Tayschrenn,,1784,1409672,1
Kormansaok,,1924,1409489,1
Alustriel,,1584,1409405,5
Mistrzunio,,1965,1389607,1
Loveliana,,1976,1389600,3
Hishra,,1723,1389591,0
Montresor,,1712,1389573,2
Mobyrory,,1902,1389564,0
Bigbanana,,1917,1389557,1
Rani,,1884,1389552,1
Korentry,,1910,1389546,2
Korv,,2001,1389543,3
Kormystguy,,1824,1389405,0
Magician,,1937,1379502,1
Voloti,,1888,1379493,5
Cerebral,,1742,1379459,4
Cebi,,1826,1379431,5
Korhk,,1484,1369576,3
Whifleball,,1906,1369467,11
Craftlover,,1693,1359678,0
Chinacrazy,,1703,1359672,2
Korpetit,,1769,1359616,1
Hacuz,,1930,1359587,6
Stop,,1430,1359583,3
Ladydee,,1686,1349522,3
Delphy,,1557,1339615,0
Evelynn,,1565,1339613,1
Croon,,1227,1339606,3
Davinci,,1754,1339602,1
Hohoho,,1808,1339550,2
Overlord,,1757,1339548,10
Karen,,1372,1339537,3
Oris,,1626,1339536,3
Magadar,,1536,1339512,2
Cethethe,,1487,1339496,3
Ardos,,1514,1339487,2
Winnie,,1696,1339486,1
Billybaroo,,1474,1339477,2
Ohmgirl,,1419,1339461,2
Topsun,,1164,1339454,0
Kokaia,,917,1339451,0
Georgina,,1797,1339435,5
Lava,,1479,1339432,1
Bossua,Centurion,1193,1339428,2
Hekigre,,851,1339401,2
Rasta,,1778,1329564,2
Polgara,,1422,1329559,2
Selune,,1686,1329497,6
Real,,1362,1329457,8
Sauzer,,1155,1329452,1
Lednese,,944,1329436,5
Vaca,,1891,1329425,6
Mivit,,1193,1329411,0
Maya,,1451,1329410,3
Binga,,1959,1319693,1
Trumpftw,,1890,1319579,1
Moonsa,,1409,1319517,6
Sideact,,1773,1319495,5
Shadow,,1776,1319493,2
Korsuke,,1758,1319458,2
Koria,,1526,1319418,0
Seven,,1901,1309743,2
Guri,,1725,1309721,1
Foxqt,,1720,1309715,1
Joelita,,1420,1309510,7
Ruzuva,,1350,1309432,3
Alora,,1846,1289647,5
Berdy,Challenger,1570,1289623,2
Noche,,1554,1289618,1
Amulas,,1550,1289605,0
Anole,,1189,1289599,2
Whyme,,1609,1289588,3
Offhandbut,,1144,1289547,3
Korohoo,,1374,1289535,8
Sennem,,1262,1289523,3
Jaquel,,1384,1289519,2
Vakule,,1492,1289464,3
Toki,,1671,1289455,4
Azula,,1446,1289424,0
Strange,,1334,1289418,0
Crksilver,,1414,1289417,0
Elure,,1919,1279665,0
Azee,,933,1279499,0
Nenida,,1666,1279487,4
Weras,,1370,1279444,4
Nane,,1240,1279416,11
Laza,,1223,1279411,4
Kornull,,1763,1269627,0
Azerothw,,1364,1269521,2
Evros,,1397,1269433,1
Shaverma,,1455,1269417,3
Devilkin,,1439,1259763,1
Korhaenam,,1479,1259755,1
Zzaz,,1591,1259655,5
Meinin,,1186,1259655,0
Garlic,,1818,1259627,1
Andriks,,1205,1259607,2
Jenny,,1465,1259454,9
Ollal,,1134,1249535,0
Idnollil,,1098,1249529,2
Elsakiii,,1342,1249493,0
Itise,,1609,1249473,6
Krusty,,1304,1249423,4
Patycek,,748,1249402,2
Runsk,,1467,1239655,1
Sura,,1196,1239590,1
Rutagan,Challenger,1440,1239590,1
Bihi,,1538,1239585,4
Ivil,Centurion,919,1239574,3
Lioness,,1210,1239573,1
Sagan,,1069,1239564,1
Rucopk,,1389,1239552,3
Jimmybiggs,,1175,1239518,2
Jezadri,,1121,1239516,4
Luma,,1534,1239492,1
Arzhel,,1612,1239480,1
Zharradan,,1545,1239474,12
Wujiandao,,724,1239468,6
Serka,,1369,1229638,6
Deepblue,,852,1229527,2
Psihopat,,440,1229471,8
Prospero,,1039,1229447,1
Abregri,Challenger,1446,1229445,6
Boom,,1050,1229433,1
Beanboo,,1170,1219584,2
Evillady,,1431,1219529,2
Wenyin,,679,1219454,3
Placek,,960,1219453,0
Kabok,,857,1219420,0
Ishatos,,1062,1219414,5
Azotha,,1400,1219409,12
Tichorte,,1567,1209769,2
Acot,,1647,1209764,0
Korale,,1481,1209748,0
Agnes,Challenger,1112,1209746,0
Chinadeek,Challenger,1250,1209729,1
Yaonadibao,,1202,1209714,0
Abaris,,1898,1209711,3
Rwubaby,,1118,1209693,0
Posfei,,1280,1209686,0
Ehak,,758,1209626,0
Miseria,,945,1209624,2
Riziz,,955,1209613,0
Qqcs,,1092,1209557,0
Mianmian,,1225,1209482,3
Ellit,,603,1209448,9
Nazgul,,1111,1209443,3
Nergut,,1198,1209408,9
Magician,,1295,1209406,15
Orinin,,1174,1189622,1
Riva,,1063,1189615,2
Sobra,,495,1189598,4
Yuuko,,1555,1189569,0
Falps,,749,1189569,2
Rutabaga,,1254,1189565,1
Vebra,,1219,1189546,0
Giki,,1409,1189537,6
Anaji,,1292,1189517,5
Analsex,,1553,1189488,3
Misa,,858,1189482,1
Jace,,964,1189464,1
Kohok,,1048,1189454,3
Rogi,,1264,1189448,5
Mryang,,1213,1189441,4
Padla,,1264,1189427,1
Lyra,,729,1189418,1
Korvocha,,576,1189412,1
Ortid,,887,1179594,0
Sameshi,,1316,1179583,1
Sawsan,,1177,1179549,2
Ogrune,,680,1179537,5
Ricek,,685,1179531,0
Szass,,891,1179487,1
Chinaniubi,,1075,1169702,0
Orine,,822,1169582,2
Hubakri,,1333,1169545,2
Reper,,896,1169484,1
Lukerde,,700,1169476,3
Uten,,693,1169412,9
Role,,1179,1159712,0
Odam,,1757,1159685,4
Agurda,,1286,1159666,2
Simss,,1226,1159659,3
Temp,,852,1159657,1
Guki,,642,1159595,0
Lisy,,1273,1159585,6
Agirun,,1279,1159581,8
Zinnod,,904,1159570,5
Xtcfans,,682,1159567,6
Kokrhel,,1173,1159537,3
Cashe,,547,1159489,4
Okrutha,,501,1159486,0
Soul,,403,1159409,5
Kirito,,937,1149561,0
Vemol,,663,1149496,1
Akredit,,527,1149491,2
Starburst,,948,1149472,3
Silberms,,1091,1149455,2
Ardusa,,795,1149454,1
Vagre,,511,1149410,0
Qwerty,,1246,1139631,2
Ruby,,1644,1139619,3
Darksnow,,735,1139614,1
Borka,,484,1139589,0
Kormim,,844,1139570,3
Ashikris,,558,1139552,2
Ardira,,639,1139546,1
Tutan,,570,1139536,1
Eket,,665,1139528,0
Guros,,601,1139514,1
Vili,,1143,1139510,1
Hpotter,,1360,1139507,0
Mavis,,895,1139505,0
Malaclypse,,1360,1139499,12
Ishom,,1364,1139499,2
Xanadu,,1051,1139492,2
Olal,,852,1139478,0
Morgana,,847,1139477,4
Zefyr,,877,1139475,3
Lsfs,,536,1139464,1
Asis,,868,1139461,8
Rurce,,475,1139456,4
Emma,,1154,1139450,5
Driger,,841,1139418,1
Bubu,,1015,1139414,8
Trapperjon,,1111,1139411,3
Maldae,,674,1139408,3
Sevi,,557,1129652,2
Anron,,1173,1129565,3
Beci,,925,1129537,0
Iredrig,,1071,1129500,0
Badboy,,1025,1129483,3
Doche,,654,1129481,0
Korssd,,1218,1129480,1
Oghma,,1132,1129465,3
Deleteme,,1024,1129461,6
Vicky,,821,1129445,7
Totola,,813,1129444,1
Rura,,1154,1129421,2
Oshat,,1086,1129419,0
Ramzea,,820,1129404,1
Noli,,770,1129401,1
Sociomage,,1153,1119668,3
Irdichi,,933,1119623,2
Kreuz,,391,1119592,0
Athucek,,563,1119558,3
Maxi,,1022,1119531,2
Backro,,527,1119506,0
Irkik,,611,1119464,3
Heze,,995,1119447,4
Zadi,,662,1119428,1
Cake,,1282,1109811,0
Narya,,431,1109713,1
Nene,,934,1109705,0
Lana,,1225,1109696,2
Okobra,,430,1109681,0
Insemina,,1284,1109679,11
Lulu,,842,1109664,1
Rugot,,1207,1109656,1
Korevek,,820,1109652,6
Koraceman,,1190,1109634,1
Caca,,634,1109632,2
Avirus,,992,1109613,4
Dirta,,1076,1109609,1
Lulu,,560,1109601,0
Korpolll,,633,1109601,0
Regann,,542,1109594,1
Veridian,,1491,1109582,7
Hank,,848,1109564,9
Fabi,,965,1109563,6
Riolo,,484,1109556,1
Moonskii,,916,1109551,10
Bovanne,,848,1109547,9
Korb,,1221,1109546,8
Hana,,727,1109522,3
Bora,,952,1109514,0
Casper,,937,1109509,7
Kelly,,858,1109489,3
Magisteve,,923,1109488,2
Mukiz,,1076,1109474,1
Kkoma,,1032,1109474,7
Arkeve,,993,1109472,0
Lufia,,1025,1099799,0
Dash,,869,1099603,2
Rawefish,,762,1099586,2
Zacrick,,668,1099514,1
Nonaimenz,,1129,1099510,4
Esadris,,583,1099458,4
Iceyballz,,536,1099440,3
Esmeron,,891,1089609,0
Suka,,788,1089593,2
Zoshi,,991,1089592,1
Zoya,,443,1089576,1
Ione,,1018,1089562,1
Dosene,,758,1089560,3
Ohud,,452,1089552,4
Chamot,,1062,1089537,4
Marikha,,1017,1089528,1
Maesta,,1114,1089523,4
Manhongggg,,510,1089499,1
Itheti,,933,1089498,6
Diana,,1142,1089479,4
Nevra,,682,1089471,1
Fiona,,631,1089460,2
Krateneo,,1013,1089458,2
Luna,,874,1089442,2
Kaboom,,904,1089441,0
Drago,,982,1089421,2
Circe,,484,1089412,1
Sani,,466,1089403,5
Abos,,430,1089403,3
Arcwidow,,893,1089401,15
Elena,,403,1079629,4
Shark,,802,1079607,0
Rerzul,,812,1079535,6
Zdzislaw,,931,1079524,3
Mcgoo,,910,1079488,2
Tavi,,554,1079488,0
Aura,,877,1079480,4
Jarga,,458,1079441,0
Zekathe,,828,1079438,2
Gonzo,,941,1079418,9
Andrek,,590,1079418,1
Ioxy,,970,1069711,0
Syzaros,,882,1069581,4
Scrifcal,,675,1069580,1
Odnisut,,677,1069511,2
Shurifa,,509,1069483,0
Dado,,514,1069481,3
Gizi,,306,1069438,8
Yankers,,450,1069433,2
Loyola,,1252,1069420,9
Brave,,860,1069418,2
Rady,,660,1069408,7
Doga,,768,1059803,0
Irzok,,1215,1059801,0
Kedez,,895,1059617,2
Ijus,,627,1059591,0
Naaanei,,616,1059584,3
Etiri,,1255,1059549,1
Sistra,,1089,1059542,6
Kelly,,857,1059530,0
Elona,,759,1059482,12
Melek,,1115,1059437,6
Adnel,,1285,1059435,9
Salty,Challenger,870,1039627,0
Boskk,,470,1039615,1
Kasoz,,349,1039612,2
Ydorbq,,508,1039604,0
Elladi,,804,1039588,1
Vldmrtv,,807,1039580,0
Kubris,,672,1039569,0
Akanz,,784,1039561,0
Cinder,,632,1039523,4
Lueze,,419,1039520,3
Gevusha,,629,1039513,2
Hueki,,765,1039491,0
Dotori,,870,1039491,1
Peggy,,358,1039471,1
Adek,,501,1039470,2
Floki,,593,1039441,4
Zethot,,471,1039425,8
Egal,,858,1039407,4
Rigel,,370,1039404,0
Nuzeke,,887,1029651,1
Cleo,,324,1029572,0
Seratonin,,881,1029571,1
Toshid,,325,1029545,1
Arcelum,,663,1029519,9
Javascript,,360,1029482,3
Godric,Challenger,504,1029471,4
Daga,,559,1029416,3
Narusha,,897,1029415,3
Akolol,,507,1029400,6
Powergay,,674,1019591,2
Enrofre,,482,1019563,2
Eunbum,,979,1019526,0
Xinia,,458,1019501,0
Elos,,700,1019496,3
Tamarri,,1004,1019492,2
Kuci,,387,1019480,1
Ganjia,,409,1019467,12
Lemi,,420,1019461,6
Mikram,,580,1019424,1
Blaze,,655,1019411,1
Kita,,546,1019411,6
Moldrek,,450,1019401,3
Abcd,,905,1009879,0
Aurora,,1315,1009864,0
Zaca,,867,1009795,1
Vishas,,619,1009771,1
Edil,,884,1009770,1
Nkiin,,1298,1009769,1
Jilaz,,429,1009760,0
Lywsz,,984,1009755,0
Janre,,357,1009730,0
Korjihee,,644,1009716,3
Odathi,,409,1009714,0
Godriq,,582,1009708,2
Kordolphin,,948,1009701,0
Tebik,,819,1009695,1
Ebudrag,,792,1009680,0
Osije,,459,1009680,0
Longish,,802,1009673,2
Bellatrex,,1065,1009671,2
Ardefri,,932,1009666,2
Blesk,,319,1009655,0
Rohoki,,775,1009646,1
Likra,,676,1009645,0
Voseka,,1135,1009644,0
Debra,,790,1009640,0
Nalinie,,1217,1009626,0
Lestat,,396,1009624,0
Avuni,,367,1009619,5
Cracklins,,842,1009592,0
Chaplin,,854,1009576,6
Velhotar,,691,1009576,0
Derzug,,736,1009561,1
Enreram,,488,1009548,3
Oshethos,,358,1009524,2
Nine,,420,1009515,2
Ogere,,320,1009509,3
Sareia,,331,1009501,0
Tesla,,401,1009496,3
Jelloni,,935,1009488,3
Selina,,355,1009487,0
Liva,,1011,1009482,4
Imbo,,356,1009481,3
Jebasi,,351,1009475,0
Ogogo,,777,1009464,0
Rivel,,762,1009414,8
Zana,,382,999666,3
Ichithe,,774,999601,0
Tonantzin,,433,999537,1
Ellen,,545,989648,0
Seasoning,,373,989626,1
Lotti,,375,989610,1
Vubroshi,,232,989607,2
Helzard,,694,989591,1
Steck,,477,989565,3
Huang,,290,989547,2
Seleness,,491,989544,3
Mandy,,640,989541,3
Eightdays,,748,989538,4
Venri,,379,989525,3
Jujoli,,338,989482,10
Thunder,,399,989441,4
Ejenri,,513,989432,5
Dubet,,396,989407,1
Magess,,539,979652,2
Colono,,612,979644,2
Novithre,Challenger,322,979632,4
Borzi,,334,979568,3
Vodoz,,371,979562,5
Saces,,368,979545,1
Lulu,,514,979490,0
Alice,,327,979456,2
Kele,,522,979432,0
Chupa,,608,979423,3
Befroki,,307,979420,0
Cuki,,341,979418,1
Roza,,440,969707,0
Reaper,,285,969706,0
Sydlyn,,543,969615,2
Rumum,,475,969591,0
Ebrig,,427,969563,1
Sati,,655,969528,2
Gululi,,798,969519,3
Artemida,,292,969502,3
Vicky,,424,969500,3
Korkaine,,734,969444,2
Mahoblaze,,373,969403,4
Onthereg,,463,959798,0
Jefrage,,451,959779,0
Kurvescici,,575,959755,1
Shinigami,,697,959730,0
Nogada,,395,959700,0
Kobi,,941,959679,0
Homeza,,663,959670,0
Kalyse,,470,959638,0
Rerta,,473,959618,0
Gandalf,,386,959588,0
Olivia,,358,959577,0
Ashirdim,,965,959576,1
Sene,,515,959567,0
Vezathi,,526,959564,2
Wife,Challenger,343,959497,11
Hithi,,526,959479,3
Mutha,,459,959474,5
Kurti,,308,959472,5
Mave,,327,959465,0
Acoljnsd,Challenger,749,959433,3
Wilk,,981,949648,1
Caje,,779,949589,2
Catheni,,843,949568,6
Avens,,637,949535,2
Phaquetoo,,387,949518,6
Tersl,,433,949508,1
Bibi,,262,949467,4
Tirzudne,,748,949447,4
Naleje,,529,939609,0
Meukct,,345,939608,0
Lara,,406,939607,1
Tulthtoy,,553,939572,1
Devoci,,830,939568,2
Donkey,,428,939559,2
Tsotsi,,287,939559,5
Ovul,,273,939532,1
Xiera,,290,939523,0
Thorson,,506,939517,5
Goodtea,,526,939505,1
Ahoni,,345,939496,5
Adurde,,331,939457,1
Tesha,,573,939456,6
Izekri,,331,939453,0
Zuthin,,335,939448,10
Ciupaaaaa,,437,939447,3
Licuk,,289,939439,6
Zojem,,376,939436,1
Cekra,,576,939434,6
Mabi,,352,939431,2
Syanne,,275,939429,1
Iraji,,568,939426,4
Dobog,,886,939417,0
Reichert,,772,939408,5
Tavi,,365,929603,4
Cifresi,,982,929578,1
Ozud,,335,929567,0
Scarlet,,614,929552,0
Reta,,273,929541,3
Trigger,,559,929538,1
Lunar,,259,929536,2
Ovag,,786,929533,0
Irziz,,528,929527,1
Gella,,239,929512,8
Izethes,,520,929501,12
Avanna,,323,929485,2
Anowen,,420,929481,7
Vufrem,,276,929481,4
Miranda,,303,929469,3
Jonathan,,698,929459,0
Kaza,,311,929457,2
Tejanri,,626,929454,6
Ejit,,627,929452,3
Teja,,791,929447,3
Pipzham,,291,929430,1
Maamaa,,409,929423,1
Duson,,244,929416,2
Varda,,742,929408,8
Fate,,718,929406,9
Elleje,,520,919725,1
Hong,,487,919607,0
Cozovra,,356,919542,2
Diabastik,,244,919503,4
Matali,,280,919458,2
Gevol,,349,919400,0
Tmpjohnson,,685,909794,1
Betheza,,575,909784,1
Anqnf,,722,909781,2
Imuket,,739,909756,3
Fangyatian,,691,909737,0
Kordios,,540,909718,1
Juji,,379,909697,0
Susa,,498,909686,0
Jima,,310,909683,2
Egypt,,656,909682,2
Viji,,670,909678,0
Ikevre,,374,909670,1
Prayla,,438,909652,1
Laza,,560,909649,1
Firestorm,,779,909649,2
Dashabi,,729,909643,1
Sarah,,595,909641,1
Innulla,,305,909640,0
Ceca,,258,909638,2
Temp,,387,909633,2
Arcubez,,691,909632,4
Gorbycz,,239,909614,3
Levistus,,784,909613,20
Ezekre,,314,909608,3
Gaya,,723,909602,3
Zigol,,613,909599,1
Vunna,,240,909594,0
Jinks,,294,909592,1
Page,,304,909590,2
Vyni,,362,909589,8
Kola,,678,909587,0
Ercilla,,273,909586,0
Edas,,386,909584,6
Gromeice,,311,909583,0
Coguda,,468,909576,1
Oliy,,968,909573,11
Jilit,,702,909573,8
Iral,,328,909566,7
Huhi,,455,909560,0
Ellobrin,,439,909547,0
Rahn,,542,909543,3
Laffcarla,,700,909538,6
Odati,,477,909532,0
Rucon,,275,909527,12
Jerge,,211,909525,7
Anon,,526,909508,6
Pantomime,,234,909504,0
Siff,,643,909492,4
Megaman,,419,909490,0
Jete,,389,909477,1
Javuse,,342,909459,1
Mithem,,256,909457,0
Otek,,310,909445,2
Acanna,,752,909440,4
Huka,,382,909429,5
Vyssevent,,410,909426,1
Okuthe,,283,909419,4
Azodea,,745,909418,0
Rusaber,,316,909410,5
Ruletka,,350,899485,6
Ajille,,302,899472,3
Ritot,,302,899434,10
Silver,,498,899409,8
Digraza,,440,889628,11
Ijid,,293,889605,3
Maze,,687,889524,3
Sydney,,248,889505,1
Erdak,,878,889500,5
Tzeenchh,,240,889434,3
Ogrenos,,315,889422,3
Suli,,308,889408,6
Macis,,285,889406,0
Vage,,454,889405,4
Dashan,,510,879562,1
Avrartiz,,266,879554,1
Hetargi,,323,879511,0
Wizard,,613,879487,0
Pochichu,,385,879453,1
Hakon,,300,879439,2
Asaza,,232,879439,4
Rudebwoyy,,271,879434,1
Celeste,,243,879431,4
Agune,,291,879431,0
Erzidel,,326,879412,1
Tede,,465,869638,2
Dichis,,407,869625,6
Norzun,,465,869562,5
Gonin,,436,869551,4
Rogi,,234,869527,2
Ricin,,356,869499,12
Vincent,,237,869475,2
Megicwend,,235,869447,9
Pretty,,258,869428,0
Ejuk,,254,869417,7
Jertethi,,553,869406,2
Redshirt,,261,869401,5
Athera,,852,859867,0
Ovot,,757,859804,2
Aguz,,365,859794,1
Morgull,,475,859785,2
Gupenmen,,409,859712,0
Asuna,,791,859676,0
Tracy,,641,859673,0
Dima,,211,859656,1
Abola,,377,859636,2
Chika,,474,859506,0
Nycer,,313,859499,10
Ashafre,,289,859458,11
Hidnaz,Challenger,286,859453,4
Duggada,,370,859424,0
Ikid,,460,859410,16
Ihon,,333,849604,6
Denrik,,240,849527,1
Enif,,341,849522,0
Smokie,,354,849521,1
Chromia,,739,849509,2
Osokel,,293,849492,5
Cimella,,369,849464,4
Nelul,,224,849432,3
Benita,,314,849429,5
Abeg,,588,849427,0
Jasiu,,740,849426,8
Gomaza,,423,849415,2
Kushes,,437,839661,3
Mdcube,,603,839600,0
Mosh,,185,839545,1
Rathos,,398,839518,6
Siki,,252,839502,5
Biga,,337,839501,2
Tempelle,,263,839484,5
Ashek,,371,839457,4
Ithariel,,552,839456,0
Ifral,,289,839431,9
Munkey,,348,839426,4
Magnus,,336,839421,0
Fyre,,269,839403,6
Zavela,,342,829675,0
Nikzork,,415,829622,0
Hetoma,,268,829577,2
Myalgia,,293,829570,7
Itace,,282,829559,5
Tabra,,495,829555,15
Gianna,,528,829546,0
Galadriel,,278,829526,1
Nirtak,,330,829497,2
Kathol,,396,829485,0
Fandolf,,264,829475,4
Aldebaran,,256,829473,2
Anithi,,209,829414,1
Eunbume,,642,829410,0
Pizzahut,,279,829409,3
Mona,,300,829400,6
Herd,,394,819779,0
Small,,355,819606,5
Thor,,653,819589,7
Hitha,,194,819580,2
Icez,,316,819549,1
Hero,,313,819520,0
Hitha,,208,819508,5
Castem,,270,819472,5
Rast,,310,819455,3
Jaraz,,397,819443,4
Egrorgi,,259,819405,0
Izag,,316,809802,0
Anqnf,,562,809731,0
Tomtom,,482,809726,0
Rellon,,484,809708,0
Jiva,,337,809702,0
Korbot,,189,809687,0
Ardinris,,226,809683,0
Evil,,548,809677,1
Wogzy,,497,809667,1
Milkara,,339,809665,1
Arlet,,241,809662,0
Osarce,,295,809656,2
Avezez,,347,809639,0
Techesha,,250,809630,0
Gokot,,342,809630,1
Biotech,,817,809619,7
Benimaru,,221,809615,0
Zerxes,,261,809605,6
Bigrid,,484,809600,1
Dabrit,,257,809597,0
Kobregre,,472,809593,5
Hazi,,225,809578,0
Honnome,,464,809558,1
Kizume,,299,809558,2
Alita,,604,809556,1
Flutterbye,,334,809554,1
Vezuz,,268,809550,0
Abiu,,232,809534,0
Freya,,490,809525,2
Roci,,209,809515,0
Prosperia,,442,809512,0
Babo,,186,809512,8
Hyunipapa,,369,809509,1
Vizi,,262,809505,0
Ratzfatz,,363,809504,2
Tecet,,278,809502,0
Evit,,287,809493,1
Amber,,570,809475,0
Erin,,517,809473,4
Ahekrud,,297,809472,8
Alhemik,,511,809470,6
Hoha,,199,809467,1
Integra,,291,809462,4
Asom,,374,809451,0
Ffly,,341,809443,2
Ambition,,289,809413,0
Froste,,480,799709,0
Honkytonk,,413,799620,3
Veveni,,378,799526,2
Hashije,,576,799430,9
Raze,,697,799428,0
Sabin,,470,799415,4
Kafka,,233,799411,5
Frier,,326,799406,6
Event,,365,789623,0
Baby,,359,789591,0
Maleficent,,271,789578,3
Denial,,381,789548,0
Nugrode,,296,789546,2
Silver,,648,789529,1
Tosha,,253,789527,8
Eventox,,491,789504,1
Lujovra,,577,789470,1
Hace,,248,789451,5
Potter,,456,789446,2
Vebeta,,290,789413,3
Margaz,,253,789405,2
Medivh,,255,779620,0
Tebow,,317,779598,1
Ethal,,245,779576,4
Snow,,492,779574,0
Okam,,554,779570,0
Dujenri,,308,779566,1
Ashurcim,,217,779560,3
Elez,,259,779558,5
Alukik,,293,779524,9
Sloop,,308,779492,1
Vefruthi,,300,779484,5
Dgledge,,388,779462,2
Annudod,,221,779447,1
Zinrede,,233,779443,4
Brigid,,576,779440,0
Single,,467,779406,2
Pitsa,,196,769672,4
Angel,,212,769524,0
Ogan,,257,769480,4
Okut,,228,769474,15
Imisid,,406,769469,5
Ivis,,279,769434,0
Cisticola,,298,769406,2
Bahlzach,,212,759785,0
Merithes,,237,759762,0
Rushishi,,418,759750,0
Osishi,,461,759747,1
Thedude,,337,759727,3
Suvoka,,175,759723,4
Gandalf,,247,759704,0
Saphyre,,296,759687,4
Amonxxx,,374,759684,1
Iveka,,543,759672,0
Setin,,279,759668,1
Oloz,,478,759663,0
Maedhros,,241,759636,1
Vikra,,217,759603,3
Gitsa,,298,759568,0
Sabatron,,279,759547,0
Aawsm,,281,759545,4
Saddeb,,365,759538,2
Hirte,,222,759536,18
Ceallach,,462,759516,3
Tide,,249,759508,0
Jevanilla,,308,759497,2
Maggie,,463,759460,6
Nishoka,,324,759457,1
Bingbong,,594,759433,23
Soci,,259,759432,0
Mekoz,,547,749555,0
Luba,,224,749541,5
Ggabyy,,318,749520,5
Sauron,,414,749514,8
Zubrerka,,191,749415,6
Kodnag,,238,739692,4
Aeoyn,,409,739643,0
Estilos,,252,739643,1
Vithedni,,323,739622,1
Noled,,223,739619,2
Sifrak,,334,739563,2
Lulux,,269,739561,6
Sozudre,,266,739543,0
Vevredne,,337,739539,0
Ehama,,488,739537,0
Kothi,,193,739522,0
Vuce,,323,739465,5
Eshija,,296,739457,4
Silvermoon,,178,739410,4
Buzzard,,323,739402,1
Muja,,180,729806,1
Sovos,,264,729742,2
Nicalia,,275,729717,0
Dovad,,202,729660,2
Kevet,,121,729654,0
Zigradri,,181,729639,0
Pokus,,224,729634,1
Dumil,,230,729622,0
Ithidrus,,307,729621,3
Artomad,,208,729612,1
Sukre,,173,729555,0
Ronez,,390,729550,0
Phaaco,,502,729542,5
Vurga,,176,729497,2
Soly,,187,729495,0
Dynn,,217,729484,1
Dima,,194,729453,1
Vinazi,,160,719696,0
Laolin,,204,719688,1
Mota,,187,719677,2
Krzysztof,,153,719672,0
Jera,,162,719670,7
Ovuvra,,170,719626,1
Ahera,,302,719613,0
Elsa,,228,719593,3
Ogod,,317,719587,1
Dhiegho,,214,719582,0
Esika,,185,719578,3
Morgana,,201,719555,1
Erutel,,249,719512,4
Omaza,,192,719508,1
Tudan,,312,719501,6
Tega,,246,719491,6
Haze,,193,719487,7
Bennet,,447,719424,0
Setha,,211,719401,3
Jocheji,,458,709843,1
Kove,,248,709806,0
Rumagii,,315,709789,1
Bimbino,,211,709786,0
Jirkidi,,536,709777,0
Athol,,650,709773,0
Gaki,,189,709765,0
Akul,,276,709761,1
Ebin,,312,709757,0
Vuros,,483,709748,0
Tazwong,,216,709740,0
Atom,,316,709733,0
Mikrud,,366,709728,0
Essraelo,,296,709727,1
Dedra,,279,709712,1
Illisha,,315,709682,1
Hexastern,,381,709659,1
Ehog,,525,709657,4
Aphrodite,,318,709654,3
Idleist,,175,709653,4
Gemfarmer,Challenger,362,709644,0
Briella,,269,709637,0
Shunje,,242,709602,6
Deve,,536,709601,1
Linne,,174,709580,0
Pwnz,,676,709554,4
Azebe,,187,709543,5
Enranetri,,253,709534,0
Ocuge,,227,709521,0
Init,,221,709516,0
Mira,,174,709411,6
Tiraegoza,,374,699655,5
Hekika,,208,699612,3
Zigre,,305,699469,5
Dexter,,229,699435,5
Othenna,,198,699430,0
Ecod,,294,699423,2
Orgukin,,263,699404,6
Tempo,,199,689696,1
Teham,,201,689633,1
Kuba,,217,689606,3
Scarlet,,251,689580,5
Akithe,,312,689550,7
Egez,,158,689541,2
Lilla,,172,689503,4
Hini,,151,689491,2
Zova,,247,689485,0
Deauxmonde,,196,689459,3
Ixion,,213,689454,10
Lightning,,306,689450,0
Osas,,303,689429,4
Omet,,292,689429,0
Noobmage,,159,689427,5
Vuloz,,220,689407,4
Mura,,401,689407,0
Jali,,203,689403,3
Davil,,235,679659,5
Kuca,,275,679630,0
Ooxx,,268,679597,3
Adolfine,,295,679582,1
Hithebe,,165,679575,2
Rezvan,,226,679568,1
Dice,,285,679538,4
Baturzi,,171,679493,0
Aliz,,208,679473,1
Alduin,,297,679445,2
Elisea,,373,679423,3
Raistlin,,214,679423,0
Zodd,,194,679419,3
Christine,,235,679418,0
Gachevra,,182,679406,1
Cerebro,,219,679400,2
Bicana,,141,669749,1
Leti,,287,669714,0
Drkmnstr,,335,669701,1
Tera,,249,669690,0
Temporion,,414,669652,2
Icimi,,265,669652,1
Mevrak,,421,669613,5
Molon,,214,669600,0
Visani,,378,669582,4
Hevig,,127,669575,7
Abysses,,188,669559,6
Lavruca,,326,669558,3
Pendell,,184,669532,3
Kukrare,,241,669529,2
Akok,,338,669523,1
Magdal,,331,669511,7
Aleria,,225,669504,9
Joke,,175,669485,0
Tranquilo,,339,669457,5
Gerald,,163,659813,2
Korgw,,137,659739,0
Starr,,178,659725,0
Magie,,366,659719,0
Tonnit,,392,659719,2
Bazoje,,228,659708,1
Lorenza,,194,659704,1
Deusa,,226,659704,2
Imas,,224,659702,0
Kurca,,195,659658,0
Earendil,,277,659657,0
Late,,173,659655,5
Athertit,,413,659625,0
Nuki,,182,659611,4
Toje,,353,659610,1
Rale,,365,659598,1
Junior,,534,659598,1
Akicc,,254,659591,8
Arden,,153,659591,0
Bennevi,,434,659570,0
Milina,,269,659556,2
Enigma,,188,659555,4
Lineja,,327,659554,0
Cromwell,,208,659528,3
Kekrobi,,555,659525,0
Illos,,162,659523,0
Megan,,223,659512,9
Emumit,,322,659502,0
Nacaraixo,,162,659476,0
Hello,,266,659469,0
Wowaoa,,295,659447,1
Flair,,154,659442,3
Tiva,,130,659433,12
Zarkon,,262,659429,6
Johi,,190,659422,2
Ahemi,,216,659409,12
Sova,,276,649698,0
Remoche,,189,649657,0
Fashu,,166,649651,1
Lala,,156,649625,5
Jenara,,138,649620,0
Dohi,,286,649597,1
Otaha,,192,649566,2
Zedrad,,194,649477,4
Bohanra,,189,649464,7
Lase,,182,649454,2
Numek,,216,649435,5
Zedicus,,168,649415,3
Medea,,283,639815,0
Etume,,219,639624,1
Marca,,161,639603,4
Juboz,,338,639580,0
Torana,,298,639559,0
Azeroth,,378,639551,3
Erik,,128,639537,1
Skadawish,,236,639527,3
Iginre,,226,639523,0
Irid,,144,639501,1
Muha,,427,639500,1
Icen,,241,639499,2
Aluli,,167,639492,4
Huvura,,360,639487,2
Lodni,,345,639483,1
Quester,,186,639446,7
Idal,,143,639440,1
Mila,,151,639431,0
Turgoz,,374,639428,1
Serra,,137,639420,1
Kenarda,,200,639419,0
Freyr,,187,639412,4
Alile,,297,639411,1
Pyrex,,160,639400,0
Niamh,,279,629727,0
Nuji,,128,629694,0
Jessicum,,189,629661,1
Athovam,,168,629620,0
Wendy,,176,629616,1
Emuva,,216,629582,0
Comun,,109,629552,3
Matches,,518,629550,1
Freya,,238,629535,4
Fafa,,235,629493,10
Innima,,107,629488,2
Ovofri,,192,629482,6
Bara,,364,629476,5
Cuchi,,149,629472,2
Baixiuxiu,,197,629437,12
Orol,,185,629428,4
Nari,,128,619713,3
Magerunner,,255,619711,1
Mamolla,,167,619699,6
Ahete,,212,619599,2
Chuffa,,246,619594,0
Nura,,165,619586,3
Stella,,147,619583,0
Konros,,155,619571,3
Cassia,,278,619563,3
Ifulius,,155,619559,7
Neba,,111,619555,0
Gofri,,285,619534,0
Event,,150,619533,5
Toni,,180,619527,2
Akrite,,210,619526,8
Zennina,,421,619524,6
Gevras,,172,619517,1
Bigdanger,,199,619504,6
Seca,,200,619480,1
Spirit,,149,619459,6
Ezegi,,378,619452,5
Losa,,162,619450,3
Moli,,169,619448,1
Wigglybitz,,216,619439,0
Atenez,,161,619434,1
Akunne,,206,619423,2
Code,,232,619415,3
Oparlaba,Centurion,2227,609953,0
Anatit,,285,609847,0
Cizezi,,87,609777,1
Odnot,,73,609746,0
Tironius,,120,609744,1
Nuna,,152,609740,2
Ercus,,258,609740,5
Rashnog,,118,609717,0
Dony,,185,609717,0
Fyre,,189,609712,1
Nikez,,180,609710,0
Sushini,,193,609708,0
Azul,,245,609707,7
Bube,,274,609704,3
Incoldar,,144,609697,1
Hobe,,106,609697,0
Shay,,191,609696,1
Sotha,,137,609686,2
Hirceg,,109,609682,0
Irzafrin,,167,609661,1
Asaba,,181,609652,0
Furiosa,,343,609648,2
Rapiduza,,241,609647,0
Ivog,,107,609643,1
Zitha,,148,609633,6
Goliwok,,311,609627,7
Lashule,,168,609621,1
Arkik,,345,609616,0
Igisev,,128,609609,1
Kizi,,169,609607,0
Maxus,,259,609594,0
Eithne,,269,609570,6
Elash,,161,609566,1
Cress,,140,609553,0
Ania,,190,609551,20
Ergazem,,173,609540,10
Dela,,148,609537,1
Judnin,,141,609530,1
Ilya,,323,609527,0
Idnavri,,117,609518,13
Sobakado,,181,609511,1
Preda,,130,609488,5
Rabaza,,113,609464,2
Karryn,,122,609445,5
Litarifa,,389,609440,0
Irgije,,226,609433,18
Oshorka,,177,609418,0
Vadas,,148,599771,1
Gije,,167,599745,0
Artuci,,270,599635,2
Diana,,148,599583,2
Dryzden,,108,599581,4
Tomskie,,152,599547,6
Sagivri,,249,599499,3
Oleba,,156,599457,0
Irelil,,213,599457,3
Jeshe,,258,599445,13
Mullaki,,217,599444,8
Iziha,,159,599424,6
Orcot,,178,599416,0
Ishuk,,167,589751,4
Ifrul,,177,589711,1
Gabrielx,,186,589688,6
Gatha,,341,589683,0
Ichum,,125,589650,4
Vladimir,,180,589619,1
Kissforme,,233,589612,1
Anneve,,181,589607,0
Hikuri,,174,589599,7
Event,,256,589589,0
Poooooo,,159,589568,1
Darko,,137,589542,0
Hezuka,,404,589524,0
Azashug,,304,589519,0
Acod,,542,589504,6
Iritog,,287,589502,0
Ogod,,412,589498,0
Cotterlee,,109,589489,4
Bubel,,193,589472,5
Abys,,218,589470,1
Mordam,,183,589457,4
Motim,,199,589451,3
Lirga,,190,589446,2
Amas,,196,589425,0
Ivom,,190,589421,1
Mgtwo,,292,589418,4
Sefrili,,470,589408,1
Sabaton,,174,579737,1
Blobber,,135,579676,0
Gary,,61,579600,2
Ezog,,196,579594,1
Delicha,,177,579586,0
Izajud,,197,579580,11
Esodrol,,163,579574,5
Zodom,,160,579571,2
Ljng,,124,579553,1
Harkoja,,176,579551,5
Bifrumi,,162,579533,5
Juti,,143,579514,3
Quintessa,,331,579487,1
Hite,,147,579462,2
Abrosi,,197,579461,1
Avada,,135,579425,5
Rashos,,153,579414,0
Mishi,,106,569675,2
Prosauce,,279,569648,3
Miao,,267,569646,2
Zize,,184,569584,8
Vada,,353,569570,1
Ekume,,152,569569,3
Saran,,144,569537,2
Lancy,,121,569535,0
Erik,,154,569530,16
Zirgose,,287,569517,5
Karcefri,,117,569458,2
Ebedi,,153,569403,8
Kirde,,89,559870,3
Asshole,,238,559781,1
Pastelka,,118,559772,0
Zula,,106,559772,0
Lized,,147,559753,0
Godamor,,418,559737,0
Tacherce,,207,559733,1
Jelle,,145,559727,2
Viled,,193,559723,0
Oshocol,,249,559701,1
Farmeur,,143,559697,1
Airanwen,,200,559665,3
Rotheve,,140,559660,0
Eras,,215,559652,0
Coco,,187,559643,1
Hiki,,166,559630,0
Dali,,155,559626,0
Phenyx,,248,559624,0
Kadre,,273,559621,1
Larkcise,,125,559616,1
Marivanna,,308,559612,0
Freya,,197,559611,0
Arvid,,184,559607,0
Iris,,135,559603,5
Henrud,,126,559602,1
Mucumi,,128,559599,3
Zirilla,,259,559590,3
Aeia,,220,559576,0
Mehine,,105,559570,2
Duma,,273,559565,0
Doodyhead,,112,559553,0
Jinrus,,130,559550,0
Kimi,,116,559544,2
Asirel,,234,559544,1
Dude,,125,559539,4
Liha,,95,559538,15
Eilistraee,,177,559531,14
Sice,,128,559503,0
Innirdes,,322,559492,0
Rannig,,208,559490,0
Nast,,183,559487,0
Irkem,,166,559481,11
Philip,,124,559464,6
Idinne,,183,559443,3
Minema,,185,559439,3
Zvera,,146,559427,13
Dedni,,154,559418,4
Jenrez,,150,549728,0
Titit,,110,549655,3
Loha,,210,549653,0
Judna,,166,549632,2
Arielle,,142,549602,0
Arzede,,201,549596,3
Cuja,,141,549560,3
Damm,,208,549559,1
Othim,,152,549552,0
Bolter,,204,549552,5
Etiza,,95,549540,2
Binum,,140,549534,1
Karand,,152,549507,8
Zerog,,215,549460,3
Ofrugre,,267,549437,4
Kaleb,,112,549425,5
Emen,,170,549409,16
Elizabeth,,106,539688,0
Tara,,193,539688,5
Vebug,,258,539675,1
Hadra,,280,539658,7
Icelaz,,323,539655,1
Agunne,,288,539652,0
Calida,,171,539649,0
Eventmage,,138,539644,0
Lesal,,171,539635,1
Ibinna,,103,539635,1
Alul,,171,539616,6
Exmoice,,73,539587,1
Lidnos,,186,539557,2
Timantha,,313,539555,8
Ogniwkowy,,148,539546,2
Menoknow,,169,539539,0
Replika,,147,539531,1
Majisto,,356,539522,0
Zeha,,130,539515,2
Tutha,,296,539499,0
Asok,,153,539488,4
Mujaz,,243,539486,0
Sonra,,107,539472,8
Djopa,,141,539468,0
Igerked,,162,539461,7
Bugsbunny,,136,539461,1
Elise,,330,539460,1
Eses,,192,539449,1
Valak,,308,539447,2
Vezugi,,119,539421,3
Vuchaz,,182,539418,1
Huli,,221,539415,4
Iris,,198,529780,3
Sasi,,220,529745,0
Duhis,,208,529696,0
Jobare,,179,529653,4
Moose,,117,529626,2
Odivul,,150,529618,2
Linnici,,143,529596,0
Notushe,,132,529596,0
Triss,,176,529573,1
Zigzag,,259,529558,2
Charity,,125,529555,1
Ebiga,,152,529545,1
Kannik,,149,529541,1
Ennul,,137,529536,3
Sexyjohn,,316,529494,0
Jofri,,201,529481,2
Irkishe,,200,529476,4
Aurora,,106,529473,6
Ihonin,,142,529442,0
Anagros,,406,529424,0
Anubiss,,102,529412,2
Ariel,,179,529409,1
Fhuckyou,,271,519763,0
Spid,,142,519738,0
Jasper,,254,519720,2
Nuha,,144,519716,0
Fairshtor,,65,519670,5
Jathone,,113,519648,2
Tnqls,,148,519606,1
Mart,,112,519593,0
Juhod,,65,519586,0
Sonudni,,211,519582,4
Punisher,,161,519582,4
Spud,,136,519564,1
Bufreca,,114,519560,6
Athiba,,71,519560,1
Evento,,264,519552,6
Cmenezes,,117,519544,1
Coconutts,,132,519531,5
Zodnenra,,153,519512,10
Arwen,,254,519509,6
Ahat,,143,519495,5
Leona,,128,519490,3
Nuvetha,,107,519452,3
Gabasi,,229,519450,13
Garce,,95,519434,6
Yuri,,258,519421,7
Puppydog,,137,519411,0
Nachtmahr,,340,509856,0
Vune,,256,509815,0
Ziggy,,107,509811,0
Jaren,,191,509799,0
Hawa,,150,509779,0
Nefri,,151,509777,1
Kishi,,195,509774,2
Ruvod,,202,509766,1
Hope,,228,509765,0
Ibeche,,95,509765,0
Lushed,,147,509762,0
Crazymage,,41,509761,0
Rilth,,192,509745,0
Leki,,277,509743,1
Weymarn,,237,509736,0
Nyelia,,112,509727,5
Rojun,,96,509721,0
Arces,,76,509715,0
Zive,,158,509713,1
Dumberboi,,132,509711,2
Ronan,,222,509705,0
Schmerzi,,193,509697,0
Cujis,,140,509689,0
Adrejos,,95,509676,1
Connasse,,156,509664,0
Kisha,,244,509660,2
Soda,,153,509658,3
Michal,,160,509652,0
Slingsen,,171,509652,0
Fastfoward,,179,509648,0
Cula,,64,509647,0
Daguz,,226,509647,2
Odote,,120,509646,3
Ekran,,214,509646,0
Bozas,,105,509643,1
Circa,,217,509641,0
Kesuk,,106,509640,2
Cobiz,,153,509637,0
Azorti,,195,509637,0
Aria,,111,509633,0
Korta,,117,509633,0
Musa,,204,509633,0
Dena,,192,509633,0
Okudo,,171,509632,0
Iriz,,284,509632,0
Sarix,,284,509632,9
Ikoboz,,380,509631,0
Saram,,168,509629,1
Edronnad,,126,509627,0
Libratory,,87,509626,0
Culli,,72,509623,0
Ircodri,,144,509622,0
Lillum,,193,509622,0
Jeshat,,194,509621,0
Gzela,,134,509615,0
Casi,,79,509603,1
Tunna,,113,509603,0
Meiguiwang,,64,509601,0
Melisandra,,170,509592,1
Elolle,,57,509586,3
Ilite,,128,509579,2
Jave,,100,509573,5
Illirza,,112,509572,3
Kiri,,162,509558,2
Osez,,119,509558,0
Soonsoo,,140,509554,4
Bivri,,128,509550,1
Greb,,213,509550,0
Igrohi,,124,509549,0
Arkom,,154,509549,3
Hell,,185,509548,0
Igal,,87,509544,1
Vakuna,,97,509542,4
Zevi,,82,509534,1
Paffine,,113,509532,2
Agathok,,116,509523,0
Purge,,134,509516,0
Yzis,,135,509512,5
Vugre,,204,509503,3
Bahi,,96,509502,4
Icemist,,181,509500,4
Kuca,,138,509490,0
Procarry,,187,509485,5
Ezio,,228,509477,0
Risi,,176,509475,0
Irgufra,,261,509472,1
Padme,,143,509466,0
Romos,,107,509447,3
Gayip,,222,509445,1
Kara,,211,509401,0
Szendi,,181,499673,1
Vagoce,,125,499665,0
Bawlz,,126,499639,0
Ikata,,74,499627,1
Herbert,,98,499615,3
Xoimage,,156,499611,1
Dathi,,121,499581,2
Eguz,,54,499577,3
Elthine,,55,499552,5
Biba,,206,499524,1
Nelcris,,144,499523,4
Irzothe,,141,499517,4
Alanna,,214,499495,0
Cirael,,89,499471,4
Magetastic,,91,499466,5
Xxxx,,93,499465,4
Anarchist,,124,499442,2
Tiayooooo,,138,499417,13
Rukoes,,165,499409,3
Isseee,,123,499405,3
Monserata,,77,489765,0
Billyboy,,241,489689,1
Durza,,204,489667,0
Mercedes,,160,489662,2
Wisha,,202,489661,2
Inrohe,,186,489619,6
Idnol,,101,489619,1
Athuniz,,214,489602,0
Tzasstam,,76,489593,1
Tebran,,133,489592,2
Ezume,,101,489586,2
Waxicol,,293,489581,6
Tege,,112,489576,4
Kushes,,148,489556,1
Onrenak,,64,489544,4
Junior,,77,489543,0
Ksena,,100,489539,1
Onrole,,156,489538,0
Pepe,,142,489526,1
Macqueen,,167,489521,1
Rerida,,155,489517,1
Gazin,,117,489513,0
Misil,,233,489496,0
Rose,,109,489489,1
Giao,,251,489489,0
Jerischi,,144,489482,2
Ehunne,,155,489480,2
Eral,,123,489479,7
Chani,,162,489479,1
Gecogri,,110,489472,1
Keppis,,169,489458,1
Pizza,,213,489437,0
Pinoqho,,123,489413,4
Oberon,,140,489407,0
Merlin,,190,489400,0
Hidrok,,140,479781,0
Ejamis,,145,479690,0
Wrath,,172,479690,1
Cuchegra,,154,479683,2
Akaze,,93,479681,1
Gukas,,129,479647,3
Ennet,,99,479626,1
Ebram,,144,479618,0
Zurdem,,105,479599,0
Argatis,,101,479597,1
Olutin,,128,479588,1
Zomby,,125,479587,0
Shane,,103,479586,0
Gasal,,148,479582,1
Mosha,,147,479573,1
Belata,,122,479566,2
Givre,,108,479566,1
Ishunre,,141,479549,1
Evol,,154,479544,2
Alfred,,149,479519,3
Ghuleh,,71,479519,3
Dorzon,,131,479505,5
Ohes,,159,479496,0
Jurzeda,,99,479490,3
Zalubi,,186,479487,1
Arerze,,149,479477,2
Ilime,,90,479467,6
Illidan,,102,479449,20
Guvoma,,116,479448,3
Seda,,129,469754,0
Vigi,,114,469686,1
Rumborak,,96,469670,3
Afrig,,87,469658,0
Toki,,122,469641,0
Egaci,,120,469634,1
Redtea,,176,469623,0
Zuthat,,189,469615,5
Saelyra,,105,469611,1
Tomokichi,,119,469608,4
Aster,,115,469587,0
Hana,,180,469576,1
Cokirka,,104,469563,1
Wamba,,101,469491,3
Zirke,,64,459864,4
Vaje,,114,459822,0
Muve,,179,459816,0
Sorry,,154,459791,0
Vallel,,301,459781,0
Gakuka,,130,459736,3
Gale,,141,459723,0
Garci,,163,459720,0
Goranee,,249,459715,0
Aldenaco,,153,459710,4
Green,,130,459699,0
Ihod,,77,459689,0
Zema,,148,459685,0
Ivirti,,102,459680,0
Othikim,,64,459656,0
Ozan,,114,459650,0
Velad,,136,459641,1
Kotara,,165,459628,0
Irzis,,149,459622,0
Looedn,,169,459620,0
Brains,,25,459619,5
Bojaz,,185,459617,1
Dziunia,,142,459607,0
Sokok,,177,459607,0
Zodra,,122,459598,0
Zirdira,,71,459587,0
Pokpokita,,189,459569,0
Initor,,187,459564,0
Farmiss,,121,459551,0
Zerosixty,,128,459549,1
Hazirki,,178,459538,0
Bateli,,145,459528,0
Ecate,,61,459485,7
Niret,,90,459467,0
Leela,,337,459465,0
Dalinka,,93,459431,1
Athenni,,125,459416,1
Juthom,,167,449777,0
Egokra,,55,449742,1
Xixilia,,58,449738,1
Crownenki,,175,449719,0
Suchut,,139,449692,2
Vita,,163,449676,5
Eabha,,57,449664,0
Kenz,,108,449647,1
Fallen,,133,449642,1
Holeefuk,,104,449642,1
Enun,,123,449622,3
Kaguya,,173,449605,1
Bitscho,,151,449539,5
Tanya,,238,449519,4
Gaskeun,,145,449513,0
Tane,,84,449453,1
Momobra,,58,449432,8
Arceve,,116,449413,3
Silver,,97,449406,9
Rordon,,164,439760,1
Sauron,,97,439698,0
Avrihe,,214,439689,5
Enribi,,139,439687,0
Fayna,,143,439674,3
Wayside,,75,439651,2
Jurele,,135,439632,2
Falonah,,100,439627,0
Faleaf,,189,439625,1
Wulf,,106,439585,0
Tukrese,,100,439581,0
Ezesol,,106,439450,1
Missp,,248,439436,2
Ethirzid,,175,429696,0
Izurtak,,92,429664,1
Ebunum,,86,429659,1
Ilisom,,108,429657,0
Blasey,,87,429655,1
Inone,,95,429639,0
Zidrag,,65,429632,0
Elyie,,150,429624,0
Edine,,111,429611,0
Ovrorgaz,,87,429611,3
Milli,,114,429585,2
Elan,,113,429579,0
Irgad,,141,429579,2
Bruja,,136,429532,1
Walker,,78,429498,4
Vanrinna,,136,429478,4
Neshe,,180,419805,0
Albanecc,,56,419773,0
Gorgeta,,150,419748,4
Magrus,,98,419728,1
Kemerga,,135,419719,1
Kukosz,,53,419714,2
Trogent,,67,419711,1
Zircak,,124,419699,1
Lethag,,149,419697,0
Elafran,,99,419661,2
Drizzy,,121,419659,3
Acok,,145,419652,2
Saza,,120,419646,4
Ithas,,50,419639,1
Arzartid,,81,419635,1
Tuvan,,68,419625,3
Mimenoic,,96,419615,2
Wooram,,94,419612,8
Ehos,,57,419611,0
Cirde,,126,419573,1
Hezuche,,54,419572,4
Azin,,113,419532,0
Jira,,74,419512,1
Kulakulak,,120,419482,2
Pizda,,49,419473,2
Zikonre,,168,419459,0
Vardi,,81,419406,8
Ahas,,251,409841,0
Azot,,136,409785,1
Roshi,,181,409783,0
Riva,,20,409779,0
Iruren,,109,409775,0
Zuri,,219,409769,0
Slepy,,132,409749,0
Vage,,112,409739,0
Ozat,,133,409738,0
Pucynek,,98,409734,0
Azyrius,,114,409715,0
Kyrll,,166,409712,3
Kiba,,160,409703,0
Xuxa,,175,409703,0
Sasha,,127,409702,0
June,,143,409701,0
Ilivi,,63,409695,0
Egadne,,37,409684,0
Ashisiz,,116,409684,0
Lardut,,41,409679,2
Ehal,,64,409676,0
Osezes,,105,409670,0
Mourdock,,148,409658,0
Nutha,,159,409653,1
Ezuz,,56,409650,0
Rathi,,95,409649,0
Shyvanna,,75,409644,1
Atozi,,85,409640,0
Jelluhe,,168,409635,0
Krhwang,,91,409632,0
Solla,,168,409617,0
Melons,,118,409606,11
Osetha,,137,409598,0
Zeri,,55,409589,0
Biherce,,53,409588,0
Sage,,87,409587,0
Kormaxsim,,176,409578,3
Mischka,,299,409570,0
Reshok,,93,409567,0
Baihui,,68,409564,0
Anna,,88,409552,0
Lennuki,,153,409549,1
Bace,,138,409547,0
Ezaza,,128,409534,1
Orgam,,113,409533,0
Neha,,98,409523,0
Miky,,115,409518,1
Farmi,,116,409517,0
Renneda,,76,409435,0
Gatus,,105,409417,0
Vasa,,58,399676,0
Horstanul,,125,399670,0
Nichi,,145,399652,0
Allis,,223,399637,0
Riskyjuli,,81,399603,5
Camal,,127,399583,2
Eventoi,,111,399558,2
Powercore,,78,399555,0
Biychik,,62,399540,2
Boti,,30,399492,5
Jirena,,96,399451,1
Vabe,,168,399407,1
Byis,,38,389704,3
Buffy,,66,389680,0
Daneka,,130,389673,0
Ojanrod,,193,389663,4
Luzin,,83,389646,4
Forhim,,68,389607,0
Zosag,,75,389598,2
Iloshe,,100,389591,0
Tarzod,,41,389584,5
Dure,,70,389511,1
Kevran,,62,389488,0
Labrare,,173,389473,8
Zanni,,156,389463,0
Mule,,95,389404,1
Nuve,,78,379835,0
Vigros,,24,379775,0
Omani,,96,379716,1
Eleved,,164,379632,5
Acavi,,60,379632,2
Midna,,160,379614,0
Onlyyou,,38,379572,3
Zuzek,,103,379545,0
Noonenew,,72,379540,4
Ruvuthe,,57,379514,1
Shelby,,101,379511,0
Noschka,,98,379483,0
Okad,,203,379449,2
Imleo,,30,369846,0
Icut,,136,369781,0
Zola,,48,369758,1
Jara,,69,369736,4
Danae,,206,369728,1
Vogruthi,,159,369719,0
Zuchiz,,21,369710,0
Firemood,,31,369686,2
Kelus,,72,369663,0
Kane,,215,369627,6
Diva,,67,369576,2
Zeromi,,97,359838,0
Nanani,,154,359836,0
Ytrading,,173,359796,0
Strepto,,169,359790,2
Ottilie,,62,359783,0
Masheg,,117,359771,0
Vose,,176,359759,0
Otik,,98,359757,0
Orusha,,45,359747,0
Proteinn,,12,359743,1
Luna,,44,359723,0
Hamdeak,,71,359716,0
Igosi,,41,359706,0
Orionstwin,,196,359695,0
Magnus,,92,359682,3
Rugad,,50,359676,1
Sweety,,41,359672,0
Etubi,,85,359665,0
Merlin,,49,359661,0
Zeda,,94,359658,0
Hawk,,117,359588,0
Doven,,53,359574,0
Seta,,105,359567,0
Cyrax,,108,359564,0
Rarzi,,36,359521,1
Morke,,60,359494,0
Vedrus,,144,359468,0
Rocusa,,15,349819,1
Rubycon,,19,349769,0
Priboy,,189,349762,7
Masya,,79,349751,1
Nonubi,,65,349743,0
Corlina,,83,349740,0
Iseg,,116,349706,1
Ashol,,63,349694,1
Idrushak,,29,349670,6
Voodoclown,,142,349658,2
Ghostcat,,48,349631,1
Mesase,,43,349630,1
Deansilver,,193,349629,1
Bigfa,,86,349624,4
Ejulle,,72,349611,0
Irkube,,41,349571,0
Varvar,,36,349403,0
Innel,,159,339883,0
Nogadaman,,118,339857,1
Onros,,182,339778,0
Dildam,,130,339731,1
Powerwolf,,59,339727,0
Obel,,41,339720,1
Dired,,65,339711,0
Xardes,,36,339702,0
Lissa,,79,339678,0
Isaac,,47,339673,1
Jabreasty,,123,339624,0
Honcha,,115,339609,3
Event,,15,339572,1
Nuphred,,31,339570,1
Muvod,,48,339568,4
Cokrig,,70,339509,0
Arielle,,93,329865,0
Jethe,,87,329804,0
Enreg,,162,329764,1
Rennivre,,170,329756,0
Odram,,36,329754,0
Cigugri,,89,329742,0
Durotarmag,,21,329729,1
Emma,,63,329716,0
Tunarza,,39,329672,0
Fredina,,105,329668,2
Lefri,,64,329632,2
Sparkie,,51,329631,0
Ehozuz,,55,329575,0
Magistr,,114,329517,1
Yolo,,49,329417,2
Dante,,0,319834,0
Imatem,,91,319818,0
Allama,,57,319780,0
Xpslave,,32,319772,1
Roja,,57,319756,0
Mortime,,39,319749,3
Fumiweed,,69,319728,1
Ledys,,81,319717,0
Zurgiz,,50,319674,0
Idrethid,,157,319661,2
Horsti,,52,319643,1
Hekot,,87,319595,4
Ariten,,120,319549,7
Pentaselia,,84,309883,0
Bumus,,130,309847,0
Eric,,37,309825,0
Orak,,147,309825,0
Bedrom,,162,309791,0
Reven,,20,309789,0
Gellit,,115,309778,0
Erat,,27,309767,0
Nika,,112,309762,1
Acini,,83,309751,0
Lorga,,24,309749,0
Jojahe,,12,309749,0
Vone,,17,309748,0
Izazi,,85,309744,0
Noduk,,64,309740,0
Dopolnitel,,72,309734,0
Slalus,,64,309732,0
Shadow,,55,309723,0
Slor,,27,309721,0
Allanek,,55,309718,0
Maud,,92,309712,0
Zoke,,193,309706,2
Oloji,,34,309706,1
Inrik,,160,309704,0
Elurca,,55,309698,0
Ibobog,,70,309688,0
Onnuk,,38,309685,0
Kokomong,,24,309669,0
Cesca,,69,309666,0
Janaetha,,81,309660,0
Maggie,,13,309654,0
Azekral,,68,309648,0
Zidiak,,15,309618,0
Fenix,,81,309606,0
Bulan,,52,309511,0
Ohmygot,,77,299853,0
Enote,,22,299838,0
Steam,,11,299799,0
Hannah,,161,299755,0
Zarzire,,87,299749,1
Amiki,,13,299681,0
Came,,58,299489,0
Ceda,,220,289841,2
Nitha,,50,289810,0
Neva,,9,289810,1
Rookloljr,,10,289743,0
Obunat,,48,289681,2
Isheshe,,97,289631,4
Marlboro,,119,289599,0
Alese,,66,289575,1
Lenreze,,117,289485,20
Lenuci,,4,279827,0
Zetha,,84,279801,0
Suthi,,97,279743,0
Tume,,68,279713,0
Roguerage,,28,279699,2
Odrok,,17,279685,1
Ogunri,,56,269851,0
Morpheus,,75,269825,0
Jirki,,138,269792,0
Codra,,140,269757,0
Noone,,39,269693,1
Ihivri,,56,269666,4
Zita,,150,269649,0
Cejerzi,,109,259852,0
Jini,,76,259848,0
Athed,,53,259842,0
Kese,,132,259838,0
Ineba,,6,259818,0
Zuzathi,,69,259808,0
Esem,,17,259793,0
Erif,,61,259791,0
Smecherila,,115,259770,0
Darumka,,26,259764,0
Osas,,68,259738,0
Toki,,27,259736,1
Back,,54,249830,1
Tepoz,,5,249820,0
Grace,,27,249816,0
Raleigh,,74,249816,0
Zyleth,,82,249809,0
Arkham,,53,249781,0
Ibil,,8,249765,0
Czoniet,,79,249753,1
Lotit,,90,249730,0
Norolli,,24,249602,3
Traxiq,,87,239821,0
Dujini,,61,239802,6
Kegiva,,66,239776,0
Gaiseric,,29,239755,1
Zenky,,13,239750,0
Anece,,144,229813,0
Birzan,,6,229811,0
Ennonra,,22,229778,0
Maggy,,2,229776,0
Bevi,,64,229768,1
Lurdale,,55,229767,0
Atom,,92,229740,0
Arwen,,0,229680,0
Melonhead,,47,229673,0
Turcok,,4,219798,0
Phileos,,36,219789,2
Ziro,,34,219763,0
Codogra,,154,219761,1
Enod,,36,219746,1
Ashaza,,26,219728,1
Jela,,5,219698,2
Karmilla,,83,219405,0
Asteria,,25,209893,0
Yuseong,,81,209861,0
Darkheart,,88,209859,0
Turcobe,,0,209859,0
Pipiskaka,,24,209857,0
Mary,,85,209837,0
Kpop,,15,209813,0
Ernesto,,20,209807,0
Nabe,,8,209791,0
Irtobeg,,0,209769,0
Jaci,,0,209764,0
Movras,,0,209757,0
Vera,,41,209738,0
Medri,,27,209715,0
Ohin,,10,199940,0
Godskiller,,0,199797,0
Kifri,,22,199792,0
Frickadill,,0,199760,0
Tymczas,,31,199564,4
Arkurzog,,27,189902,1
Bigjesse,,63,189885,1
Gemike,,10,189871,0
Bifrig,,0,189741,0
Retaflcn,,12,179887,0
Devri,,0,179884,0
Zora,,17,179824,0
Msjenkins,,0,179751,0
Master,,0,179678,0
Ethuha,,29,179638,1
Rosalyn,,103,179620,0
Azuda,,0,179582,0
Keve,,6,169873,0
Amom,,0,169847,1
Nafrim,,46,169847,0
Arowx,,0,169822,1
Kezet,,11,169790,1
Ruba,,0,169764,0
Tagtraum,,136,159900,0
Supernova,,10,159898,0
Medea,,53,159864,0
Drakentrib,,0,159805,0
Zovelli,,62,159774,0
Maxmax,,0,159768,0
Koca,,21,159756,0
Eventy,,0,159746,0
Singlorein,,19,149866,0
Viza,,7,149850,0
Cepho,,0,149834,1
Othim,,0,149818,0
Mags,,0,149800,0
Suris,,0,149754,2
Abeg,,0,139877,0
Spunky,,30,139874,1
Drikamaga,,0,139869,0
Jocke,,80,139865,0
Nediza,,5,139843,0
Adrian,,0,139804,1
Ashasa,,0,139692,0
Lucifelle,,0,139421,11
Ollesa,,2,129922,0
Ozus,,104,129910,0
Peter,,0,129890,0
Spellbreak,,0,129887,0
Sices,,0,129878,0
Evrim,,0,129861,0
Rahjoim,,0,129806,0
Anna,,0,129788,0
Ducam,,0,129788,0
Ashot,,0,129774,0
Ziga,,40,129740,0
Gwen,,0,129740,0
Acad,,0,119884,0
Ashiho,,0,119869,0
Ifrit,,0,119862,0
Carde,,61,119859,1
Playplay,,54,119847,0
Magon,,0,119830,0
Azaz,,0,119824,1
Igez,,0,119554,5
Rure,,0,109909,0
Zukrote,,0,109909,0
Vonolle,,37,109904,0
Badtwobone,,0,109902,0
Cavrat,,0,109893,0
Lesha,,0,109866,0
Kujiri,,0,109864,0
Lirevra,,0,109861,0
Gates,,53,109859,0
Abrichul,,0,109858,0
Xenophobic,,0,109854,0
Mfdin,,0,109845,0
Etili,,0,109839,0
Suthut,,0,109838,0
Saji,,0,109797,0
Crownsvt,,12,109788,0
Cinrani,,0,109764,1
Reikenki,,0,109753,0
Jadum,,0,109708,0
Razet,,0,109706,0
Perris,,0,109696,1
Ryonin,,0,109690,0
Vurgobre,,0,99937,0
Sonoh,,35,99929,0
Anruk,,0,99889,0
Daynnn,,0,99889,0
Jaeduk,,0,99887,0
Zilvar,,0,99886,0
Vuli,,0,99873,0
Eshin,,1,99842,0
Ogeba,,0,99838,0
Toady,,0,99835,0
Mitzaa,,0,99834,0
Kede,,0,99834,0
Javan,,0,99832,1
Eshute,,0,99826,0
Onida,,0,99811,1
Ovraz,,0,99805,0
Zinra,,0,99800,0
Illekid,,0,99800,0
Baseja,,15,99794,0
Aurora,,0,99685,1
Ochas,,0,99623,0
Irtikem,,0,99612,2
Samanta,,0,99525,5
Erkardi,,0,89894,0
Test,,0,89878,1
Gauduli,,0,89858,0
Dejiah,,0,89854,0
Silwer,,2,89851,0
Onas,,0,89848,1
Telini,,0,89838,1
Ariman,,0,89836,0
Kimbbr,,0,89826,1
Tempest,,0,89822,0
Elose,,0,89821,1
Jiruma,,0,89819,1
Sorkuthe,,12,89817,0
Omar,,0,89816,0
Apollo,,0,89814,1
Omama,,0,89798,1
Lurci,,0,89793,1
Ejutha,,0,89792,3
Haramis,,0,89792,0
Lilith,,0,89791,2
Nacil,,0,89778,0
Amanet,,0,89777,1
Didol,,0,89774,1
Vaki,,0,89772,1
Qoyqva,,0,89760,2
Sonea,,0,89728,1
Risen,,0,89724,2
Giri,,0,89708,2
Eegekri,,0,89704,3
Blarg,,0,89699,0
Aika,,0,89678,1
Jorge,,0,89649,1
Eceg,,0,89564,5
Thorin,,127,79924,0
Ledida,,58,79920,0
Orad,,0,79915,0
Biri,,0,79913,0
Bica,,28,79908,0
Teem,,55,79903,0
Ordercol,,26,79897,0
Nanrad,,14,79889,0
Ortek,,45,79886,0
Ardeya,,0,79882,0
Rema,,0,79861,0
Maban,,49,79860,0
Slawa,,0,79852,0
Edracha,,0,79850,0
Onashu,,1,79845,0
Inez,,16,79845,0
Yyttyv,,0,79844,0
Lulu,,0,79842,0
Nitram,,0,79841,1
Soraya,,0,79838,0
Magic,,0,79838,0
Cethog,,54,79836,0
Asos,,0,79834,0
Micha,,0,79826,0
Etorket,,0,79823,0
Zeri,,22,79823,0
Bryarkun,,0,79817,1
Bama,,0,79816,0
Magera,,0,79814,0
Taipan,,120,79813,0
Neftyramsy,,0,79810,0
Irkat,,0,79806,3
Atarax,,0,79806,0
Termitto,,119,79805,0
Dodnil,,0,79801,0
Nahi,,0,79801,0
Zyprexa,,0,79800,0
Galuf,,0,79795,0
Eshica,,0,79790,1
Ertas,,0,79789,0
Sundestro,,0,79781,0
Talarde,,0,79780,2
Leelee,,0,79764,1
Athordi,,0,79763,4
Hachi,,0,79761,1
Tihi,,0,79753,0
Jirus,,0,79753,0
Akesha,,0,79749,2
Raja,,0,79741,3
Sushi,,0,79723,6
Ashobi,,0,79717,0
Everem,,0,79716,0
Morte,,0,79714,3
Omusha,,0,79714,4
Scorpiaed,,0,79714,2
Raidahcun,,0,79711,1
Tula,,0,79706,0
Tulliki,,0,79704,1
Jarva,,0,79703,1
Buduk,,0,79701,3
Jill,,0,79701,0
Ricad,,0,79692,3
Judnum,,0,79680,5
Ninuki,,0,79680,3
Tisebe,,0,79674,4
Entez,,0,79672,2
Zazie,,0,79669,4
Jakusa,,0,79668,6
Shroom,,0,79668,1
Azad,,0,79661,2
Ovarka,,0,79656,2
Ennulle,,0,79654,1
Kafra,,0,79648,6
Ashede,,0,79645,1
Jifrit,,0,79640,2
Renoti,,0,79635,4
Ithit,,0,79633,4
Athace,,0,79632,0
Avonuz,,0,79628,5
Niloosh,,0,79625,5
Ridret,,0,79614,4
Simplex,,0,79613,3
Snow,,0,79607,6
Mason,,0,79591,4
Mako,,0,79589,2
Emedi,,0,79581,2
Icire,,0,79551,6
Sharkus,,0,79536,9
Alxmage,,0,79519,2
Kimho,,0,79511,0
Ivag,,0,79505,4
Mirekre,,0,79476,8
Kallech,,0,79463,1
Esan,,0,79463,9
Princess,,0,79461,1
Zagesi,,0,79459,2
Elsa,,0,79409,5
Azubre,,0,69929,0
Obran,,0,69928,0
Barbabelle,,0,69923,0
Roge,,0,69916,0
Anazi,,0,69909,0
Ddontti,,0,69906,0
Tikil,,0,69906,0
Nabrinni,,0,69898,0
Hahut,,0,69894,0
Wickievent,,0,69889,0
Aris,,0,69888,0
Irethon,,0,69882,0
Ashiga,,0,69879,0
Rets,,0,69872,1
Ludi,,0,69867,0
More,,0,69865,0
Savi,,0,69863,1
Flatburro,,0,69861,0
Baphomet,,0,69857,0
Bebe,,0,69856,0
Arcom,,0,69854,0
Rariot,,0,69853,1
Morgosa,,0,69851,1
Mise,,0,69846,0
Lavokra,,0,69843,0
Meschach,,0,69841,0
Judi,,0,69837,1
Limitless,,0,69837,0
Cess,,0,69837,1
Bahid,,0,69835,1
Bumbledore,,0,69832,1
Erigre,,0,69826,0
Hamez,,0,69826,1
Ivobol,,0,69826,1
Sigma,,0,69823,1
Latitha,,0,69822,1
Murlin,,0,69819,0
Coli,,0,69819,1
Isurkol,,0,69818,1
Efrog,,0,69818,2
Rorkuk,,0,69813,2
Irenus,,0,69811,1
Dead,,0,69805,0
Jehe,,0,69805,1
Mageymay,,0,69801,0
Erum,,0,69800,0
Lachotha,,0,69800,0
Kakibi,,0,69799,1
Vitorhunt,,0,69798,2
Olaz,,0,69796,0
Penyeher,,0,69796,1
Ajete,,0,69794,0
Agara,,0,69793,0
Thor,,0,69793,2
Kora,,0,69793,0
Kampan,,0,69791,1
Merlow,,0,69788,2
Nore,,0,69787,1
Lurki,,0,69783,1
Kori,,0,69779,1
Fable,,0,69779,0
Enod,,0,69773,1
Litaha,,0,69771,0
Sarah,,0,69766,0
Mogri,,0,69765,1
Lunadoll,,0,69765,1
Ekim,,0,69765,1
Asahi,,0,69764,3
Niki,,0,69764,2
Nora,,0,69762,0
Kenzzixx,,0,69762,3
Zeks,,0,69761,1
Zogrid,,0,69760,0
Qayin,,0,69757,0
Bumog,,0,69756,1
Darthdab,,0,69756,3
Zarkoca,,0,69754,1
Sahud,,0,69753,0
Dookie,,0,69752,2
Garbagebag,,0,69751,2
Belle,,0,69750,0
Ortoka,,0,69749,1
Ezat,,0,69748,2
Soula,,0,69746,1
Cofri,,0,69746,0
Mage,,0,69741,0
Oberzi,,0,69741,0
Lacuna,,0,69740,0
Vorge,,0,69738,1
Sarasa,,0,69736,2
Prusha,,0,69735,0
Chow,,0,69732,0
Inus,,0,69731,2
Sakura,,0,69730,1
Taton,,0,69726,3
Zoma,,0,69724,0
Munim,,0,69723,3
Soosoopool,,0,69718,1
Cika,,0,69715,2
Hyang,,0,69711,4
Cerzi,,0,69709,1
Omud,,0,69708,1
Lesbe,,0,69706,2
Obratha,,0,69701,0
Lilian,,0,69698,1
Xupomaht,,0,69698,1
Tikra,,0,69696,1
Jale,,0,69687,4
Okobriz,,0,69682,4
Russianump,,0,69676,1
Fighting,,0,69676,3
Veronzito,,0,69675,2
Nidhi,,0,69672,4
Vudnira,,0,69671,1
Sinner,,0,69662,2
Ajod,,0,69660,5
Rocas,,0,69659,3
Black,,0,69654,0
Majisa,,0,69649,1
Krizax,,0,69632,6
Fire,,0,69629,4
Annas,,0,69615,0
Murdezi,,0,69612,2
Orkonaz,,0,69608,2
Dilleli,,0,69603,0
Fargo,,0,69586,1
Iluk,,0,69584,2
Nethermage,,0,69563,1
Solaman,,0,69542,3
Dragon,,0,69534,12
Darkalexa,,0,69532,4
Marek,,0,69528,3
Guarder,,0,69500,2
Hadny,,0,69499,0
Sibrina,,0,69497,6
Sothi,,0,69491,2
Rice,,0,69489,3
Agred,,0,69489,15
Jiggy,,0,69448,5
Gramer,,0,69439,4
Terus,,0,69429,1
Gathi,,0,69427,2
Nisi,,0,69427,0
Rullim,,0,69425,6
Heathor,,0,69409,2
Emrys,,0,69405,7
Homaz,,0,59916,0
Okurde,,0,59915,0
Surtaci,,0,59913,0
Isabella,,0,59893,0
Mayu,,0,59883,0
Siki,,0,59881,0
Xpgrinder,,0,59881,0
Orekok,,0,59879,0
Verite,,0,59870,0
Bercouli,,0,59864,0
Orka,,0,59863,0
Cihatdoles,,0,59862,0
Tivran,,0,59859,0
Norababe,,0,59859,0
Vete,,1237,59857,0
Abby,,0,59848,0
Enuka,,0,59846,0
Mirena,,0,59846,0
Zach,,0,59844,0
Tempbee,,0,59844,0
Alousa,,0,59843,0
Terek,,0,59842,0
Idat,,0,59841,0
Emusa,,0,59840,0
Wiznsnizn,,0,59840,0
Ohus,,0,59840,0
Anamim,,0,59839,0
Drnubik,,0,59835,0
Othenal,,0,59832,0
Zason,,0,59830,0
Flux,,0,59830,0
Rippp,,0,59827,0
Hamug,,0,59826,0
Onnis,,0,59824,0
Ikazel,,0,59822,0
Rudez,,0,59820,0
Nagrad,,0,59816,0
Nigsuga,,0,59814,0
Redbush,,0,59813,0
Lilith,,0,59807,0
Kaisonq,,0,59801,0
Emed,,0,59799,0
Riva,,0,59791,0
Brixina,,0,59787,0
Mogliee,,0,59777,0
Azema,,0,59776,0
Tiha,,0,59770,0
Duliz,,0,59767,0
Mesmes,,0,59763,0
Coreathree,,0,59760,0
Eradug,,0,59759,5
Exmachine,,0,59753,0
Rivet,,0,59746,0
Jurze,,0,59744,0
Tabaza,,0,59736,0
Kocani,,0,59736,0
Djstnkpnky,,0,59734,0
Jolore,,0,59734,0
Azam,,0,59727,1
Events,,0,59727,1
Sami,,0,59724,0
Tina,,0,59717,0
Meret,,0,59716,0
Revera,,0,59715,0
Ellem,,0,59712,0
Omihak,,0,59706,0
Badger,,0,59705,0
Escorpion,,0,59704,0
Avebe,,0,59695,0
Oberon,,0,59689,0
Ithami,,0,59687,0
Hecuk,,0,59683,2
Suczka,,0,59682,0
Star,,0,59677,5
Ashot,,0,59672,0
Rordema,,0,59671,1
Sirag,,0,59664,0
Blondie,,0,59660,1
Ethut,,0,59652,0
Gedote,,0,59652,0
Culin,,0,59646,0
Athecet,,0,59644,0
Vechemi,,0,59633,2
Nune,,0,59621,0
Zugroka,,0,59620,0
Argisa,,0,59615,1
Median,,0,59597,0
Phrexio,,0,59587,0
Jarkunne,,0,59586,3
Gaviota,,0,59585,2
Ojega,,0,59566,2
Sanned,,0,59565,2
Hezan,,0,59555,1
Jokik,,0,59553,1
Terry,,0,59551,0
Dimihe,,0,59521,1
Lumiya,,0,59520,5
Nima,,0,59500,0
Rogik,,0,59484,1
Ibumon,,0,59482,0
Titi,,0,59460,1
Bamuvre,,0,59453,1
Tedrim,,0,59447,2
Zedul,,0,59445,0
Surak,,0,59435,11
Senece,,0,49895,0
Enoke,,0,49883,0
Nancy,,0,49880,0
Cideg,,0,49877,0
Nake,,0,49876,0
Johnnyboi,,0,49870,0
Guruz,,0,49867,0
Taka,,0,49864,0
Nandi,,0,49863,0
Leblanc,,0,49857,0
Magi,,0,49856,0
Ithuhim,,0,49848,0
Marfim,,0,49847,0
Juzi,,0,49844,0
Rawxican,,0,49840,0
Circe,,0,49839,0
Kukehe,,0,49835,0
Tija,,0,49832,0
Asonna,,0,49831,0
Lezard,,0,49830,0
Mmmjah,,0,49830,0
Idrom,,0,49827,0
Cesugi,,0,49826,0
Adeted,,0,49825,0
Merlin,,0,49823,0
Ehise,,0,49823,0
Lutas,,0,49819,0
Carotmom,,0,49817,0
Diablek,,0,49815,0
Jewish,,0,49813,0
Emzii,,0,49799,0
Verna,,0,49785,0
Nebemi,,0,49783,0
Tami,,0,49783,0
Dave,,0,49782,0
Orcidniz,,0,49779,0
Ired,,0,49778,0
Aviden,,0,49777,0
Emek,,0,49771,0
Samaire,,0,49769,0
Kiche,,0,49756,0
Edat,,0,49754,0
Tuthokre,,0,49754,1
Tuki,,0,49754,0
Arcushum,,0,49747,0
Vesa,,0,49746,0
Sazo,,0,49740,0
Flaming,,0,49738,0
Eshul,,0,49736,1
Legri,,0,49732,0
Totes,,0,49731,0
Ebrula,,0,49727,2
Tempguy,,0,49726,0
Asya,,0,49726,0
Atuthis,,0,49723,0
Hobri,,0,49717,0
Coco,,0,49717,0
Odurkis,,0,49712,0
Kafri,,0,49710,0
Gondyr,,0,49709,1
Ijuk,,0,49707,0
Omidon,,0,49703,1
Oshuvra,,0,49703,1
Jenim,,0,49697,0
Lack,,0,49695,0
Zacki,,0,49690,0
Zojise,,0,49687,7
Kelak,,0,49686,1
Gunne,,0,49681,0
Sishini,,0,49680,1
Losiha,,0,49678,1
Leni,,0,49672,1
Erzil,,0,49671,0
Gudun,,0,49667,1
Aurora,,0,49664,1
Vuse,,0,49657,0
Heckmeck,,0,49656,0
Ilaha,,0,49655,0
Beatrice,,0,49655,0
Katiz,,0,49654,1
Irok,,0,49651,1
Hicurca,,0,49650,0
Tuse,,0,49644,0
Tyrrus,,0,49643,2
Orkig,,0,49641,2
Durgus,,0,49637,3
Tezz,,0,49634,0
Leti,,0,49616,2
Danri,,0,49606,1
Onris,,0,49603,3
Etinod,,0,49598,1
Ovin,,0,49594,1
Kael,,0,49590,0
Tushez,,0,49589,5
Vouz,,0,49576,0
Hossein,,0,49572,0
Zavari,,0,49554,3
Jesha,,0,49535,0
Skokami,,0,49527,5
Kartaga,,0,49525,0
Magbutcher,,0,49518,6
Atchou,,0,49517,5
Dove,,0,49509,2
Fisnotpis,,0,49508,6
Amis,,0,49504,1
Marcinek,,0,49498,7
Nekom,,0,49472,1
Jeni,,0,49472,0
Evento,,0,49468,3
Sone,,0,49433,6
Itanem,,0,39885,0
Smoke,,0,39882,0
Tauriel,,0,39865,0
Zoma,,0,39865,0
Hera,,0,39865,0
Hohig,,0,39863,1
Snudderme,,0,39858,1
Etheshes,,0,39855,1
Friska,,0,39855,0
Gidrosa,,0,39854,0
Rine,,0,39851,1
Tale,,0,39850,0
Nova,,0,39850,0
Avroran,,0,39847,1
Mortis,,0,39845,0
Esos,,0,39844,0
Pusher,,0,39843,1
Aheda,,0,39842,1
Sabbatine,,0,39836,0
Jmtkimchi,,0,39834,0
Note,,0,39832,0
Shansa,,0,39831,0
Krebnac,,0,39828,0
Sinrasa,,0,39828,0
Ocit,,0,39826,0
Reluri,,0,39826,2
Narad,,0,39825,1
Kena,,0,39823,0
Seji,,0,39821,0
Conhobar,,0,39820,0
Noge,,0,39819,0
Sithi,,0,39818,0
Sbsb,,0,39816,1
Izircas,,0,39811,1
Vulatha,,0,39810,1
Vuthut,,0,39809,0
Idoziz,,0,39806,1
Dragos,,0,39803,0
Sven,,0,39800,0
Frogadier,,0,39793,0
Sahete,,0,39788,1
Commander,,0,39787,0
Aubrey,,0,39782,1
Icarce,,0,39781,1
Lizabeth,,0,39778,2
Ochako,,0,39777,0
Zuji,,0,39777,1
Degrivra,,0,39777,1
Esasun,,0,39773,0
Vulini,,0,39772,1
Kvasir,,0,39771,1
Merlin,,0,39769,0
Esul,,0,39767,1
Rare,,0,39765,2
Torziga,,0,39762,2
Andromeda,,0,39761,0
Adrian,,0,39761,1
Eram,,0,39761,2
Ichashi,,0,39758,4
Satan,,0,39756,0
Ojisda,,0,39749,0
Donal,,0,39748,0
Shuher,,0,39747,1
Meiner,,0,39745,0
Ashara,,0,39743,0
Nohig,,0,39743,1
Kalevi,,0,39737,1
Ribi,,0,39737,0
Froll,,0,39735,1
Levoza,,0,39734,0
Erartag,,0,39733,0
Gahe,,0,39727,2
Besenstil,,0,39724,1
Havnfun,,0,39723,1
Novaka,,0,39721,6
Kitty,,0,39720,3
Jichez,,0,39720,2
Buzube,,0,39717,0
Sanoci,,0,39713,1
Artubrem,,0,39713,1
Eventito,,0,39713,2
Sprogle,,0,39712,4
Ircikaz,,0,39712,1
Bithsch,,0,39704,0
Jishi,,0,39703,2
Merlina,,0,39700,0
Zuki,,0,39700,0
Secondsoul,,0,39699,1
Zoey,,0,39692,1
Tonni,,0,39692,1
Silver,,0,39692,1
Merlin,,0,39685,1
Alat,,0,39684,1
Ercit,,0,39678,3
Vladimir,,0,39675,1
Danil,,0,39669,1
Daniel,,0,39665,1
Irache,,0,39661,2
Sezidi,,0,39661,2
Nube,,0,39659,2
Ecal,,0,39659,2
Savatar,,0,39658,2
Merlin,,0,39658,1
Jodachi,,0,39657,1
Yinyang,,0,39656,0
Queenmage,,0,39654,0
Anovruz,,0,39652,2
Ecurza,,0,39651,5
Aruz,,0,39639,2
Ibit,,0,39635,1
Ibaz,,0,39633,1
Lillith,,0,39620,1
Adeton,,0,39616,2
Orkek,,0,39606,0
Dayna,,0,39598,1
Belderain,,0,39591,0
Bubbanrmc,,0,39580,1
Agez,,0,39580,0
Hodnota,,0,39579,4
Morra,,0,39573,1
Tula,,0,39571,1
Iceret,,0,39571,0
Crico,,0,39571,1
Ericiz,,0,39569,1
Majica,,0,39560,0
Hugil,,0,39553,2
Tazot,,0,39551,6
Okakre,,0,39534,3
Goofyniqqa,,0,39525,4
Avasydney,,0,39497,6
Ibihe,,0,39490,3
Pizda,,0,39435,1
Sallaza,,0,39431,4
Laira,,0,39412,2
Jara,,0,29915,0
Floki,,0,29891,0
Ring,,0,29887,0
Praveenzio,,9,29882,0
Afrek,,0,29881,0
Vanessa,,0,29868,0
Sinrude,,0,29866,0
Vuhi,,0,29865,0
Trytome,,0,29862,0
Iguta,,0,29862,0
Ahet,,0,29861,0
Sophia,,0,29860,0
Villem,,0,29860,0
Rezi,,0,29858,0
Lerza,,0,29858,0
Cisi,,0,29851,0
Luna,,0,29846,0
Raelyan,,0,29837,0
Karoo,,0,29831,0
Ogrannig,,0,29830,0
Bafrege,,0,29829,0
Artokraz,,0,29828,0
Ircem,,0,29828,0
Artogi,,0,29826,0
Abraviz,,0,29825,1
Ergikra,,0,29825,0
Nevid,,0,29823,0
Devi,,0,29821,0
Rutil,,0,29821,0
Ogan,,0,29821,0
Gbody,,0,29820,0
Aradnik,,0,29818,0
Idurae,,0,29818,0
Jujuvi,,0,29815,0
Jebrik,,0,29815,0
Igor,,0,29814,0
Ethel,,0,29810,0
Othurca,,0,29807,0
Nathoz,,0,29806,0
Ozut,,0,29804,0
Risik,,0,29803,0
Lucy,,0,29802,0
Vojubi,,0,29800,0
Gogreki,,0,29800,0
Surkat,,0,29795,0
Monrorge,,0,29795,0
Bokora,,0,29794,0
Ifrode,,0,29789,0
Evumi,,0,29787,0
Reecah,,0,29781,0
Peter,,0,29780,0
Hodruk,,0,29777,0
Hashi,,0,29777,0
Loki,,0,29776,0
Idrogeno,,0,29775,0
Nilla,,0,29774,0
Estelle,,0,29773,0
Mora,,0,29771,0
Zuthagra,,0,29771,0
Ordis,,0,29770,0
Diana,,0,29770,0
Mizukii,,0,29766,0
Yurichan,,0,29765,0
Crown,,0,29763,0
Vadne,,0,29760,0
Menri,,0,29755,0
Bika,,0,29753,0
Canid,,0,29751,0
Aamil,,0,29750,0
Tenshi,,0,29748,0
Luna,,0,29748,0
Ircim,,0,29746,0
Elhaym,,0,29740,0
Hebi,,0,29739,0
Nina,,0,29734,0
Miau,,0,29732,0
Cava,,0,29732,1
Dewatkr,,0,29732,0
Sothol,,0,29731,0
Grandbell,,0,29730,0
Erterca,,0,29727,0
Neivy,,0,29722,0
Shin,,0,29711,0
Zatim,,0,29710,0
Orion,,0,29710,1
Stalk,,0,29708,0
Melkor,,0,29707,0
Ithugog,,0,29707,1
Elvea,,0,29706,0
Sahaj,,0,29705,0
Jora,,0,29701,1
Loce,,0,29698,0
Ochera,,0,29688,0
Kurzija,,0,29683,1
Ordat,,0,29681,0
Ethohem,,0,29679,1
Vojig,,0,29677,1
Eteshi,,0,29674,0
Muthesi,,0,29672,0
Stroms,,0,29672,0
Morgana,,0,29671,0
Angle,,0,29670,0
Megax,,0,29670,0
Gazdesist,,0,29668,0
Ezekiel,,0,29664,0
Tortuga,,0,29659,1
Skramp,,0,29656,0
Hizeki,,0,29653,1
Ejaga,,0,29652,0
Evax,,0,29649,0
Aceshik,,0,29647,0
Izzymy,,0,29646,0
Kulan,,0,29644,6
Gigoge,,0,29640,0
Orafacia,,0,29637,0
Nyktu,,0,29636,0
Event,,0,29635,0
Brinleya,,0,29635,1
Orin,,0,29630,0
Voland,,0,29623,0
Keza,,0,29618,0
Doria,,0,29618,0
Dithiba,,0,29610,0
Natsu,,0,29595,0
Okroz,,0,29595,0
Athon,,0,29593,3
Ranrige,,0,29592,0
Evasha,,0,29590,0
Clarisse,,0,29585,0
Nobi,,0,29584,0
Ibruna,,0,29581,0
Budmond,,0,29577,0
Ileon,,0,29576,0
Annie,,0,29552,0
Rigri,,0,29545,0
Ircok,,0,29543,0
Pansories,,0,29542,0
Ohekes,,0,29538,0
Inishal,,0,29533,1
Zazat,,0,29519,4
Trasunpeda,,0,29519,0
Artuke,,0,29504,0
Liht,,0,29473,0
Smittiks,,0,29468,0
Jarzez,,0,29456,0
Ebetut,,0,29447,0
Deka,,0,29440,0
Dishe,,0,29436,0
Coygis,,0,29421,1
Morticia,,0,29420,0
Vakal,,0,29413,2
Sutona,,0,29410,0
Okegod,,0,29410,0
Notova,,0,29407,0
Lattelia,,0,29404,0
Sanious,,0,19897,0
Alicja,,0,19885,0
Zonteer,,108,19881,0
Penelope,,0,19868,0
Azube,,0,19862,0
Edrol,,0,19859,0
Mugging,,0,19854,0
Ekrate,,0,19846,0
Uguguvuv,,0,19842,1
Cyclopio,,0,19841,0
Bashum,,0,19840,0
Izates,,0,19838,0
Jina,,0,19834,0
Garedni,,0,19832,0
Ohurdel,,0,19831,0
Xena,,0,19830,0
Hinad,,0,19828,0
Mesa,,0,19827,0
Kala,,0,19827,0
Zivet,,0,19827,0
Aneshuz,,0,19818,0
Samede,,0,19817,0
Viki,,0,19815,0
Liss,,0,19815,0
Jarterge,,0,19814,0
Mystique,,0,19813,0
Sidnim,,0,19812,0
Lokudri,,0,19810,1
Meva,,0,19809,0
Liri,,0,19808,0
Vannol,,0,19808,0
Rath,,0,19805,0
Leblanc,,0,19804,0
Ibona,,0,19803,0
Larza,,0,19803,0
Jagiri,,0,19801,1
Zerke,,0,19800,0
Irkeze,,0,19799,0
Ithuk,,0,19799,1
Foomunda,,0,19799,0
Toni,,0,19796,0
Beatifica,,0,19795,0
Adithi,,0,19795,0
Devri,,0,19794,0
Shiralv,,0,19793,0
Rednarda,,0,19793,0
Jirdize,,0,19792,1
Ebem,,0,19791,0
Ercidi,,0,19789,1
Agrem,,0,19786,0
Mohez,,0,19785,0
Arennos,,0,19784,0
Albus,,0,19784,0
Ethoshin,,0,19784,1
Omircug,,0,19783,0
Larryotter,,0,19782,0
Karelis,,0,19782,0
Molede,,0,19780,1
Vorete,,0,19779,0
Sube,,0,19778,0
Ecache,,0,19776,0
Grindy,,0,19775,0
Wetlips,,0,19775,0
Twydra,,0,19774,0
Omiji,,0,19774,0
Azuchud,,0,19773,0
Lulugotti,,0,19773,0
Cozag,,0,19771,0
Izana,,0,19771,0
Killirosx,,0,19770,0
Gacel,,0,19770,0
Elema,,0,19770,0
Loshim,,0,19769,1
Edeme,,0,19769,0
Oben,,0,19768,1
Dalihai,,0,19768,1
Kecika,,0,19768,0
Tozoka,,0,19765,0
Cerci,,0,19764,0
Cristabel,,0,19762,1
Silurta,,0,19760,0
Ruba,,0,19759,1
Akela,,0,19759,0
Billie,,0,19757,0
Basera,,0,19756,0
Pickled,,0,19756,0
Icas,,0,19755,0
Inelled,,0,19755,0
Gisi,,0,19755,0
Karded,,0,19755,1
Athuthas,,0,19754,0
Bekiz,,0,19752,0
Ivil,,0,19749,1
Teginra,,0,19748,0
Lorelei,,0,19748,0
Ateni,,0,19746,1
Etok,,0,19745,0
Evofri,,0,19743,0
Ezule,,0,19742,0
Juse,,0,19742,0
Inum,,0,19741,1
Cosose,,0,19740,0
Eventyoyo,,0,19739,0
Bomos,,0,19738,0
Quin,,0,19738,0
Lates,,0,19737,0
Andromeda,,0,19736,0
Rudnal,,0,19735,0
Gijom,,0,19733,1
Puta,,0,19732,0
Arya,,0,19730,1
Athak,,0,19729,0
Aminas,,0,19728,0
Jehi,,0,19727,0
Miji,,0,19727,0
Ajarge,,0,19725,0
Byebyebye,,0,19724,1
Vinne,,0,19723,1
Aviris,,0,19721,2
Otham,,0,19721,0
Morgi,,0,19720,0
Agon,,0,19720,1
Turte,,0,19720,1
Ssss,,0,19719,0
Ahudnon,,0,19719,0
Hiroz,,0,19718,1
Inruvre,,0,19718,3
Obrumez,,0,19717,0
Erziz,,0,19716,0
Irzud,,0,19716,1
Oshenag,,0,19712,0
Dsixlow,,0,19712,0
Puriosa,,0,19710,0
Nicolas,,0,19709,1
Asharzit,,0,19709,1
Zaza,,0,19707,0
Kitti,,0,19707,0
Lorkuze,,0,19707,0
Nxts,,0,19706,1
Goldleder,,0,19706,0
Musette,,0,19701,0
Ciba,,0,19698,0
Ekrit,,0,19698,0
Duri,,0,19698,0
Dode,,0,19697,0
Vroni,,0,19696,0
Ofratha,,0,19695,0
Ellud,,0,19691,0
Wiki,,0,19689,0
Cetrion,,0,19688,1
Ethidra,,0,19687,1
Droop,,0,19687,0
Influence,,0,19684,1
Korkoko,,0,19683,1
Kizal,,0,19682,2
Lecal,,0,19681,0
Xalto,,0,19681,0
Ritubi,,0,19678,0
Kass,,0,19676,3
Alemi,,0,19673,0
Nezachet,,0,19672,2
Egrat,,0,19672,2
Gorzete,,0,19671,0
Alarziz,,0,19670,2
Badass,,0,19666,0
Godofwar,,0,19666,0
Irirad,,0,19666,3
Okarde,,0,19666,1
Palmy,,0,19665,0
Inathum,,0,19656,0
Temp,,0,19656,0
Weed,,0,19650,1
Alurci,,0,19649,1
Heva,,0,19646,1
Lanadra,,0,19645,0
Blankzz,,0,19645,0
Renrom,,0,19645,0
Javrat,,0,19643,1
Ephedra,,0,19637,0
Lumeze,,0,19637,0
Danreji,,0,19636,1
Seira,,0,19635,0
Kecema,,0,19630,0
Luckytwo,,0,19623,0
Lolik,,0,19619,0
Icemuk,,0,19617,1
Itom,,0,19611,0
Erkad,,0,19610,0
Mage,,0,19608,0
Omag,,0,19605,0
Zuza,,0,19603,0
Darkwizard,,0,19603,0
Destructor,,0,19602,3
Kemilly,,0,19601,1
Ivonkala,,0,19579,0
Efreshe,,0,19572,0
Eragog,,0,19572,0
Dugevra,,0,19566,0
Javos,,0,19565,1
Tashana,,0,19561,0
Hilla,,0,19554,0
Athrya,,0,19552,0
Crash,,0,19551,0
Dora,,0,19547,1
Isfet,,0,19547,1
Vora,,0,19547,0
Gamba,,0,19546,1
Fuzazazel,,0,19546,0
Erzod,,0,19540,0
Ejutha,,0,19539,4
Esotum,,0,19535,3
Zeruela,,0,19528,0
Ilace,,0,19519,0
Homura,,0,19519,0
Bender,,0,19509,0
Ilerig,,0,19505,0
Veka,,0,19497,0
Ragna,,0,19496,6
Amelia,,0,19480,0
Taze,,0,19477,0
Araca,,0,19463,4
Merka,,0,19455,0
Galzu,,0,19439,0
Athanaz,,0,19436,1
