Chinadajba,,1312,1129436,2
Chinawind,,1338,1119462,2
Koreaking,,1162,1119400,1
Koreamrkim,,1071,1109410,1
Korealati,,1049,1099431,0
Chinaqiyue,,1201,1089447,0
Chinaone,,1076,1089414,0
Koreasano,,1050,1079517,0
Koreanaeun,,973,1069418,1
Koreaclear,,938,1059462,0
Korealove,,1021,1049406,3
Koreablue,,1000,1039574,0
Doobydoo,,845,1039464,1
Tamida,,730,1039434,0
Sauzer,,851,1039433,0
Luotianyi,,982,1029454,1
Mirades,,1036,1019490,2
Russnoptw,,862,1019417,1
Gulimok,,1130,1019415,0
Youwin,,687,1009439,0
Kubota,,870,999575,0
Enyo,,767,999448,0
Koreassoju,,1019,999401,2
Mechanic,,920,989625,0
Saynoptw,,966,989493,2
Koreatrima,,790,989430,2
Iose,,705,979576,1
Elas,,473,979533,0
Gideon,,707,979465,3
Rumakc,,794,979460,0
Rulet,,690,969519,0
Korearolex,,759,959580,0
Saynoptw,,798,959562,0
Rngold,,829,959561,4
Maje,,823,959453,2
Event,,731,949475,0
Ptwsux,,869,949443,0
Quatus,,771,949432,2
Muta,,718,949400,0
Dyomanoptw,,795,939589,1
Rina,,616,939554,1
Andrzej,,705,939515,0
Zurdaga,,459,939503,0
Spyclown,,471,939491,1
Koreacool,,831,939464,0
Redneck,,781,939460,1
Lysandra,,661,939449,1
Rubas,,714,939430,3
Nopaytowin,,842,939426,2
Dagnabit,,456,939423,2
Gimli,,497,939417,0
Agata,,368,939410,5
Chinaeq,,686,929649,0
Ptwsux,,844,929645,0
Jojo,,506,929554,0
Zevuz,,562,929401,1
Irug,,528,919541,0
Omen,,534,919522,1
Hored,,469,919519,1
Ommm,,351,919412,0
Esuk,,701,909743,0
Koreashoon,,736,909646,0
Shilien,,575,909575,0
Koreakata,,637,909575,3
Ryunans,,468,909550,2
Tezez,,651,909540,0
Ruby,,809,909538,5
Muvit,,559,909526,0
Queenie,,782,909516,1
Fenix,,391,909481,1
Koreac,,760,909454,8
Ejon,,475,909433,3
Raphtalia,,345,899524,0
Tullumi,,487,899512,3
Makcikya,,650,899445,1
Nopaytowin,,629,899426,1
Aragorn,,542,899425,0
Lulu,,423,899405,2
Tokra,,557,889596,0
Ptwsux,,817,889585,1
Sheike,,333,889559,0
Ptwsuxvar,,594,889545,1
Taja,,645,889536,3
Ptwsuxfux,,808,889530,1
Hope,,651,889523,0
Gita,,434,889521,3
Luna,,370,889518,3
Qnfrk,,590,889503,2
Bele,,387,889486,0
Dzigurda,,417,889469,4
Koreaname,,490,889468,3
Sandaowan,,365,889461,0
Koji,,439,889457,0
Boff,,490,889455,1
Gangsta,,521,889451,3
Katha,,579,889443,1
Baal,,508,889441,1
Hrco,,447,889435,1
Nova,,361,889412,0
Piro,,502,879480,1
Sorsha,,541,879439,0
Crunch,,432,879419,1
Koreahavi,,382,879413,4
Bill,,518,879407,2
Zlatan,,447,869526,0
Ekrok,,469,869514,0
Durci,,484,869487,0
Cole,,344,869481,0
Argel,,361,869460,0
Saynotptw,,694,869451,0
Heman,,543,869446,2
Rudozek,,584,869446,0
Iseza,,440,869421,2
Kogrem,,359,869420,3
Rumashka,,685,869413,4
Ijeg,,561,859707,1
Koreabobo,,548,859657,1
Zoey,,488,859613,3
Riko,,532,859599,3
Malikman,,558,859556,1
Doubledub,,509,859533,0
Saynoptw,,397,859521,0
Weissbiere,,547,859496,1
Bertycox,,667,859478,1
Morgana,,441,859451,1
Rickavon,,308,859443,2
Jave,,349,859439,3
Noptw,,482,859413,0
Zoro,,453,849500,0
Beleth,,515,849477,1
Jujulove,,377,849456,0
Valeria,,485,849433,1
Hanhol,,297,849418,3
Zolan,,657,839675,0
Notkorean,,552,839597,0
Korealucy,,295,839596,1
Baraca,,652,839592,0
Evangelia,,335,839583,2
Lohtel,,521,839576,0
Bartnoptw,,613,839575,1
Koba,,289,839567,0
Bisi,,347,839566,1
Desqt,,365,839562,3
Jinsopapa,,394,839550,0
Zhangahby,,334,839550,0
Hezut,,419,839548,0
Nosam,,513,839547,0
Strankool,,288,839538,1
Altheo,,537,839525,0
Lupust,,649,839509,0
Bumblebee,,304,839506,1
Gabog,,279,839493,1
Gorgona,,262,839489,3
Chemgio,,396,839481,2
Artakus,,573,839473,1
Ishim,,528,839463,2
Barabarab,,622,839458,0
Taffy,,512,839452,1
Undomiel,,492,839445,1
Cive,,501,839439,1
Diggler,,413,839428,3
Amazon,,662,839414,5
Hihihoho,,440,839413,2
Aregent,,421,839409,1
Novi,,332,829596,0
Vanhe,,301,829558,0
Conan,,466,829501,0
Libe,,757,829500,6
Koreaptwow,,412,829499,1
Saynoptw,,520,829473,1
Fenbeograd,,610,829461,3
Lachplese,,504,829458,0
Hideyo,,438,829445,2
Gold,,320,829439,0
Fixit,,294,829430,1
Tweedledum,,318,829417,1
Boeing,,402,819607,1
Faramir,,614,819597,2
Rosa,,353,819511,0
Lunafreya,,460,819491,1
Eunsung,,457,819477,1
Alice,,387,819476,1
Prizmex,,343,819472,0
Ethom,,479,819470,0
Tweedledee,,313,819443,0
Kristy,,282,819434,0
Xiaobang,,369,819431,0
Zarantha,,314,819424,1
Nirkuja,,397,819419,2
Radious,,300,809728,0
Turtley,,533,809696,2
Unnamed,,429,809690,0
Gurka,,316,809601,0
Daddybuck,,445,809600,0
Ptwsux,,499,809580,0
Deidre,,485,809553,1
David,,654,809545,0
Lusove,,211,809537,1
Sini,,605,809522,1
Dvor,,496,809508,1
Ekona,,388,809497,3
Laved,,470,809460,3
Lolli,,323,809460,2
Isaline,,317,809460,2
Gaobinbin,,276,809455,2
Douche,,227,809442,6
Narrod,,462,809442,2
Rulisa,,471,799525,2
Mike,,364,799516,1
Emokruz,,360,799504,0
Robevent,,303,799463,0
Water,,452,799452,1
Numa,,286,799447,1
Ithafrul,,378,799438,1
Blackfish,,396,799430,2
Khan,,456,799423,2
Crowshot,,385,799420,0
Onnuba,,294,799409,1
Mudboy,,236,789659,0
Rerga,,355,789654,0
Eggsmash,,551,789621,0
Narcissus,,402,789595,3
Shameless,,249,789587,0
Mallal,,186,789575,0
Kapir,,474,789567,0
Kukkendare,,362,789566,0
Arzulit,,423,789563,3
Knight,,454,789557,2
Cydon,,237,789540,0
Aeriana,,225,789528,4
Rururu,,433,789521,0
Noptwagain,,526,789520,1
Michelli,,340,789519,1
Serithe,,445,789516,1
Moon,,262,789505,2
Mojito,,481,789503,1
Orkin,,420,789484,0
Zigmam,,272,789479,1
Dezalia,,509,789474,3
Misa,,225,789465,1
Rusalex,,414,789464,4
Evum,,384,789461,2
Eventwarr,,465,789456,3
Malibu,,457,789450,1
Ptwsux,,578,789434,1
Xnedra,,431,789431,0
Shtopor,,373,789430,1
Begok,,370,789423,9
Lavona,,494,779679,0
Ardozos,,201,779649,0
Ptwptwptw,,255,779629,3
Ilela,,348,779609,0
Otag,,476,779608,0
Ptwsuxru,,627,779602,2
Gufri,,420,779559,0
Cobig,,211,779542,2
Nege,,255,779520,2
Icera,,356,779515,2
Girga,,361,779506,0
Tibe,,333,779490,0
Nare,,334,779483,1
Winterwar,,554,779481,0
Rudolf,,440,779462,5
Achez,,417,779436,0
Vosothi,,213,779417,5
Alin,,324,769655,0
Radien,,501,769618,1
Ezeca,,368,769609,0
Gold,,516,769603,0
Yyee,,290,769566,2
Kugelblitz,,437,769523,0
Dalida,,451,769511,0
Trump,,315,769475,2
Paskahousu,,315,769444,0
Nikymimin,,211,769429,4
Himeamire,,468,769425,1
Koreasens,,491,759735,0
Nhat,,597,759699,0
Maya,,432,759687,1
Khpaddy,,284,759667,0
Homunculus,,316,759663,0
Rave,,515,759650,0
Argisa,,352,759649,2
Kirgudur,,492,759645,0
Saynoptw,,348,759638,1
Janus,,481,759631,0
Koreaomei,,525,759630,0
Vabak,,467,759619,0
Erguz,,453,759614,7
Evros,,617,759609,0
Baby,,368,759602,1
Ruhzberg,,498,759598,1
Lina,,482,759597,0
Kisha,,459,759588,0
Hulkstie,,350,759576,0
Gorst,,270,759575,3
Kuhe,,331,759572,2
Iledne,,384,759553,2
Lubka,,287,759548,0
Darkjr,,233,759546,0
Coki,,412,759535,2
Hungore,,349,759534,0
Tave,,198,759534,0
Ulfgardt,,349,759533,2
Hereg,,434,759524,1
Liena,,266,759521,0
Mihnar,,381,759498,3
Gintoki,,437,759488,0
Helzebeth,,415,759481,1
Saynoptw,,458,759480,4
Yerim,,361,759480,0
Zirka,,189,759476,4
Zoro,,202,759474,0
Ezobram,,493,759473,0
Lotade,,412,759472,1
Crow,,254,759470,1
Rutula,,349,759467,1
Kathlynn,,352,759449,0
Cada,,295,759445,0
Hositi,,408,759438,3
Elysa,,269,759425,1
Zifraki,,299,759423,1
Ruandrew,,225,759417,0
Vemoce,,203,759405,0
Rustedy,,524,749503,1
Rebi,,318,749492,0
Atharzel,,191,749458,1
Kasi,,526,749408,2
Orcitum,,289,749405,0
Kamiya,,256,749403,2
Fred,,242,749401,0
Chan,,207,739616,0
Dortumi,,272,739613,0
Ebriz,,269,739612,1
Khanage,,313,739605,4
Ahod,,366,739598,0
Maka,,205,739578,2
Sigurd,,496,739565,0
Sergake,,512,739564,0
Innil,,506,739564,0
Blorp,,435,739561,0
Dewa,,256,739549,0
Saynoptw,,521,739546,2
Bile,,241,739546,1
Borov,,351,739546,0
Michy,,416,739542,0
Zurdethe,,246,739539,0
Givilian,,473,739538,0
Kala,,378,739533,0
Koreamax,,621,739531,3
Thanghi,,236,739528,1
Vadid,,513,739517,1
Koreamars,,382,739510,0
Arguthi,,315,739505,0
Varok,,334,739503,1
Slayer,,335,739493,1
Bibi,,461,739493,0
Ertug,,199,739490,0
Ruwarior,,249,739484,1
Johnsnow,,281,739478,0
Fury,,254,739474,0
Exlass,,291,739468,1
Ratonra,,275,739468,1
Atirim,,255,739453,1
Lodere,,228,739441,0
Adnejed,,281,739433,0
Shmegma,,406,739428,1
Syulatov,,241,739424,1
Helas,,242,739423,1
Tristan,,226,739419,1
Dacet,,364,739412,1
Tess,,207,739404,1
Joannadarc,,445,729636,0
Bese,,237,729598,0
Risos,,315,729591,0
Gulabjamun,,262,729575,2
Synn,,235,729575,1
Mackdaddum,,237,729544,0
Krissa,,308,729539,0
Ethumig,,422,729516,0
Higrate,,181,729513,0
Cecene,,233,729507,0
Sweetgum,,377,729500,0
Cakir,,236,729489,1
Pyosama,,302,729461,0
Ososhi,,344,729450,3
Tanq,,366,729448,2
Ticha,,310,729442,1
Onyx,,190,729435,1
Rutrinity,,203,719649,0
Soulesse,,233,719540,0
Capncrunch,,387,719514,1
Ashura,,411,719458,3
Guhem,,216,719445,0
Nilli,,240,719434,3
Nadri,,375,719432,1
Bluehwake,,212,719403,1
Ruca,,552,709742,0
Hushpuppy,,576,709706,0
Qluckk,,620,709692,0
Eventjey,,297,709684,0
Ruda,,150,709678,0
Argos,,159,709654,2
Annis,,300,709651,0
Franky,,296,709630,2
Methazi,,142,709627,0
Roknar,,191,709624,0
Gamze,,200,709595,1
Sasa,,252,709592,1
Tobun,,180,709589,2
Kiledri,,342,709585,1
Ebotha,,357,709574,0
Bigc,,305,709568,0
Sicario,,243,709548,2
Zagaz,,131,709547,1
Arinid,,347,709543,2
Echetha,,322,709533,1
Jygalia,,306,709530,0
Pearl,,224,709507,1
Githut,,185,709495,6
Locunkokun,,342,709492,0
Femaiden,,254,709489,0
Dada,,204,709478,0
Redsonja,,472,709476,1
Okem,,261,709468,0
Mercoz,,509,709464,2
Nigi,,196,709423,0
Crystal,,460,709416,0
Hope,,281,699536,0
Esse,,229,699483,1
Cirten,,207,699456,2
Crea,,187,699455,0
Ekredi,,277,699442,0
Xendaria,,317,699432,1
Lilev,,269,699423,1
Zelda,,264,699413,3
Necroticz,,193,689610,1
Ithirgi,,300,689602,0
Pootastic,,253,689596,0
Lance,,169,689586,1
Arzeki,,219,689586,2
Zedorin,,475,689584,0
Heimdahl,,216,689584,0
Druid,,246,689576,0
Afrarkin,,219,689568,0
Kuroz,,235,689544,1
Mcstabbyii,,369,689537,0
Luka,,151,689536,1
Eowyn,,371,689528,2
Support,,361,689518,4
Darkhorse,,486,689514,5
Minre,,372,689504,0
Valice,,182,689496,0
Heraclix,,210,689471,1
Ejodrun,,431,689468,1
Rolen,,158,689442,1
Rucezag,,407,689435,0
Aeneas,,233,689434,1
Nikki,,244,689429,0
Debroli,,283,689405,1
Dara,,321,679649,0
Etithal,,316,679645,0
Oooppsss,,140,679612,1
Ethak,,189,679604,2
Koreahoit,,431,679599,0
Sidra,,381,679593,0
Drizzt,,256,679547,0
Hiluba,,179,679536,0
Adaden,,404,679464,1
Oton,,124,679458,0
Morgan,,318,679451,1
Acro,,307,679431,3
Vega,,119,679431,2
Koreajudi,,208,679428,1
Mila,,286,679419,10
Zergg,,312,669712,1
Gurkesa,,211,669611,0
Sethuve,,192,669574,1
Jozog,,163,669525,1
Lord,,351,669522,0
Neige,,334,669521,0
Sedarzi,,220,669517,0
Rakrenne,,190,669481,1
Annaise,,271,669474,0
Tibel,,245,669414,1
Kice,,507,659741,0
Aruhi,,241,659736,0
Zekrigri,,189,659731,0
Brienne,,470,659725,0
Adnarci,,145,659697,0
Anubis,,168,659685,0
Odog,,175,659684,1
Huangjin,,189,659679,0
Robar,,239,659677,0
Drednaut,,280,659665,0
Sidna,,138,659649,0
Akira,,414,659646,0
Gheed,,262,659636,0
Meres,,207,659632,1
Cuma,,384,659630,1
Givede,,203,659626,2
Jeffrey,,488,659622,0
Msopmac,,446,659619,0
Oshardoz,,181,659607,0
Sirpwnalot,,435,659596,0
Versus,,132,659585,5
Tadoz,,412,659578,0
Nose,,216,659564,3
Koreamin,,349,659556,0
Abam,,216,659554,3
Ollete,,184,659524,0
Halifax,,175,659512,0
Enneda,,221,659490,3
Osuki,,326,659477,6
Rora,,195,649551,0
Shannara,,278,649545,3
Tiratha,,317,649493,7
Jorge,,141,649467,0
Come,,156,649465,0
Brienne,,219,649459,0
Saveg,,178,649458,2
Edozil,,209,649435,2
Oged,,189,649417,1
Negre,,224,639587,0
Tsukuyomi,,204,639576,1
Lucin,,284,639559,1
Zooman,,234,639551,0
Bast,,344,639538,0
Iraz,,261,639520,1
Jesuda,,200,639517,0
Teben,,270,639479,0
Aerfa,,144,639478,0
Kronos,,173,639472,0
Poeboi,,345,639450,0
Rofri,,276,639439,2
Agral,,317,639405,3
Fury,,285,639402,2
Zaffo,,230,629625,0
Erom,,197,629615,0
Pybaxa,,120,629609,3
Myqt,,138,629586,0
Koreajihyo,,180,629579,0
Vazi,,220,629563,1
Bahbuh,,199,629534,0
Jage,,296,629516,1
Avasaralla,,125,629511,3
Stabbyjoe,,369,629501,0
Linalla,,249,629477,0
Zixzixzix,,401,629444,1
Roshak,,229,619610,1
Orgie,,166,619586,1
Rawbobx,,173,619560,0
Xenaphobe,,241,619542,1
Freja,,141,619539,1
Moruk,,174,619522,2
Rivrin,,348,619474,0
Menella,,153,619454,2
Raorohe,,220,609738,0
Raga,,195,609728,0
Rebekkah,,470,609727,0
Runa,,322,609718,0
Bashaji,,383,609715,0
Inig,,368,609715,0
Ozen,,401,609703,0
Ethota,,195,609683,0
Pullthis,,399,609675,0
Rufri,,205,609675,0
Rahal,,149,609666,0
Mirion,,173,609665,0
Oiling,,175,609664,0
Vvgmgtvv,,184,609654,0
Esurus,,194,609636,0
Mustpower,,267,609636,0
Valkyria,,147,609621,1
Maximus,,95,609619,0
Itgacar,,105,609614,0
Freya,,245,609608,0
Dobre,,141,609603,0
Acharzum,,257,609598,0
Ekrithul,,91,609596,2
Mothona,,210,609595,4
Berzuva,,402,609588,0
Kakok,,160,609587,1
Bica,,174,609572,0
Roxevento,,149,609559,3
Chase,,250,609550,0
Ovroba,,229,609548,0
Lance,,410,609488,0
Sihtric,,287,599609,2
Cile,,234,599545,0
Zorcot,,122,599497,0
Gangbang,,173,599480,0
Imoni,,146,599431,0
Kisl,,179,589612,0
Tacos,,160,589596,1
Juba,,281,589594,0
Bourgets,,144,589571,3
Zosut,,341,589557,0
Azurath,,235,589550,0
Stiletto,,262,589538,0
Ozon,,133,589520,1
Galla,,354,589490,0
Qanon,,293,589478,2
Dabid,,274,589464,1
Sarge,,190,589453,0
Svetlana,,132,589417,0
Lanaki,,395,579658,0
Iriboz,,238,579610,0
Jidun,,137,579569,0
Nordicrom,,134,579558,0
Phrarphrar,,266,579548,1
Ridek,,132,579462,3
Orgiz,,100,569665,0
Vora,,126,569632,2
Scarlett,,132,569628,0
Agok,,90,569628,0
Barbarella,,99,569622,1
Ruqqshka,,171,569606,0
Gwar,,312,569606,0
Aaarrrgghh,,194,569441,0
Esol,,318,559771,0
Artonag,,272,559738,0
Hatheshi,,210,559721,0
Loriderby,,177,559715,0
Templario,,161,559703,0
Nareta,,407,559701,0
Avilla,,99,559696,0
Voca,,407,559684,0
Sinra,,124,559666,1
Lucida,,124,559644,0
Vogori,,176,559601,0
Dethud,,187,559571,0
Hilda,,226,559564,0
Sasuse,,130,559560,0
Canuck,,253,559543,0
Buiazinha,,308,559481,4
Willow,,254,559438,1
Lordblack,,214,559413,1
Teil,,257,549500,2
Emad,,171,549403,0
Ketha,,204,539580,0
Tamok,,94,539559,0
Enise,,155,539528,0
Dadare,,351,539500,0
Oshake,,124,539486,0
Zina,,229,539485,1
Cejuk,,81,539470,1
Binabic,,340,539456,3
Daerk,,101,529610,0
Kitiara,,96,529591,0
Egal,,116,529574,0
Luze,,68,529536,0
Kathuk,,449,519652,0
Mimim,,152,509766,0
Schnuggie,,108,509645,0
Zulid,,175,509622,0
Tigress,,105,509614,0
Hade,,102,509612,0
Voafk,,206,509594,0
Cakra,,318,499593,0
Limok,,197,499577,0
Rast,,204,489693,1
Gigi,,221,489574,0
Jtah,,204,489542,0
Captmurica,,227,489520,0
Gorteg,,147,489517,0
Ronni,,67,479662,0
Tyumen,,159,479638,0
Codek,,316,479611,0
Horim,,138,469736,0
Ludne,,31,469675,0
Linix,,101,459816,0
Ascarid,,176,459784,1
Hellpatate,,166,459728,0
Zimi,,92,459710,0
Vasilisa,,156,459644,0
Ojutun,,198,449612,0
Mrggg,,147,439763,0
Ethim,,133,439635,0
Hila,,96,429767,0
Ahmed,,53,429683,0
Jago,,58,419684,0
Gotham,,121,409832,0
Deusvult,,194,409728,0
Ejokal,,46,409663,0
Mikrel,,36,399746,1
Ohelle,,38,389586,2
Zazi,,95,389475,2
Zita,,67,379796,0
Odis,,20,379775,0
Nandi,,132,379463,1
Ishama,,77,369801,0
Arazis,,144,359841,0
Bogata,,246,359711,0
Oversider,,147,359699,2
Imoca,,89,359696,0
Devil,,49,319823,0
Kane,,0,309814,0
Donkox,,30,289816,0
Evento,,74,289490,1
Newhero,,0,249746,0
Windmark,,53,249679,1
Haites,,0,209770,0
Asum,,0,129779,0
Ragnarok,,0,99781,0
Atori,,0,89747,0
Suthin,,0,89716,0
Silverback,,0,79762,0
Crazy,,0,79630,1
Vodrod,,0,79604,2
Malaperda,,0,79597,5
Nirzi,,0,79455,3
Itharge,,0,69901,0
Mabri,,0,69878,0
Ibone,,0,69855,0
Orzis,,0,69829,0
Xyrus,,0,69818,0
Bozed,,0,69718,1
Paladin,,0,69711,0
Serdel,,0,69707,0
Isiri,,0,69694,2
Ligos,,0,59839,0
Sorra,,0,59827,0
Edem,,0,49833,0
Sati,,0,49828,0
Zatabe,,0,49707,0
Zutha,,572,49684,0
Gokrul,,0,49668,0
Nogorze,,0,49526,0
Ibihis,,0,49463,0
Jehanne,,0,39863,0
Isisid,,0,39816,0
Vuzet,,0,39792,1
Chato,,0,39782,1
Vurci,,0,39749,0
Ptwsux,,0,39747,0
Lumi,,0,39704,0
Akubri,,0,39619,2
Arthur,,0,39560,1
Gage,,0,29848,0
Tankorito,,0,29799,0
Geshi,,0,29739,0
Ezethe,,0,29706,0
Sitod,,0,29654,0
Alexander,,0,29603,0
Atofroz,,0,29483,1
Ferum,,0,29479,0
Orlando,,0,19846,0
Xanes,,0,19793,0
Spider,,0,19791,0
Jarza,,0,19790,0
Ezan,,0,19777,0
Xezzus,,0,19740,0
Ared,,0,19726,0
Enot,,0,19718,0
