Rebirth,,2106,76.38,160,487,0
Koreaabin,,2150,76.46,160,547,0
Korleishen,,2108,76.38,160,550,0
Chinahwang,,2100,75.92,158,545,1
Guitarwolf,,2101,76.08,158,553,0
Kornene,,2153,76.46,158,566,0
Korala,,2141,76.46,158,586,2
Chinacctv,,2048,75.92,158,592,3
Kirito,,2060,76.15,158,594,2
Chinadige,,2093,75.85,157,512,0
Korclc,,2085,76.31,157,536,2
Korthemax,,2103,76.46,157,554,1
Chinawang,,2044,75.85,157,554,3
Chinadoll,"War Hero",2075,76.15,156,453,0
Korsj,,2104,76.38,156,572,3
Korls,,2032,75,156,584,1
Isaacthree,,1995,75.31,155,469,0
Chinav,,2064,76,155,530,0
Korsia,,2065,75.69,155,533,0
Chinalj,,2007,74.85,155,570,0
Byroad,,2001,75.92,153,525,1
Koryeah,,2051,75.38,153,527,0
Korwon,,2087,75.62,153,554,0
Nacoin,,2014,75.46,153,564,3
Shade,,2042,74.85,153,596,0
Korc,,2081,76,153,597,0
Warhero,"War Hero",2030,75.15,153,597,2
Sabuk,Challenger,1963,75.31,152,514,1
Dddddd,,2078,75.38,152,517,1
Zjzhw,,2090,75.77,152,580,4
Sniper,,2128,76.31,152,584,0
Mrao,,2101,75.31,152,586,7
Ashahi,,2002,75.31,151,409,2
Crazychina,,2001,75.15,151,440,2
Whogivsafu,,2047,75.46,151,476,3
Chinadv,,2087,75.92,151,476,2
Esircik,Challenger,2095,75.77,151,481,2
Chinawuya,,1997,74.92,151,519,2
Korbog,,1980,75.46,151,526,1
Korbin,,2105,75,151,546,1
Korsohee,,2040,75.38,151,555,3
Suza,,2020,75.92,151,555,1
Juejue,,2055,75.46,151,583,8
Korbuddha,,2054,75.62,151,591,1
Hegemony,,2000,75.23,151,593,0
Korbural,,2070,75.62,150,400,0
Burek,,2000,75.92,150,426,0
Chinatang,,2051,74.92,150,499,1
Three,Challenger,2049,75.77,150,549,0
Liamox,,2002,76.15,150,555,0
Chinayf,,2003,75.46,150,559,0
Flounder,,2043,74.77,150,598,0
Korgiz,,1958,75.54,149,523,0
Kormm,,2041,75.31,149,586,1
Chinak,,1984,75,148,441,1
Forglory,,2059,75.08,148,464,1
Korsickal,,2100,75.77,148,476,0
Korfire,,2008,75.15,148,479,1
Koronni,,2068,75.69,148,481,1
Onogri,,2050,75,148,488,3
Michael,,2030,75.69,148,499,4
Xerxes,,2039,75.23,148,503,4
Radok,,1979,75.15,148,515,2
Korakan,,2048,75.69,148,518,1
Kormessi,,2002,75,148,524,1
Cuma,,1859,76.31,148,525,1
Kortata,,1992,75.08,148,526,2
Cnjoy,Centurion,1981,75.69,148,533,1
Anorul,,1961,75.08,148,564,1
Kraesanb,,1969,74.69,148,565,1
Testtube,,1911,75,148,577,4
Zukra,,2000,75.15,148,581,0
Chinajerry,,1888,75.46,148,588,1
Chinaz,,2052,75.92,148,593,1
Bronzducky,,1848,74.85,147,441,1
Huve,Challenger,2036,75.15,147,468,0
Yeolmoo,,2004,75.46,147,483,1
Hunani,,1992,75.62,147,534,7
Korzing,,1959,74.54,147,546,3
Korhell,,2102,75.77,147,551,0
Sachoggik,,2007,75.69,147,575,1
Chinat,,1845,75.38,146,461,2
Egugot,,1535,74.38,146,491,1
Korlucia,,2026,74.54,146,513,3
Christophe,,1937,74.85,146,515,2
Jojo,,1595,74.69,146,531,4
Lullime,,2078,75.69,146,546,4
Darthspock,,1947,75.38,146,550,1
Grymsch,,2012,74.92,146,560,5
Mobilitch,,2021,75.15,146,563,1
Korgun,,1968,75.15,146,568,4
Dale,,2019,75.23,145,375,0
Jingjing,,1979,75.62,145,390,0
Oginnet,,1880,74.77,145,404,0
Nipsanhips,,2006,75.15,145,475,0
Singo,,1831,75.08,145,478,0
Chinafang,,1924,74.77,145,480,0
Sara,,1953,74.77,145,508,1
Korhun,,1989,75.15,145,542,2
Lisa,,1884,75.15,145,556,0
Casper,Centurion,2003,74.77,145,566,0
Rudyx,,2089,75.15,145,573,0
Kokre,,1923,74.31,145,587,2
Galamesh,,1995,75.08,145,591,3
Mihawk,,1999,75.38,144,531,0
Koridem,,1829,74.69,144,543,0
Korparapra,,1945,74.69,144,575,1
Korddoti,,1732,74.85,144,592,4
Akerti,,1997,75.08,143,408,1
Homasi,,1926,74.85,143,411,1
Bkkiller,,1901,75.31,143,453,0
Stayhome,Centurion,1937,74.77,143,471,4
Geralt,,1836,74.54,143,471,2
Korsarman,,1977,74.69,143,471,0
Dascth,,1966,74.31,143,474,3
Maha,,2010,74.92,143,493,3
Korseeker,,1841,73.85,143,505,2
Ollagolla,,1512,75.46,143,519,0
Korlotto,,1931,74.62,143,531,2
Bronze,,1933,74.85,143,554,1
Corahyun,,1859,75.62,143,564,1
Rache,,1961,75.15,143,571,3
Ajone,,2006,74.54,143,575,4
Korcutmw,,1931,74.92,143,581,2
Crona,,1806,74,142,433,0
Newj,,1748,75.15,142,472,10
Vathun,,1754,74.23,142,483,4
Burochi,Challenger,1979,75,142,494,5
Kormango,,1975,75.69,142,517,1
Korduna,,2000,75.15,142,569,0
Deleteme,,1605,73.54,142,590,1
Koralba,,1770,74.92,142,594,1
Banana,,1876,74.85,141,412,0
Vick,,1949,75.15,141,434,7
Chenmo,Challenger,1932,73.85,141,465,3
Vorgonna,,1970,75.23,141,474,1
Yaboo,,1588,74.23,141,485,5
Dangus,,1814,74,141,489,1
Balin,Challenger,1701,74.46,141,509,2
Etun,,1421,74,141,521,2
Korwoods,,1983,75.08,141,529,0
Thanathos,,1985,75.15,141,529,11
Vich,,1922,75.31,141,558,4
Pinkd,,1923,75.46,141,597,3
Korgold,,1871,73.85,140,287,2
Alirka,,1966,74.77,140,298,1
Chinalll,,1853,74.31,140,341,3
Kaje,,1796,74.85,140,365,5
Derb,,1958,75.15,140,366,2
Chinastupa,,1995,75.08,140,374,0
Korgiz,,2067,73.38,140,388,0
Rubenstein,,2107,74.77,140,476,4
Champion,,1928,75.08,140,508,1
Doink,,1575,74.85,140,510,2
Ojuz,Challenger,1958,75.77,140,516,0
Bouba,,1959,74.54,140,598,1
Jumpyquake,,1709,74.54,139,423,5
Sehus,,1920,73.62,139,451,7
Lusiss,,1983,74.31,139,480,0
Crew,,1389,73.54,139,494,0
Kavrardi,,1709,74.46,139,569,4
Oppaya,,1781,74.92,139,581,9
Covid,,2070,74.85,139,587,6
Chinafox,,1982,75.15,138,312,1
Kordoree,,2003,75.62,138,349,1
Chronos,,1786,73.62,138,377,0
Autoname,,1241,74,138,378,0
Maci,,1125,73.85,138,457,3
Koroke,,1894,74.62,138,501,5
Sorta,,1823,74.62,138,517,3
Dolteng,,1856,74.54,138,529,8
Aiden,,2009,75.08,138,559,2
Ruhegel,,2101,73.38,138,560,0
Cirin,,1886,74.46,138,569,3
Toktik,,1929,74.92,138,577,2
Korline,,1536,74.38,138,584,5
Dunhill,,1883,75.08,138,592,3
Odin,Challenger,1105,75,137,421,3
Fantaghiro,,1836,74.08,137,422,6
Dugra,,1975,73.69,137,438,2
Drakoo,,1416,73.46,137,440,2
Elysia,,1949,74.85,137,469,3
Lavaki,Challenger,2025,75.77,137,482,5
Ruyebok,Challenger,2058,74.69,137,512,4
Donquixote,,1853,74.23,137,541,4
Nemi,,1800,74.77,137,561,3
Gisi,,1654,74.69,137,564,7
Unknownkor,,1442,74.69,137,567,4
Avrehi,,1592,73.85,137,582,2
Vullas,,1987,74.46,137,589,6
Chinamx,Challenger,1992,74.54,136,362,2
Jinjinwar,,1749,74.23,136,385,2
Leben,,1235,73.46,136,401,1
Zeejazz,,1813,74.92,136,404,2
Arzul,,1569,74.62,136,425,1
Korea,,1632,74.85,136,434,3
Ruvata,,1994,73.23,136,437,0
Rubaka,,1875,73.77,136,476,4
Onslaught,,1633,74.62,136,496,1
Hawe,,1922,75.15,136,498,1
Metinpl,,1674,75.31,136,506,2
Korjuny,,1974,74.69,136,517,2
Hugorune,,1816,74.23,136,535,2
Nikive,,1561,73.92,136,556,0
Korspace,,1885,74.38,136,570,9
Zemet,,1955,75.46,136,582,3
Dwayne,,1100,74.38,136,591,2
Drozik,,1430,75,136,591,6
Korjun,,1994,74.31,136,597,0
Chinablahs,Challenger,1850,74.31,135,173,0
Rabarka,,1226,74.38,135,256,1
Sidifen,,2042,76,135,277,0
Zazer,,1866,73.62,135,292,1
Chinacat,,1893,73.92,135,304,2
Congxinkai,,1386,73.77,135,307,7
Korboss,,1806,75,135,309,0
Ivrarun,,1706,73.92,135,325,0
Nicolo,,1345,73.77,135,334,0
Idos,,1942,76,135,339,0
Akeg,,1851,74.85,135,385,1
Ninata,,1994,74.54,135,432,6
Horug,,1736,73.77,135,455,0
Sword,,1910,74.69,135,460,0
Kowal,,860,73.38,135,491,1
Noobsbane,,1971,74.38,135,494,0
Ogros,,1940,74.15,135,503,8
Lancelot,,1289,74.23,135,510,7
Kkkkm,,1899,75.62,135,534,3
Rumakc,,1900,75,134,422,1
Adventurer,,1003,73.54,134,493,0
Benjamin,,2001,74.77,134,543,3
Mandala,,1662,74.23,134,574,1
Gukedra,,1673,74.38,134,597,2
Tempusjr,,1586,73.69,133,373,1
Limiter,,1302,74.23,133,382,1
Korguho,,1341,73.69,133,383,1
Ikill,,1603,74.38,133,399,0
Korrok,,1915,74.38,133,400,4
Korpi,,1955,75,133,413,0
Stanhope,,2011,75.23,133,421,1
Ozel,,1821,74.85,133,423,4
Korbill,,1952,74.23,133,434,1
Korbruce,,1865,75,133,457,2
Halmae,,1460,73.54,133,462,2
Korpaladin,,1717,74.62,133,485,1
Voodooxxx,,1470,73.92,133,490,2
Soha,,1926,74.77,133,499,1
Kahu,,1189,73.85,133,501,2
Irute,,1924,74.38,133,506,3
Vece,,1366,74.85,133,507,4
Jehrz,,1901,74.77,133,511,4
Krepana,,1829,73.92,133,519,1
Triallior,,944,74.08,133,522,2
Bazahe,,1504,74.15,133,530,4
Knight,,1523,75.31,133,533,3
Ennidna,,2037,74.85,133,542,5
Labose,,1571,74.46,133,562,4
Khanping,,1704,74.92,133,567,7
Lelele,,1756,73.85,133,570,3
Koryoon,,1992,74.77,133,579,3
Lothuna,,1911,73.92,133,589,0
Daniel,,1780,73.92,132,324,2
Ldyjsz,,1523,74.54,132,352,3
Ahat,,1412,74.08,132,363,2
Finish,,1155,73.54,132,426,2
Thor,,1953,75.08,132,462,3
Korsan,,1634,73.69,132,478,8
Barcid,,1478,73.23,132,479,5
Esam,,1542,74.69,132,505,2
Neli,,2066,74.46,132,505,4
Nagibator,,1923,74.85,132,508,7
Ecaten,,1329,74.15,132,518,5
Slaninacz,,1490,73.38,132,554,2
Gorca,,1541,74.38,132,563,1
Cyclone,,1280,73.77,132,589,8
Fiora,,1748,74,131,275,2
Furia,,1961,74.54,131,290,1
Chinaglenn,Centurion,2033,73.62,131,372,1
Benig,,1644,74.38,131,405,3
Abikifiv,,2049,74.46,131,426,4
Goldarrow,,1110,73.92,131,442,3
Korkor,,1853,75.15,131,451,6
Otihe,,1595,73.77,131,473,8
Maximus,,1476,75.08,131,474,5
Darksell,,1487,74.62,131,485,1
Boobless,,1913,74.62,131,486,4
Soha,,1155,73.54,131,522,3
Korpsycho,,1330,74.08,131,527,2
Gamja,,1550,74.92,131,569,1
Sargen,,1565,73.46,131,574,3
Chumpy,,1952,73,130,196,0
Phoshero,,1887,74.46,130,216,0
Bigig,,735,73.46,130,219,1
Bobcat,,1385,74.31,130,220,0
Korbabaka,,1886,74.62,130,230,0
Sardurka,,1154,74.31,130,239,1
Tushe,,1404,73.62,130,240,1
Ibrak,,1237,74,130,243,0
Ehui,,1890,74.54,130,256,0
Korone,,1605,73.54,130,257,2
Barez,,1388,73.62,130,273,0
Robin,,1694,74.23,130,280,0
Judrebre,,1906,74.15,130,289,0
Chinahe,,1880,74.31,130,298,1
Rizatha,,1709,74.31,130,300,8
Rucomrade,,1979,73.31,130,300,1
Cota,,753,73.77,130,308,0
Koreddy,,1862,73.92,130,310,0
Marishik,,847,73,130,312,0
Chinasuper,,1936,74.15,130,312,3
Ilula,,1667,74.15,130,324,2
Imanne,,1370,74.15,130,332,3
Phaus,,945,73.92,130,338,1
Chinacd,,1379,74.15,130,341,2
Rorkag,,1375,74.23,130,347,2
Emem,,1091,72.85,130,352,0
Icat,,703,73.62,130,358,0
Egaz,,1923,74.15,130,366,1
Korexp,,1499,73.69,130,368,8
Bach,,1574,73.77,130,372,0
Gimmeglory,,1290,73.31,130,374,1
Hozul,,1749,75.31,130,376,0
Bigel,,1739,74.92,130,382,1
Iren,,1727,72.77,130,390,2
Xorms,,1727,74.62,130,393,1
Leli,,1059,73.54,130,400,1
Orion,,1579,74.38,130,402,4
Chinahz,,1918,73.54,130,403,4
Ishubin,,762,73,130,405,1
Luffy,,1670,75,130,405,4
Scaryhips,,1758,74.38,130,412,0
Pinkruby,,1544,73.92,130,425,0
Truhlik,,1444,73.54,130,432,1
Kornada,,1384,73.08,130,436,0
Ohoo,,1657,74,130,436,1
Cedrik,,1371,73.77,130,441,5
Amam,,1994,74.08,130,447,0
Drmekko,,1973,74.62,130,456,0
Wulfgar,,1737,74.62,130,463,2
Totul,,1808,74.23,130,468,3
Tuan,,1641,73.77,130,488,4
Irzin,,1304,74.08,130,492,0
Asit,,1694,74.69,130,497,4
Nerut,,1455,73.92,130,498,7
Korkasuu,,1025,75,130,507,1
Haza,,1737,74.77,130,511,7
Gudes,,1457,74.69,130,524,3
Suta,,1111,73.54,130,533,0
Zero,,1861,73.08,130,538,2
Karmagedon,,1243,71.77,130,556,0
Zibriva,,742,72.15,130,557,3
Argon,,1431,73.85,130,572,1
Felrock,,616,72.31,130,575,7
Omun,,1788,74.23,130,576,0
Rubaka,,2049,74.85,130,586,6
Zallot,,1316,73.69,130,590,2
Chinaht,,1176,72.38,130,593,6
Heshi,,1299,73.69,130,597,0
Marusia,,1872,73.85,129,464,0
Echobronze,,1004,74.62,129,479,1
Mario,,1965,75.38,129,486,2
Oneg,,1890,74.85,129,557,0
Seca,Challenger,825,73.15,129,589,4
Rudotha,,1477,72.92,128,420,2
Korsword,,1959,74.38,128,430,2
Eduje,,1923,74.77,128,456,4
Shabi,,1608,74.08,128,462,2
Drabek,,1439,73.38,128,479,3
Myeca,,1196,73.69,128,492,6
Alice,,1462,73.69,128,497,3
Cherry,,1509,74.62,128,498,2
Mete,,922,73.54,128,505,3
Kuroi,,961,72.69,128,513,0
Salurki,,1091,73.85,128,535,1
Arawn,,1423,73.31,128,537,1
Judas,,1522,74.46,128,571,1
Hakam,,725,74.15,127,370,3
Zurkeci,,1159,73.15,127,372,0
Annesaz,,1914,74.77,127,459,3
Chang,,1336,74.62,127,465,3
Jukune,,1910,73.38,127,522,1
Doagan,,1449,73.15,127,528,3
Rufrog,,1443,74.15,127,543,0
Vechi,,1862,74.15,127,573,6
Ebrige,,1932,74.15,126,347,1
Artega,,1336,73.69,126,380,1
Ijule,,1425,73.38,126,389,2
Omunum,,1710,75.15,126,412,4
Kordua,,1189,73.15,126,455,2
Kyler,,1613,73.92,126,513,2
Imperius,,1697,73.85,126,535,4
Wayne,,1201,73.69,126,543,4
Alkonavt,,741,73.77,126,543,0
Bishek,,785,72.23,126,553,1
Goku,,1328,72.92,126,557,5
Garminator,,1103,74.85,126,593,5
Ruca,,1831,74.69,125,211,1
Tomyshelby,,1134,74.23,125,216,0
Niubi,,1850,74.62,125,235,1
Korzzubi,,1561,74,125,250,0
Jerid,,1865,74.62,125,276,2
Verusya,,1768,73.15,125,278,2
Semoje,,1137,73.77,125,286,0
Korno,,1542,74.15,125,300,1
Slayers,,1601,73.92,125,301,2
Dogezi,,1590,74.69,125,317,0
Obat,,1938,74.69,125,323,0
Illeshe,,1678,74.23,125,330,0
Time,,1198,74,125,345,0
Athelag,,1274,73.46,125,348,1
Mirti,,1282,73,125,363,1
Sullivan,,1774,73.38,125,374,0
Korena,,1461,74.69,125,380,1
Master,,888,74.38,125,397,0
Asuse,,1868,73.69,125,399,0
Koririse,,1984,74.08,125,404,4
Rori,,1267,74.23,125,410,2
Fraxinus,,1822,74.77,125,417,0
Chinakaizi,,1133,73.69,125,419,1
Ahat,,1513,74.54,125,429,0
Bukol,,1200,73.92,125,434,0
Dosebe,,1691,74.54,125,459,1
Athena,,1149,75.38,125,471,2
Oiram,,1902,73.77,125,483,1
Amolik,,1718,73.38,125,492,0
Blood,,555,73.62,125,492,1
Kiwi,,1388,73.85,125,495,3
Baraka,,1493,74.31,125,514,0
Noah,,1163,73.46,125,529,1
Dimi,,1197,75,125,555,0
Chinavirus,,1118,74.77,125,565,0
Hekrole,,1134,74.38,125,596,1
Regenerate,,600,73.23,124,381,0
Warramiyor,,1447,73.08,124,400,2
Elira,,609,71.38,124,534,0
Entrecote,,1477,72.69,124,542,0
Arschgeier,Challenger,1145,74.08,124,547,0
Xiaolaohu,,1406,75.15,124,572,0
Cajeta,,1092,72.92,124,595,0
Savage,,629,73.15,123,326,0
Ahilon,,1065,73.23,123,367,5
Kekral,,1112,73.15,123,414,1
Diablos,,1600,74.15,123,439,2
Wildbill,,875,73.23,123,452,1
Whyme,,1463,74.31,123,460,2
Yelz,,1848,74.23,123,465,3
Edanrak,,761,71.69,123,467,1
Aruzak,,1321,73.38,123,478,5
Ekruk,,1506,74.85,123,487,2
Lucia,,1598,75.08,123,497,0
Kesha,,1438,73.92,123,523,3
Ruzunami,,1783,74.77,123,531,6
Bangbros,,1485,73.31,123,540,7
Avrushol,,1035,71.92,123,541,5
Michyb,,1692,74.46,123,546,2
Rezan,,1464,72.08,123,554,1
Ofrjiba,,1240,73.54,123,562,5
Jiren,,1963,74.15,123,563,3
Zerdol,,1426,73.92,123,575,1
Adnurtel,,964,74.08,123,578,5
Jazi,,1424,74.62,123,587,4
Godinnn,,1375,74.31,122,365,1
Kunnot,,1308,73,122,392,4
Endeavor,,955,72,122,396,2
Akrorod,,1126,75.23,122,421,0
Gofast,,648,73.69,122,421,2
Jozi,,1255,73.38,122,448,2
Londo,,1522,73.08,122,462,2
Acunog,,1010,72.38,122,482,5
Laros,,888,73.92,122,485,7
Sonrehi,,1161,73.31,122,489,2
Ruandrei,,790,74.46,122,490,10
Drdreymr,,1491,74.92,122,506,6
Mise,,1573,73.08,122,582,4
Ebrez,,651,72.62,122,591,0
Herman,,1491,72.92,121,361,4
Korenod,,963,73.15,121,376,2
Huhukri,,1193,74.38,121,422,4
Aren,,1354,73.69,121,439,1
Gorde,,788,72.08,121,457,2
Legancko,,1293,74.69,121,465,1
Etehin,,846,73.77,121,485,1
Kucat,,871,73.69,121,488,4
Chinazzz,,1349,73.23,121,488,4
Korimhong,,1591,73.31,121,492,14
Weew,,1066,73.15,121,492,0
Xnedra,,1313,74.15,121,501,5
Enivris,,1008,74.15,121,519,4
Oruki,,1226,74.08,121,521,4
Marklar,,908,72,121,524,2
Lightsong,,1018,71.92,121,544,6
Korgogo,,867,73.23,121,548,2
Nechi,,827,74.77,121,551,1
Popo,,856,72.92,120,183,0
Kordukj,,1521,73.23,120,207,0
Hinamaru,,1031,73.54,120,215,0
Tivut,,1003,74,120,228,0
Ahugi,,1799,73.08,120,233,0
Ajog,,1220,73.23,120,233,0
Zatha,,1588,74.69,120,233,0
Heta,,824,73.31,120,256,0
Wall,,1653,74.23,120,265,0
Korboss,,1069,73,120,271,1
Rupar,,1704,73.08,120,275,0
Adod,,624,72.62,120,278,0
Chinahys,,1584,73.23,120,292,0
Torde,,1798,73,120,299,1
Imok,,1290,73.85,120,303,0
Ownage,,908,71.69,120,303,0
Ronin,,1512,73.31,120,310,1
Ruolegmsc,,1682,73.77,120,316,0
Cortise,,1684,75.77,120,320,0
Chinaf,,1902,74.62,120,330,0
Orcarta,,1230,73.92,120,331,3
Valkyrie,,984,73.92,120,336,0
Boudica,,1308,73.85,120,336,0
Chinaizls,,1208,72.92,120,340,2
Aduken,,1423,74,120,353,3
Idninun,,632,72.08,120,361,1
Docenri,,1494,72.85,120,362,0
Aaaaaaa,,1435,73.46,120,363,0
Suva,,1067,72.23,120,382,1
Apollo,,1765,74.54,120,390,0
Bodra,,1565,73.69,120,393,3
Sobaka,,1414,72.54,120,395,1
Jekon,,1379,72.38,120,405,0
Lebron,,924,73.54,120,407,0
Zehuz,,1127,73.15,120,418,0
Bella,,1660,75.77,120,418,0
Irtekri,,1308,73.62,120,420,5
Belee,,1844,73.77,120,420,2
Hope,,1298,71.77,120,421,7
Anifre,,724,73.85,120,422,0
Hivi,,1241,73.54,120,437,0
Mali,,1262,73.62,120,452,0
Kamilapus,,1291,72.46,120,461,2
Turgeon,Challenger,1484,74.38,120,466,2
Tuca,,625,72,120,470,3
Kierabella,,791,73.23,120,473,4
Miri,,1286,72.92,120,475,9
Jackolero,,535,72.46,120,491,0
Isomug,Challenger,515,72.46,120,494,1
Ortin,,1168,73.69,120,522,0
Sheila,,699,72.92,120,535,0
Zerei,,1804,75.69,120,542,0
Voga,,1140,73,120,554,2
Bumbarash,,1594,73.38,120,560,12
Deks,,905,72.46,120,561,3
Odnut,,788,73.23,120,561,2
Pornhub,,1167,74.23,120,566,1
Danb,,1125,74.23,120,569,0
Vietnamese,,1412,71.92,120,571,7
Ruiriwa,,1357,72.85,120,582,5
Vashe,,586,71.38,120,586,2
Korjoyfull,,1757,74.54,119,357,5
Vokri,,1172,73.77,119,491,6
Ibante,,1267,74.77,119,555,7
Labuba,,788,72.23,118,383,0
Azonri,,823,72.92,118,409,0
Degoce,,817,72.15,118,422,2
Gukrul,,1104,72.38,118,425,3
Melkor,,1443,73.15,118,436,1
Matilda,,1267,73.69,118,448,5
Curziz,Challenger,1471,74.31,118,496,1
Merguk,,714,72.46,118,502,1
Toke,,615,71.85,118,511,3
Zertan,,823,73,118,513,1
Stpnjs,,1264,74.31,118,523,2
Imifri,,817,71.85,118,540,3
Mozod,,730,74.08,118,543,4
Mavra,,1363,74.31,118,544,5
Dark,,554,72.08,118,547,3
Kellat,,1403,73.38,118,556,3
Snifff,,885,73.54,118,573,0
Huiaj,,517,71.08,118,583,2
Seneni,,654,73.31,118,590,4
Moriana,,529,73.15,118,596,1
Kimek,,732,73.62,117,213,0
Feylin,,826,72.46,117,392,1
Kame,,1808,74.31,117,447,8
Kormi,,1384,74.54,117,481,2
Kuwait,,1002,73.62,117,515,3
Rapviet,,691,72.62,117,538,4
Matrempit,,1401,73.46,117,550,0
Zabe,,708,73.23,117,573,7
Even,,1249,73.23,117,577,1
Ragi,,845,73.62,117,585,0
Bobita,,620,72.23,117,587,8
Ahanda,,1344,73.54,117,590,2
Diesel,,986,72.85,117,593,7
Onnik,,725,73.62,117,594,1
Mranh,,1260,73.08,116,433,2
Hehise,,1278,75.46,116,454,5
Mari,,880,72.31,116,485,2
Koreaaaaaa,,900,72.85,116,485,1
Glorfindel,,1054,72.77,116,489,2
Icuthi,,1237,73.31,116,490,7
Obugrom,,1338,73.54,116,513,2
Hivimi,,564,72.77,116,543,3
Lappen,,902,71.92,116,570,1
Korose,,1388,74.23,116,574,8
Korcrown,,1427,74.46,115,91,0
Gogo,,835,73.54,115,220,0
Ajig,,1380,74,115,234,0
Korggung,,1650,74.31,115,259,0
Sameve,,1657,74.54,115,259,2
Videz,,618,71.38,115,263,0
Ezek,,1324,73.62,115,270,2
Ocak,,1279,72.92,115,271,2
Victory,,655,72.92,115,276,0
Nita,,1322,73.15,115,280,2
Dava,,1473,71.69,115,289,0
Uria,,1182,73.62,115,291,2
Lero,,840,72.77,115,300,2
Obones,,951,71.92,115,301,4
Zedre,,1086,72.54,115,302,3
Okirzam,,1282,73.38,115,305,3
Anjing,,1205,73.69,115,307,1
Ishiraz,,898,71.77,115,313,2
Nellez,,1812,74.46,115,314,3
Irdochi,,1279,73.62,115,329,1
Abort,,605,71.38,115,347,1
Korenable,,1741,74.23,115,347,2
Nike,,918,72.23,115,351,2
Ephemera,,1320,74.31,115,362,2
Paddy,,1251,73.15,115,364,1
Misia,,1281,74.38,115,365,0
Iceman,,746,72.31,115,368,0
Event,,402,73.15,115,368,2
Mousse,,1365,73.85,115,375,0
Rahl,,1049,71.77,115,375,0
Korghost,,1179,72.85,115,378,3
Icarus,,950,73,115,391,2
Niewei,,712,72.62,115,409,0
Korrin,,1233,71.62,115,425,1
Elom,,965,73.15,115,427,0
Onreg,,1327,72.46,115,427,1
Mara,,1192,71.92,115,432,1
Korjdjd,,1215,71.77,115,440,2
Mega,,1028,72.15,115,441,1
Fanny,,1860,74.31,115,441,0
Inuhin,,1432,72.15,115,442,0
Chinak,,1607,73.69,115,446,0
Kenhe,,1104,73.38,115,467,4
Juggernaut,,972,72.92,115,505,6
Eustachy,,1284,74.23,115,517,2
Korzero,,1256,73.92,115,518,4
Ajakat,,1347,73.38,115,576,3
Azog,,660,72.54,115,585,1
Nafra,,800,72.69,114,299,0
Rankatoco,,674,73.15,114,349,3
Andre,,1196,73.23,114,367,6
Ryan,,1241,72.23,114,484,2
Orcin,,1016,73.23,113,259,2
Tino,,936,72.46,113,387,1
Hundone,,1266,74.46,113,388,1
Shieldfree,,1276,73.31,113,403,0
Vlade,,1048,73.77,113,408,1
Cese,,818,72.69,113,412,7
Iirnhgyis,,929,71.92,113,418,5
Expbo,,1636,72.69,113,432,3
Yeeted,,822,71.62,113,451,4
Kurarze,,1023,73.31,113,453,5
Spin,,1532,74.77,113,460,0
Canna,,818,73.38,113,466,3
Klakhang,,761,71.85,113,469,1
Juthoja,,704,71.85,113,474,3
Hirduz,,583,71.77,113,516,8
Ellis,,1084,73.69,113,528,3
Iduhiz,,519,73.15,113,534,1
Nazgul,,941,74,113,537,0
Gonnege,,660,72.08,113,540,1
Maximus,,1077,73.23,113,542,5
Asar,,993,73.92,113,546,3
Slepoi,,1333,72.92,113,556,7
Sharsor,,815,73.85,113,568,0
Eles,,662,73.08,113,568,2
Ejeg,,509,73.23,113,569,1
Iria,,1324,72.77,113,572,4
Bakka,,536,73.77,113,575,3
Ygritte,,1259,74,113,579,6
Tuzil,,1129,72.69,113,579,0
Defender,,1147,72.62,113,598,2
Robe,,711,71.77,112,409,2
Artakus,,1109,72.77,112,427,0
Virti,,670,72.15,112,443,2
Kede,,1102,72.62,112,447,2
Nabiji,,580,71.38,112,474,1
Izzy,,475,72.54,112,480,1
Kronki,,1197,72.38,112,494,4
Gezud,,498,72.77,112,523,2
Korryunan,,859,74.23,112,553,3
Ranbin,,452,72.46,112,559,0
Rhllor,,685,72.31,112,581,0
Tonu,,842,73.38,112,588,4
Bibin,,1083,74.38,112,590,4
Mujel,,586,72.23,112,596,4
Serda,,1475,73.15,112,597,4
Altair,,705,72.77,111,403,2
Talos,,669,72.15,111,436,2
Lilhomie,,697,72.08,111,444,4
Odin,,1254,73.38,111,471,5
Omuza,,720,74.15,111,474,3
Qwarrior,,887,72.92,111,529,1
Buthige,,704,72.62,111,539,4
Acika,,1360,72.46,111,557,5
Sullushi,,1356,71.85,111,557,10
Dunnithi,,487,74.77,111,560,3
Zikes,,1152,72.69,111,579,4
Lister,,1294,73.85,111,596,7
Agari,,1051,73.85,110,159,2
Atan,,495,73.15,110,167,0
Ruveter,,1119,73.23,110,177,2
Asdf,,1640,73.92,110,215,1
Hadi,,1030,72.92,110,221,0
Veva,,1482,73.08,110,229,0
Sevel,,1036,73.54,110,232,1
Vlad,,1088,73.15,110,233,0
Emum,,1860,74.69,110,233,3
Warrior,,1113,73.08,110,234,0
Kvasirbvi,,1489,74.31,110,240,4
Diyici,,1388,71.92,110,241,1
Korpa,,1447,73.92,110,256,1
Roda,,1605,73.08,110,257,1
Reboon,,1129,72.92,110,262,7
Myek,,652,73.15,110,263,1
Snafuvi,,1453,73.69,110,265,2
Polia,,954,73.23,110,270,0
Esham,,773,72.15,110,276,0
Avakad,,1204,71.85,110,280,0
Lecug,,1399,73.08,110,293,0
Zethi,,431,72.08,110,294,1
Dishig,,326,73.54,110,298,4
Lome,,420,71.85,110,301,3
Rukalcher,,1062,72.69,110,302,0
Jane,,1517,72,110,303,7
Korant,,1171,72.92,110,304,8
Aquax,,424,73.23,110,315,0
Zwenja,,768,71.69,110,319,0
Isokak,,1076,73.38,110,326,0
Event,,907,71,110,327,1
Axefighter,,1031,73.62,110,327,3
Lazyfox,,904,71.69,110,328,1
Wajou,,640,71.54,110,336,0
Endori,,996,73.46,110,341,1
Gede,,1265,73.31,110,345,4
Beginner,,1598,73.38,110,358,12
Kosira,,816,72.92,110,359,1
Avradnas,,1178,72.62,110,364,1
Vullan,,1030,72.92,110,367,5
Shalalala,,717,72.08,110,370,3
Xarekik,,1619,72.46,110,371,1
Kercan,,1127,73.69,110,377,1
Ehok,,591,73.54,110,378,3
Etume,,667,72.38,110,378,0
Jile,,819,72.85,110,390,1
Paladin,,1164,73.85,110,393,0
Mami,,1379,73.54,110,398,15
Nashe,,942,73,110,403,11
Ithun,,1400,72.69,110,406,3
Thot,,1306,73.23,110,407,0
Mikejames,,564,71.31,110,424,0
Luga,,491,71.92,110,425,1
Etog,,1035,72,110,446,0
Babyyoda,,986,74.77,110,446,0
Auuhoo,,867,73.23,110,448,0
Korcalloo,,1271,74,110,452,4
Edrisom,,1124,73.92,110,453,0
Sacegi,,886,70.15,110,455,0
Chinafan,,1160,72.23,110,463,1
Hagi,,642,72,110,470,1
Elwen,,714,72,110,492,9
Korosus,,1363,71.15,110,494,11
Vizad,,552,72.15,110,509,3
Vova,,457,70.69,110,515,0
Lucoche,,1166,72.23,110,523,8
Ogirdon,,746,71.38,110,526,0
Afrodita,,712,72.69,110,529,2
Ihoce,,1047,71.46,110,548,4
Aleksei,,1111,73.38,110,549,9
Illohi,,974,73,110,550,1
Keikai,,820,73.15,110,568,4
Vubet,,1052,72.62,110,587,2
Duke,,764,70.69,109,383,4
Lapis,,1078,70.77,109,402,1
Nate,,1260,70.54,109,580,2
Galadriel,,795,73.92,108,368,1
Renrijra,,1085,72.69,108,392,1
Atheje,,757,72.69,108,395,3
Statera,,1413,73.46,108,409,3
Elan,,635,71.62,108,416,2
Sariel,,804,72.46,108,422,1
Mardarde,,819,71.62,108,430,2
Zathuk,,1447,73.85,108,439,6
Loti,,952,71.69,108,481,1
Chinattt,,1093,74.92,108,520,5
Skywoods,,829,71.15,108,533,0
Billuha,,521,72.08,108,557,0
Grumpy,,728,73.46,108,560,6
Kiborg,,439,71.46,108,563,4
Grand,,484,71.54,108,567,3
Valeria,,501,73.31,108,571,1
Ofrigra,,880,72.23,108,581,1
Makakiy,,720,72.46,108,589,13
Akrimi,,875,72.46,107,463,4
Kajosa,,485,72.15,107,465,1
Freddoulis,,1279,71.08,107,493,3
Dokken,,874,72.31,107,495,1
Ihut,,417,71.38,107,523,0
Autoname,,499,71.23,107,524,0
Elleg,,564,73.23,107,526,4
Gajufra,,562,71.15,107,530,1
Avralle,,790,71.31,107,531,6
Riven,,688,72.31,107,537,1
Mkim,,616,71.46,107,541,4
Havizi,,503,72.85,107,546,0
Mygal,,770,72.23,107,551,3
Haha,,577,71.69,107,552,0
Mirdibe,,584,71.77,107,562,3
Enzan,,396,72.54,107,593,5
Korman,,1287,72.92,107,595,3
Yule,,927,71,106,293,1
Melania,,685,74.08,106,340,3
Patagarro,,1292,74.38,106,356,1
Ellad,,673,72.46,106,380,2
Shadow,,1279,71.62,106,408,4
Nitemares,,413,72.62,106,431,1
Prayla,,866,70.92,106,454,4
Elenzeth,,653,71.08,106,486,5
Hemakre,,374,71.23,106,496,3
Lajix,,603,71.15,106,550,1
Icoba,,500,72.31,106,561,3
Ozok,,869,71.38,106,575,2
Vovo,,648,71.85,105,174,0
Vekot,,1268,72.46,105,184,0
Gerik,,443,72.31,105,213,1
Redig,,1157,73.62,105,229,0
Gnwkdroxhd,,644,71.46,105,242,1
Jurzi,,1024,72.69,105,244,5
Roxanne,,575,70.54,105,270,0
Ekinoz,,995,71.08,105,289,0
Remka,,959,73.77,105,291,0
Kimsik,,778,72.62,105,302,2
Luga,,887,72.15,105,310,3
Heroine,,1074,72.85,105,313,0
Rulada,,738,72.38,105,348,0
Dennirde,,1222,72,105,356,2
Trinity,,1000,72.54,105,360,5
Ducidra,,969,74.15,105,362,0
Herte,,716,71.15,105,369,0
Orite,,939,71.08,105,373,0
Nudrira,,812,72.92,105,377,0
Gegeda,,873,73.23,105,403,0
Jade,,773,70.62,105,403,5
Ashley,,876,71.62,105,435,0
Padalec,,405,71.69,105,445,2
Molodoy,,725,73.15,105,448,0
Kavri,,742,72.85,105,452,0
Kamme,,453,72.77,105,463,1
Jome,,421,71.15,105,469,8
Racey,,457,72.38,105,482,5
Araxe,,481,71.08,105,486,5
Gogumigo,,512,71.92,105,513,1
Nalel,,431,70.69,105,526,0
Menri,,805,71.15,105,540,1
Akok,,435,72.31,105,541,0
Arule,,374,73.08,105,569,4
Acevik,,659,71.62,105,587,2
Pichulon,,659,72.62,104,283,1
Kyle,,828,72.38,104,287,4
Bouy,,994,72.31,104,440,8
Zelios,,395,69,104,514,1
Rugreen,,812,72.23,103,395,1
Jimraynor,,835,72.54,103,418,2
Beraz,,597,72.31,103,418,0
Agreja,,1386,73,103,435,2
Abin,,394,71.31,103,438,1
Obride,,544,70.46,103,446,0
Holangiiii,,879,70.85,103,450,7
Odral,,1192,73.38,103,473,2
Teffly,,936,71,103,480,1
Ellid,,761,72.31,103,482,1
Nivi,,463,71.46,103,489,4
Artem,,1078,72.54,103,492,1
Ejek,,491,72.69,103,498,2
Dragun,,749,72.69,103,506,4
Nuny,,470,71.23,103,510,2
Ejik,,1025,71.77,103,517,4
Judgment,,974,73,103,522,4
Kira,,748,71.85,103,548,0
Kent,,1235,72.38,103,553,3
Odrohe,,423,71.23,103,554,3
Cathik,,994,72.31,103,557,5
Alois,,1415,72.23,103,568,4
Test,,646,73.77,103,572,4
Okuhe,,987,72.31,103,573,4
Hopper,,440,73.08,103,576,2
Erdit,,398,72.69,103,581,5
Senenna,,384,72.31,103,592,3
Stimy,,803,71.92,103,592,5
Acro,,443,73.54,103,598,8
Kita,,813,71.77,102,441,2
Kaseci,,611,71.69,102,444,7
Kratos,,1082,73.38,102,498,0
Kelas,,450,70.23,102,506,4
Pantstain,,1052,73.69,102,514,0
Conakra,,877,72.54,102,528,6
Zobele,,406,71.08,102,531,1
Slice,,581,72.38,102,568,5
Dizzz,,775,74.15,102,568,4
Bbbbbb,,662,71.92,102,570,2
Zeus,,439,71.69,102,571,1
Esit,,587,71.15,102,577,4
Akaiah,,1310,73.38,101,359,1
Kiritod,,577,73.15,101,416,1
Akona,,776,71.92,101,421,0
Chinalls,,633,72.92,101,422,2
Bazul,,893,71.69,101,447,3
Agaz,,604,73.23,101,498,9
Sine,,856,71.54,101,502,2
Giao,,529,70.23,101,518,2
Vudre,,422,72.54,101,527,1
Guzi,,597,69.62,101,529,0
Kivi,,1127,70.92,101,547,2
Kafkaesque,,710,71.15,101,549,2
Godefroy,,385,72.46,101,553,2
Nitha,,691,72.31,101,554,1
Vyssevent,,508,66.23,101,567,5
Hirged,,1125,71.38,101,574,7
Biatch,,381,72.54,101,583,5
Vijud,,509,72.23,101,588,0
Pvader,,755,73.15,101,594,7
Soma,,1554,73.15,100,84,0
Nohope,,1188,72.31,100,101,1
Agolol,,864,73,100,140,0
Gastyu,,1161,74,100,143,1
Korjeong,,1413,72.85,100,178,1
Name,,631,72.46,100,202,0
Ruemilich,,1134,72.46,100,208,1
Derom,,1451,72.46,100,219,2
Lisa,,464,69.23,100,219,0
Kenobz,,1210,72.38,100,220,0
Paraethia,,664,72,100,249,1
Ajuk,,508,71.54,100,257,0
Sedres,,742,72,100,262,4
Mimot,,719,72.54,100,262,3
Starfall,,491,71.15,100,263,1
Diseg,,962,72.23,100,263,0
Thor,,850,72.15,100,265,0
Ambeckett,,1905,72.31,100,273,2
Orzatun,,724,72,100,275,0
Maybe,,873,71.77,100,276,1
Tati,,685,72.85,100,308,1
Itumug,,662,70.77,100,313,0
Zeshini,,457,70.85,100,322,0
Jonne,,481,71.23,100,324,13
Ivimig,,683,72.08,100,325,1
Cyprytix,,567,72.92,100,326,4
Goodboy,,532,72.08,100,327,1
Lodi,,515,70.46,100,328,0
Orgik,,1259,72.62,100,330,2
Vomem,,393,70.85,100,334,0
Ruhid,,899,72.23,100,338,9
Comewusu,,511,71.15,100,341,0
Klucznik,,535,73.23,100,342,3
Ithusa,,495,71.31,100,349,1
Orcurde,,473,71.85,100,365,0
Karuli,,765,71.38,100,376,0
Artemis,,897,72.31,100,378,3
Enave,,558,71.38,100,379,2
Noob,,732,72.08,100,388,0
Alitet,,749,71.77,100,402,0
Jathina,,359,70.69,100,406,3
Cute,,375,72.23,100,410,2
Linmy,,499,73.85,100,423,0
Cczs,,484,71.23,100,434,1
Arak,,756,72.62,100,440,0
Rururaa,,936,72.69,100,442,0
Konnter,,1115,71.38,100,449,9
Tafran,,245,70.85,100,462,3
Jasher,,430,70.23,100,478,3
Zverofil,,445,71.62,100,488,2
Magi,,665,71.38,100,491,8
Irzoz,,578,70.69,100,504,2
Jijiji,,574,71.46,100,506,5
Ecili,,334,71.15,100,512,1
Aragorn,,855,72.15,100,523,5
Cire,,396,70.69,100,544,0
Ollula,,474,70.62,100,557,1
Zzzzzz,,454,70.92,100,566,2
Enral,,898,71.54,100,568,5
Caesar,,507,71.46,100,569,0
Mazi,,839,71.62,100,583,0
Erzarga,,742,72.85,100,590,2
Annafb,,407,71.08,100,591,5
Sinnok,,855,73.69,100,592,10
Coldet,,712,72.23,99,331,0
Irtabe,,490,71.85,99,354,1
Monkeygodz,,510,71.62,99,365,0
Ebuz,,280,71.92,99,442,0
Bigrud,,730,72.92,99,500,1
Haki,,526,72.92,99,519,0
Huzos,,738,71.23,99,546,4
Ruyoda,,679,71.54,98,385,1
Eganra,,255,71.62,98,403,1
Riley,,498,71.08,98,405,1
Nonuts,,406,72.92,98,412,3
Higra,,343,71,98,535,1
Vithe,,779,71.92,98,550,15
Stingx,,380,72.85,98,583,1
Blaze,,841,70.77,98,593,3
Dakoro,,554,73.62,98,597,5
Benvolio,,494,71.46,97,388,2
Dahai,,720,72,97,406,4
Vizes,,644,70.92,97,408,2
Shion,,650,72.15,97,433,2
Kristy,,364,74.15,97,435,0
Orzuri,,310,73.38,97,478,2
Omerog,,845,71.69,97,489,3
Kanok,,976,70.85,97,500,10
Bemi,,338,71.85,97,502,0
Orzis,,390,71.62,97,520,1
Riina,,450,71.92,97,549,0
Mite,,523,72.69,97,551,5
Dazhuzhu,,603,70.69,97,556,7
Persi,,375,70.85,97,561,0
Phantom,,814,70.85,97,568,15
Dolle,,623,71.92,97,570,3
Jozi,,709,70.77,97,572,5
Illugi,,565,70.85,97,572,12
Tony,,313,70.77,97,586,2
Mure,,554,70.92,97,587,1
Morahi,,586,71.62,96,320,4
Leione,,416,70.62,96,389,2
Trix,,853,70.77,96,426,3
Gemig,,404,71.31,96,448,2
Xena,,781,71.62,96,516,0
Pray,,421,70.23,96,520,5
Jushe,,475,71,96,539,5
Anticlone,,329,70.62,96,548,3
Fryja,,499,71.85,96,548,2
Lojel,,331,71.08,96,558,1
Arya,,354,71.77,96,579,0
Ludre,,1883,74.08,95,77,0
Edan,,724,71.08,95,174,1
Naza,,800,73.08,95,184,1
Cela,,505,71,95,197,5
Beki,,1383,71.92,95,216,1
Getoy,,280,72.38,95,218,0
Goha,,825,72.23,95,230,0
Lorcishe,,422,70.46,95,236,0
Oteshun,,888,70.92,95,262,0
Sagot,,1166,72.85,95,273,4
Chinahero,,690,71.15,95,280,1
Korea,,502,72.85,95,283,0
Poop,,347,71.23,95,308,0
Firstsoul,,575,70.62,95,336,2
Cilam,,827,71.31,95,341,3
Synnn,,623,71.38,95,356,0
Godz,,704,70.38,95,360,0
Ohemus,,707,68.77,95,360,0
Dovava,,273,71.31,95,365,1
Evenkor,,794,71.69,95,376,6
Edorde,,449,70.23,95,379,0
Sophitia,,341,71.38,95,391,3
Sony,,301,72.23,95,405,0
Butcher,,859,71.85,95,407,0
Zuges,,809,71.46,95,444,1
Rakez,,300,71.54,95,449,0
Tempelle,,380,71,95,468,0
Gabi,,643,70.69,95,472,1
Rines,,319,71.92,95,490,4
Icethok,,837,71.54,95,511,0
Angelyca,,327,70.62,95,530,2
Sazebe,,319,71.38,95,532,3
Slack,,460,72.46,95,536,5
Vindicus,,286,71.54,95,538,0
Icez,,450,71.38,95,546,0
Valkyria,,255,71.54,95,553,2
Nhat,,578,71.38,95,556,7
Inethe,,773,71.31,95,572,0
Hucigi,,367,70.77,95,573,4
Bellona,,791,70.85,95,574,11
Dashabi,,467,70.92,95,577,3
Higrad,,351,70.15,95,581,3
Basti,,411,70.08,95,581,0
Kirza,,532,71.92,95,582,1
Xhosa,,430,71.62,95,590,2
Senakra,,782,71.92,94,384,1
Reze,,495,72.23,94,425,1
Happydayss,,488,71.31,94,442,2
Holik,,297,71.46,94,481,6
Sherita,,1107,72.92,94,488,4
Solareides,,914,73.23,94,490,7
Haha,,453,70.15,94,496,4
Zoces,,348,71.15,94,513,1
Xdarz,,373,71.85,94,563,0
Ichild,,479,70.85,94,587,3
Bijos,,434,71.23,94,590,1
Skrrrrrrrt,,451,66.08,94,594,0
Cyndear,,710,73.38,93,382,1
Irgubre,,646,71.08,93,384,0
Darkegg,,558,70.85,93,407,7
Russtorm,,328,70.69,93,434,2
Delphine,,225,70.15,93,441,2
Amanda,,1012,72.08,93,450,9
Bega,,318,70.85,93,451,3
Githas,,673,71,93,462,3
Hidra,,420,70.92,93,468,2
Ikes,,421,71.23,93,486,2
Leri,,905,71.62,93,494,1
Rene,,753,71.69,93,502,1
Bluemoon,,576,71.15,93,518,1
Ohicok,,559,71.54,93,539,1
Titan,,369,70.46,93,552,5
Ortes,,718,70.54,93,568,5
Alun,,422,70.92,93,571,0
Nila,,285,70.69,93,577,4
Birdete,,671,70.69,93,577,2
Wacky,,682,70.69,93,583,5
Dohe,,728,70.54,93,591,2
Oban,,337,70.69,93,594,3
Mackecool,,513,71.92,92,296,0
Godfrey,,707,73.08,92,335,0
Zegri,,393,70.85,92,400,3
Bibe,,281,70.77,92,412,4
Mostacin,,262,71.62,92,419,3
Adom,,514,73.15,92,427,1
Eithne,,721,70.85,92,434,0
Nobody,,790,71.54,92,443,1
Vakeza,,407,70.54,92,461,1
Bandoc,,365,72.23,92,472,8
Eshal,,469,72,92,474,0
Silvana,,369,71.69,92,475,0
Tira,,715,73.38,92,493,1
Cegi,,457,70.46,92,494,4
Eheraz,,471,70.69,92,503,2
Morana,,434,71.54,92,507,0
Nashi,,390,71.08,92,512,3
Screed,,302,70.31,92,536,0
Vopi,,240,70.62,92,547,3
Ejushus,,274,70.77,92,550,8
Evrat,,399,70.92,92,554,2
Odulli,,787,70.77,92,557,3
Gobag,,261,71.54,92,565,1
Athena,,322,72.23,92,578,4
Viha,,902,75.08,92,579,2
Natali,,331,70.85,92,585,3
Starcraft,,361,72.38,92,597,0
Elysiandyl,,1240,72.77,91,357,0
Jomaleone,,483,70.46,91,371,2
Sickal,,564,72.23,91,375,5
Hilbily,,401,70.92,91,388,8
Erushe,,294,72.08,91,400,0
Ofrathol,,553,71.31,91,406,4
Runona,,229,70.62,91,437,1
Enoni,,383,70.23,91,452,1
Donra,,326,72.69,91,454,2
Jinni,,262,70.77,91,484,0
Hitter,,344,70.77,91,495,2
Mera,,287,71.92,91,504,2
Ithumad,,356,70.31,91,518,6
Barda,,890,72.62,91,564,0
Kimoz,,454,70.92,91,564,1
Levy,,345,71.54,91,567,3
Agril,,310,71.08,91,567,3
Idon,,406,71,91,574,2
Ennurkud,,360,71.54,91,574,2
Valtovxx,,463,71.08,91,579,0
Kornion,,1000,72.92,90,49,0
Diodio,,1428,73.08,90,81,1
Korobin,,956,73.15,90,113,0
Simsn,,771,71.92,90,192,0
Huang,,1013,71,90,223,0
Blade,,394,70.46,90,240,0
Flame,,613,73.08,90,240,1
Bahamut,,725,71.85,90,241,0
Obozi,,1141,72.46,90,256,0
Kabime,,221,70.62,90,256,0
Zyah,,687,72.54,90,283,0
Kwazi,,551,70.46,90,289,1
Zzzzzz,,626,72.54,90,309,7
Nuoa,,802,72.69,90,310,1
Sunny,,349,70.62,90,313,0
Arugre,,490,70.62,90,318,0
Lonrome,,578,71.54,90,324,0
Cimice,,422,70.62,90,336,1
Izoga,,672,71.38,90,347,0
Secatha,,672,70.46,90,349,0
Luilui,,734,70.31,90,353,5
Nollithe,,317,73.38,90,362,0
Dirta,,304,70.38,90,364,0
Mygal,,433,70.92,90,365,2
Knignt,,222,72.85,90,369,1
Evil,,292,70.46,90,371,0
Sunny,,297,70.69,90,372,0
Epicice,,421,71.92,90,373,0
Gesi,,371,70.85,90,375,0
Secom,,289,67.38,90,375,10
Wildcat,,773,73.23,90,376,1
Jurgul,,418,70.69,90,381,0
Dercut,,500,71.23,90,387,0
Code,,515,72,90,391,0
Ovrathus,,338,71.92,90,392,0
Odit,,678,71.46,90,394,0
Mary,,342,71.54,90,399,0
Flash,,561,70.38,90,403,4
Bandoc,,294,71.77,90,403,0
Ivili,,277,70.69,90,405,0
Hotwings,Challenger,564,71,90,410,0
Hulk,,329,71.23,90,414,0
Veha,,624,70.15,90,427,0
Netam,,531,70.46,90,437,0
Ragnarok,,404,72,90,465,1
Eventino,,261,70.62,90,467,1
Sojis,,369,70.54,90,467,3
Nalara,,570,70.54,90,471,1
Bochang,Challenger,266,70.77,90,472,5
Ikoshi,,669,71,90,477,4
Nirb,,509,70.85,90,477,0
Jaha,,289,71.23,90,477,1
Sunny,,266,70.62,90,480,3
Keke,,553,71.69,90,482,2
Gilat,,410,72.38,90,485,2
Niraca,,493,70.38,90,498,2
Mama,,352,70.92,90,498,3
Eowyn,,356,70.08,90,507,5
Bagirga,,282,70.62,90,508,0
Anaris,,256,71.54,90,516,0
Tzerwin,,320,70.15,90,517,1
Peril,,384,71.31,90,524,0
Tora,,743,73.62,90,524,2
Rijit,,644,70.85,90,528,4
Mona,,315,69.46,90,532,4
Simida,,619,70.54,90,536,3
Rorot,,211,71,90,537,2
Kane,,339,70.54,90,542,2
Elduderino,,394,69.31,90,544,3
Agrod,,420,71.54,90,548,15
Culan,,268,69.08,90,551,1
Orgod,,239,70.31,90,576,1
Ennite,,242,70.31,90,578,4
Vojibra,,250,70.77,90,580,1
Orkebrun,,394,71.31,89,357,3
Cubra,,431,70.92,89,592,0
Hohuni,,870,70.85,88,396,2
Spoiler,,568,70.54,88,400,2
Ninre,,349,70.77,88,419,2
Leob,,306,71.23,88,435,1
Phews,,323,67.62,88,474,2
Bluepickle,,534,70.54,88,499,1
Adovrit,,349,70.77,88,541,2
Mtgwr,,409,70.31,88,543,3
Xananbii,,217,69.08,88,554,7
Janovri,,268,70.92,88,564,2
Icerdi,,560,71.31,88,581,1
Dejili,,307,71,88,599,10
Eventmaker,,186,72.15,87,371,4
Malacant,,334,70.23,87,392,7
Etunred,,417,70.46,87,434,2
Oktukar,,212,71,87,437,4
Bagami,,663,71.77,87,463,3
Bala,,349,63.38,87,483,1
Athuz,,754,72.54,87,522,7
Ligorza,,443,71.08,87,528,1
Brunhilde,,235,70.77,87,548,1
Ivrekri,,276,68.69,87,549,16
Kwekwek,,368,70.31,87,552,0
Ataca,,319,70.92,87,555,2
Hades,,289,70.38,87,572,3
Athot,,567,71.69,87,573,0
Gate,,383,70.62,87,584,2
Issy,,256,70.62,86,410,0
Gudni,,304,70.38,86,516,5
Arzithe,,324,70.77,86,516,10
Horus,,425,69.92,86,533,1
Cinta,,441,71.15,86,543,4
Dake,,298,70.92,86,554,2
Kechuze,,330,70.38,86,559,0
Falcao,,718,71,86,562,0
Henrik,,327,70,86,585,6
Puzzymagnt,,244,69.54,86,593,9
Gekag,,394,70.08,86,595,1
Buensv,,345,70.77,86,598,6
Esurcid,,836,71.92,85,213,1
Rosi,,475,70.15,85,245,0
Johanna,,254,70.92,85,261,1
Ivolul,,541,70.31,85,264,0
Nanom,,609,71.31,85,273,4
Bazuka,,374,71,85,286,0
Koreaqc,,530,73.08,85,287,4
Hcup,,687,71.69,85,292,0
Asos,,502,71.15,85,299,0
Leeb,,340,72.69,85,320,2
Orukre,,362,71.38,85,339,0
Deepasfuk,,250,70.54,85,354,0
Changsub,,875,71.31,85,388,6
Evithe,,721,71.54,85,421,0
Vegrebi,,278,69.69,85,429,0
Deko,,371,69.92,85,431,0
Enigma,,367,69.92,85,464,0
Lilienskye,,301,70.77,85,474,3
Bluestone,,578,71.92,85,489,1
Sverige,,694,72.46,85,493,3
Event,,232,70.54,85,515,1
Stella,,250,71.46,85,538,4
Hasu,,419,70.23,85,548,2
Organa,,339,71.69,85,594,0
Ertedra,,265,70.77,84,413,4
Stinky,,349,70.54,83,268,0
Cocid,,168,75.31,83,271,2
Enumoz,,886,72.31,83,411,4
Zese,,318,69.15,83,429,5
Golat,,244,70.77,83,448,1
Kokos,,211,71,83,452,3
Zeshi,,534,71.15,83,458,3
Kane,,318,70.38,83,468,3
Siurek,,268,70.31,83,479,2
Geze,,341,70.46,83,526,10
Taza,,279,69.38,83,529,4
Temp,,377,70.23,83,541,8
Ciri,,204,69.92,83,563,2
Noha,,614,71.46,83,565,5
Hani,,612,72.31,83,588,1
Walder,,243,68.69,83,596,8
Voli,,332,73.31,82,312,0
Avon,,137,68.46,82,352,0
Lare,,564,72.62,82,434,3
Tajjera,,321,69.85,82,457,0
Nianyu,,362,70.62,82,473,5
Cheungray,,298,70.69,82,473,0
Mozis,,251,70.15,82,484,4
Umre,,467,71.38,82,496,0
Angel,,301,70.08,82,506,8
Burgerking,,240,69.38,82,509,0
Dozom,,227,66.62,82,514,0
Tristan,,257,71.69,82,519,1
Clares,,246,68.54,82,533,3
Jebika,,277,70.38,82,536,1
Guthashi,,275,68.46,82,539,0
Toto,,304,68.69,82,543,0
Rosi,,402,70.54,82,549,0
Phus,,593,70.62,82,556,2
Funkct,,255,69.23,82,557,5
Liosa,,363,71,82,558,2
Eshun,,342,69.92,82,561,1
Elwing,,392,66.77,82,572,0
Vlada,,285,69.31,82,574,4
Suzuki,,381,70.62,82,579,9
Kazi,,269,71.31,82,579,7
Ninem,,305,70.77,82,597,2
Geoff,,602,70.38,81,377,3
Dinihi,,221,70.38,81,377,4
Kara,,504,69.31,81,388,1
Iray,,209,70.77,81,403,0
Vadnochi,,278,70.46,81,420,0
Bechita,,212,70,81,422,2
Ruvadya,,422,71.62,81,424,14
Evujun,,237,70.54,81,437,0
Hogu,,267,70.08,81,441,1
Nisi,,296,71.15,81,504,5
Waki,,581,70.46,81,545,0
Ebralik,,223,70.54,81,558,13
Jurak,,344,69.77,81,565,3
Striker,,248,64.08,81,566,2
Zorgos,,281,70.69,81,577,7
Ajavog,,405,70.85,80,111,0
Emilia,,536,72.08,80,114,2
Cathi,,615,71.15,80,122,0
Elizabeth,,723,71.69,80,126,0
Munrag,,396,70.69,80,152,0
Bata,,457,72.92,80,163,0
Fqjapan,,427,70.54,80,213,0
Buchorca,,316,72.08,80,214,1
Infinite,,676,70.77,80,221,0
Trupina,,443,70.77,80,227,0
Verdud,,399,71.69,80,235,2
Abiz,,324,70.46,80,244,4
Zidi,,418,70.31,80,249,0
Eddie,,216,69.77,80,251,1
Oshogre,,523,70.69,80,284,2
Venik,,402,70.15,80,297,0
Leda,,318,70.31,80,311,0
Jicirca,,363,72.62,80,318,0
Cuteazz,,439,70.46,80,319,0
Vena,,196,70.77,80,322,2
Tadnedre,,194,70.92,80,325,1
Strongx,,418,67.69,80,327,2
Bashil,,439,71.15,80,328,1
Eneg,,254,70.62,80,330,0
Amerzene,,422,72.54,80,340,1
Gadura,,443,72.08,80,361,0
Muka,,230,67.62,80,372,0
Sexy,,248,71.69,80,375,0
Meister,,235,71.77,80,380,2
Droopy,,218,70.23,80,382,4
Cuged,,318,69.62,80,383,1
Evento,,321,69.77,80,387,0
Atothiz,,360,70.92,80,388,0
Nirda,,226,70.92,80,394,0
Enigma,,270,70.54,80,395,2
Tuda,,217,70.62,80,402,0
Evilus,,403,70.23,80,425,0
Aleria,,505,70.85,80,427,3
Lysergic,,265,70.31,80,435,2
Allok,,287,70.38,80,439,8
Munkillem,,490,71.08,80,443,0
Lenulka,,292,70.23,80,449,0
Koji,,441,73.77,80,456,0
Antiope,,254,71.23,80,456,0
Jeka,,252,71.23,80,466,2
Tempy,,439,71.92,80,471,0
Koval,,296,70.62,80,473,0
Zuriz,,203,70.08,80,479,7
Ojoti,,256,71,80,503,2
Rammmmblin,,251,70.15,80,503,0
Sardad,,184,63.54,80,515,2
Ekat,,284,70.69,80,516,0
Kudi,,214,69.54,80,520,0
Onrotok,,270,69.08,80,522,4
Vibboll,,268,69.46,80,524,2
Adnil,,207,67.85,80,525,0
Idela,,313,70.38,80,530,0
Tassodar,,592,71.85,80,562,0
Kelle,,324,70.77,80,564,2
Osus,,236,70.38,80,568,6
Ikam,,361,70.85,79,366,3
Bebud,,246,69.15,79,430,0
Arin,,495,72.77,79,538,2
Dadrini,,300,70.54,79,578,0
Kollot,,311,68,78,345,0
Ihag,,366,68.77,78,346,1
Ethalon,,194,70.92,78,348,2
Abruvre,,222,70.38,78,403,7
Ruhuz,,606,72.08,78,421,3
Kamati,,271,71.23,78,453,1
Junior,,283,72.54,78,495,1
Legam,,336,70.46,78,499,3
Carodar,,335,70.54,78,505,1
Zavis,,239,71,78,509,1
Lagik,,277,70.38,78,510,2
Bemi,,218,70.69,78,523,1
Ordugod,,222,71,78,525,1
Megimax,,276,68.38,78,533,3
Zesi,,405,70.92,78,537,3
Legaz,,235,70.31,78,561,0
Javruthi,,266,66.08,78,563,14
Cebres,,402,70.54,78,581,0
Losarim,,242,69.23,78,586,4
Hollyzom,,229,70.46,78,588,5
Ortocan,,392,70.15,78,589,1
Ceroze,,294,71.23,77,334,1
Bifri,,263,70.92,77,379,5
Vedi,,216,70.54,77,412,8
Dobie,,199,71.31,77,414,0
Anucod,,315,72.31,77,427,0
Hake,,235,70.54,77,462,5
Pokemon,,203,69.92,77,471,4
Yeban,,482,70.85,77,540,1
Xiyan,,252,66.31,77,542,6
Gadok,,261,72.46,77,546,0
Homie,,255,70.23,77,548,1
Ibiz,,204,68.77,77,560,1
Gavos,,238,67.77,77,565,0
Artithe,,283,70.54,77,568,6
Aurelia,,638,72.85,77,582,0
Lalaevent,,221,70.31,77,591,3
Afrodita,,335,70.31,77,593,4
Kageke,,220,70.46,76,291,10
Tuvi,,327,72.38,76,333,2
Dhuarr,,538,70.62,76,347,2
Ertug,,334,70.92,76,384,2
Binas,,205,70.08,76,493,6
Toneje,,249,70.77,76,561,2
Odid,,279,70.77,76,574,7
Omiz,,391,70.23,75,129,1
Kari,,320,74.15,75,160,4
Papster,,223,70.69,75,357,0
Vetat,,227,69.23,75,375,0
Okusa,,221,71.38,75,376,0
Elvira,,393,71.08,75,381,0
Odat,,286,69.54,75,388,0
Lancelot,,264,69.46,75,398,0
Inaga,,234,70.62,75,418,0
Kickass,,274,69.38,75,451,0
Edrick,,407,70.08,75,463,0
Astrid,,224,70.31,75,463,2
Ethem,,812,72.92,75,464,0
Tempest,,227,69.38,75,466,0
Hered,,261,67.92,75,474,0
Otheved,,229,66.54,75,481,0
Gedi,,266,70.62,75,518,2
Imagi,,633,69.62,75,551,0
Buguthe,,239,70.62,75,553,1
Evochas,,324,70.77,75,576,11
Ardarki,,186,69.15,74,254,3
June,,275,69.85,74,311,7
Tonk,,139,68.46,74,348,12
Luma,,211,68.54,74,494,4
Wreque,,397,70.46,74,510,3
Cilun,,350,71,74,535,2
Gujol,,198,70.31,74,558,0
Dithes,,227,68.85,74,590,9
Zoche,,185,72.08,73,276,3
Ebuz,,189,71.15,73,391,1
Zakra,,159,67.08,73,412,2
Tirsa,,187,72.08,73,459,0
Rorza,,182,70,73,527,4
Azez,,223,70.62,73,531,0
Jogog,,202,66.46,73,552,4
Nirkaha,,506,73.23,73,556,0
Mcentire,,225,67.77,73,557,6
Zechut,,205,67.77,73,564,4
Tbone,,196,69.62,73,565,2
Brielle,,251,69.69,73,598,2
Tethod,,407,70.62,72,282,1
Trikis,,265,70.38,72,298,1
Zivik,,316,62.15,72,322,2
Hapitard,,214,70.69,72,415,2
Amazon,,180,71,72,416,1
Hellom,,244,69.08,72,436,2
Interval,,240,72.38,72,439,2
Erzerguz,,269,70.38,72,457,0
Sudden,,222,69.85,72,478,3
Sazaza,,192,68.85,72,488,7
Sumem,,189,70.38,72,496,7
Ntanoss,,182,70.54,72,511,0
Bije,,215,63.62,72,524,5
Onak,,240,69.38,72,525,2
Resa,,267,70.08,72,539,5
Dark,,263,70.62,72,543,6
Savizi,,260,70.46,72,567,2
Danynah,,140,70.38,71,310,2
Chronic,,263,70.69,71,344,3
Azucat,,324,69.54,71,346,4
Karinasi,,298,69.92,71,409,3
Sokri,,405,67.92,71,499,6
Druss,,263,70.69,71,526,0
Jahad,,242,70.23,71,529,0
Lace,,211,68.23,71,554,11
Dorian,,256,70.92,71,569,4
Love,,305,70,70,155,0
Sociopath,,425,70.77,70,168,0
Cimemi,,353,70.15,70,207,0
Haha,,460,70.92,70,210,0
Crowgod,,307,71.77,70,230,0
Bruh,,155,70.92,70,250,0
Abcdefg,,574,70.38,70,271,0
Spartakus,,218,68.15,70,272,0
Greaver,,155,68.15,70,300,1
Gidok,,358,71.92,70,301,0
Rubomgara,,601,71.23,70,301,1
Uzkhor,,132,65.54,70,312,0
Emuhi,,241,68.92,70,323,1
Rekwon,,363,70.62,70,324,0
Osohon,,236,70.62,70,324,1
Kraege,,239,70.62,70,344,0
Atas,,348,71.69,70,364,0
Arken,,237,68.85,70,371,2
Kijk,,325,69.54,70,402,2
Alexlion,,173,67.92,70,408,10
Love,,195,71.15,70,414,0
Horward,,225,68.46,70,415,1
Irerda,,239,71,70,419,0
Cadad,,171,70,70,423,2
Ajaxuii,,239,70.69,70,433,0
Gerar,,245,70.38,70,436,4
Sandra,,240,67.46,70,444,5
Egreg,,237,70.15,70,469,0
Riven,,305,70.23,70,482,0
Ordet,,252,70.15,70,526,0
Xyzzz,,195,70.31,70,528,1
Ocasa,,325,70.54,70,533,0
Midorie,,189,70.46,70,534,1
Ardragh,,231,62.92,70,580,0
Gukuhe,,144,65.54,69,337,1
Calus,,358,72,69,424,1
Luckyone,,210,70.46,69,429,2
Irak,,188,69.92,69,430,3
Jozi,,275,68.38,69,449,1
Arcangel,,215,64.69,69,496,4
Imalam,,241,70.23,69,543,1
Joromi,,179,70.69,69,546,2
Yunero,,297,70.62,69,548,6
Ordeshi,,403,70.38,69,561,7
Adove,,214,68.08,69,573,1
Zidefri,,217,71,69,590,0
Creaver,,209,70.92,68,203,0
Poenka,,191,70.23,68,294,3
Pistolpop,,197,73.77,68,352,2
Luckfairy,,407,69.92,68,384,0
Ivusha,,157,71.15,68,385,2
Ijaca,,178,67.92,68,438,3
Rusa,,325,67.85,68,452,2
Draq,,216,69.23,68,466,3
Hullunaama,,291,70.23,68,469,1
Aion,,301,63.77,68,494,1
Dewahong,,230,69.46,68,507,0
Inigo,,230,72.15,68,511,1
Wong,,250,70.31,68,524,2
Hagra,,141,66,68,528,3
Ameta,,275,69.08,68,535,3
Vhain,,367,71,68,545,2
Letid,,284,69.69,68,546,0
Kigorte,,203,69.62,68,552,1
Akivii,,335,69.31,68,557,5
Spectro,,273,69.85,68,564,1
Nobi,,208,70.92,68,566,0
Ritag,,157,68.54,68,569,10
Javi,,263,68.46,68,575,1
Josha,,223,67.92,68,583,9
Daeney,,247,70.69,68,587,0
Tardiha,,184,69.85,68,591,0
Malik,,361,69.62,68,594,1
Sworder,,198,70.23,67,314,0
Licoz,,236,68.69,67,359,0
Darked,,240,65.23,67,413,0
Nadat,,208,69.69,67,419,0
Vinneja,,193,70.08,67,422,2
Mahi,,239,70.38,67,438,2
Kokoha,,187,71.08,67,466,1
Orion,,267,63.62,67,477,3
Shirin,,368,70.92,67,490,0
Irehil,,286,70.23,67,492,1
Orcasa,,141,69.69,67,505,0
Vladmir,,197,70.38,67,555,5
Imaboy,,237,70.08,67,565,4
Jusogre,,259,70.69,67,565,1
Lokuci,,128,65.85,66,222,3
Jmsd,,165,70.62,66,331,1
Lebi,,204,70.08,66,390,3
Cidna,,170,70.54,66,403,2
Duke,,304,70.08,66,414,4
Enitha,,156,69.69,66,437,1
Kamalatoe,,297,70.77,66,444,3
Oduci,,146,70.31,66,448,5
Diva,,342,71.46,66,474,3
Maci,,272,72.15,66,506,0
Rivenfire,,209,62.77,66,573,0
Pushka,,226,70.38,66,584,7
Fuyun,,289,72,65,171,0
Jasun,,186,70.31,65,205,0
Area,,204,68.62,65,219,0
Olysses,,193,69.08,65,229,0
Maximus,,269,67.31,65,229,0
Kerzebre,,149,71.15,65,239,2
Hrun,,288,69.69,65,240,0
Lebe,,76,67.77,65,261,3
Odrulig,,304,71.15,65,281,0
Norgag,,159,67.85,65,283,0
Emeshe,,146,71.38,65,290,0
Korarmy,,444,69.54,65,307,2
Saja,,224,70.92,65,310,0
Irozim,,183,69.77,65,311,0
Ithot,,194,63.15,65,313,1
Beba,,121,69.92,65,326,0
Toma,,134,69.77,65,347,2
Jigri,,178,70.77,65,362,0
Kenneth,,157,70.38,65,364,0
Sivrile,,162,68.08,65,373,0
Izus,,150,70,65,389,0
Radi,,219,66.15,65,404,1
Ochink,,186,67.62,65,414,0
Tufra,,249,66.77,65,421,0
Okrevi,,213,69.77,65,428,3
Bichotres,,213,70.31,65,429,0
Jongkuk,,237,69.31,65,433,0
Sarta,,238,70.62,65,451,0
Bulilitbev,,176,65.54,65,472,3
Bebid,,270,70.92,65,473,0
Ates,,137,68.38,65,475,0
Vathot,,399,71,65,481,0
Came,,247,71,65,500,2
Arzuvul,,172,69.85,65,506,0
Senrog,,223,70.92,65,521,1
Letos,,187,70.69,65,532,6
Canta,,239,70.46,65,551,5
Cartoche,,260,66.54,65,558,0
Dddddddd,,232,68.31,65,572,0
Buvri,,172,57.08,65,587,0
Edrol,,293,68.69,65,592,0
Purple,,236,70.15,65,597,0
Buthim,,321,70.31,64,384,0
Irduz,,271,70.54,64,385,0
Jiga,,152,70.77,64,465,0
Sulle,,141,70,64,479,0
Ikem,,232,67.69,64,488,0
Rushul,,200,68.92,64,572,6
Mars,,222,68.31,63,241,1
Rushaz,,273,67.69,63,334,2
Elle,,282,69.85,63,344,2
Ikrul,,247,69.23,63,359,0
Nigri,,95,66.08,63,381,3
Abcdef,,261,68,63,435,6
Capanga,,153,69.85,63,437,1
Evil,,189,68.92,63,439,1
Arzuva,,193,67.31,63,444,2
Neowing,,163,66.92,63,452,2
Mollymauk,,225,70.31,63,504,1
Sofri,,193,70.15,63,505,0
Warmad,,214,70.62,63,509,1
Kothis,,163,63.15,63,545,9
Anrathez,,151,67.46,63,563,1
Cris,,220,70.15,63,570,0
Olal,,174,70.77,63,582,2
Divvie,,244,70.54,63,584,5
Asod,,202,70.23,62,255,0
Zathil,,272,69.77,62,369,0
Anove,,346,70.62,62,376,0
Tohite,,398,70.15,62,384,1
Dathe,,210,70.31,62,396,1
Alice,,441,70.77,62,412,2
Orzethid,,169,69.69,62,427,4
Athokre,,281,71.69,62,429,0
Smile,,156,69.31,62,429,2
Timo,,199,67.46,62,446,2
Koukou,,207,65.15,62,493,0
Adekis,,336,70,62,511,1
Cacamou,,182,70,62,528,4
Miso,,237,70.15,62,534,0
Midala,,259,70.62,62,571,0
Isobal,,259,70.31,62,572,0
Harry,,368,71,62,594,1
Zayu,,158,69.62,62,596,1
Okroki,,214,69.85,61,168,0
Nothube,,358,71.15,61,375,2
Ausbloke,,301,68.92,61,375,0
Isila,,317,71.15,61,383,2
Windless,,275,67.38,61,409,2
Granata,,265,71.46,61,567,2
Atilis,,178,63.08,60,164,0
Boel,,321,70.31,60,183,0
Charlotte,,143,68,60,187,0
Cidre,,256,70.62,60,190,0
Ezogik,,73,66.08,60,192,0
Ciga,,276,70.38,60,194,0
Athena,,298,68.15,60,212,0
Mokon,,217,68.92,60,215,2
Bongr,,193,68.85,60,222,0
Colono,,180,66.77,60,225,0
Evud,,158,68.85,60,229,0
Tarkivre,,97,66.46,60,231,0
Erdiji,,240,69.23,60,237,0
Zulug,,418,71.38,60,246,0
Whatdephuc,,204,66.08,60,251,2
Muthidri,,87,67.62,60,252,1
Rebuff,,467,71.54,60,257,0
Abes,,168,70.15,60,271,0
Syphons,,193,68.92,60,273,0
Zege,,224,68.08,60,275,1
Adam,,269,69.85,60,304,0
Lumi,,216,71.08,60,309,0
Shadow,,276,70.31,60,310,1
Emmalin,,331,71.46,60,319,0
Ibrelle,,184,68,60,324,0
Dioble,,188,69.38,60,326,1
Rirtima,,142,70.08,60,329,3
Malum,,357,69.77,60,338,0
Barbon,,201,67.38,60,344,0
Dechi,,249,70.69,60,355,5
Lekise,,150,66.15,60,359,0
Hergin,,230,68,60,365,0
Bettex,,320,69.15,60,379,0
Zepherus,,171,66.92,60,380,0
Teona,,222,65.92,60,382,1
Omugum,,171,69.77,60,392,0
Vishadna,,187,68.46,60,393,0
Agem,,195,70.31,60,397,0
Shadow,,186,70.85,60,399,2
Armageddon,,332,70.46,60,407,0
Dirci,,341,70.54,60,424,0
Akrum,,91,65,60,433,0
Vtexclone,,238,68.92,60,442,2
Allucard,,171,60,60,455,0
Natasha,,239,64.85,60,471,0
Acigin,,230,70.62,60,485,3
Badan,,238,70.46,60,498,0
Mangulore,,175,69.69,60,500,0
Vishnya,,250,69.69,60,500,0
Artisar,,341,71,60,502,0
Nick,,130,69.92,60,515,0
Avedi,,198,64.38,60,517,0
Evilannie,,205,67.54,60,522,0
Argannak,,179,70.23,60,568,0
Fgvftgh,,147,64.92,60,597,0
Artisar,,168,72,59,280,0
Huciek,,154,69.92,59,335,1
Hijrah,,365,70.77,59,413,2
Megrithia,,127,68.08,59,420,0
Eshad,,236,71.23,59,511,1
Wodd,,178,68.69,59,564,3
Gevag,,248,66.69,58,243,2
Creamoooww,,101,56.92,58,326,0
Ojovi,,173,66,58,355,1
Imose,,186,69.54,58,383,0
Prince,,193,70.31,58,396,2
Lere,,136,66.31,58,412,1
Bifrarka,,149,71.15,58,431,2
Stickoww,,209,69.85,58,452,1
Kuba,,130,68.54,58,458,0
Ollovron,,162,67.46,58,501,1
Marq,,206,69.23,58,506,4
Candyh,,117,68.15,58,519,3
Rokri,,198,64.54,58,539,1
Elrond,,221,65.08,58,559,5
Claimond,,164,70.31,58,563,1
Mileena,,196,68.38,58,578,1
Mizaab,,186,67.62,58,580,1
Kaye,,111,64.38,58,585,2
Event,,302,70.46,58,596,3
Hswars,,163,72.31,57,130,0
Gawa,,148,69.85,57,318,1
Aiheying,,197,67.38,57,333,0
Avin,,222,69.62,57,341,0
Bozes,,283,71.08,57,447,1
Ashil,,124,66.54,57,489,0
Hece,,316,70.69,57,524,3
Beolwin,,269,69,57,560,1
Borci,,276,70.69,56,177,0
Lusha,,227,69.77,56,183,1
Pathron,,68,71.62,56,188,0
Roze,,200,70.54,56,205,0
Onig,,72,69.69,56,214,1
Moljnir,,117,69.08,56,272,0
Labrador,,172,69.31,56,414,4
Ovica,,178,64.85,56,464,1
Iiioiii,,123,65,56,474,1
Edgc,,149,69.23,56,507,1
Kele,,194,69.31,56,513,6
Thunder,,242,69.85,56,533,2
Jovis,,217,69.77,56,561,5
Manwell,,176,69.54,55,106,0
Kirke,,230,67.92,55,175,0
Ohiz,,451,70.54,55,195,0
Mollaz,,315,71.15,55,216,0
Gokirke,,118,67.54,55,252,0
Evruke,,349,71.08,55,253,0
Sahishe,,102,61.69,55,267,0
Furiya,,110,63.15,55,269,0
Kkkkkk,,246,69.92,55,272,0
Minrat,,205,68.31,55,283,0
Colohe,,171,68.77,55,300,0
Soulx,,138,68.54,55,306,1
Event,,143,69.54,55,342,0
Idros,,239,70.69,55,342,0
Doorsilver,,140,68.62,55,358,0
Killen,,301,71.46,55,359,0
Tergaz,,171,69.77,55,364,0
Xena,,138,65.38,55,366,0
Mocagri,,182,69.77,55,368,0
Adrin,,232,70.08,55,369,0
Lelad,,162,64.54,55,379,0
Oheg,,159,60.15,55,394,0
Mercedes,,168,66.92,55,401,0
Jake,,188,66.31,55,403,0
Shirley,,225,70.38,55,404,0
Meka,,191,65.23,55,410,0
Madetha,,144,69.54,55,411,1
Lova,,296,71.31,55,412,0
Zevrut,,182,65.08,55,416,0
Probe,,117,66.62,55,430,0
Kion,,122,67.92,55,457,0
Oguk,,82,66.77,55,463,0
Ehurce,,127,70,54,281,0
Acirzud,,188,68.92,54,331,1
Skalder,,219,70.46,54,343,0
Ovrunrum,,107,69.85,54,354,0
Florjansen,,140,69.85,54,374,2
Arzud,,135,70.54,54,394,1
Renegade,,248,69.54,54,408,3
Mora,,90,68.46,54,412,0
Broly,,158,69.54,54,413,0
Ruba,,144,64.54,54,415,4
Keibre,,185,69.23,54,462,4
Ethonron,,226,70.31,54,529,3
Puck,,190,69.23,54,536,2
Huxley,,160,69.38,54,588,1
Turdle,,105,68.77,53,336,1
Muliche,,139,51.15,53,339,3
Olothas,,103,58,53,363,1
Ogros,,293,71.08,53,368,0
Vafrug,,140,63,53,374,2
Scorpion,,240,68.85,53,398,0
Yagaw,,108,64.08,53,400,2
Zora,,167,70.31,53,405,1
Ennas,,281,68.46,53,432,1
Champagne,,84,68.31,53,440,3
Cross,,241,67.69,53,446,2
Hala,,201,70.31,53,450,2
Bathaka,,211,65.85,53,463,0
Cusherta,,114,62.38,53,465,2
Canon,,196,70.62,53,467,1
Orit,,138,65.77,53,468,0
Valou,,63,64.77,53,475,0
Namiriya,,138,68.54,53,479,2
Xartes,,121,67.23,53,483,0
Delet,,192,69.77,53,488,4
Swaki,,119,69.77,53,507,4
Azegi,,205,70.62,53,528,0
Miaomiao,,157,71.08,53,536,6
Shakai,,132,64.62,53,540,2
Ogule,,192,69.62,53,541,4
Tihive,,179,68,53,543,2
Nabem,,115,66.69,53,553,8
Ajossy,,181,69,53,566,0
Ohelan,,110,64.38,53,571,2
Mullet,,120,61.85,53,580,0
Hameha,,187,70.31,53,599,1
Tika,,186,70.38,53,599,0
Vuran,,349,69.08,52,105,0
Malgus,,218,66,52,264,0
Hafana,,111,64.46,52,314,0
Kokrom,,305,70.54,52,324,3
Amama,,125,68.92,52,331,0
Sera,,197,69.31,52,360,3
Ethem,,284,70.54,52,368,1
Mortistua,,126,70.15,52,368,0
Guile,,98,63.69,52,381,0
Kukege,,104,69.08,52,394,2
Arema,,106,67,52,395,0
Pozitiv,,130,67.15,52,408,1
Nirki,,190,64.15,52,414,1
Sebreme,,116,68.85,52,419,1
Stitches,,80,68.54,52,438,0
Kain,,111,70,52,438,0
Ogrocog,,100,67.92,52,440,2
Sedan,,127,67.31,52,442,1
Telle,,152,68.46,52,448,1
Arthur,,104,69.46,52,457,0
Hichukri,,301,69.62,52,457,0
Yara,,129,66,52,475,0
Lucona,,201,68.77,52,480,0
Oshevi,,143,66,52,485,0
Civiz,,211,69.69,52,486,0
Fintiflun,,184,66.92,52,503,0
Lussy,,235,69.54,52,512,1
Macim,,157,69.92,52,520,1
Rohedra,,155,66.54,52,542,0
Daenerys,,194,67.69,52,553,1
Neveigha,,133,68.31,52,568,0
Manna,,191,67.23,52,571,0
Edrokes,,114,65.69,52,581,0
Ocuchi,,111,62.54,52,585,4
Dokal,,175,70,52,592,1
Royko,,216,67.85,52,595,1
Ezizun,,247,68,51,208,0
Zivrami,,270,70.85,51,225,1
Negus,,182,69.54,51,274,0
Tarandor,,148,65.08,51,285,0
Kalo,,135,64.77,51,286,2
Zevrik,,81,64.15,51,328,1
Kuro,,119,70.54,51,330,1
Irkeda,,118,68.92,51,342,5
Sudowar,,67,70.08,51,345,1
Locust,,91,65.54,51,359,2
Rustyfist,,78,68.77,51,360,2
Ralola,,273,71.23,51,361,2
Ezra,,204,68.92,51,387,0
Thelinan,,106,67.62,51,412,2
Netonove,,200,62.92,51,413,1
Blod,,237,71.38,51,423,0
Akud,,77,66.77,51,437,2
Thanatos,,78,59.46,51,457,5
Nira,,150,70.69,51,486,0
Adnerte,,143,65.54,51,489,3
Chinasfs,,305,71.08,50,130,0
Vokenna,,272,69.69,50,158,0
Ogibem,,174,65.77,50,168,0
Efron,,322,70.85,50,183,0
Sare,,162,65.77,50,191,0
Maple,,118,67.92,50,220,0
Zajone,,175,70.77,50,229,0
Kotherde,,106,68.69,50,229,0
Ceze,,73,65.38,50,245,0
Kahlid,,134,71,50,251,0
Siza,,102,69.62,50,263,0
Ererer,,109,68.77,50,267,0
Seeyou,,250,70.46,50,268,0
Meganfoxie,,138,63.85,50,275,0
Nuni,,107,65.85,50,280,0
Ashegrig,,111,70.85,50,283,0
Vicoji,,196,67.69,50,296,1
Dezi,,85,63.77,50,296,0
Icumi,,119,67.08,50,300,0
Ivorgok,,143,69.54,50,307,0
Agadre,,70,67.46,50,307,0
Rukre,,279,69.31,50,307,0
Chuottao,,173,68.77,50,309,0
Tivruje,,113,63.08,50,314,0
Atola,,173,69.54,50,316,0
Nose,,90,61.08,50,320,0
Shaladria,,133,69.92,50,323,0
Celline,,314,70.31,50,325,0
Jacakra,,142,67.69,50,326,0
Hema,,163,69.31,50,326,0
Hodor,,295,70.77,50,333,0
Okasha,,97,66.54,50,336,0
Popo,,391,70.31,50,340,4
Fadile,,162,69.46,50,343,0
Sylvina,,102,70.15,50,346,0
Kanre,,106,63.77,50,348,0
Cordoba,,110,65.15,50,351,0
Silberwar,,116,64.62,50,353,0
Rizothe,,118,66.46,50,355,0
Tavuk,,146,56.23,50,356,0
Cale,,69,64.92,50,362,0
Widowmaker,,114,69.15,50,393,0
Kenin,,85,66.38,50,399,1
Shelle,,295,69.62,50,409,0
Tiger,,137,62.92,50,416,0
Melas,,97,59.38,50,420,0
Onisul,,116,62.92,50,425,0
Ritha,,335,70.77,50,442,0
Egobe,,85,60.77,50,455,0
Achime,,173,66.92,50,462,0
Cihik,,169,64.85,50,483,0
Raniel,,153,68.38,50,485,0
Edobe,,132,69.08,50,488,0
None,,212,69.62,50,488,0
Alrex,,147,66.77,50,524,0
Hogra,,79,66.69,50,541,0
Symptrol,,155,68.54,50,565,0
Rulledre,,195,65.08,50,589,0
Vesha,,164,65.38,49,280,0
Antichrist,,158,69.92,49,288,0
Dgopa,,77,62.08,49,360,0
Thados,,144,70.31,49,380,0
Abrarge,,152,65.15,49,408,2
Innido,,149,65.08,49,419,0
Diruk,,99,67.77,49,422,1
Iven,,194,70.69,49,440,1
Warya,,153,65.23,49,527,3
Cike,,39,66.69,48,201,1
Ssang,,83,61.31,48,282,1
Suta,,69,66,48,306,0
Ojum,,256,70.85,48,312,0
Ppjs,,207,64,48,315,0
Zuga,,189,70.92,48,421,4
Rochora,,151,65.77,48,434,0
Kali,,116,61.85,48,435,1
Liogg,,105,69.92,48,448,1
Jayfj,,145,70.31,48,458,0
Onradel,,231,69.08,48,458,0
Gandil,,151,70.08,48,460,5
Doom,,58,64.23,48,461,3
Juti,,204,71.62,48,466,2
Ofroni,,132,70,48,485,0
Jina,,99,66.15,48,516,5
Orceti,,140,62.62,48,520,0
Anore,,90,66.38,47,288,0
Visi,,132,70.15,47,296,0
Blake,,93,66.77,47,354,0
Mimen,,107,65.54,47,365,2
Ejishe,,173,64.54,47,406,1
Nikumi,,106,65.77,47,406,0
Stinky,,238,69.38,47,412,0
Arzedrak,,75,63.31,47,415,0
Adebre,,98,66.62,47,419,1
Woojoos,,119,63.08,47,421,0
Faith,,181,66.62,47,423,1
Eshuzim,,170,67.46,47,424,0
Elivia,,283,70.15,47,428,0
Hesi,,122,63.15,47,439,0
Hirgun,,204,70.23,47,445,0
Klingenfee,,136,64.77,47,447,0
Kergakov,,122,63.69,47,449,0
Alpha,,257,64.31,47,451,3
Enruli,,88,64.15,47,460,1
Mandator,,99,64.54,47,485,1
Jolo,,201,67.46,47,490,1
Anakin,,154,64.23,47,509,0
Vorzak,,76,67.31,47,560,0
Zibaz,,119,67.08,47,561,0
Limbine,,249,70.46,47,580,1
Lydia,,132,68,47,591,4
Gilas,,48,61.69,46,232,0
Riki,,103,61.31,46,288,0
Eatbut,,88,63.69,46,332,1
Aragon,,103,64.69,46,349,1
Cgftft,,213,70.38,46,363,2
Aterza,,152,70.85,46,383,0
Gise,,51,65.08,46,399,4
Dragon,,134,66.77,46,403,1
Homis,,143,68.46,46,496,4
Dark,,185,70.69,46,506,14
Ripstar,,153,61.54,46,515,3
Sabra,,155,58.77,46,528,3
Merkoha,,131,70.08,46,529,1
Obun,,106,66.15,46,598,3
Ozihe,,92,65.46,45,108,0
Atreus,,318,72.38,45,143,0
Keti,,131,67.23,45,146,0
Rrency,,279,70.85,45,162,0
Linn,,150,70.38,45,195,0
Bladescod,,35,60.92,45,205,0
Verona,,175,68.31,45,216,0
Illotha,,159,69.92,45,264,0
Lionheart,,74,67.92,45,265,0
Mothud,,169,69,45,271,0
Tiny,,34,62.46,45,273,0
Paytonn,,191,68.08,45,275,0
Obak,,199,70.46,45,298,0
Mortefec,,187,69.69,45,304,0
Aria,,111,63.23,45,310,0
Aluhaz,,289,69.62,45,312,0
Sore,,35,62,45,319,0
Toki,,116,66.46,45,329,0
Tidus,,144,66.38,45,331,0
Elfrogen,,66,67.69,45,342,0
Kogura,,232,71.15,45,345,0
Amiz,,113,56.15,45,366,0
Ojertoz,,59,64.62,45,376,0
Zuji,,154,69,45,393,0
Kennen,,63,61.85,45,402,0
Gurol,,144,66.85,45,408,0
Lebowski,,249,69.54,45,414,0
Stinksalot,,254,70.54,45,462,0
Dorian,,119,69.15,45,561,0
Cakerta,,136,59.46,44,237,1
Adzkhan,,163,70.46,44,258,0
Isica,,160,69.38,44,279,0
Bastardo,,77,63.62,44,289,0
Runira,,120,62.62,44,304,0
Ezargi,,92,65,44,308,0
Veches,,107,64.69,44,320,1
Katsuu,,66,58,44,325,1
Sologerrie,,85,63.46,44,387,0
Argen,,91,66.38,44,394,1
Ellon,,80,64.54,44,402,2
Gary,,120,67.69,44,458,1
Krzys,,91,63.23,44,521,0
Togra,,140,68.92,43,176,0
Gidni,,177,67.15,43,215,0
Taiwan,,76,69.69,43,233,0
Jubi,,141,67.23,43,246,1
Iregyi,,92,60.92,43,248,2
Habiz,,75,65.69,43,268,1
Akad,,116,65.08,43,276,1
Zushade,,74,67.54,43,314,1
Ezeve,,99,62.92,43,342,0
Koba,,119,62.38,43,386,2
Roobybooby,,113,65.62,43,398,0
Verorzi,,106,67.31,43,442,5
Sucig,,140,65,43,444,1
Loveyouto,,116,69.23,43,472,1
Jota,,125,62.92,43,518,1
Oguza,,82,64.38,42,198,0
Death,,95,66.54,42,223,0
Rimata,,97,68.54,42,224,0
Munig,,122,65.69,42,313,0
Kakeg,,99,61.92,42,325,0
Obok,,66,64.69,42,371,1
Llewyn,,112,66,42,376,0
Jafra,,86,60.54,42,381,0
Nangin,,103,67.46,42,386,0
Enuthod,,101,71.08,42,400,1
Naji,,174,66.54,42,401,0
Pati,,194,68.92,42,451,0
Ricdn,,113,66.77,42,458,0
Deflect,,123,65.85,42,502,0
Morki,,85,61.23,42,525,1
Olga,,129,67.46,42,538,1
Ceda,,53,59.54,42,548,0
Ndiss,,140,67.38,42,575,0
Ciri,,144,66.92,42,597,3
Hokra,,80,56.62,41,168,0
Warrior,,109,65.54,41,212,1
Salamandr,,89,63,41,229,0
Tuthed,,60,68.38,41,259,1
Kirito,,46,64.92,41,297,2
Ponpoko,,105,66.54,41,312,3
Galahad,,117,65.23,41,315,0
Atis,,44,64.62,41,332,3
Brutal,,107,62.77,41,347,2
Dene,,52,64.46,41,348,0
Aragnon,,112,67.38,41,356,0
Othavol,,118,64.54,41,387,2
Sssvip,,125,70.31,41,423,2
Otag,,120,69.08,41,432,2
Ezeke,,155,62.85,41,482,2
Ocez,,109,69.54,41,512,4
Rhavenous,,154,66.38,40,170,0
Mmop,,226,69.38,40,193,2
Arcergog,,99,67.77,40,237,0
Aroka,,77,66.08,40,247,0
Tigri,,93,66,40,254,0
Morgana,,129,68.46,40,263,0
Tony,,123,64.38,40,264,0
Raned,,51,64.92,40,265,0
Evamarie,,89,69.08,40,269,0
Sonmia,,80,64.92,40,278,0
Curcuvi,,222,71,40,284,0
Estmix,,138,70.08,40,286,0
Zecokri,,184,67.46,40,296,0
Sephiroth,,49,61.77,40,305,0
Calla,,96,68.08,40,306,0
Kuzaywum,,118,60.46,40,314,0
Cuthumi,,79,62.77,40,319,0
Ednen,,166,67.46,40,321,0
Jaden,,87,60.54,40,336,0
Bonne,,107,65.77,40,340,0
Krealen,,135,63.08,40,355,0
Keshom,,100,69.69,40,369,0
Keiri,,94,67.15,40,378,0
Jovirone,,142,64.38,40,384,0
Zoshil,,152,68.23,40,396,0
Idriti,,53,69.23,40,400,0
Lisa,,96,65.69,40,411,0
Nuliki,,194,69.92,40,446,0
Jodrozi,,184,69.38,40,511,0
Kotarn,,77,67.46,40,549,0
Tome,,81,66.15,39,304,0
Niniz,,212,70.77,39,304,0
Zidad,,70,60.85,39,336,1
Erzine,,33,60.15,39,354,1
Emma,,104,69.31,39,361,0
Azerott,,63,67.46,39,467,0
Gertie,,118,68.15,39,542,0
Zema,,57,70.38,39,556,11
Hidi,,62,66.23,38,150,0
Sechi,,17,62,38,156,0
Dreven,,80,62.69,38,229,0
Rihurza,,46,59.46,38,240,0
Ledrena,,146,70.77,38,314,0
Mullot,,115,65.46,38,370,1
Butcher,,94,57.77,38,377,1
Dutha,,81,62.54,38,385,0
Nubeg,,66,57.23,38,404,2
Blade,,49,64.15,38,420,2
Sakura,,55,63.77,38,444,2
Athena,,61,64.31,38,451,1
Nushesha,,143,67,38,463,3
Ortut,,126,69.08,38,496,2
Lardo,,93,60.54,38,518,4
Otirde,,45,62.46,38,529,1
Hugerikkk,,83,59.62,38,591,0
Chikenruun,,186,70.77,38,595,0
Jadi,,71,64.92,37,200,0
Hellug,,159,68.15,37,225,0
Kashus,,130,67.69,37,235,0
Toma,,14,62.23,37,238,0
Valhala,,124,67.54,37,246,0
Okreli,,85,68.77,37,267,0
Skad,,69,63.92,37,337,0
Alogan,,78,62.62,37,337,3
Itagem,,159,66.38,37,380,1
Bert,,113,64.62,37,384,0
Ekavra,,52,53.92,37,393,0
Iril,,84,65.15,37,417,0
Daishan,,80,66.38,37,419,1
Kitty,,168,43.54,37,432,0
Ellacat,,51,67.15,37,457,0
Kuda,,90,68.15,37,479,2
Dothez,,94,68.23,37,494,1
Anya,,146,68.15,36,153,0
Kitaz,,88,60.85,36,245,5
Novidna,,69,66,36,246,0
Dipman,,69,67.38,36,348,1
Zanna,,59,64,36,402,3
Arthur,,152,57.15,36,427,3
Inug,,96,68.69,35,152,0
Ordabon,,235,68.23,35,194,0
Hifri,,156,72.38,35,212,0
Segurca,,18,60.77,35,215,0
Lagertha,,112,68.85,35,251,0
Ethum,,179,68.23,35,259,0
Kokitano,,104,68.92,35,259,0
Overathjr,,40,66.15,35,264,0
Afras,,146,65.85,35,270,0
Thingiiii,,131,70.23,35,280,0
Greg,,52,60.54,35,295,0
Difin,,76,60.23,35,421,0
Gunibra,,198,66.54,35,467,0
Duka,,233,70.46,35,542,0
Huodonghao,,120,71.92,34,125,0
Rbtemp,,93,60.92,34,207,0
Leandra,,151,70.08,34,209,1
Youho,,23,67.46,34,233,1
Clemmm,,38,61.08,34,239,0
Marscrover,,96,61,34,280,0
Ohaza,,28,62.69,34,303,0
Kinik,,129,68.69,34,314,0
Evirki,,94,68.15,34,319,2
Ivucuk,,66,66.31,34,346,3
Zali,,76,67.69,34,347,1
Lidi,,85,65.92,34,431,0
Ruce,,189,67.77,34,468,2
Tifrok,,68,67,34,499,0
Luffytr,,81,66.62,33,211,0
Wactoja,,79,61.69,33,216,1
Akrisit,,13,55.15,33,233,0
Hirta,,123,64.62,33,301,1
Momochang,,22,55.46,33,335,1
Penny,,75,64,33,364,1
Twobi,,13,62.08,33,369,1
Black,,117,65.62,33,478,2
Arzose,,108,66.15,33,486,2
Celoz,,63,60.77,33,488,1
Rigo,,127,65.23,33,490,8
Erod,,79,60.62,33,587,5
Avrada,,37,63.77,32,174,1
Heylippo,,88,63.54,32,203,0
Ocug,,75,60.38,32,213,0
Bronzenoob,,64,60.62,32,233,0
Imiris,,11,62.54,32,252,0
Mida,,41,65.38,32,259,0
Alvaro,,35,65.54,32,263,0
Harpun,,81,61.77,32,272,0
Roxxx,,58,55.31,32,321,0
Anna,,61,60.69,32,343,0
Domina,,104,63.08,32,371,0
Krishna,,275,70.92,32,482,2
Smsmile,,42,68.15,31,133,0
Irok,,91,63.31,31,156,0
Amybabe,,104,62.54,31,173,1
Zefrut,,93,64.46,31,184,0
Cankleston,,140,70,31,212,0
Athivet,,49,61.15,31,281,1
Edrotha,,34,58.31,31,287,1
Zote,,65,61.85,31,310,0
Dimitri,,32,59.92,31,318,0
Doofus,,66,65.62,31,320,0
Rainbow,,92,62.08,31,336,0
Makrerte,,115,68.38,30,113,0
Mirez,,151,70.08,30,157,0
Kakaho,,47,66,30,160,0
Elch,,96,64.46,30,165,0
Tigrprpl,,16,57.77,30,167,0
Juan,,107,71,30,187,0
Killass,,51,67.77,30,188,0
Ecak,,49,58.38,30,199,0
Imik,,91,69.54,30,208,0
Sidni,,24,63.54,30,231,0
Jithati,,39,68.23,30,232,0
Dulagre,,181,71.15,30,292,0
Gama,,94,66.38,30,302,0
Erenasnow,,27,61.31,30,332,0
Nibrozi,,80,60.15,30,335,0
Kabotha,,119,54,30,349,2
Mule,,104,68.38,30,376,0
Alterra,,69,60.46,30,395,0
Avethod,,218,63.15,30,469,0
Fartster,,30,59.85,29,184,0
Evelyn,,23,58.31,29,214,0
Lemal,,30,59.15,29,216,0
Kurtudre,,67,68.54,29,243,0
Lova,,68,58.23,29,245,0
Mikacz,,38,60.92,29,316,0
Joni,,54,59.92,29,386,0
Ikrul,,38,64.69,29,539,4
Bigsafe,,12,63.69,28,132,0
Ezatat,,11,62.77,28,190,0
Vazike,,141,67,28,200,0
Gurtathi,,19,61.85,28,234,1
Olleba,,46,64.77,28,302,0
Nirde,,72,68.77,28,397,0
Zarik,,120,71.15,28,465,3
Ddulee,,77,61.38,28,483,7
Dethila,,54,63.15,28,516,1
Buchuvi,,23,61,27,154,0
Xpto,,159,68.54,27,166,0
Llrrocha,,18,61.31,27,257,0
Babai,,50,69.31,27,286,0
Irkodni,,19,52.46,27,463,0
Pakso,,71,56.92,26,163,0
Ovrathul,,10,63.85,26,189,0
Atorde,,8,60.08,26,262,3
Godirci,,42,67.54,26,290,3
Cici,,15,58.92,25,158,0
Wari,,60,52.46,25,218,0
Lecdesuat,,89,61.62,25,253,0
Fenix,,1,67.85,25,296,0
Ccpisapigs,,78,54.92,24,152,0
Enug,,19,59.85,24,163,0
Notusa,,29,63.38,24,195,0
Asshole,,19,61.38,24,198,0
Noti,,9,66.85,24,413,0
Jalo,,55,61.92,23,157,0
Vujel,,79,65.85,23,202,2
Tora,,1,57.54,23,202,0
Slite,,31,62.92,23,235,1
Lerki,,13,58.62,23,247,0
Etadim,,17,68.15,23,359,1
Kigi,,1,58,22,133,0
Oden,,29,63.92,22,169,0
Darius,,7,62.54,22,189,0
Tusis,,119,69.62,22,191,0
Lynx,,0,56.77,22,211,0
Ediz,,0,58.23,22,252,0
Brienne,,8,62.23,22,291,1
Hernan,,171,70.15,21,110,0
Graagh,,104,66.08,21,110,0
Camorra,,122,68.38,21,144,0
Argokik,,49,63.15,21,162,0
Odin,,70,63.62,21,166,0
Panggabean,,0,60.46,21,178,1
Meti,,6,67.23,21,211,1
Elaina,,9,63,21,289,0
Gosum,,0,59.08,21,304,2
Xiaozyh,,66,57.31,21,339,2
Kakrun,,65,62.77,20,96,0
Annu,,97,67.85,20,119,1
Domo,,129,60.77,20,129,0
Seiriel,,24,64.31,20,134,0
Krassus,,26,59.85,20,161,0
Ijetul,,0,59.46,20,198,0
Yyyaaayyy,,29,68.77,20,225,0
Szamros,,0,60.69,20,240,0
Feliks,,23,68.46,20,256,0
Bevra,,59,69.92,20,271,0
Zuseje,,13,58.15,20,284,0
Iris,,94,59.62,20,327,0
Rage,,50,52.15,20,367,0
Knighttoo,,0,51.69,20,405,0
Supersu,,63,60.46,19,73,0
Drektar,,86,66.69,19,97,0
Diegoos,,59,61.08,19,177,0
Jinx,,55,62.38,19,183,0
Valkyriii,,74,61.08,19,232,0
Azovi,,88,61.62,19,247,0
Ahos,,13,69.31,19,274,0
Ehid,,37,71,19,285,3
Grumpy,,0,53.15,19,523,0
Enravrom,,35,58.62,18,110,1
Cuka,,83,62.77,18,119,0
Irgire,,18,54.46,18,167,0
Amud,,25,55.54,18,222,0
Roronoa,,2,58.69,18,337,0
Bess,,49,62.08,18,356,4
Ohinre,,76,69.69,17,146,0
Rifrashe,,48,70.08,17,155,0
Gunez,,0,60.08,17,176,0
Buzik,,0,52.92,17,182,0
Nina,,0,58.31,17,202,0
Ethube,,59,57.69,17,285,0
Larke,,0,55.54,16,124,0
Cerud,,13,63.92,16,130,0
Slasha,,29,59.77,16,149,0
Ravin,,53,64,16,174,0
Xard,,0,57.62,16,193,0
Adnala,,0,58.62,16,200,1
Moora,,7,52.85,16,202,0
Kane,,0,58.46,16,364,2
Kabul,,0,61.62,15,91,0
Duli,,76,65.85,15,153,0
Zedri,,0,59,15,172,0
Veshetha,,140,69.31,15,191,0
Taji,,0,56.62,15,199,0
Sean,,82,70.69,15,201,1
Ecose,,103,53.38,15,205,0
Oshuze,,0,54.77,15,224,0
Rock,,35,64.85,15,229,0
Majudri,,0,56.54,15,307,0
Ajla,,0,62.15,14,97,0
Vekeli,,94,68.92,14,101,0
Gile,,0,60.92,14,114,0
Ofros,,0,53.54,14,118,0
Barguve,,0,57.31,14,124,0
Jobohe,,0,61.62,14,145,0
Cege,,0,54.69,14,149,0
Fann,,80,64.08,14,150,0
Ocili,,0,54.23,14,175,0
Natus,,0,58.85,14,179,0
Zoloft,,73,61.77,14,188,0
Tutta,,5,61.31,14,208,0
Fleshbek,,11,58.15,13,138,0
Irozik,,0,56.15,13,144,1
Vacuka,,0,54.85,13,207,1
Eschany,,16,55.92,12,133,0
Ibrukek,,0,60,12,138,0
Suca,,0,56.46,12,155,0
Orgini,,5,53.38,12,244,0
Maria,,0,48.54,12,295,2
Ovis,,0,46.85,12,302,0
Cumi,,0,50.31,12,327,0
Hothora,,0,61.54,12,445,0
Reireirei,,0,62.31,11,56,0
Zaarg,,125,66.08,11,97,0
Emoma,,14,60.08,11,106,0
Cotod,,0,57,11,123,0
Surket,,0,63.08,11,130,0
Knight,,0,62.77,11,130,0
Kundalina,,0,57.62,11,141,1
Munior,,0,60.31,11,142,0
Lenna,,0,57.85,11,150,0
Adolf,,0,58.15,11,166,0
Yeti,,13,62,11,168,0
Tripsix,,0,55.31,11,178,1
Chaosbound,,0,47,11,194,0
Rima,,19,69.85,11,214,0
Votita,,0,53.46,11,257,1
Samilla,,0,58.08,10,86,0
Warrior,,62,68,10,113,0
Zasa,,0,58.08,10,120,0
Azen,,22,66.46,10,123,0
Materi,,0,56.23,10,127,0
Onnusi,,0,58.46,10,130,0
Kpax,,0,63.15,10,135,0
Rozi,,0,61.69,10,138,0
Dura,,0,57.38,10,144,0
Shocking,,0,61.62,10,165,0
Anos,,10,50.38,10,167,0
Lawanda,,0,59.77,10,171,0
Devos,,0,55.23,10,181,0
Agrestor,,0,56.77,10,216,0
Ehom,,0,55.54,10,217,0
Kong,,0,57.08,10,218,0
Mokobe,,0,53.23,10,222,0
Meze,,0,49.85,10,227,0
Erzodon,,0,46.69,10,231,0
Gears,,0,60,10,234,0
Iseji,,0,51.31,10,252,0
Morkaz,,0,56.62,10,306,0
Gasa,,0,56.54,10,352,0
Isun,,0,48.38,10,392,0
Nick,,0,58.62,9,129,0
Stellare,,0,56.31,9,138,0
Weedmap,,0,57.62,9,141,0
Studly,,23,60.92,9,144,0
Voshuhi,,5,61.54,9,157,0
Lewa,,0,56.08,9,160,0
Babun,,0,46.77,9,168,0
Warlord,,0,54.38,9,169,0
Vorcin,,13,60.69,9,169,0
Baby,,0,53.38,9,180,0
Kannaz,,0,58.23,9,189,0
Gonori,,0,58.08,9,195,0
Zena,,0,49.77,9,206,0
Reve,,0,52.23,9,237,1
Lexus,,0,54.77,9,239,0
Eniluk,,0,55.08,9,255,0
Bijolle,,0,61.38,9,257,0
Jamuk,,0,47.15,9,401,2
Vurkuk,,7,50.85,8,99,0
Noxalez,,43,65.31,8,107,0
Evte,,48,59.38,8,125,0
Rimachi,,0,55.08,8,128,0
Gillim,,0,59.62,8,129,0
Jushin,,0,61.62,8,138,0
Ircagag,,13,53.46,8,143,0
Veveci,,51,61.54,8,149,0
Vatha,,61,58.77,8,150,1
Sezon,,10,58.77,8,151,1
Ebresa,,0,53.23,8,152,1
Ehona,,0,57.85,8,153,3
Oshiken,,79,70.85,8,154,0
Bland,,1,62.69,8,156,0
Kollokra,,0,59.54,8,167,1
Kujoci,,0,53.69,8,167,0
Rothi,,25,61.54,8,168,1
Uriel,,0,58.08,8,176,0
Gozi,,0,51.08,8,192,0
Srurion,,0,56.62,8,193,1
Specter,,0,60.85,8,195,1
Psina,,0,50.23,8,197,1
Rote,,0,52.69,8,198,1
Chwilowka,,0,54.69,8,218,0
Ashekra,,0,53.85,8,251,3
Thorbjorn,,0,51.23,8,262,1
Odig,,0,59,8,265,3
Bpantat,,0,51.38,8,283,1
Logi,,0,52,8,294,0
Kathede,,0,44.08,8,333,0
Panda,,0,44.62,8,334,2
Makobe,,0,46.15,8,357,1
Wariat,,0,49.62,8,362,1
Dantone,,0,44.08,8,368,3
Jank,,0,43.31,8,372,3
Zeli,,0,50.92,8,401,3
Berserk,,0,48.08,8,434,6
Bernard,,0,51,8,437,3
Ibuthal,,0,50.92,8,481,2
Ruviz,,0,47.54,8,496,9
Tara,,0,48.08,8,504,1
Elle,,0,55.08,7,95,0
Tvghhh,,170,62,7,109,0
Revenge,,0,53.85,7,109,0
Ramires,,0,52.08,7,116,0
Ehega,,0,49.23,7,134,0
Avarde,,0,51,7,137,0
Zutha,,9,61.85,7,146,0
Elane,,0,53.46,7,148,0
Asurze,,0,60.38,7,152,0
Konan,,0,57.46,7,160,0
Giza,,0,54.31,7,161,0
Jerun,,0,55.85,7,171,0
Sohok,,0,56.46,7,180,0
Komi,,0,60.08,7,184,0
Sukrug,,0,59.85,7,190,0
Birdag,,0,57.85,7,194,0
Koros,,0,51.08,7,196,0
Gangstac,,0,50.46,7,197,0
Enorze,,0,53.69,7,197,0
Vesaji,,0,54.77,7,198,0
Conne,,0,43,7,203,0
Ghul,,0,56.77,7,206,0
Crtl,,0,46.85,7,211,1
Turok,,13,59.31,7,216,0
Deinger,,0,53.92,7,219,0
Arconnug,,0,43.15,7,224,2
Ocithol,,0,46.31,7,226,0
Kadi,,0,47.23,7,234,2
Ihit,,0,54.38,7,238,0
Sergiu,,46,46.69,7,240,0
Ordiza,,0,50.15,7,249,1
Ilabik,,0,54.23,7,250,0
Enoz,,0,51.62,7,251,0
Julleri,,0,51,7,251,1
Zubrel,,0,54.15,7,257,0
Cuthagre,,0,47.85,7,259,0
Ikejis,,0,43.92,7,260,0
Pickmong,,0,52.92,7,268,0
Temp,,0,46.92,7,271,0
Dirtysluut,,0,47.31,7,288,7
Kraken,,0,54.62,7,293,1
Bigdogs,,0,47.92,7,298,0
Geralt,,0,51.46,7,303,1
Sulle,,0,56,7,314,2
Erduz,,0,49.92,7,320,0
Zoder,,0,42.77,7,323,3
Luckyman,,0,52,7,325,1
Linguini,,0,50.15,7,341,1
Alok,,0,49.69,7,349,0
Ennobe,,0,48.69,7,349,2
Ovres,,0,39.15,7,357,2
Icona,,0,48.15,7,360,1
Luned,,0,42.38,7,361,2
Mece,,0,41.69,7,365,8
Seheda,,0,52,7,369,3
Clint,,0,40,7,387,4
Ristretto,,0,52,7,389,1
Osurgog,,0,43,7,392,0
Eshan,,0,41.38,7,406,6
Emily,,0,50.46,7,435,1
Levroka,,0,59.46,7,463,1
Tidronra,,0,45.23,7,468,3
Egorke,,0,43.77,7,469,0
Enam,,0,43.08,7,478,4
Ardunne,,0,55.92,7,480,0
Subte,,0,42.38,7,510,2
Diana,,0,42.23,7,541,6
Angel,,0,40.46,7,545,1
Dxdx,,0,54.69,7,555,0
Casper,,0,38.69,7,565,8
Diana,,0,49.77,7,576,1
Cergas,,0,38.69,7,578,0
Lovetha,,0,41.31,7,587,0
Otto,,0,61.15,6,65,0
Gurgal,,0,55.38,6,78,0
Melim,,0,55.23,6,84,0
Jafran,,0,58.77,6,103,0
Catez,,0,48.31,6,110,1
Erzuzen,,0,56.85,6,111,0
Arocrynna,,0,50.92,6,112,0
Hnir,,0,51.38,6,115,0
Maki,,0,54.23,6,116,0
Arthur,,0,57.62,6,119,0
Gutok,,0,55.54,6,122,0
Droopyhoes,,0,58.08,6,126,0
Johar,,0,49.69,6,128,1
Ages,,0,54.69,6,129,0
Russell,,0,52.92,6,130,0
Asem,,0,42.42,6,132,0
Sara,,0,57.08,6,133,0
Seni,,0,56.62,6,137,0
Tosha,,0,54.85,6,153,0
Igrara,,0,54.38,6,161,0
Ejebret,,0,43.54,6,164,0
Hulochi,,0,42.08,6,167,2
Juthom,,0,50.46,6,173,0
Batgirl,,0,67.77,6,173,0
Tyber,,0,51.69,6,174,0
Icobri,,0,52.54,6,176,1
Cubre,,0,50.62,6,183,0
Danmarina,,0,45.08,6,187,0
Jinh,,0,46,6,189,0
Ehol,,0,43.54,6,190,1
Orzan,,0,55.31,6,191,1
Gurutha,,0,39.92,6,193,0
Ohuz,,0,58.69,6,196,0
Knight,,0,39.62,6,199,2
Johe,,0,43.77,6,201,0
Ruda,,0,35.92,6,204,3
Juanr,,0,48,6,205,0
Sadnos,,0,49.15,6,206,1
Deeznuts,,0,43.69,6,207,1
Vikihey,,0,42.23,6,209,0
Ojin,,0,38.15,6,209,0
Stoutgut,,0,43.62,6,213,1
Ollem,,0,40.62,6,213,1
Vuhole,,0,52.38,6,219,1
Iradrim,,0,49.77,6,219,1
Legik,,0,46.62,6,222,1
Crash,,0,47.46,6,222,0
Event,,0,42.23,6,223,2
Aral,,0,42.38,6,227,0
Nemesis,,0,49.62,6,228,1
Zamunna,,0,34.77,6,228,1
Gnarrior,,0,44,6,235,0
Zhianne,,0,43.54,6,236,0
Arthur,,0,46,6,241,0
Gortonna,,0,46.38,6,244,5
Odruk,,0,33.31,6,247,1
Sinnace,,0,42.38,6,249,3
Irirzi,,0,43.92,6,250,2
Helga,,0,42.46,6,252,0
Ezul,,0,46.46,6,253,3
Gota,,0,43.46,6,254,1
Alex,,0,40.77,6,255,2
Hachonri,,0,52.38,6,256,1
Naidra,,0,43.77,6,258,1
Arzum,,0,32.23,6,260,2
Helel,,0,49.31,6,262,0
Delphie,,0,37.92,6,264,0
Saga,,0,43.08,6,270,0
Gege,,0,33.54,6,271,0
Icarus,,0,44.69,6,272,0
Ares,,0,34.15,6,274,3
Nokrove,,0,48.25,6,274,1
Gorn,,0,25.92,6,275,4
Evig,,0,42.54,6,276,0
Lennig,,0,44.77,6,280,1
Morgana,,0,50.15,6,282,1
Null,,0,46.54,6,288,4
Jeremiasz,,0,34.38,6,294,2
Doti,,0,34,6,297,7
Vixen,,0,38.77,6,298,6
Eral,,0,40.46,6,306,2
Tanner,,0,44.15,6,306,3
Lije,,0,47.31,6,307,1
Buster,,0,38.38,6,308,3
Goldmintwo,,0,40.69,6,309,3
Rslayer,,0,41.46,6,319,1
Coreaone,,0,40.23,6,320,5
Kuma,,0,43.92,6,323,2
Vohuhi,,0,42.69,6,324,1
Enrolon,,0,44.62,6,325,0
Ethenra,,0,32.85,6,333,11
Zena,,0,41,6,337,4
Avardan,,0,33.54,6,339,2
Porquapias,,0,40.69,6,347,1
Steadystar,,0,38.15,6,351,0
Devasangee,,0,47.54,6,369,2
Zela,,0,38.62,6,375,2
Ajaza,,0,31.54,6,390,5
Borzek,,0,48.15,6,397,5
Cara,,0,32.08,6,397,4
Thorin,,0,43.23,6,403,7
Dusk,,0,40,6,407,1
Gocas,,0,42.46,6,410,2
Rebin,,0,32.62,6,411,3
Koral,,0,42.62,6,416,4
Unspeakabl,,0,45.46,6,417,1
Lian,,0,37.92,6,420,3
Petros,,0,35.92,6,429,5
Verkeni,,0,35.85,6,431,1
Heroaxis,,0,36.46,6,432,2
Ekasi,,0,35.23,6,454,6
Zafres,,0,37.38,6,461,2
Eden,,0,42.92,6,462,7
Latha,,0,49.38,6,469,9
Rarion,,0,40.85,6,471,0
Ojin,,0,30.92,6,475,4
Zazise,,0,35.62,6,528,6
Kuzez,,0,30.92,6,552,1
Hansha,,0,36.31,6,556,8
Rave,,0,24.77,6,585,6
Necik,,0,34.15,6,596,2
Tole,,0,47.69,5,68,0
Ecut,,0,56.38,5,81,0
Rabefra,,0,45.23,5,119,0
Dastothree,,0,47.92,5,120,0
Lightone,,0,44.23,5,135,0
Natasha,,0,40.92,5,136,0
Arazag,,0,48.31,5,138,0
Alfons,,0,48.23,5,139,0
Bazul,,0,47.62,5,141,0
Eldiablo,,0,45.77,5,142,0
Akava,,0,42.85,5,143,0
Gage,,11,61.38,5,143,0
Firstaf,,2033,22.08,5,145,0
Chinalyl,,13,55.31,5,145,0
Riji,,0,41,5,146,0
Ohug,,0,49.92,5,149,0
Lidne,,0,41.54,5,151,0
Obade,,0,45.23,5,151,0
Milamber,,0,45.38,5,153,0
Ajacag,,0,44.15,5,155,0
Tocifan,,0,49,5,160,0
Reez,,0,44.92,5,161,0
Azarah,,0,48.38,5,163,0
Nesis,,0,41.92,5,166,0
Tatar,,0,45,5,168,0
Zicheze,,0,37,5,168,0
Mevubi,,0,53.92,5,168,0
Ibichos,,0,33.15,5,172,1
Ashobe,,0,44.77,5,173,0
Larka,,0,42.69,5,176,0
Ovuka,,0,30.46,5,177,1
Adam,,0,54.15,5,179,0
Kulli,,0,48.08,5,184,0
Marge,,0,38.77,5,185,0
Lodra,,0,32.69,5,193,0
Abhijit,,0,42,5,197,0
Tree,,0,33.54,5,197,0
Reapht,,0,32.54,5,210,0
Silvanas,,0,31.17,5,211,0
Doxa,,0,39.54,5,211,0
Thingiii,,0,34.46,5,211,0
Ppppp,,0,38.92,5,212,0
Demosa,,0,41.31,5,213,0
Nahil,,0,54.62,5,214,0
Tuhi,,0,45.08,5,214,0
Denashin,,0,35.69,5,217,0
Mscoe,,0,52,5,220,0
Izen,,0,34,5,222,0
Anellin,,0,49.23,5,225,0
Sellis,,0,35.46,5,225,0
Sketchy,,0,39.77,5,228,0
Angua,,0,34.54,5,230,0
Dorkek,,0,53.31,5,238,0
Dusty,,0,34.69,5,238,0
Kethuk,,0,31.46,5,248,1
Musil,,0,35.23,5,256,0
Iroraz,,0,36.92,5,257,1
Jiri,,0,36.23,5,259,0
Icarus,,0,31.38,5,266,0
Egaze,,0,34,5,270,1
Tino,,0,33.77,5,274,0
Vabe,,0,29.08,5,289,0
Orogrum,,0,32.62,5,290,0
Othug,,0,38.77,5,294,0
Osis,,0,27.46,5,296,0
Kisa,,0,40.54,5,303,0
Qnss,,0,35.62,5,307,0
Jasper,,0,41.54,5,308,0
Vosi,,0,38.77,5,312,0
Logic,,0,34.23,5,319,0
Mannen,,0,27.31,5,325,1
Cypher,,0,29.69,5,335,0
Andrey,,0,36.62,5,343,0
Seadragon,,0,36.31,5,353,0
Autumn,,0,47.62,5,356,0
Edorziz,,0,32.69,5,357,2
Izomorfeus,,0,29.62,5,374,9
Ahole,,0,34.77,5,380,0
Ashoba,,0,28.54,5,387,0
Cace,,0,32.54,5,395,0
Icig,,0,31.54,5,407,11
Yorvickski,,0,32.15,5,410,0
Vodnaba,,0,34,5,443,0
Orderce,,0,26.31,5,482,1
Itishek,,0,31,5,494,0
Daniel,,0,34.85,5,501,0
Mardid,,0,25.31,5,535,0
Idatoz,,0,34.08,5,536,0
Sheba,,0,32,5,577,1
Rain,,88,62.62,4,91,0
Isobi,,0,37.69,4,122,0
Kirito,,0,32.77,4,128,0
Ebrose,,0,35.69,4,138,0
Cidi,,0,38.15,4,139,0
Kyoshiro,,0,33.77,4,139,0
Vunasi,,0,23.38,4,148,0
Thingi,,0,38.46,4,152,0
Kiki,,0,36.77,4,153,0
Zenek,,0,29.62,4,153,0
Hona,,0,41,4,166,0
Kebabito,,0,32.92,4,170,0
Zunna,,0,36.31,4,174,0
Aragregorn,,0,32.62,4,178,0
Unsol,,0,35.77,4,191,0
Athatak,,0,33.62,4,200,0
Veil,,0,20.54,4,208,0
Dingus,,0,25,4,209,0
Bigrel,,0,31.38,4,212,0
Mouse,,0,31.85,4,222,0
Ocirgi,,0,26.38,4,228,0
Abes,,0,24.31,4,230,0
Will,,0,34.85,4,231,0
Nirteg,,0,30.31,4,234,0
Lovim,,0,22.54,4,242,2
Tempa,,0,29.85,4,242,2
Ethas,,0,30.46,4,244,0
Ocujog,,0,22.58,4,245,0
Xandria,,0,19.31,4,247,0
Irzuge,,0,24.08,4,255,0
Jirug,,0,28.08,4,257,0
Xoox,,0,26.69,4,258,2
Titanium,,0,27.85,4,260,0
Zobre,,0,23.77,4,263,0
Risok,,0,27.46,4,268,0
Yeokrast,,0,33.15,4,268,0
Koreakanu,,0,29.62,4,273,0
Asheshum,,0,25.23,4,282,0
Arala,,0,21.92,4,286,1
Vali,,0,31.46,4,292,0
Kajorza,,0,22.69,4,310,0
Kith,,0,23.46,4,310,1
Keke,,0,19,4,311,2
Lady,,0,21.92,4,325,0
Arok,,0,30.54,4,326,0
Anren,,0,28.08,4,340,0
Taif,,0,32.31,4,348,0
Kirgem,,0,26.31,4,349,0
Akanom,,0,23.08,4,357,1
Trauma,,0,22.08,4,371,1
Alazod,,0,26.46,4,371,1
Garen,,0,21,4,375,1
Zazokre,,0,23,4,381,2
Rishe,,0,23.38,4,399,0
Kimel,,0,32.92,4,403,0
Zarti,,0,20.69,4,407,1
Lalal,,0,26.69,4,440,2
Elonna,,0,21.92,4,445,0
Zubrafra,,0,19.62,4,460,0
Kali,,0,21.69,4,468,7
Kirito,,0,24,4,495,2
Echbert,,0,23.23,4,499,0
Sara,,0,23.46,4,501,2
Avug,,0,25.92,4,513,2
Azat,,0,30.23,4,527,1
Sekori,,0,24.46,4,545,4
Tashe,,0,22.85,4,557,1
Azin,,0,20.69,4,574,4
Shineyu,,0,17.46,4,595,10
Zurus,,0,20.77,4,598,3
Neza,,0,28.62,3,111,0
Abus,,0,28.23,3,112,0
Ethirga,,0,23,3,112,0
Fate,,0,18.08,3,120,0
Shin,,0,32.15,3,128,1
Tilori,,0,39.77,3,130,1
Onrelol,,0,23,3,133,1
Ideda,,0,33.31,3,134,0
Afrobris,,0,20.46,3,142,0
Coced,,0,28.69,3,142,1
Glutonny,,0,27.54,3,146,1
Tinblaze,,0,23.08,3,147,0
Doro,,0,22.08,3,150,0
Fatboy,,0,33.69,3,150,0
Ekebiz,,665,18,3,151,0
Avuma,,0,25.23,3,152,0
Okahem,,0,21.46,3,158,0
Dhomer,,0,58.62,3,160,0
Binnis,,0,18.62,3,161,2
Highlan,,0,30.46,3,163,0
Talon,,0,25.31,3,164,0
Badre,,0,20.85,3,167,0
Edithi,,0,39.15,3,172,0
Ekebi,,0,19.08,3,173,0
Silverboy,,0,24.92,3,176,1
Odnoz,,0,22.46,3,177,1
Vikthory,,0,22.92,3,182,0
Jeta,,0,22.62,3,183,1
Limag,,0,22.77,3,185,0
Onnuhe,,0,24.08,3,187,1
Supersub,,0,29.23,3,190,1
Horti,,0,25.31,3,192,1
Yummyx,,0,28.38,3,193,0
Aviguz,,0,28.23,3,194,0
Hedrick,,0,24.54,3,199,1
Razit,,0,25.08,3,200,0
Zadnaka,,0,26.62,3,203,0
Sethic,,0,15.23,3,204,1
Jhnks,,0,24.46,3,204,1
Virdi,,0,25.46,3,207,1
Elza,,0,18.38,3,209,0
Irkurze,,0,21.31,3,211,1
Ordonra,,0,19.92,3,213,0
Achedri,,0,19.46,3,214,1
Shasha,,0,24.92,3,215,1
Kimberly,,0,26.23,3,218,0
Sesi,,0,23.69,3,222,0
Kayle,,0,26.38,3,222,1
Irez,,0,21.15,3,226,0
Izorge,,0,28.46,3,229,0
Fast,,0,24.23,3,230,1
Lumova,,0,20.62,3,230,0
Bill,,0,16,3,232,0
Tecad,,0,17.23,3,234,0
Azaz,,0,23.46,3,239,0
Orchenash,,0,25.31,3,245,1
Xwife,,0,27.77,3,247,0
Danra,,0,20.69,3,247,0
Munchie,,0,51,3,247,0
Gagala,,0,17.69,3,250,1
Batmon,,0,26.15,3,251,2
Vodri,,0,25.38,3,255,1
Latal,,0,32.69,3,258,1
Zodi,,0,23.85,3,266,0
Dalinar,,0,18.77,3,266,0
Nurtum,,0,13.23,3,271,1
Acharzi,,0,23.92,3,272,0
Larima,,0,19.38,3,279,1
Lirzil,,0,24.92,3,282,4
Zeboo,,0,17.77,3,284,0
Rosek,,0,19.54,3,291,1
Jelen,,0,29.46,3,294,1
Veve,,0,14.31,3,295,1
Davil,,0,17.85,3,298,0
Hasuran,,0,17.15,3,299,0
Giermek,,0,17.85,3,300,1
Ekrodnid,,0,29.38,3,306,2
Morkashi,,0,17.38,3,312,0
Omel,,0,20,3,313,0
Vovo,,0,27.77,3,314,3
Madao,,0,26.92,3,314,3
Abrig,,0,20.69,3,316,1
Lihinra,,0,17.85,3,318,0
Dahlia,,0,14.85,3,320,0
Pamela,,0,18.85,3,326,3
Ochul,,0,16.62,3,327,1
Igevrum,,0,15.77,3,328,0
Llyodxmas,,0,20.08,3,331,0
Tifrini,,0,30.08,3,337,0
Tarti,,0,15.92,3,340,2
Geziz,,0,12.92,3,356,5
Ojuz,,0,20,3,361,2
Leonidas,,0,14.54,3,366,0
Johann,,0,21.62,3,366,4
Gram,,0,17.85,3,387,2
Draco,,0,16.08,3,409,0
Bluepanda,,0,20.15,3,418,3
Ebrun,,0,12.15,3,427,1
Duchess,,0,15.31,3,429,0
Lasalle,,0,18.67,3,435,0
Etonna,,0,21.92,3,442,1
Sullen,,0,22.31,3,448,3
Neeshy,,0,22.31,3,458,1
Obilat,,0,15.46,3,458,1
Rinim,,0,21,3,463,1
Argon,,0,18.69,3,495,3
Lillian,,0,17.23,3,537,4
Lulux,,0,18.15,3,541,2
Ryuma,,0,18.54,3,551,4
Ebon,,0,17.08,3,556,1
Txrgaming,,0,16.92,3,592,4
Biotch,,0,20.08,2,87,0
Cute,,0,27.85,2,89,0
Athom,,0,21.85,2,100,0
Genie,,0,32.15,2,101,0
Isitha,,0,34.69,2,102,0
Ehehe,,0,24.92,2,104,0
Sarka,,0,20,2,121,0
Hosut,,0,17.33,2,122,0
Lady,,0,31,2,122,0
Othefra,,0,18.85,2,123,0
Jutardi,,0,23.54,2,128,0
Navre,,0,19.62,2,128,0
Neeno,,0,19.38,2,131,0
Jevriga,,0,25.46,2,135,0
Tarkite,,0,13,2,137,0
Sammy,,0,16.23,2,143,0
Mibra,,0,19.08,2,147,0
Othin,,0,18.92,2,148,0
Rahelm,,0,51,2,148,0
Othez,,0,18.69,2,149,0
Tedbundy,,0,13.46,2,149,0
Athene,,0,14.15,2,151,0
Lati,,0,19.92,2,154,0
Cysyn,,0,19.85,2,156,0
Lyea,,0,20.92,2,161,0
Valkha,,0,20.31,2,163,0
Zemi,,0,17.54,2,165,0
Anrafran,,0,11.62,2,165,0
Abragrot,,0,18.85,2,168,0
Sylvie,,0,46.23,2,168,0
Mihalitsa,,0,15.31,2,168,0
Cula,,0,15.08,2,170,0
Rirka,,0,9.75,2,171,0
Dirzen,,0,16.23,2,171,0
Okrothat,,0,19.62,2,172,0
Gahe,,0,20.15,2,172,0
Ores,,0,14.69,2,174,0
Baal,,0,17.77,2,175,0
Tamas,,0,17.15,2,176,0
Takrede,,0,10.67,2,178,0
Tomasino,,0,21.46,2,178,2
Ekrad,,0,22.08,2,179,0
Kunra,,0,15.38,2,181,0
Civeke,,0,15.42,2,185,0
Kananri,,0,12.77,2,189,0
Ceze,,0,18.54,2,190,0
Ragnarok,,0,12.67,2,190,0
Acohe,,0,16.85,2,190,0
Azomaz,,0,16.54,2,191,0
Zuba,,0,8.75,2,192,0
Gooa,,0,19.23,2,193,0
Mahin,,0,21.62,2,194,0
Rorte,,0,18.77,2,194,0
Eboz,,0,26.62,2,195,0
Loniki,,0,19.38,2,198,0
Henize,,0,18.85,2,199,0
Fionn,,0,13.38,2,202,0
Zethud,,0,13.54,2,203,0
Nensy,,0,11.58,2,206,0
Jadrofre,,0,10.77,2,212,0
Inedra,,0,14,2,213,0
Chobot,,0,17.62,2,216,0
Vani,,0,10.67,2,216,0
Ecugan,,0,10.77,2,218,0
Rucerga,,0,14.55,2,219,0
Sagraci,,0,12.62,2,219,0
Vegruk,,0,10.69,2,219,0
Ivan,,0,17.69,2,222,0
Sekuk,,0,12.25,2,223,0
Omiz,,0,10,2,225,1
Dooga,,0,14.23,2,226,0
Modizzl,,0,17.92,2,227,0
Sona,,0,12.08,2,231,0
Sergi,,0,15.25,2,231,0
Tommmy,,0,8.5,2,231,0
Berskerk,,0,10.09,2,232,0
Hariel,,0,19.31,2,232,0
Trimmer,,0,16.54,2,234,0
Balashe,,0,11.31,2,235,0
Dexter,,0,18.23,2,236,0
Edel,,0,13.83,2,236,0
Goldeneye,,0,18.23,2,236,0
Odim,,0,16.69,2,236,0
Lumia,,0,17.08,2,237,0
Rothid,,0,13.85,2,238,0
Lidija,,0,17.62,2,241,0
Juicyb,,0,17.15,2,243,0
Sarah,,0,29.08,2,247,0
Adore,,0,17.08,2,248,0
Narket,,0,16.69,2,248,0
Drogomir,,0,19.15,2,251,0
Luckychaos,,0,13,2,253,0
Tudri,,0,11.31,2,259,0
Izavri,,0,13.08,2,259,0
Shyt,,0,8.23,2,265,0
Kamillya,,0,13.15,2,268,0
Xena,,0,14.31,2,269,0
Irtik,,0,22,2,270,0
Leonardo,,0,16,2,272,0
Rocket,,0,11.69,2,273,0
Ivreka,,0,18.54,2,275,0
Evres,,0,9,2,276,0
Seven,,0,12.15,2,278,0
Temp,,0,15.31,2,280,0
Gorete,,0,10.25,2,280,0
Arkim,,0,9.5,2,282,0
Cirtaz,,0,13.69,2,285,0
Precilla,,0,18.92,2,288,0
Enin,,0,13.33,2,294,0
Toothpick,,0,10.75,2,295,1
Arzul,,0,21.54,2,296,0
Inrathe,,0,15.54,2,296,0
Teta,,0,12.69,2,299,0
Karzagre,,0,8.17,2,301,1
Sadreci,,0,11.85,2,303,0
Tramp,,0,13.31,2,304,0
Ritha,,0,13.08,2,305,0
Jayr,,0,20.23,2,309,0
Killa,,0,11.15,2,309,0
Itid,,0,11.18,2,310,2
Azehi,,0,8.92,2,310,0
Ebrebog,,0,10.77,2,312,0
Lathi,,0,12.92,2,313,0
Genie,,0,10.7,2,317,0
Jafri,,0,8.62,2,320,0
Hubut,,0,13.54,2,335,1
Avakra,,0,11.67,2,335,0
Bladesin,,0,11.85,2,338,0
Ardol,,0,16.92,2,340,0
Schnitzel,,0,9.08,2,340,0
Sadi,,0,12.85,2,341,0
Norciz,,0,8.85,2,341,0
Epic,,0,13.85,2,342,0
Igite,,0,14.92,2,344,0
Tetace,,0,15.92,2,344,0
Doldrum,,0,15.42,2,351,0
Amonra,,0,12,2,359,0
William,,0,10.36,2,365,0
Igizoz,,0,10,2,374,2
Stuleja,,0,10.92,2,375,0
Ozek,,0,10.7,2,381,0
Huron,,0,15.77,2,383,0
Sariz,,0,12.46,2,383,0
Ezeg,,0,10.83,2,384,0
Kaia,,0,10.85,2,396,0
Wtfman,,0,13.31,2,405,0
Egrok,,0,8.83,2,411,0
Gonnet,,0,10.4,2,421,1
Cashi,,0,8.33,2,421,0
Sumije,,0,9,2,426,0
Ortizi,,0,9.58,2,429,0
Kingdragon,,0,11.09,2,432,0
Khmer,,0,8.46,2,433,0
Enuza,,0,10.92,2,434,0
Onagres,,0,11.23,2,442,0
Ajunrid,,0,10.46,2,444,0
Ilse,,0,10.17,2,447,0
Vivo,,0,7.44,2,451,1
Jenut,,0,8.17,2,462,0
Khaos,,0,10.62,2,468,0
Vatal,,0,10.62,2,469,0
Dogfight,,0,9.15,2,471,0
Inuda,,0,10.25,2,477,3
Edulem,,0,9,2,478,0
Tang,,0,10.75,2,479,0
Azeg,,0,6.75,2,480,6
Covid,,0,8.45,2,495,1
Krya,,0,10.58,2,513,1
Kogunri,,0,10.82,2,529,0
Ocirkim,,0,11,2,549,0
Hagune,,0,7.36,2,550,1
Acus,,0,10.55,2,552,6
Etadaz,,0,10.45,2,583,0
Koniowal,,0,57.38,1,78,0
Tarilla,,16,54.46,1,102,0
Naoesqueca,,0,53.15,1,107,0
Bulka,,0,26.46,1,107,0
Sellim,,0,16.33,1,115,0
Nica,,0,41.54,1,117,0
Sunnota,,0,28.54,1,124,0
Levra,,0,24.77,1,127,0
Obinram,,0,54.62,1,127,0
Legatocj,,0,22.54,1,127,0
Harti,,0,13.77,1,130,0
Izon,,0,16.15,1,134,0
Jolyhot,,0,46.54,1,136,0
Anohi,,0,25.92,1,139,0
Kefre,,0,34.46,1,140,0
Itodni,,0,12.08,1,145,0
Avrun,,0,13,1,146,0
Blade,,0,12.31,1,148,0
Yshayadank,,0,8.17,1,148,0
Etus,,0,27.85,1,149,0
Thingie,,0,25.77,1,151,0
Hugred,,0,23.08,1,151,0
Vonnot,,0,50.15,1,155,0
Boxera,,0,10.27,1,159,0
Achet,,0,10,1,159,0
Evonne,,0,20.46,1,160,0
Lerik,,0,16.31,1,161,0
Idakriz,,0,8.7,1,161,0
Anel,,0,12.31,1,161,0
Ibren,,0,13.08,1,161,0
Avren,,0,10.78,1,161,0
Lubre,,0,9,1,161,0
Iburri,,0,15.23,1,166,0
Odrobi,,0,10.15,1,169,0
Asasei,,0,12,1,170,0
Vocan,,0,11.83,1,171,0
Alahric,,0,16.54,1,175,0
Azircat,,0,55.15,1,175,0
Darklight,,0,9.31,1,175,0
Inochik,,0,9,1,176,0
Lortthoo,,0,10.46,1,177,0
Plyushka,,0,8.92,1,178,0
Cynthia,,0,18.23,1,183,0
Xablau,,0,9.25,1,186,0
Dishiva,,0,10.62,1,187,0
Lice,,0,15.42,1,189,0
Ellafris,,0,10.75,1,189,0
Venroz,,0,10.17,1,191,0
Sigre,,0,8.85,1,192,0
Coni,,0,9.15,1,192,0
Achuk,,0,23.62,1,193,0
Cudri,,0,9.54,1,196,0
Bobaloo,,0,14.08,1,196,0
Itora,,0,10.25,1,196,0
Ijovug,,0,46.23,1,197,0
Lesin,,0,9.54,1,199,0
Ibranad,,0,12.62,1,200,0
Asut,,0,9.64,1,200,0
Besos,,0,9.27,1,201,0
Zirca,,0,8.62,1,202,0
Evresi,,0,9.67,1,203,0
Kothoz,,0,9.83,1,203,0
Ergafri,,0,8.1,1,203,0
Luce,,0,9.3,1,203,0
Odog,,0,8.46,1,203,1
Eluvi,,0,8.33,1,203,0
Popczanzdr,,0,13.46,1,204,0
Avid,,0,10.15,1,204,0
Leon,,0,13.38,1,205,0
Odin,,0,7,1,208,0
Logam,,0,8.54,1,209,0
Etarion,,0,10.09,1,210,0
Ebek,,0,10.77,1,211,0
Ebrod,,0,10.67,1,212,0
Emuve,,0,9.92,1,212,0
Obrutod,,0,8.85,1,213,0
Asul,,0,8.33,1,214,0
Gana,,0,13.25,1,215,0
Tigreal,,0,10.85,1,216,0
Cile,,0,8.69,1,216,0
Oteva,,0,9.09,1,217,0
Lashe,,0,11.42,1,217,0
Sivananda,,0,9.83,1,217,0
Ivredri,,0,8.82,1,219,0
Adalberto,,0,6.82,1,219,0
Spoken,,0,14.62,1,219,0
Geshoka,,0,9,1,220,0
Soluce,,0,24.85,1,221,0
Ocidne,,0,10.85,1,221,0
Estoico,,0,9.92,1,221,0
Corum,,0,9.77,1,222,0
Ohibe,,0,10,1,223,0
Tobat,,0,9,1,224,0
Zulid,,0,21,1,225,0
Eunarit,,0,9.6,1,225,0
Achun,,0,9.38,1,226,0
Jatherta,,0,8.92,1,227,0
Lavet,,0,9.08,1,227,0
Juthe,,0,14.58,1,228,0
Okidim,,0,10,1,228,0
Dojosoul,,0,14.85,1,228,0
Sorry,,0,20.54,1,234,0
Ordocag,,0,12.38,1,236,0
Myrthe,,0,8.77,1,237,0
Zoma,,0,8.58,1,239,0
Ardim,,0,10.5,1,240,0
Adam,,0,16.46,1,240,0
Chubeelita,,0,9.46,1,242,0
Ires,,0,8.92,1,242,0
Mejos,,0,9.5,1,242,0
Iceyevent,,0,10.46,1,242,0
Rodroha,,0,7.75,1,246,0
Nirkum,,0,9.77,1,250,0
Song,,0,9.17,1,253,0
Koko,,0,8.85,1,253,0
Angelfuk,,0,9.25,1,254,0
Horzik,,0,11.09,1,256,0
Suva,,0,8.15,1,256,0
Meep,,0,8.62,1,256,0
Dacaka,,0,15.85,1,256,0
Idivum,,0,6.69,1,257,1
Harcossb,,0,53.31,1,258,0
Egeba,,0,8.92,1,260,0
Anke,,0,7.33,1,262,0
Kitto,,0,10.7,1,262,0
Lezanra,,0,9,1,262,0
Ncinnad,,0,9.58,1,264,0
Valy,,0,8.92,1,265,0
Dorel,,0,9,1,265,1
Micinka,,0,9.85,1,268,0
Faruq,,0,10.77,1,271,0
Weed,,0,9.7,1,276,0
Millum,,0,8.73,1,277,0
Hidan,,0,9.58,1,277,0
Sadneze,,0,7.91,1,280,0
Kathline,,0,7.2,1,280,0
Padilah,,0,9.6,1,284,0
Ovik,,0,9.54,1,285,0
Evez,,0,10.36,1,286,0
Edufrod,,0,7.1,1,288,1
Cerdas,,0,9,1,291,0
Junalla,,0,9.08,1,294,0
Khalesh,,0,10.31,1,295,1
Baba,,0,10.64,1,301,1
Evothuz,,0,9.75,1,306,1
Cuce,,0,8.09,1,307,0
Ofrot,,0,9.85,1,307,2
Sushi,,0,8.75,1,317,0
Dirded,,0,9.38,1,317,0
Yiyun,,0,9.92,1,318,0
Defreni,,0,9.42,1,318,0
Sida,,0,9.69,1,321,0
Milan,,0,7.92,1,321,0
Osham,,0,8.5,1,326,0
Thomas,,0,8.36,1,329,0
Ogretus,,0,8.7,1,335,0
Gole,,0,9.58,1,338,0
Landon,,0,8.08,1,339,0
Jabace,,0,10.31,1,340,0
Kurtus,,0,5.8,1,340,0
Kurosawa,,0,8.83,1,351,0
Baba,,0,11.17,1,353,0
Ikuza,,0,8.85,1,363,1
Qranze,,0,6.73,1,385,0
Ylow,,0,10.17,1,386,0
Thunder,,0,16.85,1,390,0
Duge,,0,9.58,1,393,0
Karaa,,0,10.83,1,408,0
Muzyka,,0,8.85,1,421,0
Larde,,0,9.62,1,426,0
Nanuzcov,,0,19.69,1,455,0
Zorug,,0,8.6,1,470,0
Lunadoll,,0,9,1,476,0
Zirte,,0,8,1,486,0
Inaz,,0,9,1,503,7
Ogek,,0,8.3,1,514,0
Jage,,0,7,1,594,1
