Chinafff,"War Hero",2039,1339409,0
Chinadoll,,1951,1329423,1
Xagan,"War Hero",1949,1329419,0
Koreahappy,,2043,1329407,2
Rsxw,,1914,1319490,1
Kungpaogao,,1933,1319437,0
Koryalacha,,2007,1319431,5
Greatgame,,1904,1319416,4
Koreatiger,,2001,1319412,0
Rudyx,Centurion,1961,1309483,2
Heeya,,1976,1289426,1
Three,,1938,1289403,0
Ovob,,1902,1289402,2
Brujita,,1985,1279503,1
Kormisskim,,1851,1279476,3
Baibai,,1968,1279407,4
Rusyulat,,1845,1259455,0
Korani,,1765,1229423,6
Korlulu,,1599,1229400,7
Korsoso,,1236,1219437,5
Kormansaok,,1628,1219424,4
Sauzer,,1991,1209617,2
Noob,,1588,1209551,6
Lina,,1675,1209517,5
Letha,,1803,1209471,6
Icedin,,1658,1209434,7
Mogull,,1794,1199563,0
Kyira,,1811,1199503,4
Limai,,1778,1199427,2
Hhhkkk,,1440,1189559,3
Amemus,,1825,1189480,0
Pourquoipa,Centurion,1834,1189468,0
Auriel,,1640,1189450,4
Jessica,,1429,1179470,3
Ethene,,1618,1179430,3
Viji,,1634,1169736,2
Kordiablo,Challenger,1550,1169477,5
Rasta,,1787,1169476,3
Wispy,,1906,1169409,0
Skyla,,1847,1159631,4
Love,,1612,1159555,3
Korjune,,1912,1159512,2
Despacito,,1631,1159502,3
Erimizaimi,,1116,1159496,3
Montresor,,1176,1159462,3
Tura,,1570,1159420,6
Lotion,,1441,1149470,1
Mistermagi,,1149,1149429,9
Kethat,,693,1139537,2
Atheri,,1214,1139478,8
Artas,,1609,1139422,1
Jokrid,,1446,1139413,7
Rorda,,1250,1139410,6
Iktholv,,1311,1139406,6
Etoz,,1431,1129555,0
Avallach,,1194,1129546,1
Annus,,1015,1129457,7
Sorge,,1344,1129453,2
Mahara,,1362,1129438,3
Vica,,1390,1119464,1
Forza,,1132,1119461,2
Rugrom,,1376,1119435,0
Kortotoro,,1317,1119427,9
Rani,,1179,1109576,8
Divinely,,693,1109524,7
Kormystguy,,1216,1109473,4
Ladydee,,1190,1109435,5
Anet,,1258,1109430,15
Yoko,,1112,1109425,9
Atom,,567,1109405,3
Boss,Challenger,942,1109402,2
Migra,,1160,1099674,0
Levistus,,1493,1099554,11
Karamba,,1216,1099448,6
Whyme,,1301,1089611,3
Norza,,1012,1089579,7
Efresa,,1044,1089547,9
Magadar,Challenger,1260,1089533,1
Cchina,,965,1089491,3
Yujawang,,1020,1089480,8
Infi,,1217,1089457,4
Berdy,Challenger,1253,1089449,6
Croon,,810,1089422,13
Zeus,,1493,1079514,3
Basnyde,,1288,1079464,14
Ican,,1147,1079457,11
Crkhere,,1103,1079425,0
Ruairidh,,1363,1079414,9
Zixzixzix,,1190,1079408,3
Joni,,923,1079407,4
Koks,,1335,1069504,0
Sina,,1301,1069494,2
Weras,,878,1069438,1
Felly,,1131,1069422,4
Monami,,872,1069413,3
Chinajx,,1214,1059681,4
Craftlover,,476,1059580,1
Prasoarc,,921,1059578,4
Sideact,,1121,1059540,5
Mitoss,,661,1059512,17
Alora,,1377,1059478,5
Xira,Challenger,1095,1059455,2
Maya,,1272,1059447,10
Redred,,562,1059431,3
Purvyojna,,1486,1049573,6
Jacham,,1284,1049499,4
Qgold,,1075,1039605,5
Kaled,,1078,1039551,3
Kamapp,,1379,1039538,2
Khaolos,,1048,1039529,6
Bidi,,819,1039523,1
Caramellle,,1179,1039472,2
Niva,,857,1039467,1
Narmaganbb,,847,1039421,2
Deloz,,886,1039414,9
Imagen,,1031,1039414,3
Hisa,,1031,1039410,4
Fenrir,,593,1039409,2
Jiron,,666,1029576,8
Unexpecto,,1063,1029570,5
Korsong,,1009,1029550,2
Juzig,,983,1029540,9
Acierz,,989,1029529,3
Lanarhodes,,778,1029511,1
Joogun,,1261,1029502,4
Rohee,,927,1029494,11
Shakti,,1447,1029490,8
Jalol,,1152,1029469,3
Seeker,,1066,1029460,5
Kija,,667,1029439,3
Kaga,,903,1029429,6
Sacun,,576,1029413,11
Lire,,514,1029407,12
Korjoo,,1123,1029404,10
Benus,,688,1019552,10
Sikniukas,,865,1019548,8
Motin,,680,1019509,3
Dhshua,,682,1019499,2
Muldypoo,,487,1019476,1
Pennywize,,674,1019465,3
Evently,,547,1019437,6
Egul,,529,1019425,5
Aylin,,1085,1019422,9
Lion,,1031,1019419,5
Zavota,,644,1019416,3
Lodra,,674,1019405,9
Shewalk,,353,1009691,4
Vvvv,,873,1009660,2
Korpeter,,784,1009638,4
Korviolet,,1100,1009636,1
Kegi,,865,1009632,3
Zibik,,1045,1009630,1
Willow,,1027,1009630,0
Goldie,,1093,1009599,1
Koreasion,,569,1009597,3
Aloha,,787,1009588,5
Ehemez,Challenger,841,1009584,2
Sogra,,787,1009574,4
Kormagic,,1046,1009562,1
Tamamo,,941,1009560,3
Jose,,1069,1009547,2
Luxbrd,,1029,1009546,8
Screamer,,588,1009539,9
Sauzer,,737,1009537,4
Nova,,1356,1009532,2
Agrofron,,1363,1009524,3
Vathos,,570,1009515,3
Abaris,,1231,1009510,2
Aked,,976,1009510,3
Ahera,,967,1009499,5
Sokar,,559,1009491,7
Chinaxp,,992,1009491,6
Mystic,,1051,1009491,10
Herd,,740,1009490,5
Ihatek,,755,1009489,7
Nightcrest,,694,1009483,6
Jjjj,,980,1009480,9
Zazorki,,613,1009479,3
Sica,,787,1009478,6
Even,,958,1009475,11
Maris,,669,1009465,6
Thisisalt,,826,1009464,2
Roti,,1060,1009454,1
Ethedos,,430,1009449,8
Kallah,,1101,1009448,1
Jici,,898,1009448,8
Mudrusa,,849,1009447,7
Move,,1117,1009435,3
Darthspock,,1102,1009426,9
Moce,,1091,1009421,9
Otagil,,883,1009421,5
Anqnf,,659,1009420,6
Suvas,,791,1009414,7
Rutagan,,993,1009412,10
Curcol,,386,1009411,5
Asofri,,456,1009409,0
Goodman,,565,1009407,4
Avore,,970,1009404,5
Raistlin,,555,989524,0
Iveki,,872,989500,5
Ticas,,580,989496,2
Pistachio,,766,989467,7
Jobimokk,,670,989453,1
Jovace,,839,989450,2
Villed,,1046,989429,1
Kertorze,,768,989421,3
Cnnn,,872,989421,5
Merlin,,460,989419,5
Riha,,1085,989410,16
Sarang,,1232,979556,3
Clown,,784,979493,8
Sugoi,,747,979480,4
Idrushe,,462,979475,3
Arcina,,492,979445,1
Elsaki,,566,979437,1
Love,,511,979427,0
Hiris,,527,979420,4
Simsim,,685,969582,4
Doug,,498,969494,2
Bargog,,805,969492,11
Ketetha,,823,969480,7
Avrile,,946,969476,0
Kuwait,,566,969455,1
Ithat,,428,969451,6
Zannah,,432,969419,4
Hashube,,560,969415,2
Bracadeos,,434,969410,4
Erum,,507,969407,5
Kasi,,633,969402,10
Kahleesi,,432,969400,3
Chaam,,1268,959731,3
Athena,,787,959727,2
Anal,,1082,959658,1
Kubeka,,451,959595,3
Lionheart,,814,959567,1
Bronwynn,,749,959534,0
Pinkruby,,926,959515,7
Godric,,510,959512,6
Bise,,761,959508,3
Ebovra,,520,959492,2
Jilly,,766,959488,8
Othoz,,886,959453,11
Hacheci,,558,959447,4
Rila,,746,959442,10
Xeethra,,439,959439,1
Tova,,575,959434,3
Petite,,1043,959430,7
Mache,,369,949487,4
Chaplin,,975,949463,2
Deja,,1153,949458,3
Bookbabe,Centurion,463,949449,6
Demoni,,606,949438,8
Elyana,,563,949417,0
Raze,,679,949406,11
Iluk,,1138,949400,2
Narff,,661,939677,3
Othim,,422,939538,2
Adelka,,466,939537,2
Jojo,,382,939483,2
Kokrhel,,845,939452,1
Vodit,,309,939450,5
Thorson,,447,939405,5
Azibed,,602,939400,1
Lajid,,891,929664,3
Arienne,,1053,929655,0
Xholod,,1089,929598,1
Iblesina,,804,929590,0
Atocha,,582,929578,8
Shuri,,431,929572,0
Jinz,,735,929565,3
Hoka,,512,929471,6
Raced,,556,929442,1
Lanimagaru,,883,929437,7
Rasaja,,556,929431,8
Gethisi,,421,929421,8
Alnitak,,637,929416,1
Chepala,,340,929414,5
Skyarmy,,709,929411,10
Leader,,730,929410,4
Sacrifice,,700,929409,1
Cifrak,,528,929406,12
Mordison,,867,929400,13
Lilith,,778,919529,4
Akun,,614,919509,4
Zerocool,,750,919506,2
Rehadi,,793,919494,3
Moldrek,,408,919482,7
Ethul,,423,919468,6
Monos,,880,919468,6
Asianjim,,961,919464,4
Jasiu,,443,919446,10
Ikam,,496,919441,3
Hellmaster,,617,919428,11
Oshuz,,425,919424,3
Mastermage,Challenger,374,919423,2
Voca,,451,919422,5
Arcelum,,423,919407,8
Hirki,,598,919407,0
Chamooee,,621,919405,5
Nobu,,730,919401,8
Shinigami,,836,909717,1
Ardot,,810,909689,6
Kade,,868,909626,0
Aoligei,,860,909612,4
Veina,,278,909582,2
Ruka,,592,909567,3
Lulu,,422,909542,7
Alel,,793,909535,6
Doomsday,,648,909511,2
Yennifer,,325,909509,13
Runsk,,1022,909500,4
Ilive,,399,909477,1
Drozik,,631,909469,5
Stpnkkk,,616,909458,11
Fireballz,,489,909435,2
Suthi,,344,909417,1
Mephis,,323,909412,11
Zari,,351,909409,3
Mianmian,,583,909406,5
Brazilonly,,644,909404,3
Athota,,671,899544,4
Titties,,677,899524,1
Blastor,,324,899523,0
Aguve,,330,899492,1
Inek,,343,899462,7
Jioba,,777,899461,13
Vorci,,627,899457,2
Moooooo,,678,899440,4
Teseze,,305,899431,0
Ataje,,869,889623,2
Jjjohnson,,535,889593,4
Showsanb,,511,889585,9
Nechole,,724,889562,2
Goldilocks,,951,889533,3
Tempo,,821,889527,6
Azarti,,503,889515,4
Oshika,,355,889503,1
Wintersor,,520,889497,0
Odinna,,655,889495,4
Davil,,455,889487,3
Nijida,,475,889482,2
Gashi,,996,889471,2
Reiko,,396,889457,4
Ovethi,,367,889455,0
Maldae,,383,889438,7
Vldmrtv,,573,889428,1
Diablo,,384,889421,4
Farsavirus,,366,889418,2
Rokil,,468,889417,8
Sidul,,354,889413,1
Spellgirl,,273,889406,3
Reglor,,669,889403,1
Tequila,,254,879546,4
Nurdus,,572,879546,1
Oled,,343,879542,3
Event,,252,879522,5
Lohse,,464,879517,3
Mightyhol,,513,879505,15
Edofras,,577,879495,2
Jenara,,450,879491,3
Azri,,453,879484,7
Archangle,,325,879480,6
Magisteve,,491,879473,2
Rady,,344,879468,4
Masya,,309,879465,6
Aleya,,357,879460,3
Carrio,,701,879458,8
This,,805,879451,8
Hocarce,,343,879447,1
Hell,,260,879440,1
Kaylo,,591,879438,4
Nircas,,320,879436,2
Zazziza,,643,879429,0
Oshinre,,807,879423,7
Nodni,Challenger,400,879416,13
Cevapcic,,563,879410,3
Berza,,272,879406,0
Flowerline,,653,879403,5
Millie,,289,869610,6
Hircashi,,845,869586,2
Toni,,289,869544,1
Rubin,,794,869515,1
Polytheus,,664,869513,6
Ardbeg,,527,869512,7
Irdas,,624,869509,8
Eludra,,643,869500,6
Rudi,,634,869498,1
Vumesha,,300,869466,5
Sibud,,326,869460,0
Myalgia,,344,869458,0
Ennubeg,,344,869434,2
Ercuk,,472,869425,1
Trytonxd,,438,869414,1
Vola,,647,869408,16
Noelia,,877,869405,3
Megri,,369,869400,9
Magenta,,1044,859768,0
Ditube,,837,859745,0
Evillady,,576,859676,2
Gandalf,,758,859617,3
Honkytonk,,481,859600,5
Svalbard,,588,859583,1
Judrus,,279,859580,7
Chinacua,,846,859577,6
Mylady,,424,859565,4
Lulu,,377,859560,0
Cuje,,472,859556,1
Celina,,771,859554,1
Mimi,,580,859548,5
Lime,,284,859545,0
Alucard,,476,859542,3
Sucene,,529,859533,5
Zotha,,321,859525,13
Gmagician,,288,859509,1
Agag,,292,859507,6
Morca,,601,859495,1
Boobie,,263,859482,9
Samuel,,538,859453,5
Fashi,,301,859446,2
Mctemp,,286,859445,2
Jack,,643,859437,2
Lightning,,408,859435,6
Azrael,,492,859430,21
Vashblam,,662,859409,1
Kuzmodan,,294,849669,6
Ovrus,,839,849610,1
Maxilein,,320,849533,4
Debed,,339,849531,0
Hunres,,253,849519,0
Zobek,,251,849507,6
Logi,,824,849457,2
Dashenne,,306,849431,17
Anya,,299,849428,3
Rinibi,,414,849415,2
Vega,,321,849408,9
Gerda,,314,849404,5
Vesper,,216,839625,2
Starissia,,269,839578,0
Kuha,,406,839575,0
Nobrand,,353,839574,4
Edonrel,,247,839503,0
Lorot,,309,839502,4
Bara,,481,839498,1
Tintin,,326,839492,3
Cebe,,638,839484,7
Girlie,,382,839476,5
Dangalf,,436,839475,1
Torelsund,,250,839474,1
Rushurzi,,271,839473,1
Seze,,368,839470,4
Rinri,,445,839464,1
Nice,,362,839456,0
Terza,,293,839448,3
Ecivag,,508,839446,1
Eshadag,,482,839443,4
Vellafri,,543,839438,2
Jozirta,,317,839417,13
Ludruza,,441,839416,2
Ecut,,440,839408,2
Rovre,,516,839404,2
Tetha,,471,839404,0
Dharmalkk,,612,839403,6
Vatuza,,459,829656,2
Flavioluiz,,386,829527,3
Zzzzzzzz,,334,829515,0
Winnie,,493,829513,2
Mist,,272,829501,14
Tami,,517,829497,6
Arnoseven,,332,829497,0
Vesheta,,253,829496,12
Jobus,,307,829489,1
Steck,,389,829475,7
Orcibi,,577,829473,2
Voremy,,780,829470,5
Nuzun,,679,829467,6
Joha,,294,829457,1
Etabrid,,297,829453,1
Dziaba,,292,829452,2
Kebis,,286,829448,0
Genrim,,368,829448,9
Kachini,,254,829446,1
Denrebi,,442,829445,0
Benjammin,,466,829444,0
Kentaurus,,231,829443,3
Remufra,,483,829440,2
Kalle,,259,829440,3
Imim,,312,829439,3
Katrina,,418,829434,6
Artemida,,266,829427,5
Walnut,,413,829415,6
Rubre,,654,829411,2
Bisi,,253,829410,5
Lirug,,519,829410,1
Onegred,,317,819582,5
Arithan,,306,819567,3
Titi,,405,819554,0
Gethom,,240,819546,3
Inbonha,,650,819542,6
Adnazod,,524,819536,7
Angel,,432,819530,5
Batera,,349,819525,1
Nara,,520,819508,3
Psykiller,,234,819490,7
Mize,,418,819487,2
Enifer,,213,819483,4
Terlees,,394,819483,17
Surprise,,243,819470,3
Reva,,371,819470,6
Hermes,,305,819461,3
Instathot,,388,819453,7
Genifi,,353,819448,6
Otimi,,286,819445,5
Panama,,319,819443,0
Sever,,369,819442,8
Demagog,,275,819435,6
Fungus,,469,819431,3
Shargth,,273,819413,5
Awes,,727,809776,0
Orcut,,452,809774,2
Jamdxyz,,951,809754,4
Pooperific,,479,809728,2
Chance,,820,809725,4
Inal,,433,809710,7
Erason,,613,809672,2
Jellica,,972,809663,4
Sage,,433,809662,2
Geluz,,462,809652,5
Circe,,666,809635,7
Sucug,,538,809630,0
Taran,,408,809623,3
Orebras,,556,809612,1
Ahes,,270,809608,0
Goose,,731,809604,1
Bumili,,644,809601,0
Jorgul,,633,809589,4
Teshi,,247,809576,1
Mehyr,,592,809550,1
Lala,,283,809546,0
Kaktus,,223,809545,0
Scorpionx,,314,809544,0
Zarzechi,,230,809540,3
Chinahehe,,555,809539,15
Magius,,312,809533,4
Vothus,,242,809533,1
Evrala,,274,809533,2
Simsn,,506,809530,5
Ozuk,,300,809530,14
Merlin,,427,809530,0
Maven,,265,809529,1
Eletra,,316,809502,3
Raskor,,313,809497,3
Phsuzy,,369,809496,6
Ardere,,410,809491,3
Bronze,,382,809486,5
Hebet,,240,809481,5
Porc,,315,809481,0
Mari,,345,809478,11
Neki,,347,809471,11
Yugo,,247,809470,1
Kithas,,382,809468,2
Joka,,371,809463,5
Desha,,449,809444,1
Jojhm,,624,809441,10
Ilishud,,258,809431,1
Orivrok,,301,809429,7
Kushenne,,506,809420,7
Nico,,337,809419,2
Donalda,,391,809417,7
Rusa,,197,809408,7
Ricin,,345,809408,21
Megapihar,,383,809404,6
Lina,,206,799553,5
Viki,,377,799479,8
Inranne,,317,799467,2
Avezek,,267,799454,1
Arkurdik,,259,799442,4
Verga,,277,799405,1
Krakatau,,755,789646,1
Boyka,,228,789590,11
Natarga,,798,789560,1
Hightaaag,,401,789544,3
Maklampir,,469,789495,6
Akosog,,224,789479,1
Ashenre,,239,789478,3
Soso,,364,789476,9
Rushag,,279,789476,0
Eventox,,298,789474,5
Katara,,458,789464,1
Niksa,,236,789463,13
Exper,,543,789442,3
Vevi,,275,789440,3
Bugogi,,513,789432,0
Majk,,602,789426,7
Ithurce,,356,789421,2
Heti,,279,789421,2
Rutheti,,525,789417,4
Soyuz,,612,789417,5
Yoru,,415,789408,2
Lorenzo,,468,789404,2
Lilium,,218,789401,5
Gorrion,,211,779519,9
Vinun,,333,779517,1
Alashi,,475,779492,1
Silvestre,,223,779476,0
Vicky,,365,779444,1
Mini,,384,779429,0
Meisha,,508,779416,9
Tsaphena,,286,769508,3
Okon,,429,769508,1
Zahard,,628,769496,2
Chupa,,804,769465,8
Mibim,,291,769454,3
Laffcarlbl,,531,769446,7
Giraffe,,395,769436,3
Zagirzi,,396,769434,6
Thanos,,201,769429,13
Kibez,,237,769429,9
Durga,,424,769425,2
Craze,,539,769419,0
Glhf,,596,769416,2
Midas,,245,769410,3
Richienew,,887,759890,1
Doener,,231,759608,3
Idafre,,323,759598,4
Renwu,,296,759586,2
Flutterby,,374,759574,0
Arlon,,248,759561,2
Apocalypta,,394,759532,2
Etoy,,309,759530,1
Medivh,,392,759529,2
Hula,,206,759529,4
Xiao,,229,759511,1
Gege,,436,759510,3
Jirgohi,,405,759491,14
Orakos,,730,759487,2
Luck,,226,759482,5
Ergun,,193,759460,1
Tera,,231,759443,2
Andrek,,227,759416,0
Sigre,,236,759402,8
Vutheg,,252,749637,3
Xiera,,198,749593,3
Xhrhjcjjf,,257,749441,0
Sova,,253,749433,8
Luana,,497,749412,0
Ecenri,,306,739607,2
Eliturna,,308,739490,0
Eshen,,246,739483,1
Sumovri,,451,739438,3
Metala,,249,739431,8
Akani,,273,739421,1
Edrosha,,372,739418,5
Nibiru,,365,739409,2
Delligi,,187,729679,1
Joje,,286,729635,3
Cite,,380,729618,1
Nancy,,353,729580,2
Shablya,,670,729516,6
Moshi,,495,729502,5
Casi,,323,729486,0
Inathe,,216,729475,3
Angels,,429,729457,5
Sarissus,,512,729445,0
Kisimu,,258,729418,1
Zorian,,275,729418,0
Sinner,,409,729400,1
Hicks,,261,719612,1
Busot,,245,719605,1
Desi,,222,719553,3
Idennagy,,282,719547,8
Makrefre,,217,719540,10
Garkam,,220,719521,1
Adsr,,238,719495,2
Dugud,,397,719460,11
Efrudni,,227,719459,0
Erol,,573,719445,0
Wakanda,,285,719437,7
Eternium,,249,719412,5
Rinwin,,261,719404,9
Zzapp,,194,719400,3
Satha,,699,709806,0
Jamon,,228,709783,1
Birdclaw,,377,709725,0
Yantrix,,245,709715,0
Lerkug,,215,709676,1
Atheti,,258,709636,4
Chainlei,,253,709626,1
Tuseta,,225,709599,19
Ehale,,211,709599,3
Nagato,,484,709599,0
Nubun,,414,709567,0
Bojos,,409,709560,0
Anna,,197,709533,1
Conapara,,297,709525,2
Kaba,,253,709495,3
Lavri,,453,709448,1
Gandalf,,243,699677,4
Ifrivot,,299,699579,1
Osit,,219,699524,4
Moony,,148,699512,5
Hattsu,,169,699507,7
Ahinui,,194,699458,2
Zizot,,146,699454,4
Anila,,663,699435,1
Ishene,,260,689502,3
Testing,,184,689459,3
Azore,,285,689449,1
Azas,,263,689445,3
Hedave,,161,689442,2
Shamera,,502,689438,4
Champik,,320,689427,0
Cochicka,,609,689415,8
Vuze,,180,689413,5
Minalde,,199,689400,1
Duggada,,270,689400,3
Barnone,,216,679632,3
Luna,,306,679629,2
Irten,,278,679621,4
Acab,,325,679605,0
Joker,,163,679580,3
Iroc,,213,679579,1
Etohe,,189,679560,2
Joker,,167,679544,0
Toze,,317,679503,9
Nova,,338,679501,4
Aduan,,311,679495,10
Ridna,,204,679489,1
Nusha,,169,679470,4
Bigri,,223,679453,2
Koce,,340,679443,0
Tonni,,344,679435,7
Tusobri,,219,679426,3
Edrun,,334,679424,12
Shalom,,197,679423,1
Erzukol,,195,679414,1
Aaron,,337,669615,0
Esove,,472,669612,8
Izel,,188,669598,1
Odofroz,,182,669579,8
Amane,,255,669555,6
Rodtherock,,210,669553,2
Athekra,,214,669524,5
Lodi,,319,669523,4
Eileen,,395,669518,4
Lusashe,,274,669482,12
Codova,,192,669462,3
Alanna,,196,669420,3
Neme,,275,669415,4
Ejot,,539,669413,5
Aarivasari,,497,659777,0
Bruce,,440,659748,1
Scroat,,238,659744,1
Sara,,136,659727,0
Hambone,,532,659725,3
Phoebe,,310,659700,0
Diva,,423,659684,4
Nogems,,448,659653,0
Jovra,,217,659629,7
Star,,256,659597,0
Juhetha,,187,659591,3
Anomander,,292,659589,2
Spellclown,,157,659582,2
Vithusa,,435,659575,1
Nasusha,,283,659566,9
Domo,,181,659535,1
Kadika,,286,659525,1
Ligalaiz,,215,659523,5
Mike,,157,659523,5
Lorie,,233,659513,5
Oliy,,169,659511,0
Zero,,261,659511,3
Arzirgal,,184,659509,10
Iken,,195,659503,2
Jebi,,254,659503,3
Azelat,,224,659495,1
Ezurge,,248,659485,7
Tucoz,,174,659471,6
Verzot,,228,659470,11
Velethi,,199,659455,2
Blob,,288,659454,11
Hator,,172,659447,8
Gavinna,,183,659445,7
Mara,,358,659422,7
Didi,,171,649603,4
Vorda,,271,649578,4
Furie,,203,649507,16
Juhua,,226,649478,2
Birug,,187,649439,4
Gachis,,208,649433,8
Tuce,,201,649429,7
Cari,,138,639626,0
Iguna,,190,639623,4
Olanna,,218,639617,2
Ocoven,,120,639610,0
Zathe,,236,639601,1
Hocog,,175,639583,0
Herde,,253,639572,1
Gicaki,,561,639555,1
Letteget,,131,639555,1
Atik,,137,639547,0
Teller,,162,639515,0
Olin,,309,639508,1
Santa,,330,639484,1
Ergula,,247,639482,1
Eshoja,,261,639478,1
Tina,,243,639459,3
Prospero,,334,639447,2
Crazybot,,186,639446,1
Zuhi,,186,639444,2
Tronevent,,196,639442,7
Zosia,,399,639441,5
Lucilla,,287,639441,4
Grunkzilla,,194,639439,0
Tyty,,166,639425,13
Mekisa,,210,639406,3
Aleca,,228,629594,1
Lagi,,241,629593,6
Avinni,,175,629591,10
Hushak,,281,629546,3
Emoti,,180,629543,5
Kigodi,,157,629537,2
Kennim,,157,629533,0
Horvath,,202,629504,11
Irumed,,463,629496,0
Orohe,,202,629469,1
Jogi,,301,629441,3
Jaserza,,260,629433,6
Tyro,,237,629416,1
Cakeg,,214,629404,4
Bethuca,,344,629403,1
Illil,,172,619738,0
Kodra,,151,619697,0
Ehothis,,188,619696,9
Canid,,217,619642,1
Yezhi,,228,619608,5
Zjks,,128,619589,2
Jakruja,,291,619576,1
Mana,,257,619566,11
Hini,,272,619545,12
Hermione,,235,619537,7
Arsole,,274,619525,10
Tothes,,483,619511,1
Arzeca,,212,619496,14
Mellag,,174,619457,7
Nodnomi,,149,619454,18
Docha,,169,619450,2
Orzahe,,371,619433,0
Ultimus,,189,619433,1
Ajus,,199,619415,6
Loca,,331,619409,17
Zeji,,106,609812,0
Toperit,,218,609733,4
Doubledee,,167,609721,2
Tirgadne,,151,609716,0
Crystal,,315,609699,0
Jethiz,,207,609696,1
Bloodcloth,,347,609687,1
Isos,,266,609661,2
Aluza,,220,609626,1
Ihus,,125,609622,1
Lucid,,126,609612,3
Ithugit,,236,609612,0
Monuk,,204,609581,1
Deill,,159,609573,7
Rhydogg,,213,609572,0
Biggiesmal,,164,609543,3
Isum,,142,609538,5
Dirtyfour,,236,609536,3
Revan,,309,609505,5
Mishag,,163,609502,2
Hokrak,,147,609490,4
Maje,,163,609476,15
Tilavi,,348,609470,7
Ejus,,246,609462,0
Rallidne,,246,609459,0
Adnenam,,173,609447,5
Redet,,354,609439,1
Ashedaz,,182,609435,2
Xena,,202,609427,3
Deborah,,238,609416,2
Ciriz,,434,609409,13
Iborg,,244,599716,1
Othorog,,310,599712,2
Bluent,,184,599704,9
Demonia,,248,599689,11
Rade,,208,599579,0
What,,258,599576,22
Shade,,201,599573,7
Zeri,,105,599533,8
Kathryn,,135,599486,2
Jedas,,455,599482,11
Dubrine,,126,599465,9
Omire,,332,599463,2
Kadita,,166,599457,8
Mizam,,142,599446,0
Kripton,,218,599434,1
Asili,,279,599416,4
Binom,,137,599406,2
Shottmp,,311,589674,1
Mara,,114,589638,7
Tethi,,194,589611,5
Idneci,,186,589596,0
Ovimus,,156,589574,2
Buzzancs,,217,589546,0
Denra,,205,589542,1
Nicklaudss,,271,589541,1
Pokus,,189,589537,1
Otisha,,153,589524,8
Teshunni,,381,589520,3
Sazasi,,116,589500,1
Ovras,,175,589500,4
Eventja,,160,589496,0
Alete,,175,589492,1
Sydlynn,,171,589484,0
Hidral,,166,589478,2
Ranra,,256,589469,0
Edoni,,175,589465,2
Vijekre,,202,589461,2
Dizare,,340,589453,9
Ennit,,143,589449,11
Jofrok,,288,589442,2
Sike,,313,589426,1
Spirit,,158,589405,1
Amet,,204,579695,0
Doro,,191,579672,1
Safiye,,186,579669,0
Tube,,229,579639,3
Basugi,,228,579615,2
Agel,,194,579595,1
Mealek,,326,579582,8
Idika,,213,579541,1
Luse,,172,579530,5
Gava,,144,579490,6
Obin,,146,579488,0
Ikoz,,134,579425,0
Arwen,,196,579401,1
Narskis,,173,569711,0
Mogut,,108,569707,0
Green,,177,569696,1
Aris,,253,569609,1
Amat,,161,569579,2
Alexandra,,133,569575,4
Keshadne,,177,569560,6
Garnoff,,143,569555,1
Event,,298,569553,0
Nove,,149,569521,3
Hodrus,,157,569445,5
Ikeagirl,,259,569436,2
Ssoon,,340,569436,10
Ivez,,204,569426,5
Kensei,,248,569416,7
Korsusu,,225,559722,3
Vizolle,,240,559707,0
Ofreziz,,300,559692,9
Anqnf,,241,559670,2
Arzek,,75,559644,1
Khan,,347,559642,0
Lena,,203,559627,10
Mexa,,152,559620,1
Flashup,,312,559618,1
Blackheart,,278,559613,0
Levdevil,,158,559606,5
Plucky,,234,559581,15
Helena,,210,559563,1
Zenon,,122,559562,3
Iiiii,,219,559540,13
Difre,,202,559527,5
Encloudw,,334,559518,0
Niknak,,415,559516,1
Gandalf,,104,559515,7
Rere,,163,559506,1
Ochashi,,261,559503,0
Ange,,190,559481,3
Ivravan,,142,559472,0
Tharnax,,203,559469,8
Shyra,,150,559468,4
Dogsoldier,,142,559463,4
Slimp,,204,559457,0
Fear,,174,559455,0
Guts,,182,559449,2
Vomon,,155,559426,1
Athit,,131,549666,1
Tangseng,,314,549650,8
Cusholli,,189,549588,5
Amps,,166,549583,5
Bubble,,123,549559,4
Luran,,129,549525,3
Haguz,,145,549522,7
Buka,,283,549515,4
Nirah,,146,549459,14
Ilavoz,,196,549452,1
Bathis,,285,549449,0
Anon,,297,549434,16
Kota,,223,549419,3
Eric,,367,539669,6
Gubrak,,171,539634,1
Esokrel,,99,539630,4
Anrerce,,225,539599,1
Seagalmage,,352,539569,4
Vodat,,101,539563,2
Darkjay,,152,539512,1
Jeema,,135,539505,2
Ghostrider,,229,539502,2
Vuhi,,157,539493,0
Rose,,166,539486,3
Ednoge,,119,539482,0
Iona,,144,539478,5
Ladjette,,160,539476,4
Mogunya,,283,539472,3
Ozibra,,169,539455,2
Licim,,106,539451,3
Maharba,,122,539447,4
Dogtam,,176,539444,1
Ezclad,,146,539436,1
Elake,,168,539433,1
Galadriel,,119,539427,3
Atex,,254,539427,11
Tiji,,132,539411,1
Nemim,,277,539408,5
Ocari,,141,539408,3
Nora,,190,539407,0
Realquick,,206,539405,0
Dohi,,111,529684,0
Vertokre,,145,529649,3
Alimem,,352,529648,6
Vete,,217,529623,5
Adnetha,,141,529614,0
Mglv,,134,529584,5
Luridi,,174,529580,3
Inule,,135,529571,0
Arei,,119,529564,0
Cimidre,,100,529520,4
Loda,,213,529508,4
Mumu,,109,529490,2
Arzibre,,314,529486,3
Bokam,,148,529480,2
Lina,,138,529451,6
Sothi,,187,529406,4
Ihuned,,122,529400,4
Hulkshock,,152,519737,3
Ocol,,211,519665,6
Sploop,,184,519643,6
Zertisi,,154,519634,0
Dusis,,114,519612,1
Irgollon,,219,519586,5
Polgara,,182,519581,6
Esil,,168,519561,0
Mini,,171,519558,5
Leon,,147,519558,7
Manain,,205,519556,4
Coraz,,345,519535,1
Miwa,,106,519521,0
Homel,,114,519518,2
Evelyn,,168,519514,6
Berte,,183,519514,3
Ohaki,,106,519509,2
Omes,,154,519505,2
Time,,141,519475,2
Ikuzek,,171,519475,1
Rversong,,170,519470,3
Ragnar,,204,519468,0
Hitzkopf,,114,519421,1
Nashosha,,396,509826,0
Aradik,,92,509798,2
Jevri,,232,509775,0
Orgot,,196,509774,3
Kani,,196,509774,0
Tayce,,268,509767,2
Polkira,,113,509760,7
Adorca,,178,509758,4
Brazen,,279,509755,3
Coki,,124,509753,0
Ebromis,,146,509749,5
Obranne,,370,509743,0
Efrenaz,,137,509737,1
Lednid,,187,509720,2
Ircudnig,,96,509715,2
Abobril,,136,509714,2
Tonrithe,,190,509700,3
Elidra,,129,509687,1
Isel,,101,509686,3
Kaza,,142,509674,1
Valentin,,151,509653,5
Eshug,,66,509641,8
Lonrara,,145,509638,4
Omila,,124,509635,0
Ehon,,165,509633,0
Sekra,,167,509631,2
Cyrus,,142,509628,0
Ezibri,,167,509624,1
Nagami,,110,509620,0
Betha,,88,509619,0
Orturzid,,323,509616,1
Azusik,,168,509614,8
Bigri,,119,509614,3
Kishe,,129,509613,0
Tides,,121,509609,1
Kubrosak,,85,509608,1
Zarase,,159,509604,4
Merlin,,106,509597,6
Pretty,,108,509595,3
Bebebeka,,205,509595,0
Orcak,,169,509595,0
Hese,,71,509593,0
Isis,,145,509592,0
Gira,,126,509590,0
Etelli,,131,509587,3
Xiomara,,161,509585,0
Kalem,,113,509585,1
Sweetdream,,97,509583,6
Kovala,,192,509581,4
Tanri,,207,509580,5
Ovovo,,98,509577,1
Eddie,,108,509577,7
Zusog,,108,509576,3
Icaba,,163,509570,0
Sakaz,,105,509569,1
Tora,,109,509548,0
Sandra,,158,509533,4
Ichet,,108,509532,8
Loki,,188,509530,2
Firefly,,143,509529,6
Oshujut,,281,509514,0
Cejothe,,158,509505,4
Igor,,90,509504,3
Nmsl,,229,509504,3
Death,,174,509503,4
Iven,,166,509502,0
Jege,,74,509501,0
Orzartos,,116,509498,6
Volandemor,,142,509491,7
Anrot,,115,509491,6
Shin,,128,509489,3
Sandin,,262,509477,0
Minskip,,189,509475,0
Sedni,,96,509471,2
Egdd,,110,509470,2
Dicrocelio,,130,509467,5
Devil,,329,509452,0
Juhaki,,148,509450,0
Gekuz,,117,509442,0
Etilot,,165,509439,0
Tarde,,138,509438,20
Farmilla,,238,509428,5
Narod,,104,509420,0
Idnot,,171,509403,3
Sony,,59,499790,2
Odrehus,,132,499619,2
Miftaos,,126,499596,7
Yujoo,,93,499563,0
Alsas,,123,499554,2
Nizum,,146,499520,3
Echojat,,147,499517,3
Ibut,,157,499505,1
Arlo,,88,499501,3
Isiraz,,130,499479,3
Nina,,213,499472,5
Yennifer,,144,499470,3
Othafrus,,221,499461,0
Bejun,,133,499403,5
Higut,,75,489686,3
Dreamer,,133,489685,2
Izati,,118,489664,0
Charlotte,,102,489622,1
Nancy,,63,489615,0
Fucaak,,104,489600,0
Ananra,,58,489595,1
Efrad,,187,489576,3
Surkirgi,,131,489547,0
Ping,,74,489542,4
Erel,,150,489490,2
Dofrek,,135,489487,2
Moinmoin,,159,489477,0
Obrathe,,224,489462,2
Varza,,93,489456,5
Kissmi,,103,489455,5
Joni,,109,489453,4
Evus,,319,489450,0
Etahi,,198,489450,6
Magiscur,,204,489442,2
Azashe,,271,489430,1
Arted,,68,489422,3
Labit,,105,489420,3
Angelina,,175,489417,2
Tota,,150,489414,1
Lalunga,,94,489414,1
Jured,,179,489413,5
Mell,,114,489408,4
Ruthod,,120,489403,2
Zorda,,244,479724,0
Tuthe,,90,479682,0
Tibi,,79,479666,1
Merca,,188,479608,0
Korhgstr,,328,479608,10
Event,,133,479587,3
Omini,,152,479579,6
Elriola,,157,479578,0
Aban,,127,479569,3
Wizard,,154,479564,7
Reze,,111,479563,2
Element,,151,479560,2
Mocuz,,239,479555,0
Ccpvirus,,423,479530,2
Orsenna,,114,479526,0
Prom,,153,479522,3
Yumsum,,234,479522,5
Mosa,,182,479503,3
Ogran,,227,479493,0
Atheta,,88,479491,1
Vice,,132,479486,0
Lament,,127,479479,3
Vedni,,214,479473,0
Kenji,,143,479468,5
Jibrol,,93,479451,0
Skywalker,,169,479447,2
Stormi,,154,479437,2
Crisu,,93,479435,0
Lave,,60,469673,4
Liluz,,86,469668,3
Lalike,,72,469650,5
Agruti,,143,469625,0
Happy,,75,469625,0
Ibere,,149,469623,1
Oturkom,,152,469623,6
Weak,,116,469603,3
Wlayp,,148,469594,2
Willow,,167,469540,2
Sirki,,261,469522,11
Atid,,118,469520,2
Silut,,136,469499,2
Simod,,158,469496,4
Vidis,,108,469494,4
Machatte,,186,469492,19
Gushemi,,113,469491,2
Adnaha,,94,469488,5
Magukra,,148,469484,1
Abbie,,232,469478,3
Sagul,,128,469475,3
Muncifique,,119,469456,4
Tramp,,100,469450,10
Erdel,,133,469450,0
Izirdid,,160,469441,7
Ahevon,,154,469430,1
Surosha,,161,459826,0
Aloof,,47,459799,0
Kahir,,239,459782,0
Juca,,72,459740,0
Ashlyn,,173,459730,0
Merlin,,161,459718,0
Liji,,65,459709,0
Jucha,,139,459700,0
Elyssia,,138,459670,0
Celeste,,94,459668,0
Haha,,226,459663,1
Mage,,116,459663,2
Ovin,,157,459662,2
Moolik,,115,459661,0
Ijijan,,98,459653,1
Minrik,,179,459649,0
Adronrig,,76,459640,1
Aradil,,194,459638,1
Slanzer,,134,459637,0
Jagal,,201,459626,0
Ohothi,,146,459622,0
Arzile,,143,459611,0
Lishil,,145,459608,0
Imece,,119,459608,3
Arkangel,,114,459606,3
Rone,,132,459576,1
Naomi,,134,459545,1
Neshal,,114,459532,9
Damaria,,134,459526,0
Magius,,137,459504,0
Mirtera,,56,459483,0
Mokoko,,173,459478,0
Obadshs,,148,459457,0
Zhangqi,,130,459436,3
Poof,,57,459436,2
Morak,,111,459433,0
Wtfwtf,,124,459415,2
Kudri,,319,449808,1
Gonube,,177,449726,4
Dari,,58,449710,2
Vicktang,,91,449686,1
Mags,,217,449629,3
Hame,,106,449629,0
Annon,,190,449608,1
Ecobik,,80,449585,4
Moke,,117,449569,0
Juicea,,39,449566,2
Daenerys,,76,449556,7
Igertog,,129,449552,4
Tesela,,96,449548,3
Sanshin,,123,449466,4
Ddzz,,147,449439,1
Zelionne,,104,449404,5
Ahale,,112,439714,0
Kousuke,,90,439688,3
Savom,,56,439652,0
Tesi,,159,439647,2
Sheha,,188,439620,0
Joshi,,85,439615,2
Nanoni,,168,439600,1
Nedeg,,110,439588,1
Prepuse,,241,439585,0
Cathigri,,74,439581,4
Adrunrol,,104,439570,3
Ecabre,,79,439562,3
Sparky,,122,439544,0
Inredak,,139,439524,1
Itheze,,82,439522,1
Kezi,,126,439515,1
Sati,,75,439512,0
Vince,,112,439499,6
Mfionia,,60,439464,1
Claudia,,196,439437,2
Kuvi,,200,439407,6
Seegurke,,181,429731,2
Drue,,56,429703,0
Pssdrl,,55,429690,0
Caty,,96,429671,2
Lilith,,207,429671,3
Beasty,,53,429663,0
Cota,,101,429642,3
Osivik,,87,429642,1
Mimek,,41,429638,3
Oneblood,,107,429617,0
Flatburro,,98,429612,1
Dalria,,160,429578,1
Buche,,82,429576,0
Bahahe,,299,429575,0
Ircerce,,70,429573,0
Gaca,,269,429561,0
Mujaden,,161,429549,0
Achomel,,119,429543,0
Hizun,,148,429505,2
Kumbang,,161,429486,2
Hascissors,,84,429485,1
Govruge,,109,429480,1
Mebruz,,126,429477,1
Rezo,,85,429427,1
Sobi,,155,429402,2
Natalia,,137,419641,1
Merime,,111,419640,2
Saklas,,66,419637,5
Obrika,,94,419622,2
Ortenud,,89,419616,0
Ellie,,68,419613,2
Amerykan,,89,419603,1
Lexilore,,122,419589,5
Orgoga,,190,419555,1
Elora,,150,419552,0
Tugraz,,76,419548,1
Momoca,,121,419541,4
Solar,,223,419519,3
Lela,,141,419517,5
Lube,,69,419514,7
Thenoobs,,87,419504,3
Jessica,,132,419487,1
Linmadam,,96,419464,1
Lice,,114,419463,12
Dajit,,149,419458,1
Angel,,97,409801,0
Ceci,,51,409798,0
Ovaje,,56,409771,4
Kraska,,78,409768,2
Disney,,96,409755,1
Quintana,,236,409742,0
Ozogi,,70,409742,2
Kimimaro,,160,409740,1
Mece,,42,409734,2
Vuriousaaa,,75,409714,0
Tithunra,,142,409710,1
Orot,,108,409706,1
Bean,,158,409703,0
Emosen,,84,409702,1
Jino,,31,409700,0
Xemnas,,86,409695,1
Ihale,,65,409682,0
Bentley,,117,409680,1
Nadnide,,110,409677,0
Namtja,,44,409652,2
Amundai,,44,409647,1
Brutal,,43,409634,0
Ranne,,131,409633,0
Tabula,,162,409630,1
Queenrona,,229,409619,6
Zaze,,96,409618,0
Meezly,,113,409614,1
Major,,52,409611,2
Rufus,,125,409607,0
Kevad,,83,409600,2
Gale,,57,409598,1
Osithon,,120,409596,0
Evrola,,68,409592,0
Liza,,168,409591,0
Rudi,,175,409589,0
Zwert,,214,409587,2
Kezi,,74,409578,2
Tuja,,50,409577,2
Kitty,,174,409564,0
Guja,,167,409562,0
Vunaha,,110,409560,2
Jile,,59,409556,0
Irekid,,102,409536,1
Nmsl,,29,409526,1
Gerti,,106,409499,1
Dave,,130,409495,0
Adrian,,94,409489,0
Rame,,82,409477,0
Ganel,,70,409474,0
Maghina,,69,409470,3
Murderer,,118,409467,1
Oboz,,84,409460,8
Krytyk,,192,409459,0
Ckdrd,,155,409438,0
Poesje,,48,409409,8
Vejig,,91,409401,0
Rillaz,,367,399759,0
Saber,,66,399739,1
Xargrr,,65,399734,1
Amarok,,75,399710,0
Vitam,,98,399704,0
Nydaeli,,118,399679,0
Jibral,,79,399676,2
Eminne,,86,399560,4
Tara,,77,399548,2
Anaci,,115,399535,5
Nadorza,,34,399528,2
Zuji,,86,399519,4
Hall,,111,399426,3
Senek,,131,399404,4
Elgillette,,71,389685,3
Diva,,58,389656,4
Amere,,36,389641,4
Cool,,165,389619,1
Lucifer,,75,389598,10
Emanne,,233,389595,2
Rimpl,,108,389580,0
Zathum,,55,389530,0
Bexx,,95,389511,3
Esat,,152,389482,3
Seut,,140,389473,1
Calebr,,131,389447,0
Zegashe,,142,389437,10
Danee,,87,389425,2
Tazad,,92,379746,0
Kelv,,59,379709,0
Tothik,,47,379699,0
Lorelei,,65,379636,1
Alex,,126,379602,0
Zabre,,69,379600,4
Ocagri,,28,379589,0
Chinedog,,111,379575,2
Mari,,117,379545,0
Seaharra,,120,379544,4
Bathuki,,37,379528,1
Rori,,131,379523,4
Tushira,,119,379515,0
Cisan,,124,379502,0
Shining,,91,379481,3
Yolz,,49,379475,1
Zeta,,111,379444,4
Athanud,,59,379410,6
Lusag,,90,369812,1
Rone,,209,369798,1
Durzak,,99,369788,1
Filipina,,90,369720,1
Ashom,,76,369719,1
Zesha,,55,369698,3
Hera,,82,369692,3
Lumavi,,162,369677,0
Ripley,,85,369636,2
Potcj,,145,369631,12
Jorola,,83,369630,2
Adrig,,84,369605,1
Dann,,78,369583,1
Ethan,,75,369564,4
Ejidrum,,56,369556,6
Amegus,,95,369538,1
Athigrum,,56,369510,13
Dorianae,,131,369485,2
Bulmi,,81,359846,0
Mose,,30,359796,0
Azuze,,49,359778,0
Alegruk,,236,359763,0
Kakapoooo,,69,359736,0
Elunel,,114,359722,0
Vinroca,,88,359721,0
Myname,,52,359719,0
Zare,,20,359716,1
Imel,,53,359708,0
Loshi,,36,359692,0
Nova,,71,359690,1
Bilon,,51,359683,2
Rela,,48,359682,0
Mamat,,81,359675,1
Inizon,,133,359663,1
Sezonix,,95,359657,0
Kitsume,,83,359652,0
Godherkul,,202,359642,1
Maria,,268,359634,1
Sahrah,,98,359624,0
Squidd,,66,359606,0
Sode,,43,359605,1
Amez,,67,359599,0
Irdet,,45,359548,1
Odarcuk,,191,359518,1
Nirzod,,206,359483,3
Mobrakay,,96,359457,1
Puppydog,,67,349765,0
Vemi,,105,349760,0
Ceri,,10,349745,1
Abrisha,,78,349742,0
Majoni,,49,349712,0
Kochega,,94,349693,0
Ovak,,91,349684,0
Onneli,,90,349651,1
Revuji,,168,349646,2
Mishi,,144,349631,1
Otugi,,44,349595,6
Ifrot,,48,349581,1
Subon,,96,349512,3
Noir,,56,349497,4
Nella,,140,349406,1
Sonriz,,64,339821,1
Razine,,102,339743,0
Mokud,,99,339729,1
Abofra,,69,339718,0
Thatguy,,23,339695,3
Saltytwo,,65,339658,0
Othechen,,121,339611,1
Eggtart,,36,339609,7
Umpuste,,152,339609,5
Irgerka,,47,339584,3
Broomhilda,,144,339541,0
Floris,,133,339538,1
Hilet,,49,339527,0
Cracken,,53,339463,0
Athena,,96,339426,3
Elize,,103,339401,0
Othari,,10,329762,0
Mathase,,76,329734,1
Anceh,,44,329731,0
Rekoni,,29,329719,0
Nuja,,49,329702,0
Baconman,,98,329684,2
Luchake,,46,329660,0
Sujoung,,56,329621,0
Jongok,,95,329619,0
Ariesraz,,67,329619,0
Sirtum,,23,329598,1
Zathoki,,42,329586,0
Imabe,,61,329585,1
Thetus,,89,329564,0
Aini,,48,329553,3
Milaidin,,37,329537,0
Irithel,,54,329529,1
Suhe,,156,319845,0
Lejdis,,107,319793,1
Sufre,,72,319778,0
Elaci,,51,319759,0
Bithotha,,72,319717,1
Egid,,96,319705,2
Veles,,44,319696,0
Ezihe,,79,319670,3
Dzban,,23,319666,1
Hibe,,41,319656,2
Voti,,52,319654,1
Leekyung,,40,319636,0
Gibi,,46,319632,7
Aradasom,,97,319625,1
Koten,,41,319575,6
Lunnae,,65,319572,1
Schubie,,107,319561,2
Lissy,,122,319543,0
Anehe,,112,319522,3
Dimon,,63,319493,5
Ekihin,,66,319457,1
Gekko,,117,309860,0
Miss,,16,309858,0
Meni,,78,309833,0
Kecon,,137,309822,4
Gandalf,,19,309809,1
Melena,,78,309805,0
Eliata,,66,309796,0
Vebras,,40,309789,0
Acorged,,68,309784,0
Lichking,,97,309774,0
Medum,,27,309760,0
Gibbs,,67,309754,0
Erra,,79,309749,0
Izid,,103,309734,0
Cetra,,74,309729,0
Ennarta,,10,309727,0
Achos,,63,309726,0
Kegil,,122,309715,1
Windy,,22,309697,0
Alenril,,68,309695,2
Gangrene,,16,309694,0
Fansy,,51,309692,0
Vuzud,,69,309690,0
Dimka,,51,309689,0
Hishum,,99,309675,0
Babebibobu,,222,309668,6
Item,,14,309662,1
Igikri,,51,309657,0
Kurci,,98,309635,0
Vadre,,135,309634,6
Diwata,,47,309625,0
Uthukxvrxp,,104,309604,0
Zutogi,,101,309596,0
Chen,,55,309591,0
Creed,,139,309571,5
Phonix,,66,309511,0
Athodid,,18,299906,0
Verp,,6,299811,0
Nomi,,88,299715,4
Ironman,,93,299695,0
Fofoloanca,,35,299666,0
Gwin,,111,299632,3
Sapphire,,76,299632,1
Ebruk,,19,299627,2
Inecue,,97,299484,4
Zerenimo,,57,289851,0
Bolyn,,121,289779,1
Atosha,,103,289747,1
Lavrate,,15,289689,0
Brotato,,77,289632,3
Luckyller,,84,289626,3
Seshid,,61,289616,3
Cannon,,6,289613,3
Nujiri,,120,289587,1
Miri,,24,289586,1
Burgus,,38,289457,3
Tankyair,,35,289422,2
Ircurza,,16,279848,0
Zartid,,101,279827,0
Cyana,,12,279811,0
Nymeria,,108,279799,1
Revo,,132,279797,0
Xavashka,,120,279793,0
Edrum,,88,279793,0
Triss,,43,279755,1
Hyular,,17,279741,3
Vican,,62,279676,0
Olokim,,69,279667,0
Zithil,,52,279604,1
Nana,,64,279600,0
Dubsii,,28,279570,2
Rakihi,,171,279570,0
Arcesi,,64,279478,0
Muda,,109,269840,0
Rocketdog,,144,269819,1
Degre,,6,269803,0
Fffnb,,29,269793,2
Oboma,,104,269788,0
Tates,,33,269786,3
Okron,,46,269751,0
Koroqlu,,40,269732,2
Rovuka,,13,269724,0
Alice,,64,269683,7
Ovirdi,,17,269678,3
Gedega,,148,269640,2
Temp,,11,269635,5
Rube,,63,269623,1
Gajeel,,72,269491,4
Judi,,93,259858,0
Kagerou,,72,259828,2
Idnebrug,,13,259789,2
Jhonjvc,,15,259787,0
Achel,,40,259776,0
Lomat,,21,259769,0
Artushi,,87,259757,1
Quinnith,,67,259749,1
Alika,,70,259737,0
Lorry,,78,259707,7
Lofra,,27,259705,0
Allah,,19,259701,0
Gorgohob,,136,259678,0
Ninica,,29,259590,0
Hangover,,15,249797,0
Mera,,4,249787,0
Orzis,,4,249785,0
Shutyouup,,9,249765,0
Ijehad,,18,249734,0
Lilloth,,2,249729,0
Magician,,57,249712,3
Manskey,,44,249667,0
Edum,,62,249605,1
Gwenmist,,20,249534,8
Kugi,,79,239812,1
Bomaca,,4,239787,0
Popop,,67,239783,1
Pafnutich,,109,239781,1
Esen,,72,239747,0
Felix,,138,239715,2
Hicy,,9,229875,0
Acella,,165,229798,0
Lucis,,8,229766,0
Lazuzi,,17,229716,0
Becia,,58,229712,4
Irtiz,,142,229698,0
Azise,,17,229691,0
Thales,,33,229662,3
Debi,,33,219862,0
Adonia,,10,219834,0
Fhermg,,42,219803,0
Griselda,,0,219787,3
Sylver,,11,219783,2
Asumik,,11,219754,2
Athudi,,5,219742,1
Kekeru,,0,219698,2
Slatter,,27,219667,7
Tase,,8,209885,0
Ibren,,65,209881,0
Mary,,51,209867,0
Tigra,,60,209860,0
Ethunas,,0,209856,0
Onrake,,9,209839,0
Careke,,0,209835,0
Icul,,32,209833,0
Shefly,,6,209811,0
Marajade,,78,209811,0
Shiara,,85,209810,0
Rehi,,87,209808,0
Odrum,,0,209806,0
Kalog,,22,209799,1
Merim,,92,209788,0
Inukri,,16,209783,0
Rorschach,,7,209775,0
Larit,,0,209775,0
Adina,,139,209772,0
Tome,,28,209770,0
Esuca,,101,209769,0
Zorishi,,84,209763,0
Justin,,53,209762,0
Elminster,,95,209733,0
Abaddon,,0,209724,0
Razoros,,0,209705,1
Lethoda,,82,209705,0
Ekara,,0,209649,1
Bolox,,14,209634,0
Apex,,14,209598,0
Oholes,,11,199911,0
Agnes,,40,199838,0
Mirtagre,,28,199742,0
Sakri,,0,199702,1
Oksana,,0,199601,2
Ikal,,111,189895,0
Karka,,1,189784,1
Shadow,,0,189723,0
Dartele,,2,189721,0
Merlin,,61,189707,3
Luka,,4,189644,3
Amum,,7,179881,0
Kiroki,,0,179863,0
Adifrum,,25,179858,0
Avrim,,0,179855,0
Wolfius,,0,179836,0
Lami,,8,179806,0
Kurukungho,,0,179804,0
Lebel,,0,179801,3
Ramos,,13,179793,0
Nadnite,,0,169867,1
Oshuri,,0,169814,0
Divinearms,,0,169798,0
Kijurda,,22,169770,1
Okril,,0,169758,0
Sprung,,0,169755,2
Hahiz,,0,169746,2
Sozefri,,0,169431,2
Kikos,,0,159911,0
Lerzisa,,0,159882,0
Buffy,,0,159849,0
Hithise,,0,159838,0
Jethe,,0,159833,0
Scatha,,0,159759,0
Adnisis,,0,159686,0
Athelleg,,0,149873,0
Arginag,,4,149858,0
Mabre,,0,149814,0
Raze,,7,149814,0
Bambi,,0,149806,1
Athimil,,58,149770,0
Serke,,35,149759,0
Elucid,,0,139836,1
Aace,,0,139831,0
Akudjura,,0,139811,0
Gaci,,0,139795,1
Spectre,,8,139736,1
Tutarde,,0,139676,0
Jina,,0,139645,2
Albus,,23,139568,5
Freya,,0,129872,0
Fefe,,0,129852,0
Schmerzi,,94,129849,0
Meio,,59,129819,0
Alibaba,,0,129759,0
Cheng,,1,129753,0
Tijek,,14,129753,0
Irtekod,,0,129682,0
Princessv,,0,129654,1
Cempreng,,0,129643,1
Eclipse,,0,119887,0
Hatuzi,,0,119883,0
Fortuna,,0,119863,0
Kukube,,0,119862,0
Omeftopik,,0,119843,0
Zhouzhou,,0,119828,0
Osuk,,0,119817,0
Zigik,,0,119757,1
Dakotaler,,0,119695,0
Kagome,,0,119676,1
Ajik,,0,119667,0
Omus,,0,119630,3
Boudicaa,,3,119610,0
Hobag,,16,109874,0
Stor,,0,109873,0
Zevram,,0,109871,0
Avred,,5,109866,0
Milk,,0,109865,0
Basha,,10,109862,0
Mesena,,0,109857,0
Nokruti,,7,109854,0
Beka,,0,109852,0
Agela,,0,109837,0
Murtadd,,0,109836,0
Odin,,0,109824,0
Kuhak,,0,109814,0
Rino,,0,109814,0
Zeserda,,0,109757,3
Joka,,0,109740,0
Ihethez,,0,109737,0
Halaster,,0,109714,8
Temik,,0,109682,0
Edam,,0,109620,1
Nizig,,0,109552,0
Rami,,1,99920,0
Meva,,0,99887,0
Kratscher,,0,99882,0
Loren,,31,99857,0
Nedni,,0,99854,0
Xorap,,5,99844,0
Maga,,0,99834,0
Etog,,0,99803,0
Cecabri,,3,99799,1
Mina,,0,99768,2
Acuz,,0,99697,0
Obit,,0,99642,2
Ardis,,0,99619,5
Zogad,,0,99581,2
Ashol,,0,99576,0
Onetwo,,0,99538,9
Tussi,,26,89896,0
Norin,,0,89883,0
Perilune,,19,89878,0
Isiki,,15,89854,1
Soike,,39,89850,0
Inari,,0,89843,0
Dejovi,,0,89835,2
Afreva,,0,89832,0
Hossam,,0,89816,0
Shura,,0,89791,1
Endran,,0,89789,2
Kovel,,0,89788,3
Sunoko,,20,89784,0
Ithodit,,0,89783,0
Gandalf,,0,89764,2
Erenrul,,0,89757,1
Ebez,,0,89757,3
Luna,,0,89749,2
Jomgie,,0,89746,0
Shokugeki,,0,89744,3
Debra,,0,89733,0
Kerrigan,,0,89720,1
Gemma,,0,89686,1
Fritzi,,0,89682,1
Verzora,,0,89644,0
Elona,,0,89643,7
Armurka,,0,89627,1
Baha,,0,89627,0
Sophienana,,0,89610,7
Schlampe,,0,89606,2
Lemoine,,0,89585,4
Sorceress,,0,89550,1
Mabrum,,0,89498,4
Lifra,,0,89412,2
Brokai,,65,79907,0
Jimlinds,,35,79900,0
Leetaktwo,,0,79899,0
Emez,,855,79898,0
Sirce,,72,79881,0
Ezak,,103,79876,0
Elenwe,,0,79868,0
Ezekiel,,0,79862,0
Mune,,0,79861,0
Abrufre,,0,79859,0
Alloja,,0,79847,0
Karac,,0,79840,0
Rwave,,0,79828,0
Vegre,,0,79827,1
Blurp,,0,79824,0
Wendy,,0,79823,0
Idnid,,0,79812,0
Habribra,,54,79811,0
Liha,,0,79807,2
Gerda,,0,79789,0
Ikrellaz,,0,79785,0
Jenn,,0,79782,3
Itze,,0,79778,0
Besus,,0,79778,2
Matias,,0,79768,3
Tolom,,0,79761,3
Kingslayer,,0,79753,2
Jume,,0,79752,4
Mirid,,0,79750,6
Wilk,,0,79749,1
Ardale,,0,79748,4
Vaiz,,0,79747,0
Allilel,,0,79743,3
Dama,,0,79742,1
Mori,,0,79736,0
Muza,,0,79732,2
Thrilla,,0,79731,0
Ogubon,,0,79728,1
Momoi,,0,79721,1
Etal,,0,79715,0
Ginrit,,0,79713,2
Lurzirci,,0,79711,0
Ebak,,0,79707,0
Lula,,0,79703,3
Azuna,,0,79702,2
Zitha,,0,79701,1
Jajik,,0,79699,4
Linat,,0,79690,4
Veronica,,0,79678,1
Hezaga,,0,79677,2
Pikot,,0,79671,6
Harvey,,0,79669,1
Bazuka,,0,79662,6
Bubu,,0,79662,4
Zigira,,0,79657,8
Gukrotha,,0,79643,3
Menthel,,0,79643,5
Leffotrak,,0,79639,5
Nicusor,,0,79637,1
Jobi,,0,79636,10
Ellen,,0,79633,0
Arunna,,0,79613,0
Seroz,,0,79602,1
Etham,,0,79595,3
Rawadera,,0,79581,7
Artin,,0,79578,24
Zizana,,0,79578,11
Elusia,,0,79571,2
Ijol,,0,79553,6
Egonran,,0,79552,0
Ithakri,,0,79546,3
Bean,,0,79545,12
Zertun,,0,79528,9
Fany,,0,79523,3
Edrive,,0,79511,3
Ozasez,,0,79510,5
Adremed,,0,79508,3
Sorcom,,0,79486,4
Hofruk,,0,79486,17
Lunorte,,0,79483,7
Orangejoe,,0,79479,9
Bellen,,0,79478,17
Karry,,0,79461,3
Babycza,,0,79450,15
Wizzy,,0,79442,17
Varda,,0,79436,4
Magisfr,,0,79410,15
Nikova,,0,69915,0
Lznb,,0,69905,0
Ennukok,,0,69902,0
Inruman,,0,69899,0
Ithot,,0,69892,0
Cheezus,,0,69889,0
Egabri,,0,69889,0
Test,,0,69887,0
Seeder,,0,69875,0
Caga,,0,69874,1
Erzobra,,0,69872,1
Silug,,0,69870,0
Ehos,,0,69869,0
Nika,,0,69868,0
Kaius,,0,69867,0
Demonfire,,0,69867,0
Eberi,,0,69865,0
Akrel,,0,69865,1
Kigri,,0,69863,1
Cbby,,0,69863,0
Bella,,0,69862,0
Vobarke,,0,69862,0
Adnama,,0,69857,0
Shaula,,0,69857,0
Sasha,,0,69853,0
Ikronra,,0,69852,0
Mamoh,,0,69852,1
Oshud,,0,69852,0
Okrise,,0,69846,0
Ertarkuz,,0,69843,0
Pyrosttoot,,0,69841,2
Merlin,,0,69840,2
Lucek,,0,69837,1
Mudi,,0,69836,2
Magic,,0,69831,1
Picike,,0,69830,0
Jani,,0,69829,1
Lola,,0,69828,0
Daveeee,,0,69827,1
Cowboy,,0,69826,0
Mage,,0,69825,0
Nuron,,0,69822,0
Fern,,0,69821,0
Cutham,,0,69820,3
Nadnekre,,0,69820,0
Adara,,0,69818,1
Durana,,0,69815,2
Cunan,,0,69815,2
Ogorka,,0,69815,1
Mbahgeol,,0,69814,0
Ruffy,,0,69814,0
Maximillia,,0,69813,0
Edin,,0,69813,3
Juthe,,0,69813,1
Aaasss,,0,69812,0
Bane,,0,69811,0
Moana,,0,69810,0
Taruk,,0,69804,0
Torkuke,,0,69804,1
Nige,,0,69801,1
Lijiche,,0,69801,1
Micit,,0,69796,1
Ceme,,0,69796,3
Jamelao,,0,69791,1
Athelas,,0,69790,2
Cynthia,,0,69788,1
Mehas,,0,69788,1
Abbe,,0,69787,2
Korsonghwa,,0,69785,2
Rivel,,0,69784,1
Ellime,,0,69784,1
Cusakre,,0,69783,1
Nujagi,,0,69782,3
Invar,,0,69781,0
Cynthia,,0,69780,1
Burorte,,0,69780,4
Nathas,,0,69777,0
Izzak,,0,69775,1
Odunol,,0,69775,0
Tefnut,,0,69775,0
Rucushi,,0,69775,0
Etoti,,0,69774,1
Nivrin,,0,69774,2
Cynthia,,0,69768,3
Agaha,,0,69768,2
Naze,,0,69763,1
Tabu,,0,69761,8
Emirten,,0,69759,1
Erana,,0,69759,0
Nabi,,0,69758,1
Efrucha,,0,69757,1
Masterroot,,0,69756,2
Athal,,0,69756,2
Zdmdozo,,0,69755,2
Elias,,0,69748,2
Mingwang,,0,69747,0
Athelas,,0,69745,0
Ajun,,0,69743,0
Athelas,,0,69742,0
Sufra,,0,69741,1
Zenag,,0,69741,1
Nile,,0,69741,0
Esan,,0,69740,1
Irzimeg,,0,69739,0
Zzhh,,0,69734,2
Amum,,0,69734,0
Katju,,0,69733,0
Wasanders,,0,69733,2
Irgik,,0,69732,4
Tirana,,0,69728,1
Ollos,,0,69727,2
Soulmage,,0,69726,0
Jennese,,0,69725,1
Nuha,,0,69725,3
Trooper,,0,69724,3
Suha,,0,69724,0
Silvan,,0,69720,1
Sikrive,,0,69717,4
Murdus,,0,69717,0
Stooge,,0,69715,1
Eventone,,0,69715,0
Wijit,,0,69714,3
Tussnelda,,0,69713,2
Mona,,0,69713,5
Lolian,,0,69712,0
Jomypuppy,,0,69711,4
Eziol,,0,69710,3
Kacula,,0,69709,1
Anglois,,0,69709,2
Moha,,0,69709,0
Suoermom,,0,69708,1
Aubry,,0,69707,1
Hanel,,0,69705,2
Jeri,,0,69704,0
Fluxtrix,,0,69701,4
Sirrael,,0,69694,2
Doha,,0,69691,3
Faith,,0,69688,1
Arociz,,0,69686,2
Elvano,,0,69686,3
Kira,,0,69683,1
Hoigene,,0,69682,1
Adnol,,0,69680,1
Sejan,,0,69677,3
Phytaya,,0,69677,1
Geve,,0,69675,4
Bethes,,0,69674,1
Gethig,,0,69670,2
Vudri,,0,69663,3
Gohoge,,0,69653,4
Moba,,0,69649,1
Jakai,,0,69649,2
Larry,,0,69647,0
Tenka,,0,69643,2
Bars,,0,69643,0
Tehica,,0,69640,7
Demona,,0,69639,1
Hero,,0,69635,0
Birida,,0,69633,1
Sssss,,0,69629,2
Eshik,,0,69628,1
Gramer,,0,69628,4
Morgana,,0,69627,1
Tonrurge,,0,69618,2
Mercedes,,0,69617,2
Zozane,,0,69616,4
Florence,,0,69608,7
Harbinger,,0,69607,1
Celaena,,0,69604,5
Kodril,,0,69604,8
Merlyn,,0,69602,2
Cosi,,0,69600,4
Betha,,0,69599,5
Mursqnpl,,0,69599,1
Adnas,,0,69599,1
Tilla,,0,69598,0
Innokes,,0,69586,2
Caji,,0,69570,2
Sheatty,,0,69568,7
Tavi,,0,69547,0
Idejum,,0,69545,3
Rona,,0,69541,10
Liciz,,0,69525,4
Arked,,0,69522,14
Avriz,,0,69520,4
Huhuu,,0,69515,1
Anko,,0,69510,19
Ashes,,0,69510,6
Dragondive,,0,69508,4
Vivo,,0,69492,6
Jogige,,0,69492,12
Toast,,0,69490,3
Jirga,,0,69479,3
Mystra,,0,69462,4
Zokrihi,,0,69457,4
Ivil,,0,69442,12
Lina,,0,69433,9
Achathet,,0,69409,6
Rullile,,0,59912,0
Gibriel,,0,59910,0
Korkiz,,0,59909,0
Ageka,,0,59907,0
Tetra,,0,59900,0
Soshi,,0,59891,0
Bouton,,0,59888,0
Ratbumm,,0,59883,0
Maetel,,34,59878,0
Arkane,,0,59877,0
Suci,,0,59876,0
Rujabre,,0,59876,1
Tejaz,,0,59874,0
Azegid,,0,59868,0
Merlin,,0,59867,0
Sidapa,,0,59862,0
Namon,,0,59860,0
Nucize,,0,59858,0
Bagadna,,0,59858,0
Gumoca,,0,59856,0
Miracles,,0,59855,0
Vlad,,0,59854,0
Cookies,,0,59853,0
Dertola,,0,59852,0
Oduvi,,0,59848,0
Nithe,,0,59844,0
Shock,,0,59842,0
Merlin,,0,59841,0
Eshishe,,0,59840,0
Asahaz,,0,59839,0
Toma,,0,59838,0
Areg,,0,59835,0
Ashazus,,0,59829,0
Gubege,,0,59828,0
Ijonin,,0,59826,0
Emmabell,,0,59821,0
Ramaja,,0,59820,0
Idora,,0,59819,0
Wohleroun,,0,59819,0
Oveki,,0,59818,0
Zalazanes,,0,59818,0
Szmitek,,0,59815,0
Uniqua,,0,59815,0
Rebecca,,0,59813,0
Derzi,,0,59810,1
Movrot,,0,59809,0
Lakrek,,0,59806,0
Cindra,,0,59797,0
Lancer,,0,59794,0
Vadi,,0,59792,0
Nazkrit,,0,59791,0
Marti,,0,59789,0
Brian,,0,59784,0
Beck,,0,59784,1
Dema,,0,59783,0
Vincent,,0,59782,0
Mazmet,,0,59780,0
Ashley,,0,59771,1
Violet,,0,59770,0
Zemi,,0,59768,0
Neya,,0,59763,0
Isoz,,0,59762,2
Creventi,,0,59758,0
Rhuger,,0,59758,0
Comat,,0,59758,0
Bedu,,0,59752,0
Ethanolz,,0,59749,0
Goblin,,0,59745,1
Othircet,,0,59744,0
Ozodni,,0,59742,0
Illan,,0,59733,0
Orbitex,,0,59732,0
Rorci,,0,59729,4
Bolsonaro,,0,59722,1
Tedious,,0,59720,1
Nofri,,0,59708,0
Greynorse,,0,59703,0
Tamad,,0,59700,2
Nazar,,0,59700,0
Nene,,0,59697,0
Pains,,0,59691,1
Tabiha,,0,59690,0
Linnot,,0,59680,1
Kilabot,,0,59675,6
Davra,,0,59673,0
Lednedi,,0,59669,0
Bedlam,,0,59657,1
Kuraga,,0,59657,3
Ednim,,0,59655,0
Hirzes,,0,59645,0
Adrianya,,0,59645,0
Tehus,,0,59636,9
Redwitch,,0,59633,0
Agot,,0,59631,0
Dathun,,0,59625,7
Lilen,,0,59611,0
Jevri,,0,59603,3
Dilles,,0,59595,11
Morlock,,0,59583,0
Icid,,0,59571,6
Nenet,,0,59571,9
Ijat,,0,59569,12
Cikaz,,0,59561,0
Jhordison,,0,59542,0
Merlin,,0,59540,0
Cocha,,0,59536,10
Annabell,,0,59518,0
Zohntnof,,0,59502,1
Cedagri,,0,59479,0
Ahem,,0,59474,0
Kawabanga,,0,59459,13
Dorval,,0,59434,0
Cypryta,,0,59432,8
Arig,,0,59430,1
Icet,,0,59405,8
Kira,,0,49913,0
Randimnia,,0,49897,0
Ejulli,,0,49884,0
Vofrarti,,0,49877,0
Goldyarich,,0,49871,0
Sozus,,0,49871,0
Arkesa,,0,49867,1
Igathun,,0,49866,0
Jenne,,0,49866,0
Zocidi,,0,49865,0
Ihethil,,0,49862,0
Itsme,,0,49860,0
Nigresa,,0,49858,0
Kekurki,,0,49853,1
Rati,,0,49851,0
Ruhirti,,0,49851,0
Hati,,0,49850,0
Burt,,0,49849,0
Ethemim,,0,49842,0
Sade,,0,49842,0
Lume,,0,49841,0
Ellin,,0,49838,0
Adami,,0,49838,0
Seanliam,,0,49837,0
Vacumi,,0,49834,0
Brzeszczot,,0,49834,0
Galera,,0,49834,1
Vebam,,0,49834,0
Cinonra,,0,49830,0
Teferi,,0,49829,0
Superme,,0,49828,0
Nerdi,,0,49828,0
Coda,,0,49827,0
Lisas,,0,49827,1
Tojorki,,0,49827,0
Eventia,,0,49823,0
Ercurdam,,0,49822,0
Soma,,0,49819,0
Banana,,0,49816,0
Tesak,,0,49813,0
Difre,,0,49810,0
Pofiga,,0,49807,0
Julut,,0,49804,0
Itacoz,,0,49803,0
Beshaz,,0,49797,0
Rttyyy,,0,49795,0
Icidum,,0,49793,0
Ashiriel,,0,49792,0
Durguk,,0,49792,0
Bunri,,0,49789,0
Skrzypu,,0,49787,1
Jtboo,,0,49786,0
Irtoti,,0,49782,0
Azuji,,0,49781,0
Arterdul,,0,49779,0
Marisson,,0,49776,0
Toda,,0,49774,0
Azim,,0,49771,1
Aerith,,0,49769,0
Ogrigi,,0,49764,0
Ahbotory,,0,49761,0
Candy,,0,49758,0
Sonicgale,,0,49757,0
Tachul,,0,49756,0
Ejezi,,0,49755,0
Omala,,0,49755,0
Anad,,0,49754,0
Zocha,,0,49752,0
Leti,,0,49747,0
Xvendettax,,0,49747,1
Ayamgoreng,,0,49738,0
Wedrq,,0,49733,4
Pataszona,,0,49727,0
Obeshom,,0,49723,0
Eshulle,,0,49719,0
Neva,,0,49712,0
Dithem,,0,49711,0
Dogovich,,0,49707,1
Rema,,0,49706,2
Gurdata,,0,49705,0
Sahini,,0,49697,1
Dennik,,0,49696,1
Ezuri,,0,49692,0
Gizut,,0,49691,0
Gscm,,0,49689,0
Ejimez,,0,49688,1
Darkentity,,0,49684,0
Serthez,,0,49683,0
Mumevra,,0,49682,0
Darkmask,,0,49679,0
Zahe,,0,49671,1
Mate,,0,49670,2
Lugud,,0,49669,2
Koryn,,0,49667,0
Raven,,0,49665,3
Surcothe,,0,49658,1
Sheiva,,0,49656,1
Odim,,0,49654,0
Kackerdu,,0,49654,4
Sidra,,0,49647,1
Sela,,0,49645,1
Tutiz,,0,49645,0
Irgura,,0,49643,0
Opthimus,,0,49643,2
Inaz,,0,49642,1
Bossbae,,0,49638,1
Eshwari,,0,49628,9
Ruza,,0,49623,4
Cikotik,,0,49620,1
Takradna,,0,49619,0
Richter,,0,49614,3
Nabaz,,0,49612,3
Renem,,0,49608,0
Onona,,0,49607,1
Ojigiz,,0,49589,13
Kuka,,0,49580,0
Luoge,,0,49574,3
Evania,,0,49571,2
Zufrog,,0,49567,2
Baliz,,0,49557,2
Doctorche,,0,49550,1
Zira,,0,49547,4
Tina,,0,49540,6
Egizi,,0,49536,2
Petal,,0,49519,3
Imez,,0,49518,1
Cunrosha,,0,49516,1
Duzak,,0,49513,0
Oben,,0,49495,11
Catem,,0,49479,1
Moxie,,0,49479,4
Kethe,,0,49478,2
Violentia,,0,49474,1
Azave,,0,49467,2
Zetha,,0,49462,11
Totora,,0,49462,1
Acan,,0,49428,4
Ssrt,,0,49426,3
Coce,,0,39880,0
Duba,,0,39876,0
Ethenes,,0,39872,0
Trynity,,0,39868,0
Issis,,0,39868,0
Cojin,,0,39867,0
Jidon,,0,39862,0
Ethon,,0,39855,0
Give,,0,39852,0
Tagad,,0,39844,0
Amebrit,,0,39844,0
Elishah,,0,39839,1
Acubun,,0,39839,1
Coenubia,,0,39839,1
Hafif,,0,39837,0
Vucevi,,0,39836,1
Eventhero,,0,39834,0
Princetm,,0,39833,0
Shelspell,,0,39832,0
Otigrek,,0,39831,0
Viona,,0,39829,1
Gumoze,,0,39827,0
Cithobi,,0,39820,0
Cokale,,0,39819,0
Villom,,0,39816,0
Eshede,,0,39815,0
Adios,,0,39813,0
Agul,,0,39811,0
Aran,,0,39811,1
Hella,,0,39809,1
Nerteka,,0,39808,1
Lisaka,,0,39807,1
Keyyu,,0,39803,0
Etheral,,0,39802,2
Onakuma,,0,39802,0
Qwer,,0,39801,1
Illane,,0,39800,1
Limelia,,0,39800,1
Cofre,,0,39799,1
Abudrud,,0,39799,1
Tsunami,,0,39798,1
Ester,,0,39797,0
Cryoblaze,,0,39796,2
Reis,,0,39795,1
Aramitreus,,0,39791,1
Sunny,,0,39790,0
Merlin,,0,39789,1
Irunri,,0,39787,1
Jurzochi,,0,39787,0
Alex,,0,39786,0
Xintea,,0,39783,0
Xolina,,0,39782,2
Bezk,,0,39782,2
Buve,,0,39780,2
Gaga,,0,39780,1
Ituhe,,0,39780,0
Jeffian,,0,39774,1
Immi,,0,39774,0
Chupakabra,,0,39773,0
Ochorde,,0,39772,3
Fuinthea,,0,39771,1
Wsfu,,0,39771,1
Onroda,,0,39770,1
Gogol,,0,39769,0
Nedrig,,0,39759,0
Vanilka,,0,39757,1
Harine,,0,39757,1
Ribi,,0,39756,2
Hova,,0,39756,1
Minerva,,0,39755,1
Aboba,,0,39749,0
Deeppink,,0,39749,0
Reka,,0,39749,1
Boogeyman,,0,39747,1
Erderda,,0,39745,1
Geja,,0,39744,1
Zonrul,,0,39744,1
Obuvre,,0,39743,1
Guhe,,0,39743,0
Noobo,,0,39741,2
Echoes,,0,39739,0
Eten,,0,39734,1
Gasedi,,0,39734,2
Sagyvag,,0,39733,0
Coselli,,0,39730,4
Mashe,,0,39728,1
Orden,,0,39726,2
Yuroviski,,0,39722,1
Hajon,,0,39720,0
Osaca,,0,39715,0
Ocum,,0,39714,0
Khunty,,0,39711,1
Agrolog,,0,39709,0
Logral,,0,39708,1
Blank,,0,39708,1
Orety,,0,39705,0
Melty,,0,39704,0
Bratac,,0,39695,3
Ogam,,0,39693,0
Zogi,,0,39687,4
Layla,,0,39685,0
Zeji,,0,39685,2
Viter,,0,39685,6
Dipsy,,0,39684,1
Gaba,,0,39682,1
Trex,,0,39675,2
Juha,,0,39673,3
Imova,,0,39673,2
Burdithi,,0,39672,2
Mammary,,0,39670,1
Raleme,,0,39670,5
Ozin,,0,39670,2
Dashe,,0,39668,1
Imog,,0,39666,1
Lolo,,0,39665,4
Ethitha,,0,39662,0
Zuvutha,,0,39662,5
Orturdem,,0,39662,1
Avil,,0,39661,1
Gritty,,0,39660,0
Mzlevi,,0,39658,1
Arthoria,,0,39658,2
Erohw,,0,39656,2
Kinlee,,0,39655,2
Ednez,,0,39654,1
Trivium,,0,39644,2
Jenade,,0,39642,1
Lushora,,0,39642,0
Zena,,0,39634,2
Cushes,,0,39632,0
Sonea,,0,39631,4
Rubol,,0,39627,7
Arthur,,0,39626,2
Karantina,,0,39620,0
Minnetonka,,0,39619,4
Avrim,,0,39612,0
Linlin,,0,39601,0
Zothama,,0,39597,3
Legioness,,0,39590,1
Raven,,0,39587,2
Callese,,0,39582,2
Zzzet,,0,39570,1
Gendalf,,0,39567,1
Maica,,0,39558,4
Argus,,0,39554,3
Hathi,,0,39542,4
Papillon,,0,39540,2
Eslia,,0,39536,1
Avrenna,,0,39525,5
Adroba,,0,39524,0
Oshudruz,,0,39512,1
Belkakurit,,0,39494,4
Nokog,,0,39480,3
Lati,,0,39475,2
Omas,,0,39472,4
Vasha,,0,39462,4
Michaelida,,0,39462,4
Mehunra,,0,39450,1
Hierra,,0,39447,4
Nerkik,,0,39421,3
Isak,,0,39412,4
Lashod,,0,39407,2
Eventus,,0,29905,0
Ethera,,0,29904,0
Eventchar,,0,29899,0
Miruz,,0,29899,0
Esmeralda,,0,29896,0
Zebi,,0,29894,0
Janom,,0,29894,0
Zanitar,,0,29893,0
Insane,,0,29891,0
Auroris,,0,29887,0
Gina,,0,29886,0
Bothi,,0,29885,1
Omegalul,,0,29885,0
Matonkazap,,0,29883,0
Murdim,,0,29882,0
Ollatha,,0,29882,0
Ledre,,0,29879,0
Ellam,,0,29876,0
Eireen,,0,29871,0
Eretem,,0,29871,0
Tilla,,0,29871,0
Seci,,0,29870,0
Durtal,,0,29868,0
Nikolka,,0,29868,0
Molang,,0,29867,0
Zame,,0,29863,0
Kera,,0,29862,0
Ethum,,0,29862,0
Tkilla,,0,29862,0
Mazlee,,0,29859,0
Hogra,,0,29857,0
Saywer,,0,29854,0
Logain,,0,29854,0
Athare,,0,29851,0
Igris,,0,29851,0
Ovede,,0,29843,0
Vardus,,0,29843,0
Arzide,,0,29840,0
Cailee,,0,29840,0
Everin,,0,29839,0
Ircul,,0,29836,0
Ilahol,,0,29833,0
Tryagain,,0,29831,0
Dragon,,0,29830,0
Sully,,0,29830,0
Ihisha,,0,29829,0
Lastfu,,0,29827,0
Lahoya,,0,29826,0
Echuved,,0,29826,0
Onoz,,0,29826,0
Demonic,,0,29824,0
Yennefer,,0,29823,0
Ofrishi,,0,29822,0
Ethirti,,0,29822,0
Jonrove,,0,29821,0
Valle,,0,29821,0
Ovig,,0,29819,0
Taceta,,0,29817,0
Tarurke,,0,29817,0
Kalinn,,0,29815,0
Muhetha,,0,29814,0
Asag,,0,29814,0
Ameca,,0,29813,0
Magri,,0,29812,0
Hippydippy,,0,29811,0
Esteria,,0,29811,0
Ivava,,0,29811,0
Mageus,,0,29807,0
Mrmafia,,0,29807,0
Sparrow,,0,29807,0
Kiki,,0,29806,0
Scarlett,,0,29806,0
Bebi,,0,29805,0
Graevis,,0,29804,0
Tise,,0,29804,0
Hurkuk,,0,29801,0
Lashore,,0,29801,0
Ashaman,,0,29800,0
Arok,,0,29800,0
Ashug,,0,29799,0
Spyrosgi,,0,29798,0
Wkahwkahw,,0,29797,0
Kergoz,,0,29792,0
Catz,,0,29792,0
Asuvra,,0,29792,0
Itan,,0,29790,0
Miauaug,,0,29788,0
Tijuvre,,0,29785,0
Ednas,,0,29784,0
Skas,,0,29783,0
Oshek,,0,29782,0
Genam,,0,29778,0
Myrtrele,,0,29775,0
Kebirca,,0,29774,0
Ejunet,,0,29774,0
Deathstlkr,,0,29770,1
Nelle,,0,29768,0
Zennut,,0,29766,0
Fatimah,,0,29765,0
Paulina,,0,29765,0
Magev,,0,29765,0
Gandalf,,0,29765,0
Abrok,,0,29765,0
Arthurmdc,,0,29765,0
Sorka,,0,29762,0
Larzen,,0,29762,0
Squidward,,0,29761,0
Meghan,,0,29761,4
Avras,,0,29759,0
Abbi,,0,29754,0
Liana,,0,29753,0
System,,0,29751,1
Daphne,,0,29750,0
Tushik,,0,29750,0
Olya,,0,29748,0
Tyrande,,0,29745,0
Enarka,,0,29743,0
Bone,,0,29742,0
Veje,,0,29741,0
Proty,,0,29736,0
Cokahi,,0,29735,0
Erushe,,0,29733,0
Lalek,,0,29732,0
Erkeva,,0,29731,1
Hatil,,0,29730,0
Zeci,,0,29724,0
Aval,,0,29724,0
Evril,,0,29721,0
Luzzan,,0,29720,0
Nijasi,,0,29720,1
Kori,,0,29719,0
Zonender,,0,29716,0
Ecadraz,,0,29715,0
Rubi,,0,29714,0
Lugi,,0,29714,0
Ehud,,0,29713,0
Amok,,0,29712,0
Seidr,,0,29704,0
Catherce,,0,29704,0
Zuendiana,,0,29701,0
Ryuu,,0,29701,0
Scratch,,0,29699,0
Cerga,,0,29698,0
Rigla,,0,29698,0
Enrim,,0,29692,0
Rasha,,0,29689,0
Dennes,,0,29686,0
Hidra,,0,29686,0
Alexxsa,,0,29676,1
Zgagaczigi,,0,29675,0
Hmmm,,0,29666,0
Ifruge,,0,29666,0
Ennaka,,0,29663,0
Didnes,,0,29660,0
Moleze,,0,29655,0
Berus,,0,29653,3
Matt,,0,29649,0
Edabel,,0,29647,4
Jabeja,,0,29646,1
Ogruti,,0,29645,1
Tachije,,0,29641,0
Yzzanne,,0,29639,0
Avodriz,,0,29628,0
Flaimesse,,0,29625,0
Orcin,,0,29622,0
Tateshere,,0,29621,0
Agum,,0,29621,0
Abace,,0,29619,0
Abroz,,0,29617,0
Kalimerou,,0,29612,0
Snih,,0,29611,0
Ollen,,0,29609,0
Bave,,0,29608,0
Jojo,,0,29606,0
Valeria,,0,29602,0
Rorgod,,0,29600,0
Merlin,,0,29599,0
Zazoz,,0,29597,1
Luki,,0,29590,0
Jibroji,,0,29587,0
Moshe,,0,29583,0
Magicutemp,,0,29569,1
Ligak,,0,29553,0
Thulsadoom,,0,29551,0
Lobogo,,0,29551,0
Woop,,0,29549,1
Ennam,,0,29545,0
Vugas,,0,29541,2
Kesoma,,0,29537,1
Jaze,,0,29502,0
Omuval,,0,29500,4
Bryce,,0,29494,0
Meschach,,0,29458,0
Onnane,,0,29451,0
Viojessyll,,0,29448,9
Tertia,,0,29446,0
Redna,,0,29446,0
Cezi,,0,29440,1
Lilith,,36,19908,0
Veshedi,,0,19899,0
Ortidre,,0,19892,0
Vizem,,0,19890,0
Tightevent,,0,19889,0
Viva,,0,19877,0
Virmag,,36,19876,0
Tesla,,0,19876,0
Goodguys,,0,19874,0
Doshi,,0,19865,0
Mirra,,0,19865,0
Tonol,,0,19864,0
Upinya,,0,19861,0
Lana,,0,19858,0
Vageater,,0,19858,0
Medna,,0,19851,0
Diva,,0,19850,0
Izim,,0,19850,0
Ekad,,0,19849,0
Oborta,,0,19849,0
Dikide,,0,19847,0
Ataki,,0,19846,1
Messer,,0,19843,0
Ivrirtid,,0,19842,0
Avocado,,0,19840,0
Killer,,0,19840,0
Abret,,0,19840,0
Kirza,,0,19839,0
Gasha,,0,19839,0
Ruby,,0,19837,0
Cate,,0,19837,0
Ollonna,,0,19836,0
Deta,,0,19835,0
Etiz,,0,19834,0
Nithe,,0,19833,0
Vivivi,,0,19831,0
Azitak,,0,19830,0
Cudin,,0,19826,0
Gicam,,0,19825,0
Isogre,,0,19825,0
Aden,,0,19825,0
Akire,,0,19825,0
Ososi,,0,19822,0
Khitomer,,0,19820,0
Eken,,0,19820,0
Queenof,,0,19819,0
Petunia,,0,19819,0
Vemus,,0,19818,0
Ebirzis,,0,19818,0
Benram,,0,19813,0
Ehuse,,0,19811,0
Ogrose,,0,19811,0
Ghiza,,0,19811,0
Nyla,,0,19810,0
Rite,,0,19810,0
Vugon,,0,19809,0
Orzarza,,0,19808,0
Agral,,0,19808,0
Adum,,0,19806,1
Omelette,,0,19805,0
Zera,,0,19802,1
Ihil,,0,19800,0
Rivi,,0,19800,1
Cirze,,0,19799,0
Zadron,,0,19799,3
Rica,,0,19797,0
Nabri,,0,19794,0
Lemici,,0,19794,0
Avirte,,0,19793,0
Egodos,,0,19792,0
Akroda,,0,19792,1
Hymen,,0,19790,0
Othoja,,0,19789,0
Gizun,,0,19788,0
Okot,,0,19784,0
Sumunri,,0,19784,1
Thiccboi,,0,19783,0
Jein,,0,19783,0
Hibe,,0,19782,0
Rerathe,,0,19780,0
Erzulleg,,0,19780,0
Obrasa,,0,19780,0
Atakee,,0,19779,0
Spaydi,,0,19777,0
Cogerda,,0,19777,1
Ivregol,,0,19777,0
Nadraci,,0,19776,0
Jarkug,,0,19774,0
Soulso,,0,19773,1
Dingus,,0,19773,0
Skott,,0,19772,0
Mukri,,0,19770,0
Akron,,0,19770,0
Rikke,,0,19769,0
Milca,,0,19766,0
Rodgar,,0,19765,0
Zecas,,0,19764,0
Avibri,,0,19764,0
Azoka,,0,19763,0
Arok,,0,19762,1
Givruli,,0,19761,0
Semi,,0,19760,1
Hatade,,0,19759,1
Jazum,,0,19758,0
Ibrirte,,0,19758,0
Streethoe,,0,19757,1
Betiz,,0,19757,0
Bose,,0,19756,0
Malqwka,,0,19756,0
Doughnuts,,0,19756,0
Dina,,0,19755,0
Raxig,,0,19754,0
Ijekig,,0,19753,0
Omegri,,0,19753,0
Zanel,,0,19753,0
Gnatti,,0,19752,0
Chaot,,0,19752,0
Komug,,0,19748,2
Greycage,,0,19748,1
Olivia,,0,19746,1
Taji,,0,19744,1
Kuku,,0,19742,0
Prism,,0,19742,0
Inreshi,,0,19741,2
Nucik,,0,19741,0
Ekragin,,0,19741,1
Edraveg,,0,19740,0
Ashune,,0,19740,0
Emes,,0,19740,0
Alfa,,0,19739,0
Irceshag,,0,19739,1
Apocalipse,,0,19736,0
Soulzap,,0,19734,0
Gomin,,0,19733,1
Zizogri,,0,19733,0
Tesham,,0,19733,0
Kapit,,0,19731,0
Asad,,0,19731,0
Deth,,0,19729,0
Tashik,,0,19729,1
Liswe,,0,19729,0
Gakire,,0,19727,0
Omizid,,0,19727,1
Hadi,,0,19726,1
Azavri,,0,19724,0
Night,,0,19724,0
Habe,,0,19722,0
Icinem,,0,19719,1
Efrisim,,0,19718,3
Tuxtaro,,0,19717,0
Kayeffceee,,0,19715,0
Ercemum,,0,19713,0
Vithead,,0,19712,0
Irocad,,0,19711,0
Kovr,,0,19710,1
Lolle,,0,19709,0
Sushom,,0,19708,1
Evrira,,0,19708,2
Dota,,0,19706,0
Danny,,0,19705,1
Sasoca,,0,19702,0
Trav,,0,19702,0
Zama,,0,19699,0
Xpaul,,0,19695,0
Gedrit,,0,19691,1
Tryste,,0,19691,1
Izutha,,0,19687,0
Lucoria,,0,19686,1
Zeli,,0,19685,0
Nami,,0,19685,2
Orion,,0,19680,0
Vichudre,,0,19679,3
Mage,,0,19673,1
Zaboz,,0,19673,0
Dimok,,0,19673,0
Arktos,,0,19673,0
Ivaha,,0,19668,2
Ibok,,0,19667,0
Naruto,,0,19666,1
Itsyaboi,,0,19665,2
Frankie,,0,19664,0
Zabesa,,0,19664,0
Ethaka,,0,19663,1
Rayshadow,,0,19661,1
Ennoz,,0,19653,0
Mivave,,0,19653,0
Ajeci,,0,19650,3
Mudul,,0,19647,1
Pina,,0,19644,2
Saramagic,,0,19644,0
Nuheva,,0,19641,0
Esihen,,0,19639,1
Idruk,,0,19639,0
Dude,,0,19633,1
Zbyszko,,0,19629,0
Halodre,,0,19623,0
Lakedre,,0,19615,0
Kanatara,,0,19603,0
Lera,,0,19600,0
Onema,,0,19598,2
Awsword,,0,19592,1
Lilith,,0,19590,0
Maguza,,0,19590,1
Magica,,0,19576,1
Flip,,0,19564,1
Midrella,,0,19561,1
Halla,,0,19560,1
Paolamage,,0,19560,1
Azal,,0,19560,0
Ageki,,0,19559,1
Odnurtat,,0,19558,4
Ivrothod,,0,19555,1
Besi,,0,19549,0
Gaga,,0,19545,0
Nuci,,0,19539,0
Obaces,,0,19536,1
Caranda,,0,19530,0
Carla,,0,19524,2
Iruke,,0,19513,0
Jifrirte,,0,19489,0
Sogog,,0,19483,1
Void,,0,19467,0
Beken,,0,19459,1
Agotha,,0,19446,5
Nirvanna,,0,19431,0
Sahaki,,0,19429,0
Celine,,0,19422,0
Satoci,,0,19406,0
