Love,,2081,1519482,0
Radz,,2050,1519466,2
Sierra,,2003,1519407,1
Obebi,,1988,1509501,1
Chinamelon,,2047,1489489,0
Koreayman,,2053,1489448,1
Chinazzq,,2005,1469525,5
Chinaak,,2010,1469500,3
Simon,,1904,1469498,1
Koreagura,,1810,1469435,3
Chinaccty,,1865,1449441,2
Nancy,,1963,1439476,3
Chinavivo,,1927,1439470,0
Cehed,,1722,1439437,3
Chinacctv,,1867,1439415,2
Deuterium,,1836,1429469,1
Jason,,1537,1429423,1
Tempshot,,1956,1419511,2
Greenwood,,1796,1419497,0
Mariasolas,,1906,1419477,2
Catalin,,1996,1419445,2
Obama,,1915,1399413,2
Chinaboy,,1933,1389452,4
Ruwind,,1998,1389419,8
Saborn,,1662,1379471,1
Chinafelix,,1379,1379456,2
Zere,,1913,1369547,3
Linus,,1645,1369538,2
Tuscan,,1866,1369461,7
Korforever,,1505,1369461,2
Hoza,,1982,1369441,0
Rupolice,,1614,1369436,5
Russ,,1623,1369435,4
Cobuja,,1914,1369427,2
Pcgg,,1464,1369423,3
Freegirl,,1563,1369411,3
Adrian,,1897,1359499,5
Chinaleeee,,1800,1359414,7
Shotdead,,1654,1349408,1
Cnsssss,,1856,1339465,6
Gartom,,1593,1339437,2
Maxx,,1839,1339407,12
Threebin,,1724,1339405,4
Grifter,,1722,1329493,3
Seba,,1946,1329407,1
Chinahaha,,1910,1319472,7
Xxxxx,,1679,1319463,0
Quickiee,,1635,1319459,2
Mystguy,,1610,1319411,5
Chinax,,1126,1319407,5
Hulu,,1484,1309758,3
Chinaj,,1043,1309580,2
Camille,,1389,1309550,5
Ebashi,,1267,1309537,3
Tenbird,,1219,1309467,6
Gozama,,1203,1309462,8
Orrr,,1577,1309453,4
Arcumul,,982,1309419,7
Chinalis,,1663,1289576,5
Koran,,1173,1289564,2
Rukikruki,,1680,1289558,2
Galbatorix,,1729,1289511,4
Ganom,,1541,1289458,3
Arikk,,1331,1289438,5
Takri,,1603,1289434,5
Spectra,,1274,1289429,7
Fakeu,,1547,1289426,7
Rukiller,,1582,1289425,6
Tamida,,1382,1289411,1
Kurort,,1603,1289410,2
Lilili,,909,1289409,5
Aijhanbee,,1595,1279511,3
Thunder,,1145,1279479,4
Apocalypse,,1803,1279427,4
Koreabono,,1716,1279415,3
Disturbed,,1300,1279404,6
Zulivarus,,1802,1269597,7
Echuthin,,1015,1269572,3
Umbradei,,1152,1269540,2
Rusalka,,1900,1269539,4
Mara,,1432,1269533,5
Faramir,,1457,1269519,0
Korealovee,,1688,1269489,2
Nilette,,1514,1269488,2
Chronic,,1101,1269487,2
Windrunner,,1604,1269482,1
Snowey,,1201,1269468,8
Tina,,1025,1269441,2
Jellyroll,,1371,1269423,6
Crbc,,1289,1269412,12
Orkurcok,,1305,1269412,1
Sini,,1448,1259597,5
Leztt,,1525,1259584,1
Skip,,1246,1259511,6
Brave,,1168,1259509,2
Jinnea,,1267,1259470,7
Bonne,,1023,1259460,1
Xandraxanb,,1072,1259458,1
Sivica,,1174,1259454,5
Jogun,,1044,1259443,8
Hanson,,1624,1259439,0
Tazz,,1469,1259422,16
Ceri,,1169,1259421,7
Chinaz,,1201,1259409,11
Janak,,1409,1259407,10
Kinsi,,1252,1249531,1
Koreaino,,1568,1249529,8
Juicylucy,,1036,1249449,4
Ares,,1820,1239494,0
Mimi,,1580,1239493,5
Vash,,1180,1239441,4
Rusalka,,1357,1239426,1
Muskat,,1281,1239420,2
Peekanb,,1266,1239414,4
Dobby,,1173,1239410,5
Kunkun,,1111,1239401,2
Lectorvin,,1292,1229524,2
Mebe,,1097,1229497,5
Newguy,,904,1229441,1
Gili,,727,1229412,7
Mercurio,,929,1229403,7
Lily,,1332,1219588,3
Anibran,,1238,1219564,3
Plink,,1067,1219562,4
Deathgod,,1255,1219545,3
Gicoz,,1475,1219542,5
Chen,,899,1219519,4
Ojumam,,1507,1219516,5
Leyra,,1653,1219511,1
Hongyu,,1528,1219499,2
Chshooter,,1584,1219475,2
Anbu,,1053,1219431,4
Gimli,,1136,1219431,1
Bifredne,,1615,1219420,5
Ellite,,1271,1219416,0
Zerah,,1419,1209643,4
Koreakang,,1770,1209621,4
Gehuse,,1352,1209598,8
Koreahuduk,,1307,1209565,3
Ruzon,,1151,1209560,0
Veteranz,,817,1209516,9
Carat,,1033,1209514,1
Gika,,824,1209513,4
Otooo,,747,1209512,1
Kelier,,761,1209492,7
Koreapop,,1156,1209485,2
Voceshi,,489,1209476,4
Maroo,,1145,1209458,5
Pewpewpew,,925,1209456,3
Bluevn,,1342,1209454,7
Koreacall,,1198,1209447,11
Sorzed,,1001,1209411,1
Ishotu,,1066,1209409,15
Ebrin,,1546,1199641,4
Vicky,,1278,1199634,1
Chinadad,,1282,1199576,2
Tujan,,1131,1199506,8
Roscade,,963,1199446,6
Moopee,,839,1199444,2
Rubandoss,,1198,1199442,5
Viviana,,1670,1199439,5
Kolarda,,661,1199432,5
Yavibro,,1225,1199411,3
Ruyurate,,1296,1189629,1
Anuna,,1113,1189554,1
Maje,,1239,1189546,2
Camaci,,1346,1189539,3
Agoje,,957,1189532,2
Kbot,,1345,1189508,1
Sugek,,1597,1189504,1
Kishi,,1007,1189486,1
Oliver,,1225,1189479,12
Koreabuzek,,1074,1189462,1
Tong,,1111,1189462,0
Bagim,,1375,1189462,9
Hungkk,,1109,1189445,7
Azus,,883,1189439,1
Naha,,1068,1189427,1
Anemoi,,1241,1189416,3
Ejin,,1349,1189411,2
Aches,,912,1189402,2
Gibbs,,1528,1189401,1
Kugelblitz,,1951,1179665,3
Chinahjj,,1403,1179617,5
Erzogroz,,716,1179520,0
Mushi,,637,1179498,5
Amili,,1195,1179482,4
Ocurca,,1021,1179478,11
Krasotkaru,,733,1179475,1
Elaz,,1530,1179474,1
Euhappyfox,,1004,1179466,4
Lilly,,963,1179456,3
Taeksin,,1218,1179455,3
Ragna,,977,1179448,4
Greyrabbit,,1325,1179434,7
Intern,,824,1179431,4
Tuci,,1043,1179429,7
Enan,,1183,1179413,8
Rukakoou,,991,1179400,4
Demon,,1239,1169613,4
Viloz,,1191,1169594,3
Athaga,,1249,1169594,2
Bqnf,,989,1169560,7
Missfire,,1238,1169538,0
Hunta,,1090,1169537,3
Sydney,,578,1169532,3
Ezon,,1029,1169524,6
Lemme,,858,1169514,3
Cecani,,1117,1169508,6
Zizazu,,1108,1169502,3
Dahe,,1351,1169499,8
Apophis,,1021,1169498,0
Hivreg,,1122,1169491,1
Lidrog,,1215,1169485,6
Ethera,,783,1169474,4
Kaoru,,796,1169470,1
Revenge,,636,1169453,0
Etheg,,640,1169452,3
Care,,1137,1169446,7
Brilliant,,865,1169443,1
Idunrak,,744,1169437,7
Sishole,,1023,1169434,6
Fireburst,,790,1169432,1
Syulatov,,1018,1169428,8
Casheke,,1182,1169425,2
Rivi,,830,1169422,7
Djura,,1280,1169418,2
Krhero,,1386,1159719,2
Buvok,,1241,1159707,0
Hunterbro,,1135,1159685,8
Sprulnator,,1051,1159652,6
Chen,,882,1159628,7
Agrozek,,861,1159618,1
Chinazss,,1346,1159588,8
Kkkhk,,683,1159574,3
Chinagcx,,1556,1159563,3
Rejuk,,1100,1159536,7
Mony,,1281,1159523,5
Livrara,,724,1159511,2
Egalla,,567,1159423,3
Anewbug,,1256,1149636,5
Phoenix,,1219,1149572,7
Vezel,,912,1149531,2
Ladycat,,1021,1149474,2
Theone,,781,1149453,2
Anatol,,737,1149450,2
Ilohi,,1541,1149448,1
Zzzz,,1178,1149420,4
Adom,,547,1149410,3
Bronze,,1545,1139582,4
Maxim,,1022,1139573,0
Taeyang,,1271,1139568,6
Ocel,,895,1139553,6
Veze,,1498,1139522,1
Zaren,,1047,1139519,2
Borke,,1053,1139516,2
Bandoska,,1070,1139496,0
Jibe,,776,1139492,5
Agetha,,811,1139484,3
Zake,,1142,1139479,5
Omim,,1478,1139464,0
Tatha,,883,1139462,5
Janja,,1189,1139449,14
Bseou,,1005,1139407,2
Luci,,826,1139402,4
Sosocool,,1078,1129553,5
Kanjui,,1030,1129537,3
Rubin,,1669,1129510,3
Otim,,872,1129490,1
Ogrohi,,1136,1129483,3
Krjhr,,870,1129467,6
Huba,,930,1129466,12
Teri,,1003,1129456,11
Lethoka,,1342,1129438,15
Avrova,,818,1129433,8
Kusha,,854,1129433,3
Matrikor,,837,1129417,1
Itheve,,772,1129416,7
Homa,,662,1129416,2
Aurra,,859,1129412,4
Davies,,525,1129409,8
Imena,,755,1129406,3
Ithatha,,1494,1119611,1
Zoveve,,1026,1119586,2
Colorado,,1118,1119581,0
Ednozi,,972,1119538,4
Ngao,,935,1119538,7
Amani,,1068,1119534,16
Ojad,,617,1119510,0
Gevi,,626,1119498,2
Sedrisb,,1063,1119485,2
Sapphire,,1174,1119477,0
Uschi,,1076,1119473,1
Rasta,,1609,1119472,7
Orciz,,810,1119466,2
Arcel,,702,1119463,3
Nenne,,1186,1119460,15
Chinaeca,,1221,1119457,8
Leon,,1156,1119455,13
Randomka,,646,1119453,3
Louis,,1165,1119441,10
Chaos,,1062,1119437,2
Cashcow,,893,1119419,4
Diablo,,711,1119412,0
Korea,,1411,1109729,0
Koreahyun,,1263,1109718,2
Bevan,,1073,1109709,1
Megamind,,1319,1109685,2
Clamdip,,911,1109676,2
Lazar,,1168,1109670,1
Seven,,1512,1109643,0
Sanca,,1181,1109638,0
Kadna,,1179,1109625,1
Arun,,1542,1109621,6
Sickmyduck,,1038,1109607,1
Ehogra,,1755,1109587,6
Akava,,844,1109583,3
Ivut,,848,1109580,1
Rugosi,,1164,1109575,1
Okuron,,708,1109573,4
Kasek,,1302,1109562,3
Suca,,565,1109559,10
Kayshara,,1103,1109546,1
Bedrishi,,556,1109537,0
Teroman,,954,1109535,1
Shroud,,753,1109534,2
Chinagood,,773,1109530,0
Sini,,869,1109527,4
Heran,,613,1109522,0
Zanna,,883,1109511,5
Ibille,,1325,1109510,10
Kratzke,,767,1109498,6
Thori,,1161,1109498,5
Duck,,984,1109496,11
Sryu,,818,1109495,6
Akima,,695,1109493,3
Icland,,638,1109475,4
Isera,,778,1109457,7
Liangsui,,861,1109457,13
Koreanbin,,944,1109453,8
Pushholdru,,969,1109451,5
Koreakk,,1262,1109445,3
Nadrot,,955,1109431,3
Pikachu,,644,1109426,6
Hakan,,533,1109422,1
Rudfeld,,1008,1109408,9
Cuckqueen,,681,1109403,8
Bluemoon,,1037,1099608,4
Robol,,586,1099608,2
Eshug,,612,1099484,6
Illyria,,900,1099474,4
Renwu,,526,1099463,3
Bonome,,1000,1099437,2
Rezet,,507,1099431,8
Sagurga,,538,1099416,11
Shimmy,,772,1099412,4
Krizsi,,1094,1089679,1
Altheo,,1047,1089593,0
Luce,,623,1089592,4
Country,,923,1089570,1
Chinaluo,,1166,1089561,7
Saza,,1556,1089556,1
Izuci,,1147,1089541,1
Ktotoshka,,1189,1089515,5
Kizi,,1060,1089505,3
Ruirodru,,1223,1089495,11
Charon,,640,1089491,4
Ruhedna,,818,1089485,4
Seka,,610,1089474,10
Ciji,,749,1089462,9
Fonix,,1514,1089456,4
Cazi,,1182,1089450,2
Jader,,858,1089440,2
Yade,,1086,1089439,1
Bareci,,535,1089437,12
Gikivi,,615,1089422,0
Lunati,,1016,1089418,1
Ennave,,945,1089410,3
Orirkes,,940,1089406,1
Halfdan,,942,1089403,3
Reek,,1262,1089402,6
Tempo,,885,1079599,1
Batuin,,1111,1079590,2
Zaranni,,804,1079554,4
Osat,,932,1079551,5
Chunky,,791,1079544,2
Aijala,,451,1079531,3
Bacebe,,813,1079526,4
Fiddler,,803,1079519,1
Dimoba,,783,1079516,6
Hejosha,,584,1079515,0
Skua,,1219,1079511,0
Bangzisb,,743,1079509,10
Azahe,,1059,1079502,7
Coinslot,,680,1079500,1
Sarzez,,692,1079482,0
Ataz,,459,1079480,3
Luna,,885,1079479,3
Bhunter,,786,1079479,1
Yarikstrel,,680,1079477,1
Eted,,604,1079470,5
Bounty,,1112,1079463,4
Kikax,,550,1079462,3
Echujevent,,719,1079458,3
Nickolas,,862,1079441,0
Copernic,,1010,1079430,5
Summer,,1094,1079427,10
Hocruxthre,,705,1079426,1
Tangbear,,624,1079424,6
Juny,,867,1079417,7
Buba,,557,1079408,1
Brynnnnnnn,,786,1079405,9
Name,,935,1069622,4
Chinajun,,1089,1069562,5
Nobu,,954,1069555,0
Nickins,,760,1069527,2
Bigim,,857,1069526,3
Erunre,,638,1069515,8
Cylllka,,1161,1069515,3
Mcneil,,522,1069514,8
Ethmeralda,,1151,1069512,2
Limunan,,446,1069505,0
Dishid,,527,1069492,3
Osheri,,901,1069480,1
Sophia,,677,1069480,1
Eventually,,810,1069475,0
Vona,,669,1069471,1
Gggfr,,556,1069470,2
Shootbang,,858,1069447,2
Hibog,,669,1069431,3
Oversider,,1221,1069425,7
Athad,,544,1069423,5
Horti,,742,1069423,8
Dragonaut,,542,1069422,5
Strika,,725,1069420,2
Duon,,806,1069415,0
Warshock,,880,1069411,2
Timmy,,919,1069411,10
Gginindeyo,,392,1069405,6
Magra,,860,1059783,5
Sini,,800,1059745,2
Lana,,1176,1059715,0
Ancientace,,1093,1059694,5
Avene,,890,1059677,2
Bronzyd,,704,1059632,3
Onan,,1696,1059629,3
Koreahon,,1181,1059627,0
Geci,,908,1059626,1
Hahoz,,621,1059620,4
Miseran,,952,1059612,2
Emili,,852,1059611,0
Crow,,688,1059610,3
Boss,,986,1059609,2
Thor,,638,1059600,4
Edos,,1448,1059596,6
Hydrolic,,1014,1059591,0
Miastavia,,592,1059576,3
Boer,,413,1059567,6
Ffffff,,679,1059564,0
Kunese,,660,1059564,5
Pagol,,991,1059550,9
Sevil,,1012,1059524,4
Punisher,,482,1059496,3
Jaral,,678,1059494,1
Geke,,697,1059493,3
Lashek,,823,1059491,8
Cegus,,652,1059490,7
Ofradnun,,920,1059490,3
Ladin,,472,1059489,0
Lucretia,,597,1059486,3
Fendy,,555,1059478,1
Boadwiass,,572,1059468,9
Luda,,705,1059467,14
Ishum,,449,1059466,9
Kazuz,,685,1059464,1
Bifflette,,474,1059461,4
Tobafra,,899,1059447,4
Mieka,,693,1059445,0
Spring,,514,1059408,9
Bongkor,,885,1049719,0
Arines,,643,1049657,10
Anren,,824,1049640,8
Kimstar,,1005,1049591,1
Takrun,,1084,1049588,1
Snipershoy,,268,1049576,0
Sevraiah,,607,1049525,3
Varidi,,508,1049512,4
Hivre,,517,1049484,0
Vabed,,662,1049425,2
Hida,,603,1049411,5
Base,,895,1039645,1
Korcccc,,888,1039622,3
Heosoo,,656,1039594,4
Ddaok,,932,1039544,0
Zchao,,766,1039528,0
Bagiraru,,899,1039522,1
Nitat,,575,1039513,5
Primekr,,883,1039506,3
Batya,,791,1039506,2
Nobik,,720,1039505,3
Alebros,,1090,1039500,6
Fire,,726,1039499,2
Darklight,,922,1039485,0
Korea,,708,1039477,2
Nefraz,,665,1039474,2
Quiet,,762,1039471,8
Bounty,,663,1039470,0
Gatija,,585,1039467,7
Iket,,1175,1039465,0
Sandokan,,1006,1039457,2
Lige,,602,1039456,4
Cemavra,,409,1039453,3
Jebadlo,,689,1039444,1
Sirke,,685,1039435,2
Chigger,,886,1039432,1
Trinity,,442,1039430,1
Ishid,,733,1039421,0
Ovrugi,,793,1039408,0
Cordy,,784,1039405,2
Dearling,,741,1039401,4
Sisi,,704,1029633,1
Eshillos,,743,1029589,6
Pewpewpew,,613,1029575,1
Dillasing,,381,1029564,4
Denra,,861,1029543,7
Ichid,,429,1029530,7
Submiaka,,860,1029498,6
Icyhunter,,892,1029492,4
Girzibra,,783,1029475,1
Dajiji,,609,1029470,4
Lees,,456,1029452,5
Alex,,844,1029450,2
Jorul,,362,1029449,6
Hiei,,520,1029441,17
Cantik,,647,1029430,1
Atin,,407,1029427,0
Konoshi,,608,1029426,6
Omonnim,,527,1029420,4
Ryumon,,929,1029414,2
Maemae,,495,1029412,6
Kerzi,,503,1029408,15
Gejzak,,659,1029402,1
Egraza,,898,1019677,1
Bernsy,,601,1019652,2
Reani,,627,1019637,4
Xiaonuan,,990,1019603,3
Woosanghun,,841,1019562,4
Katie,,905,1019562,6
Vakodna,,917,1019554,1
Bandit,,909,1019550,2
Rutagan,,890,1019545,6
Somehow,,860,1019524,3
Night,,526,1019517,6
Dirza,,458,1019503,2
Hidochi,,573,1019502,12
Amami,,621,1019495,4
Harrypot,,1047,1019492,1
Ggongina,,722,1019491,5
Tedmosby,,878,1019483,4
Grimmjow,,617,1019475,5
Maxzh,,860,1019472,11
Sevam,,498,1019456,3
Evik,,357,1019434,5
Killer,,756,1019433,4
Nume,,410,1019431,1
Zedruda,,665,1019430,8
Aroce,,662,1019426,2
Artigik,,901,1019423,1
Vasek,,614,1019421,5
Zerg,,661,1019421,0
Dannedoz,,863,1019420,8
Namaku,,1053,1019418,2
Itiha,,390,1019416,1
Zihon,,781,1019415,1
Tele,,621,1019409,2
Kake,,745,1019405,4
Ecalot,,1169,1019405,0
Tronze,,642,1019400,3
David,,962,1009852,0
Adrug,,973,1009842,0
Tgmken,,1206,1009812,3
Como,,690,1009805,5
Bakrovi,,808,1009801,3
Destroy,,1015,1009785,7
Dafeiji,,909,1009761,0
Deran,,918,1009759,0
Ederzal,,334,1009750,2
Bellevue,,1080,1009745,1
Aurora,,392,1009710,5
Corerupted,,350,1009709,0
Fluffytime,,846,1009706,1
Chop,,925,1009697,0
Logo,,877,1009694,0
Ginsora,,681,1009687,3
Eventgirl,,809,1009684,1
Lashobra,,709,1009684,1
Chinaniu,,724,1009683,0
Kigrorga,,711,1009673,0
Geralt,,740,1009670,0
Kovoji,,942,1009666,3
Lucian,,498,1009657,4
Kesudre,,1156,1009653,2
Benvn,,708,1009649,1
Honora,,801,1009647,1
Rukola,,850,1009644,0
Lene,,657,1009640,2
Akisa,,840,1009638,2
Cibrobi,,974,1009637,4
Aies,,797,1009635,1
Hamsolo,,473,1009631,2
Ehata,,595,1009630,3
Irzoreg,,569,1009627,1
Cassia,,804,1009626,1
Ebrunoz,,1111,1009625,1
Koreayoung,,645,1009624,2
Zurdi,,867,1009621,3
Chinaliu,,687,1009621,5
Slingshot,,692,1009620,1
Delbert,,968,1009620,3
Eventdude,,830,1009620,4
Koreading,,993,1009613,2
Nice,,436,1009611,3
Sibaljot,,428,1009611,3
Omarel,,733,1009600,4
Sabimi,,660,1009600,0
Sora,,1006,1009600,1
Obrerki,,546,1009599,2
Rake,,781,1009597,3
Koreamiaka,,887,1009594,5
Icak,,856,1009591,5
Frank,,299,1009590,3
Irojim,,1113,1009590,5
Dauphuran,,378,1009586,2
Erdavris,,567,1009585,7
Vayne,,899,1009583,4
Nollare,,859,1009579,4
Jarge,,682,1009577,9
Asuka,,751,1009576,2
Sova,,707,1009573,4
Tyrion,,629,1009573,4
Zick,,890,1009571,0
Sivel,,849,1009571,7
Vevrava,,666,1009565,5
Donrin,,473,1009564,2
Marduk,,533,1009562,1
Iteg,,821,1009560,4
Emitum,,454,1009559,0
Idrokra,,453,1009559,6
Chinaya,,838,1009545,3
Lsanb,,703,1009543,2
Liralei,,1027,1009540,1
Sibel,,537,1009536,5
Gesa,,526,1009534,1
Arkit,,681,1009534,4
Ercid,,449,1009534,3
Agrin,,663,1009528,5
Hidneve,,1013,1009527,14
Koreaban,,934,1009527,10
Ovraz,,711,1009527,4
Elligre,,563,1009523,0
Gunner,,444,1009521,2
Shadow,,479,1009515,3
Aquanowban,,736,1009515,2
Misslead,,519,1009515,6
Ovuka,,376,1009514,3
Bang,,685,1009514,10
Colin,,811,1009514,5
Robb,,574,1009512,2
Jambii,,477,1009512,0
Otozun,,631,1009506,4
Firestorm,,1157,1009505,2
Miniyoyo,,579,1009505,2
Tempest,,840,1009505,2
Jenny,,909,1009504,5
Delluje,,488,1009504,2
Zuizui,,642,1009502,6
Yumo,,353,1009501,1
Joel,,723,1009500,3
Kudniva,,637,1009499,0
Kimstar,,765,1009499,4
Jigglees,,462,1009497,6
Egrigori,,667,1009495,1
Hzjay,,715,1009494,5
Cara,,469,1009493,15
Ohicha,,667,1009492,4
Rennam,,531,1009490,2
Exaedra,,459,1009481,0
Mianus,,342,1009480,3
Hannahe,,433,1009478,2
Tigersage,,454,1009477,3
Kymura,,702,1009474,5
Rufara,,746,1009468,1
Denefri,,975,1009468,2
Siri,,474,1009464,4
Mianmiant,,581,1009463,1
Glok,,511,1009461,0
Orzaz,,468,1009459,19
Izak,,640,1009457,1
Tazek,,513,1009453,5
Ochet,,759,1009448,4
Natita,,497,1009442,4
Abiz,,722,1009439,5
Aman,,822,1009439,3
Helena,,761,1009434,8
Villa,,328,1009432,13
Kaspar,,722,1009432,0
Toruk,,587,1009428,7
Hunter,,954,1009428,13
Elel,,571,1009420,8
Zate,,511,1009418,1
Girtud,,1148,1009413,7
Dugi,,586,1009411,7
Palko,,512,1009411,5
Apple,,685,1009411,1
Zerce,,420,1009405,4
Agice,,346,1009400,0
Chinaramos,,940,999655,0
Acurzot,,584,999614,7
Maryjane,,282,999606,6
Matata,,471,999539,1
Jedri,,620,999513,2
Deadeye,,906,999472,3
Enniban,,519,999470,1
Godzilla,,633,999417,3
Achit,,671,989593,3
Iris,,443,989583,4
Berze,,383,989561,0
Eventboi,,352,989543,7
Gzill,,991,989514,7
Happy,,582,989507,4
Paulo,,440,989499,1
Suli,,749,989495,3
Orgafri,,705,989491,4
Odraz,,423,989472,1
Einon,,683,989449,1
Rubeers,,945,989440,4
Cizeta,,576,989431,11
Kolacek,,880,989430,4
Netam,,773,989420,4
Lasaz,,745,979578,1
Ishbii,,684,979528,3
Kasan,,475,979486,1
Atona,,647,979481,8
Adutun,,592,979475,4
Tarka,,675,979475,0
Ellin,,518,979457,2
Canoniere,,527,979455,2
Avura,,426,979452,2
Zirdan,,493,979449,3
Hero,,588,979443,6
Deathspank,,896,979443,5
Novaroo,,704,979437,4
Nagrasa,,622,979436,2
Osat,,894,979432,11
Eragik,,548,979425,5
Ogrozik,,455,979419,3
Shotgunner,,637,979419,5
Igan,,537,979418,6
Huni,,1066,979416,2
Horsti,,443,979414,6
Lilyaldrin,,860,979413,4
Ceheka,,739,979411,6
Ovug,,661,979408,3
Cgcharlie,,781,979407,4
Wickgun,,756,979400,3
Success,,996,969787,3
Rubeast,,527,969694,1
Dukedra,,792,969663,1
Hvoltage,,383,969564,2
Pshooter,,536,969564,2
Sucevra,,448,969560,1
Husky,,860,969544,2
Allen,,871,969506,3
Enigma,,494,969480,0
Domino,,444,969476,1
Amuzek,,453,969475,3
Sashagrea,,856,969470,3
Cocos,,438,969469,3
Juggarphin,,390,969432,4
Jafroce,,427,969411,2
Hant,,432,969409,3
Jacal,,840,969400,1
Deca,,960,959789,2
Irene,,1018,959782,3
Rira,,954,959742,1
Certuf,,577,959726,0
Zuva,,939,959713,0
Okil,,445,959693,0
Cita,,688,959692,0
Ogukut,,826,959683,5
Dinida,,978,959654,1
Malwieder,,882,959652,0
Dalhari,,857,959638,5
Paulina,,657,959623,0
Gallenite,,462,959621,1
Holle,,455,959601,3
Kitsch,,539,959598,4
Vima,,702,959597,5
Azoshi,,399,959582,0
Romkak,,796,959574,4
Kenzi,,491,959570,1
Elluhul,,577,959558,3
Ecug,,714,959551,2
Jambalaya,,384,959541,3
Varyana,,809,959540,5
Nogam,,428,959529,1
Mama,,849,959529,0
Valentin,,580,959500,1
Zace,,826,959493,9
Magnus,,561,959493,0
Xanex,,684,959482,2
Kronus,,570,959477,15
Sotherge,,619,959475,3
Anbgoof,,387,959474,3
Jenam,,502,959471,1
Anadnez,,452,959471,2
Killah,,500,959469,2
Zzeellee,,315,959468,7
Murasame,,361,959459,5
Chomik,,408,959458,13
Donder,,773,959452,10
Cese,,535,959435,4
Illiz,,611,959434,9
Ezishun,,385,959431,6
Izeli,,640,959409,4
Muhasix,,328,959406,11
Squibble,,705,959406,1
Cinorte,,532,949591,5
Ejibe,,338,949558,5
Ifrathi,,534,949546,0
Odok,,335,949509,2
Riskit,,493,949495,13
Zeca,,502,949456,4
Othesos,,560,949451,6
Kunohe,,402,949450,4
Kalimah,,434,949436,7
Joeace,,351,949429,15
Rurina,,293,939562,5
Mazovsky,,629,939552,4
Tihiz,,453,939549,3
Demolla,,543,939537,0
Brigby,,832,939531,2
Jian,,647,939530,5
Trolol,,379,939529,1
Qfax,,375,939527,9
Hero,,577,939521,2
Buzaz,,809,939514,7
Biggun,,630,939512,2
Onan,,488,939508,7
Blood,,564,939508,7
Znnight,,391,939504,3
Khukhu,,376,939503,4
Sisoz,,377,939464,4
Event,,468,939464,1
Blitzy,,484,939462,5
Winner,,442,939456,5
Orkuces,,567,939450,2
Abroget,,549,939449,6
Tese,,437,939440,2
Drizzt,,609,939428,3
Vicktoria,,711,939423,0
Sinos,,399,939416,7
Gunz,,773,939410,11
Farketack,,434,939403,7
Hevat,,388,939402,3
Jfjjkel,,788,929613,4
Kuguche,,389,929562,0
Labi,,419,929554,0
Gunnercho,,485,929537,5
Amechen,,458,929513,5
Assasin,,275,929506,7
Gidnuk,,339,929502,8
Katniss,,421,929498,5
Talak,,285,929496,1
Rubi,,873,929493,0
Veshas,,340,929481,9
Vandal,,422,929479,4
Madnohi,,573,929474,4
Tesla,,532,929470,4
Hardcore,,751,929466,4
Jidri,,638,929457,3
Achaza,,405,929455,2
Wooluck,,620,929451,5
Ejachi,,439,929436,5
Whisty,,429,929434,2
Tahir,,378,929426,3
Zhal,,469,929423,0
Scarface,,532,929416,6
Elenoa,,451,929411,2
Agata,,505,929406,6
Kazize,,582,919783,0
Zomum,,612,919649,3
Adra,,408,919582,4
Asinine,,381,919575,4
Frostash,,335,919568,4
Clarity,,801,919567,3
Icifrit,,298,919549,4
Amazon,,612,919536,2
Mikumi,,528,919519,8
Ranneda,,398,919516,6
Dogg,,618,919512,5
Kivra,,354,919506,2
Itane,,435,919496,6
Abrad,,598,919485,6
Venera,,453,919483,5
Worick,,277,919483,19
Loveyou,,443,919463,0
Erzul,,604,919463,2
Klable,,501,919448,3
Ruta,,392,919443,3
Begat,,337,919440,3
Wailun,,440,919416,8
Taja,,404,919416,1
Zxcvbnm,,388,919406,3
Igonra,,781,909844,1
Golos,,587,909829,1
Yoyo,,752,909800,1
Ogani,,639,909799,1
Nerdot,,346,909791,1
Vladimir,,452,909776,0
Tata,,1127,909770,0
Hunren,,621,909761,0
Gold,,768,909748,1
Tirada,,505,909742,0
Erhiru,,873,909735,0
Rullurza,,490,909732,2
Hunter,,404,909727,3
Alery,,513,909724,2
Evone,,663,909722,4
Saha,,479,909704,2
Ruyoda,,933,909688,3
Nickrock,,740,909659,1
Jatid,,904,909655,0
Onnace,,300,909654,0
Gulun,,700,909645,2
Koreayou,,868,909624,1
Luojinshun,,444,909619,1
Lurde,,417,909619,10
Archon,,506,909618,1
Alizeeeeee,,813,909609,3
Thirteen,,782,909607,2
Ping,,467,909604,3
Splatzfrog,,445,909598,1
Finalfen,,593,909593,4
Hulla,,547,909591,2
Lpfire,,236,909590,6
Benri,,432,909588,5
Kethas,,520,909583,5
Rjasmine,,327,909572,0
Luberte,,484,909569,5
Nakamura,,248,909568,2
Didume,,291,909566,5
Shooters,,326,909565,0
Igishe,,418,909561,1
Athetha,,486,909560,1
Poker,,628,909556,0
Robin,,389,909556,4
Jankface,,1136,909554,6
Truble,,475,909554,0
Dashka,,510,909551,1
Ivoz,,419,909550,2
Vaza,,227,909546,0
Avog,,365,909544,0
Vesati,,454,909537,3
Youxuemi,,304,909525,21
Eros,,523,909524,1
Ashurdog,,681,909519,4
Sola,,561,909513,4
Rege,,443,909513,10
Arthrogate,,538,909510,3
Yosbitwo,,835,909508,2
Souliv,,352,909495,1
Lusinda,,335,909494,6
Wxcvbn,,266,909493,2
Diomarcio,,673,909493,8
Heyizai,,612,909492,1
Legoteets,,275,909490,2
Mabara,,359,909481,5
Beamon,,295,909473,4
Gunridni,,446,909463,2
Somenna,,421,909459,2
Ovreg,,514,909456,1
Buja,,382,909451,8
Shoty,,357,909450,9
Eventina,,375,909434,9
Loki,,249,909430,7
Orguz,,736,909429,2
Okerzen,,369,909429,12
Olid,,564,909423,9
Cometes,,363,909421,2
Diabloman,,291,909420,0
Vekishi,,360,909415,0
Anagra,,553,909413,6
Wonney,,656,909410,2
Abed,,193,899657,10
Melisa,,466,899606,2
Bodora,,379,899597,0
Humi,,565,899596,1
Edes,,322,899553,1
Saamyia,,291,899519,5
Dykim,,840,899518,2
Avruce,,377,899497,0
Abot,,780,899476,0
Fullauto,,554,899472,2
Ketom,,294,899468,20
Ezola,,288,899420,9
Lowca,,466,899412,3
Otane,,317,899405,2
Odarzom,,564,889594,2
Ednera,,427,889582,2
Ithava,,590,889569,2
Rikin,,695,889541,4
Aegon,,243,889531,7
Mujung,,555,889529,5
Madd,,421,889523,0
Avremig,,291,889523,4
Olam,,273,889520,7
Kinkaid,,524,889506,1
Acese,,272,889502,0
Nirdini,,372,889481,1
Leliba,,579,889477,0
Zero,,361,889473,8
Akas,,229,889472,5
Berdak,,596,889468,0
Harvester,,298,889456,2
Zurgel,,375,889449,2
Ladut,,393,889443,1
Maddmax,,606,889436,3
Hohoman,,612,889429,6
Goyjira,,400,889428,7
Bobeg,,375,889419,2
Marceg,,469,889416,1
Sanid,,329,889415,5
Anvill,,426,889410,4
Ruba,,728,889407,1
Sssss,,608,889403,4
Osog,,623,889403,1
Insane,,258,889402,3
Chinazqh,,612,889402,4
Chaos,,253,889400,10
Isave,,284,879632,5
Bang,,277,879610,1
Rucini,,990,879603,1
Ohom,,524,879587,1
Vothaz,,469,879584,2
Ehct,,521,879578,1
Inrorik,,313,879563,3
Koreankmb,,744,879551,0
Amedra,,259,879508,3
Karte,,380,879495,2
Meshisha,,360,879495,0
Bajug,,340,879487,1
Suthol,,273,879478,12
Lumen,,338,879470,7
Lechek,,441,879469,5
Granger,,322,879469,8
Ehus,,300,879457,6
Rubik,,821,879456,3
Fhaey,,329,879453,9
Olloshe,,368,879453,4
Latino,,411,879448,4
Dexter,,648,879448,5
Adnoz,,411,879438,3
Rita,,507,879410,1
Mukok,,353,879409,3
Selastraga,,541,879402,10
Alid,,724,869669,1
Joojooya,,663,869572,3
Dougie,,536,869540,1
Bitlix,,246,869518,3
Bubullee,,587,869497,4
Ehad,,543,869495,15
Ittvagyok,,456,869494,8
Ecoboz,,314,869493,12
Sephia,,292,869492,0
Buluma,,184,869491,7
Genit,,431,869462,2
Littlecat,,367,869459,2
Abunril,,325,869451,2
Araxe,,367,869423,2
Mooi,,447,869416,4
Buva,,507,869409,1
Ariris,,406,859866,0
Diji,,1027,859849,1
Libe,,756,859827,0
Honra,,671,859826,0
Sushe,,393,859777,0
Nange,,618,859764,2
Orcil,,510,859731,0
Nela,,354,859723,13
Jagoce,,840,859705,0
Lusog,,482,859702,0
Nashi,,746,859701,0
Hojashe,,582,859699,1
Ralasha,,246,859681,3
Ibuza,,619,859671,0
Elaine,,235,859667,2
Ivrubri,,271,859643,4
Vsempizda,,354,859641,13
Coco,,674,859626,2
Giza,,396,859623,0
Chinaziyun,,280,859622,1
Artasha,,491,859620,5
Sega,,337,859617,0
Acid,,539,859616,3
Bossbk,,262,859613,3
Bosslun,,354,859612,3
Bisu,,652,859612,3
Sizid,,371,859611,1
Adogrok,,500,859610,2
Becca,,797,859605,2
Dize,,257,859602,1
Ethez,,332,859593,0
Laracroft,,741,859589,2
Edim,,282,859585,8
Gurge,,511,859580,0
Chilly,,625,859580,14
Khalisi,,554,859573,3
Allen,,277,859564,3
Osum,,418,859564,0
Gorzi,,528,859558,3
Tobras,,418,859555,1
Vaha,,341,859542,1
Gary,,543,859541,2
Tuchiha,,222,859534,3
Violet,,358,859529,0
Vadnak,,376,859527,0
Anug,,306,859526,8
Nokohi,,352,859520,3
Daddio,,442,859518,0
Gerda,,369,859515,2
Yvette,,285,859511,1
Teneo,,404,859500,8
Duse,,289,859494,2
Samiamidis,,563,859493,0
Alese,,281,859489,1
Meduza,,299,859486,1
Maya,,335,859485,9
Jihe,,225,859459,6
Odroli,,451,859459,4
Atava,,331,859458,2
Rowena,,575,859451,5
Kenshi,,395,859440,14
Otil,,355,859432,3
Mindim,,273,859428,4
Pips,,293,859420,23
Alarul,,305,859420,2
Tishuk,,437,859419,4
Mary,,369,859412,1
Eventgnak,,404,859405,4
Cigalon,,390,859401,10
Jaha,,413,849648,5
Daemo,,268,849620,1
Naknak,,599,849602,4
Jenna,,711,849533,8
Enohi,,311,849532,2
Aciga,,458,849526,0
Othuz,,250,849516,14
Samusaran,,256,849495,2
Anbmilk,,240,849474,0
Liapka,,363,849461,4
Flexit,,268,849453,6
Tirdi,,453,849442,13
Jaden,,385,849439,7
Goreloxx,,514,849418,11
Orange,,309,849414,8
Xavi,,256,849403,3
Annize,,273,839681,6
Tumoji,,581,839662,1
Bennella,,421,839652,0
Zaraki,,356,839608,1
Tagon,,592,839595,2
Ethujot,,246,839580,4
Cali,,460,839578,9
Arcok,,302,839572,0
Mercan,,377,839571,3
Deity,,260,839552,5
Cici,,344,839551,3
Saksri,,556,839534,2
Elokre,,219,839523,4
Lerkel,,355,839519,0
Adrazos,,457,839515,3
Buthuz,,491,839495,5
Ritheni,,241,839493,4
Odogri,,694,839489,0
Damn,,234,839477,2
Newbecrash,,415,839472,4
Ezun,,294,839469,7
Cillufri,,424,839466,0
Sovl,,398,839463,1
Sellun,,294,839461,4
Genri,,574,839460,3
Dorko,,552,839456,2
Ajus,,431,839455,1
Ledi,,524,839452,1
Kuvrat,,293,839438,4
Ellud,,521,839430,0
Blyadb,,425,839422,4
Garya,,344,839419,4
Tolli,,386,839412,2
Eventic,,462,839406,1
Tidol,,470,839404,3
Juby,,327,839403,4
Turda,,212,839402,6
Tashika,,315,839401,0
Jyoba,,398,829671,1
Ikimit,,330,829628,3
Grizzle,,245,829626,1
Rejaz,,387,829619,5
Trampanah,,379,829618,6
Ecuban,,595,829576,0
Eldisa,,271,829573,0
Dirka,,357,829554,13
Akeji,,274,829549,5
Ogushum,,333,829533,0
Isorzel,,562,829526,1
Marfang,,270,829526,0
Luke,,299,829519,2
Zenzenzen,,439,829512,5
Uther,,292,829492,10
Kuman,,453,829488,0
Lyriel,,304,829481,8
Hunter,,302,829480,0
Cryingfree,,498,829473,4
Ursella,,305,829471,3
June,,279,829468,0
Suchin,,250,829445,2
Ezivol,,236,829424,24
Edem,,728,829422,1
Liliana,,296,829419,0
Hooplah,,296,829407,2
Moeve,,579,829404,1
Cadithi,,264,819692,8
Nicol,,621,819568,3
Micia,,289,819562,4
Libeba,,251,819552,3
Gurze,,278,819549,3
Eileen,,181,819525,2
Korde,,287,819507,11
Ooomoo,,282,819506,3
Arin,,281,819496,13
Mircathi,,464,819495,11
Cosmo,,401,819478,3
Cole,,283,819468,7
Tathe,,446,819466,3
Xavier,,341,819465,4
Zadna,,774,819456,3
Masok,,460,819448,1
Ahivrud,,349,819448,10
Nathi,,366,819440,0
Klaus,,301,819415,2
Ecathez,,284,819408,4
Cadea,,716,809922,0
Quinn,,466,809885,0
Aaaa,,977,809880,0
Midachi,,814,809876,0
Havrek,,788,809872,1
Archangel,,363,809851,0
Stepa,,679,809828,1
Apex,,433,809806,0
Eshane,,451,809804,0
Kutet,,517,809803,0
Diablo,,381,809791,0
Gonuca,,498,809772,3
Amak,,409,809770,3
Ocirat,,624,809770,0
Trashcan,,251,809768,4
Weigga,,395,809766,0
Mong,,701,809763,0
Echoes,,363,809752,4
Rolro,,674,809741,0
Anianka,,627,809741,0
Xggininder,,394,809740,5
Zesim,,267,809729,0
Wind,,440,809728,2
Hoce,,737,809725,3
Ararzud,,431,809725,0
Jezebel,,458,809723,0
Force,,613,809722,2
Oboz,,442,809717,0
Katsuro,,520,809717,2
Acase,,365,809717,1
Inenna,,546,809714,0
Rapunzel,,448,809710,0
Tiba,,362,809706,11
Ekum,,523,809704,0
Vufrerde,,300,809697,4
Ariee,,543,809696,0
Gunnun,,421,809695,0
Libi,,283,809695,1
Jola,,823,809694,1
Atathe,,272,809694,5
Gisos,,275,809687,3
Akot,,187,809685,0
Nukok,,461,809683,0
Inrehek,,174,809682,1
Sini,,459,809682,5
Itubi,,452,809680,1
Amalot,,235,809679,0
Jovi,,255,809679,2
Desira,,596,809678,0
Nameless,,240,809677,3
Bang,,739,809667,1
Zzzzzc,,373,809666,0
Niji,,218,809661,5
Eventer,,188,809660,4
Moona,,256,809659,15
Zacam,,265,809659,1
Ecazsaint,,428,809658,6
Xinary,,328,809653,0
Lushace,,625,809651,1
Sigi,,524,809650,4
Korearikim,,350,809650,2
Itet,,200,809649,1
Besut,,332,809647,3
Gehi,,229,809647,0
Rizae,,370,809646,0
Drugerr,,574,809644,3
Chirpins,,687,809643,2
Tomate,,441,809639,1
Agol,,351,809637,0
Inoba,,361,809635,1
Olucam,,464,809631,1
Ertituz,,434,809629,5
Gadri,,326,809620,5
Erowyn,,484,809616,1
Myrmi,,524,809609,1
Nalli,,268,809608,3
Boinne,,381,809605,5
Niri,,243,809602,0
Gonranhae,,507,809602,2
Frannanb,,598,809599,0
Oburi,,265,809598,0
Omuda,,324,809597,3
Vercaz,,369,809589,1
Kota,,197,809589,0
Greenkemi,,323,809588,8
Silenced,,302,809586,0
Vuges,,233,809585,3
Lordosi,,231,809585,3
Margot,,698,809580,3
Password,,216,809580,1
Ardut,,281,809577,3
Ethez,,284,809570,9
Asok,,277,809566,3
Irana,,238,809558,2
Efrirti,,343,809555,3
Miki,,427,809554,12
Icesa,,580,809551,0
Oshon,,537,809548,2
Eciri,,355,809546,0
Katrin,,312,809543,1
Kosa,,454,809542,0
Katrina,,320,809538,0
Tithon,,297,809537,1
Lolo,,388,809537,3
Lemog,,297,809537,0
Grindy,,270,809536,2
Gomshot,,519,809536,1
Kerberos,,285,809534,0
Atticus,,420,809532,3
Inverted,,555,809528,16
Sudo,,359,809528,3
Zidi,,411,809526,18
Pelmeshka,,188,809523,8
Ocortit,,326,809522,1
Foxxy,,430,809521,0
Icot,,407,809520,0
Velume,,274,809514,5
Diego,,419,809514,7
Alona,,309,809513,0
Deshat,,250,809511,2
Dominion,,308,809508,3
Arkal,,334,809508,0
Praedor,,343,809497,1
Nanit,,662,809493,1
Almostdark,,421,809490,0
Trialch,,270,809484,4
Jome,,333,809480,4
Titan,,811,809473,2
Denez,,329,809472,6
Zogra,,499,809466,2
Edwina,,249,809463,1
Boosh,,430,809463,13
Gustav,,825,809458,3
Edetam,,325,809457,2
Bembis,,328,809456,3
Eufrasie,,271,809452,4
Ordog,,392,809449,3
Eminnem,,412,809449,2
Lallovi,,327,809449,0
Asun,,330,809447,4
Dade,,326,809444,4
Shadow,,339,809444,2
Mane,,294,809443,1
Dristoed,,272,809440,13
Fkhh,,238,809429,14
Rebiz,,235,809420,6
Jarigi,,312,809417,8
Alluk,,254,809411,7
Ehin,,327,809408,18
Erzoshi,,463,809408,3
Queenely,,215,809405,0
Eres,,360,809403,6
Nahema,,385,809402,3
Tina,,191,799689,1
Likri,,385,799553,11
Ebun,,317,799521,3
Eventguy,,305,799514,10
Blachara,,318,799509,4
Danilis,,285,799504,0
Zaraa,,315,799467,4
Koreajuni,,345,799457,5
Lulut,,214,799456,2
Erud,,349,799418,3
Dudu,,630,799410,9
Lime,,223,799402,8
Vedes,,270,789603,1
Odin,,326,789594,0
Orzem,,262,789581,2
Phantom,,281,789580,7
Dimunnyu,,291,789555,1
Zzanggu,,524,789550,0
Tashe,,206,789544,1
Hekate,,513,789524,7
Gerda,,199,789521,0
Catelyn,,457,789482,10
Tateg,,306,789479,7
Mute,,262,789471,2
Lonreli,,267,789469,3
Melam,,278,789469,0
Goldguaold,,563,789466,7
Srap,,252,789465,3
Itot,,305,789450,1
Eshigos,,445,789445,1
Kinusi,,381,789443,2
Aries,,259,789442,5
Rose,,291,789439,4
Morfee,,340,789435,9
Nella,,632,789417,3
Teideone,,244,789415,0
Trish,,250,789414,2
Schneider,,513,789410,0
Hoshergi,,542,789405,7
Mothe,,287,789402,1
Cebi,,313,779722,2
Natia,,535,779715,2
Abcd,,390,779595,11
Orcos,,280,779588,0
Gunner,,147,779580,3
Freja,,147,779566,5
Desha,,370,779565,1
Modrug,,502,779563,2
Alhisha,,250,779538,0
Nurihi,,395,779538,2
Odefra,,266,779524,0
Inura,,237,779517,2
Arkamul,,227,779487,2
Nufrese,,248,779482,0
Paul,,353,779478,5
Kyhn,,326,779475,0
Kivra,,239,779474,5
Omina,,288,779471,3
Bingyun,,235,779459,0
Skairippa,,270,779455,2
Felyn,,414,779447,13
Teresa,,371,779441,3
Strudel,,358,779435,2
Vugun,,346,779432,6
Hanna,,414,779419,7
Hodegra,,444,779417,1
Slashdog,,250,779406,10
Jajona,,381,779402,15
Nehek,,267,769678,2
Taesu,,226,769598,2
Pintas,,240,769594,0
Boomboobs,,336,769575,4
Alim,,426,769558,5
Nokre,,288,769555,4
Cethis,,239,769550,3
Goma,,233,769547,4
Vorzes,,303,769547,2
Sheiya,,278,769537,13
Jane,,371,769505,4
Snake,,275,769498,2
Amut,,226,769493,4
Likrace,,185,769479,4
Adol,,386,769479,2
Anromoz,,397,769469,4
Jynnkiva,,301,769466,8
Ogig,,638,769455,2
Calliope,,627,769441,3
Lucik,,359,769439,10
Aydan,,231,769429,3
Orgithid,,444,769424,9
Kahek,,240,769423,4
Ivotun,,384,769423,3
Idrohi,,242,769420,6
Urka,,232,769419,5
Lordbills,,419,769414,0
Atudra,,394,769409,2
Hajude,,310,769402,0
Triss,,285,769401,1
Adalil,,592,759888,0
Shot,,982,759876,0
Turka,,891,759872,0
Chinaczz,,642,759844,1
Hathez,,453,759841,0
Ahasi,,327,759813,0
Joci,,283,759779,0
Lovras,,384,759775,0
Gane,,344,759759,0
Ocetid,,479,759749,2
Arigri,,561,759739,1
Vubi,,202,759727,1
Sothekra,,372,759722,3
Gagaze,,315,759720,3
Lekra,,512,759714,1
Baba,,564,759713,4
Atheral,,417,759704,0
Coma,,374,759688,0
Christina,,369,759681,0
Blank,,220,759679,0
Vanjosh,,285,759672,0
Ryeee,,296,759661,1
Keva,,374,759658,1
Nekum,,315,759656,0
Sludge,,446,759655,4
Heda,,460,759645,1
Achebed,,212,759641,0
Gevrug,,314,759640,3
Papa,,336,759639,0
Empyy,,383,759639,3
Lille,,263,759638,0
Ajek,,252,759632,0
Bira,,229,759626,3
Ohud,,397,759623,0
Hitare,,369,759618,0
Behead,,246,759612,0
Blade,,568,759603,2
Etobi,,183,759594,3
Ehedod,,666,759592,4
Agus,,378,759586,0
Zenegre,,304,759584,2
Hadra,,204,759579,8
Reknor,,288,759579,3
Kela,,282,759569,1
Posi,,185,759567,15
Xand,,422,759561,13
Leemon,,334,759556,11
Irgasud,,227,759556,6
Dega,,361,759556,1
Dingus,,176,759550,2
Ironic,,262,759538,0
Deza,,188,759538,5
Roni,,341,759535,0
Rakid,,296,759534,6
Icol,,243,759524,4
Shockwave,,285,759519,5
Nekomayuki,,341,759519,2
Booboo,,478,759513,5
Bambino,,221,759512,3
Aksa,,348,759498,1
Sellfor,,262,759495,12
Versus,,200,759489,2
Londa,,281,759487,6
Krayg,,354,759486,9
Elurus,,174,759482,3
Eliteshot,,352,759477,3
Idnul,,259,759474,17
Blake,,340,759463,2
Omarimu,,349,759460,0
Matan,,212,759454,2
Revra,,328,759454,0
Richwulf,,355,759446,0
Acirtal,,330,759444,0
Tiff,,337,759432,3
Hunter,,271,759417,0
Juche,,328,759401,8
Zaze,,201,749637,3
Herothree,,447,749600,1
Zove,,243,749595,14
Irzas,,214,749578,10
Ashoka,,171,749515,5
Aardbeitje,,280,749506,13
Eagleeye,,445,749504,4
Spartan,,240,749493,8
Azuna,,238,749491,11
Rush,,229,749489,0
Zuka,,341,749484,2
Riza,,364,749478,6
Edwud,,384,749459,11
Nige,,352,749454,7
Lovura,,191,749452,6
Event,,264,749451,12
Girl,,256,749449,6
Ebrukom,,722,749436,3
Mihi,,255,749428,2
Snipeshot,,279,739718,4
Lesley,,266,739672,1
Curi,,192,739648,4
Nefroli,,224,739614,1
Cegruthi,,222,739608,1
Lela,,209,739600,0
Elysiandc,,587,739579,2
Imaz,,260,739574,6
Boogeyman,,373,739556,3
Escape,,223,739553,1
Amathek,,148,739550,12
Killed,,558,739542,4
Eshol,,279,739538,3
Kirkonri,,376,739534,1
Gesil,,400,739531,2
Event,,237,739531,0
Azerotta,,299,739528,0
Theecreep,,280,739517,7
Acinez,,353,739512,2
Jebe,,234,739489,1
Ikavi,,237,739487,6
Ulric,,483,739486,1
Erek,,240,739475,15
Omik,,262,739474,0
Ikusa,,258,739458,3
Tominni,,227,739456,2
Zenrod,,343,739452,1
Lolol,,202,739437,1
Ethetha,,426,739431,5
Tyrabussa,,268,739425,1
Ebisek,,339,739424,1
Zakuja,,268,739421,4
Heartbroke,,314,739406,6
Mroku,,203,739402,3
Evolution,,704,729886,1
Goldi,,208,729661,1
Rumo,,337,729642,4
Ziza,,338,729640,1
Ungpaeis,,315,729636,1
Fenix,,217,729607,2
Loci,,210,729579,1
Zura,,291,729573,7
Abit,,273,729564,5
Edrik,,474,729554,1
Innok,,192,729550,0
Alviss,,406,729542,12
Enrager,,294,729541,3
Cheeztard,,213,729525,3
Ajik,,212,729511,6
Emas,,224,729494,13
Ohanim,,339,729493,2
Sabaton,,287,729483,1
Murka,,384,729483,5
Kinen,,360,729475,0
Eventhero,,472,729465,2
Rabbit,,505,729452,1
Geten,,297,729440,0
Adela,,520,729439,12
Bangbang,,193,729409,1
Dilel,,579,719799,1
Tekril,,200,719767,2
Hidalle,,303,719691,2
Harakiri,,199,719690,1
Lika,,227,719686,3
Innava,,368,719643,1
Wildork,,139,719638,3
Juni,,162,719629,2
Cece,,186,719612,4
Azurite,,397,719561,0
Bandut,,377,719557,4
Jecky,,327,719550,2
Eclipse,,298,719550,2
Gilek,,280,719544,2
Bandit,,248,719529,3
Lucali,,305,719517,11
Gargoyle,,293,719513,4
Cejek,,349,719496,10
Llexl,,212,719478,1
Asircek,,286,719439,0
Knallkopp,,228,719426,4
Ethoge,,206,719417,8
Yeaaahassa,,502,709929,0
Hagige,,667,709896,0
Jellivi,,565,709863,0
Ahushes,,829,709862,0
Sfree,,516,709835,0
Omenrul,,845,709830,0
Jotak,,274,709830,1
Quadish,,253,709814,1
Elrith,,326,709809,1
Fartyturky,,332,709798,0
Kinnovi,,370,709788,1
Setus,,234,709781,2
Robin,,209,709778,0
Amyg,,310,709773,10
Ivan,,367,709766,0
Zinoz,,193,709754,3
Gathak,,253,709751,1
Ithishe,,517,709750,0
Sarze,,343,709747,1
Evuban,,207,709746,3
Gunre,,243,709738,2
Ballermann,,310,709730,0
Dici,,376,709726,2
Mesa,,378,709723,6
Khan,,217,709721,0
Joan,,518,709718,1
Nogrod,,503,709717,1
Othok,,351,709712,1
Pena,,521,709712,1
Cccc,,408,709709,1
Egathud,,433,709700,1
Vavas,,397,709699,0
Akirot,,169,709698,0
Idruve,,285,709692,4
Ibadre,,250,709692,0
Core,,361,709679,2
Koreanari,,208,709676,3
Loveluv,,426,709674,2
Succubus,,656,709674,0
Joga,,559,709672,6
Itefraz,,268,709672,0
Kissegg,,204,709667,2
Gornathan,,358,709657,4
Airgood,,411,709648,1
Ethan,,186,709646,0
Okud,,196,709639,0
Ibrece,,353,709635,0
Demmaqel,,386,709633,0
Odrulim,,315,709631,0
Osuze,,326,709623,0
Pakapaka,,164,709622,2
Phat,,240,709621,2
Cuzag,,232,709619,2
Athega,,510,709617,8
Ortegrad,,243,709614,0
Emoz,,178,709606,0
Killua,,215,709600,7
Twiiii,,470,709597,1
Ekude,,254,709583,1
Ichara,,185,709583,1
Kincade,,269,709575,0
Hoster,,303,709571,0
Misin,,479,709569,0
Rlys,,213,709567,2
Ebothe,,208,709558,20
Malupetics,,298,709558,0
Linen,,287,709556,0
Kinchu,,209,709556,1
Dudne,,223,709555,2
Tatar,,185,709551,10
Cemoz,,169,709550,2
Theillix,,148,709547,14
Nada,,301,709541,0
Ijama,,318,709537,0
Habe,,252,709534,0
Saveliy,,427,709532,4
Erme,,192,709529,9
Temethi,,208,709523,0
Cccgb,,322,709517,1
Fury,,644,709514,4
Illeana,,155,709513,7
Rugre,,267,709511,1
Begonna,,281,709508,1
Fatama,,392,709507,0
Arak,,407,709498,1
Pipsqueak,,202,709496,3
Idon,,224,709493,9
Okehug,,356,709489,7
Ircukon,,311,709488,2
Mentwa,,205,709479,2
Gunoppa,,218,709469,0
Ohes,,294,709464,4
Ivarde,,367,709463,4
Pewpee,,229,709462,10
Tosser,,325,709456,0
Imiral,,196,709452,0
Jesus,,299,709447,2
Roke,,205,709429,1
Shera,,264,709416,4
Juliette,,572,709414,3
Chinakaisi,,394,699703,1
Aresi,,339,699689,3
Xargos,,167,699577,6
Movi,,218,699559,5
Bilbo,,309,699554,4
Buce,,160,699550,11
Zero,,472,699534,7
Solave,,292,699518,1
Late,,242,699518,1
Gida,,437,699489,5
Nanamosa,,372,699467,1
Zhangchi,,227,699458,8
Ijigi,,228,699442,1
Sava,,191,699431,6
Bolot,,466,699425,2
Bebeshasho,,205,699404,1
Athobiz,,212,689698,2
Lolem,,287,689646,3
Edafre,,195,689643,1
Knutzak,,321,689616,0
Rorford,,232,689597,0
Siff,,183,689596,3
Savra,,421,689592,1
Nurka,,262,689587,1
Musuk,,290,689582,2
Noba,,292,689580,0
Jethi,,180,689577,4
Ejuk,,438,689575,4
Tunesi,,378,689565,10
Zerda,,172,689561,0
Hisha,,166,689557,4
Cosoz,,218,689556,5
Mystique,,163,689552,8
Ojih,,209,689551,0
Blazefutfk,,158,689546,4
Sssqqa,,195,689533,1
Goddness,,202,689527,1
Rovi,,270,689526,0
Doctor,,225,689526,1
Duce,,242,689523,1
Eduhos,,199,689519,7
Mezi,,256,689517,3
Legolas,,158,689514,4
Gogofo,,329,689510,6
Eventra,,185,689505,0
Erkut,,277,689487,5
Erumimoya,,302,689486,0
Ereke,,205,689472,1
Oziz,,316,689468,0
Sunamun,,325,689466,2
Xxreally,,167,689463,4
Amon,,194,689458,0
Oterged,,218,689458,7
Tahit,,387,689454,1
Egus,,298,689443,5
Ptug,,258,689440,4
Ygrilo,,260,689434,3
Tirkadi,,169,689433,8
Robava,,195,689432,0
Matteve,,259,689426,3
Bofreier,,281,689424,1
Chickensss,,280,689418,4
Lexzary,,185,689415,4
Gabryel,,351,689414,5
Buhit,,239,689412,4
Curtin,,190,689407,2
Calico,,244,679851,0
Oooooooo,,180,679714,2
Bigbb,,189,679678,0
Saribi,,284,679627,0
Gotti,,238,679621,2
Artemis,,123,679608,4
Hhong,,318,679607,0
Jackson,,227,679600,1
Vige,,247,679599,7
Alwidia,,213,679595,3
Zergon,,142,679585,0
Ozime,,246,679576,4
Tbone,,452,679562,1
Jerta,,231,679561,3
Tomcattt,,360,679559,5
Zonre,,225,679558,12
Xavier,,182,679556,3
Jidun,,175,679553,2
Irkici,,138,679550,9
Csipi,,275,679543,21
Jisal,,134,679525,6
Vallem,,195,679519,2
Oshadrom,,214,679517,5
Event,,270,679515,0
Xoaigun,,224,679512,3
Sunriot,,187,679511,2
Wwrawr,,253,679503,3
Tumi,,263,679492,2
Zinbad,,165,679492,7
Jami,,275,679478,3
Bordos,,322,679459,2
Katy,,219,679448,14
Sifrak,,287,679444,11
Illud,,102,679436,17
Byumiko,,285,679434,4
Sirocco,,222,679430,4
Moortuus,,279,679427,4
Nothem,,215,679421,14
Ddan,,445,679418,2
Fonfarri,,228,679416,1
Timerty,,236,679416,3
Culok,,246,679404,0
Zubeca,,325,679404,2
Lelle,,238,679402,7
Egriz,,352,669763,0
Drip,,100,669759,4
Pistolpack,,185,669699,2
Jadnithe,,299,669671,1
Nonickname,,392,669670,2
Hakunaman,,158,669662,3
Irdun,,229,669653,2
Valentine,,152,669624,1
Ebraka,,165,669623,0
Acennol,,219,669622,2
Inom,,240,669564,6
Muli,,215,669563,0
Isabella,,277,669542,0
Fotin,,198,669538,7
Eunchae,,126,669536,1
Kinrusa,,177,669532,13
Hganda,,305,669523,1
Amaten,,290,669518,9
Pipiska,,301,669496,3
Irkis,,164,669489,6
Malmal,,130,669480,1
Goatfish,,375,669477,1
Ecivra,,207,669476,3
Ovusug,,198,669472,9
Natheg,,152,669447,4
Leci,,146,669437,3
Agirze,,236,669436,3
Jertema,,221,669436,7
Pimmel,,404,669422,12
Magi,,255,669412,6
Lola,,251,669402,10
Ohaz,,822,659927,0
Egckats,,685,659858,0
Medoshe,,416,659854,0
Kokomo,,324,659808,0
Imashol,,241,659805,1
Midra,,432,659800,0
Rezi,,293,659798,0
Edik,,311,659795,0
Veszta,,529,659788,0
Arzehuz,,287,659768,0
Zuvebra,,196,659766,6
Arug,,324,659765,0
Laerfu,,187,659756,3
Vendetta,,175,659739,0
Ilod,,151,659727,1
Nuri,,142,659727,1
Missterry,,210,659727,0
Sibi,,301,659720,1
Lotria,,235,659712,1
Minica,,321,659712,0
Dogris,,101,659711,1
Didi,,277,659710,1
Dude,,237,659709,2
Dronezero,,371,659706,2
Manaki,,316,659700,1
Sniper,,216,659700,0
Aconim,,199,659697,1
Kathun,,306,659693,1
Ahurki,,142,659691,0
Othacat,,205,659690,0
Emulli,,121,659690,7
Ivent,,126,659689,6
Amazon,,229,659684,1
Amili,,166,659677,4
Lorenzo,,329,659673,0
Valla,,163,659665,1
Razor,,460,659663,0
Anigon,,141,659656,5
Azirciz,,290,659655,4
Athorca,,178,659652,0
Cannolla,,152,659652,0
Rolyat,,171,659649,2
Valkyrie,,316,659646,0
Gail,,254,659645,0
Burtem,,88,659645,10
Segrebre,,344,659641,0
Annug,,244,659638,2
Kare,,138,659638,0
Meltean,,243,659629,1
Ergonun,,188,659625,0
Christina,,373,659625,7
Adhaagus,,211,659624,2
Arya,,162,659624,2
Adriada,,149,659623,0
Cennin,,156,659622,1
Lisuti,,241,659620,0
Bemit,,208,659618,0
Erica,,183,659616,0
Eliakim,,339,659612,12
Henre,,171,659612,2
Beki,,255,659611,0
Space,,371,659610,0
Lalalulu,,196,659608,0
Ebola,,163,659602,4
Zeja,,400,659602,0
Idaron,,158,659599,0
Adasis,,318,659598,2
Toir,,204,659598,0
Sothugi,,348,659597,7
Evrirze,,283,659596,0
Adraje,,236,659596,0
Ordag,,229,659595,5
Nasha,,208,659594,0
Molitov,,179,659589,14
Stormqt,,140,659586,0
Gaogang,,264,659586,2
Ichom,,138,659584,3
Cushog,,256,659583,4
Vulture,,401,659581,0
Raven,,219,659580,0
Kukid,,367,659578,0
Ignaz,,221,659576,4
Andery,,409,659574,13
Miixinggo,,320,659572,1
Bedal,,375,659567,0
Wanpo,,485,659567,1
Ramdar,,188,659562,2
Ginnoka,,114,659560,4
Eveka,,225,659553,1
Elagra,,146,659551,2
Refre,,169,659551,3
Kekri,,219,659545,6
Cucot,,228,659540,1
Onnot,,199,659538,2
Ishen,,311,659535,6
Alatha,,281,659534,0
Haren,,332,659526,0
Tankab,,163,659525,8
Stewie,,160,659525,0
Node,,454,659523,0
Sari,,235,659523,3
Otula,,239,659523,2
Ojuna,,190,659516,1
Bordedra,,165,659516,2
Muthed,,230,659515,5
Vobi,,345,659515,8
Athose,,286,659514,0
Gambit,,314,659501,4
Egeg,,341,659501,0
Lura,,228,659496,12
Jugrethe,,224,659496,0
Hodrola,,202,659494,6
Ikruse,,304,659468,3
Vosk,,266,659425,10
Egezul,,283,659424,4
Hagoza,,306,659416,5
Lullil,,293,659407,1
Yesica,,200,649728,1
Rogger,,179,649682,1
Anubum,,205,649677,6
Boostpump,,300,649657,2
Egobog,,335,649654,2
Kalle,,216,649635,6
Ezeshe,,259,649630,2
Zlzz,,173,649615,4
Bega,,143,649609,2
Venisa,,300,649607,0
Ometha,,180,649594,1
Igrada,,180,649587,1
Kudni,,158,649580,7
Kendom,,382,649578,6
Dalton,,139,649577,2
Subrit,,158,649551,2
Amem,,290,649538,1
Nubfoker,,201,649536,4
Gomok,,225,649520,1
Sgtcyborg,,209,649519,3
Vash,,231,649517,1
Ashes,,249,649505,4
Sniper,,152,649494,6
Meteo,,178,649479,5
Raba,,254,649478,8
Aruthiel,,151,649470,5
Arela,,234,649462,6
Lishesa,,210,649462,10
Seli,,135,639772,2
Voshod,,298,639742,0
Essra,,453,639709,1
Elarze,,145,639643,0
Cumsplat,,387,639631,1
Azure,,159,639631,3
Enute,,123,639628,7
Odaz,,121,639595,2
Ramsesito,,332,639594,1
Zeli,,490,639593,0
Jishe,,347,639585,2
Dorki,,378,639584,1
Ireg,,199,639583,1
Sethra,,195,639582,0
Ennoce,,153,639580,2
Gojil,,235,639572,9
Atunun,,224,639569,1
Tuchid,,270,639555,2
Mahsa,,242,639547,8
Ercon,,261,639543,2
Erdod,,122,639541,0
Jynn,,284,639538,0
Orange,,261,639527,1
Ameni,,204,639526,0
Ecirga,,287,639522,3
Kira,,102,639521,3
Rolotomasi,,212,639518,5
Ivit,,169,639511,1
Mikasa,,229,639501,1
Zushi,,194,639500,3
Vash,,231,639489,1
Sole,,238,639486,4
Arrim,,238,639484,1
Iracad,,203,639482,2
Hero,,211,639481,4
Hevik,,171,639474,0
Hunter,,174,639467,0
Thyaed,,324,639464,0
Magan,,270,639462,1
Ranoke,,360,639446,1
Hovac,,287,639445,1
Isuchi,,183,639429,2
Mogel,,247,639428,1
Rohochi,,250,639426,1
Mauro,,325,639424,0
Ezumi,,178,639419,1
Acsa,,287,639407,3
Ercohan,,178,629736,2
Olakum,,203,629720,1
Rubys,,141,629674,11
Ripmoon,,99,629672,0
Emus,,155,629659,7
Arkirci,,320,629640,1
Mcgold,,155,629622,3
Ruvroz,,179,629621,13
Obraban,,173,629613,0
Busi,,172,629605,4
Floki,,259,629599,4
Ifrarta,,158,629593,1
Lahez,,167,629584,0
Icagrud,,130,629582,3
Bordigure,,221,629582,0
Newb,,432,629582,2
Imurtam,,244,629577,2
Gunnner,,147,629574,2
Kuthe,,336,629574,3
Bethuchi,,296,629560,14
Ezum,,360,629541,0
Doktordred,,186,629533,1
Hizaci,,255,629521,4
Lorga,,294,629513,0
Angery,,248,629510,2
Rirtol,,190,629501,1
Lucky,,125,629499,21
Ehohi,,221,629487,4
Chauder,,171,629484,7
Ikunri,,196,629481,2
Akasa,,209,629481,1
Ishivra,,263,629477,5
Bowmore,,232,629476,4
Illad,,214,629466,4
Nokabe,,218,629451,2
Victoria,,202,629449,9
Elokra,,238,629448,8
Desi,,365,629446,7
Cudi,,142,629445,9
Elsouki,,252,629438,5
Eguz,,109,629435,7
Hora,,308,629433,14
Riverfox,,227,629429,3
Boka,,204,629406,11
Sithos,,198,619749,0
Narniaz,,222,619712,1
Teamsomoog,,102,619685,8
Jore,,153,619685,1
Event,,177,619666,1
Afrashog,,252,619630,3
Kukroca,,244,619604,2
Ekko,,191,619599,1
Luzal,,166,619587,1
Tihom,,216,619577,3
Sitha,,347,619560,2
Kexxa,,192,619560,3
Avabi,,154,619551,0
Roland,,167,619550,1
Teatime,,149,619537,2
Likibri,,162,619536,0
Keen,,186,619533,1
Ivija,,221,619503,2
Bistolas,,129,619502,13
Dova,,113,619500,1
Bumm,,298,619482,1
Boha,,150,619479,6
Ovrot,,231,619468,19
Esud,,292,619467,0
Lirta,,276,619460,5
Phantom,,245,619456,4
Ethediz,,152,619454,3
Nashi,,231,619422,0
Desa,,204,619419,15
Xgeminix,,428,609912,0
Isice,,821,609903,0
Deadeye,,396,609883,0
Redgun,,537,609881,0
Ergehe,,410,609880,0
Haras,,427,609880,1
Bobafettt,,482,609877,0
Jaga,,463,609875,0
Yangyun,,316,609868,1
Nade,,249,609859,0
Wsttm,,231,609842,0
Vuchodra,,117,609821,2
Cccccccccc,,299,609819,0
Tova,,111,609819,0
Kerigane,,248,609811,0
Ateg,,114,609790,0
Dimig,,305,609785,0
Dorte,,254,609780,8
Envious,,410,609775,0
Ihul,,384,609772,0
Jothoca,,222,609764,1
Tagra,,219,609761,0
Irdothet,,203,609761,1
Asuramike,,340,609760,2
Duchos,,203,609754,0
Sorsani,,190,609744,4
Djek,,320,609743,5
Huke,,238,609741,0
Slackjaw,,294,609741,1
Zero,,178,609732,0
Thomas,,317,609729,0
Vofrok,,284,609725,0
Panteon,,150,609723,1
Hodi,,187,609722,5
Ohorcul,,337,609721,0
Mila,,211,609715,1
Miberti,,124,609712,2
Tothi,,201,609712,2
Ivruchil,,264,609708,0
Rukrum,,64,609703,3
Desiree,,220,609702,1
Koreasbp,,256,609701,0
Windsol,,174,609700,5
Cigomi,,455,609696,3
Ashen,,129,609694,4
Partolas,,273,609690,1
Otamug,,185,609689,6
Novre,,133,609689,0
Njoy,,282,609688,0
Alaha,,120,609688,0
Ling,,123,609684,0
Mori,,365,609683,1
Nardi,,279,609682,0
Annore,,346,609676,0
Ircoshut,,141,609675,0
Avisha,,267,609673,4
Newafionia,,214,609667,1
Fobos,,245,609666,7
Anovi,,238,609660,1
Edim,,217,609658,1
Ididre,,251,609656,1
Gergolina,,386,609652,2
Bertony,,173,609650,0
Acem,,243,609649,1
Onizuka,,350,609649,0
Modi,,322,609648,1
Ailtizam,,194,609647,0
Therava,,128,609646,0
Ebeast,,103,609643,23
Kogum,,237,609642,1
Horga,,162,609634,5
Gedor,,162,609632,0
George,,178,609630,1
Esahe,,298,609627,0
Hongmeng,,161,609627,9
Nublet,,134,609626,0
Enzan,,137,609617,3
Topkorea,,161,609616,7
Saemin,,158,609613,0
Ahafrim,,297,609609,5
Strelka,,175,609609,0
Titanium,,188,609608,0
Nide,,235,609608,0
Reps,,178,609602,0
Jira,,212,609597,2
Musibi,,161,609597,4
Vomi,,306,609596,2
Masterz,,205,609595,1
Nurci,,337,609591,11
Dadun,,152,609581,0
Shaniraa,,175,609579,4
Jonnajh,,340,609572,0
Vazurzi,,161,609565,1
Lorrd,,186,609558,0
Zubat,,362,609553,0
Jenut,,341,609552,20
Boenti,,176,609551,0
Danna,,284,609537,0
Bamuna,,147,609532,2
Raven,,254,609524,0
Mastergun,,300,609523,2
Shazfour,,253,609520,0
Derkad,,260,609513,0
Gale,,288,609511,1
Misschief,,171,609505,8
Lidode,,171,609481,11
Irkarza,,156,609479,15
Mavrod,,147,609464,0
Zmrd,,147,609461,2
Cekreshe,,411,609459,1
Azure,,321,609442,0
Imebe,,232,609435,5
Enul,,171,609430,0
Orzosa,,194,609421,0
Corea,,215,609414,8
Tabi,,109,599743,2
Dalton,,53,599717,4
Ashanri,,111,599693,3
Innatha,,250,599687,1
Lucifer,,120,599685,2
Cisar,,103,599675,8
Ochon,,88,599664,4
Nyxie,,174,599664,3
Irtud,,170,599634,1
Vofronni,,272,599614,2
Robin,,146,599614,3
Xoox,,158,599605,3
Sagame,,177,599583,6
Lasil,,214,599577,13
Osig,,266,599559,6
Tums,,378,599556,6
Syriusz,,338,599499,2
Monkeybar,,130,599498,3
Ilike,,219,599490,5
Ethali,,162,599470,1
Cubut,,211,599456,8
Quaizy,,270,599435,3
Enerza,,177,599407,2
Succubus,,269,589758,1
Hona,,203,589717,0
Serb,,191,589676,0
Jora,,233,589614,0
Zeza,,196,589587,1
Noka,,80,589586,4
Rutabega,,206,589581,3
Zoren,,162,589578,1
Godne,,159,589565,2
Bame,,133,589548,1
Hodni,,153,589547,1
Ruji,,429,589546,3
Redsura,,125,589540,4
Gigrol,,159,589539,1
Spitshot,,215,589521,1
Sunhwa,,239,589502,3
Andi,,279,589497,0
Seji,,101,589489,5
Dana,,337,589471,2
Kulka,,377,589459,0
Adrius,,154,589446,18
Strelkyna,,173,589434,1
Norti,,335,579809,1
Mukra,,143,579689,1
Kodok,,183,579652,2
Nala,,255,579651,3
Joana,,100,579636,7
Suba,,178,579631,0
Clancy,,117,579630,2
Crazyhope,,175,579630,1
Ilya,,190,579613,0
Moke,,232,579593,0
Xinxinz,,233,579589,1
Rami,,102,579588,3
Baubuchka,,406,579570,0
Suka,,136,579561,4
Yuunn,,216,579557,1
Naha,,200,579552,0
Asas,,189,579491,5
Rabondi,,180,579465,1
Erdafri,,188,579453,0
Aeria,,186,579420,1
Josehunter,,190,569762,3
Ehok,,121,569735,1
Mamel,,126,569709,1
Ogil,,233,569703,2
Arya,,125,569695,7
Abimet,,148,569662,2
Budnim,,185,569656,3
Obunni,,291,569638,1
Aleksa,,215,569619,4
Ochukrug,,148,569603,2
Dain,,158,569601,2
Pachamama,,200,569595,1
Dithen,,173,569581,10
Ysbahk,,206,569573,2
Hunterman,,181,569540,1
Molikote,,181,569537,1
Kite,,191,569528,18
Ikahi,,180,569526,2
Ashora,,196,569521,2
Odevra,,223,569481,12
Magicricky,,141,569472,6
Clarissa,,113,569470,20
Agon,,256,569446,2
Magnum,,154,569424,6
Coze,,166,569423,20
Doduta,,230,569423,2
Lookinforu,,423,559887,0
Elektra,,362,559866,0
Chinawin,,151,559841,3
Kronkadonk,,263,559805,1
Sahir,,368,559801,0
Aeris,,425,559794,0
Bbbdd,,223,559791,0
Rerze,,168,559749,3
Huyaru,,130,559742,3
Hole,,382,559737,1
Toxxy,,301,559731,0
Itherzi,,214,559728,0
Nahovri,,219,559727,0
Rose,,161,559721,0
Lamoki,,103,559720,0
Tidrog,,113,559719,1
Strelok,,301,559717,1
Nurked,,116,559712,0
Richard,,81,559711,0
Morgot,,340,559692,0
Ehanri,,115,559689,0
Devilwoman,,124,559675,0
Fottiti,,220,559672,0
Mahije,,190,559668,0
Zanoz,,400,559659,0
Savageking,,270,559654,4
Xanira,,171,559653,0
Egrukra,,185,559651,0
Jessie,,112,559650,1
Dunedain,,155,559645,0
Dorase,,168,559641,0
Jeti,,189,559641,4
Donka,,80,559637,10
Agese,,193,559634,0
Eshod,,171,559634,0
Gangi,,160,559633,0
Suti,,207,559624,0
Bifuthy,,246,559621,0
Topgun,,148,559620,0
Cujat,,175,559605,0
Inquisitor,,181,559605,1
Isovi,,298,559603,1
Enellad,,165,559592,0
Lake,,85,559587,2
Dufre,,121,559584,9
Victor,,114,559583,5
Jessie,,285,559526,1
Cheekyfokr,,192,559517,0
Hejek,,188,559515,0
Millj,,159,559460,1
Lisa,,234,559459,7
Kudre,,413,559443,15
Avrora,,259,559431,17
Asagid,,167,559426,39
Atehe,,83,549734,0
Othatha,,139,549718,10
Cesesa,,251,549707,3
Gubed,,108,549690,0
Kathen,,178,549679,3
Wendi,,134,549656,0
Knallkopp,,154,549646,6
Ashley,,104,549644,1
Isoma,,194,549637,3
Bisi,,191,549616,1
Pisuha,,103,549614,5
Aizen,,91,549594,15
Atat,,381,549569,12
Darthbader,,175,549561,2
Evage,,219,549554,6
Doduta,,182,549551,0
Demonesa,,104,549544,4
Jorge,,147,549537,13
Irinish,,193,549537,2
Melleja,,163,549527,3
Odren,,198,549516,9
Ovuved,,99,549516,5
Ozug,,209,549505,12
Cevrot,,52,549497,5
Phuckme,,173,549473,1
Odritham,,408,549450,4
Zajuk,,121,549449,10
Anag,,193,549443,3
Damdam,,153,549429,7
Okrazi,,185,549423,5
Hashish,,99,549423,3
Viri,,427,539825,0
Hercoshi,,92,539744,0
Genexyz,,250,539736,0
Ashiyaap,,181,539731,0
Cain,,305,539689,0
Edges,,224,539662,1
Guji,,193,539614,0
Sunzhu,,92,539611,2
Omosis,,173,539596,5
Abcat,,274,539582,1
Rmmom,,71,539581,1
Cubek,,108,539567,11
Zuket,,223,539547,0
Paulina,,207,539547,1
Kosa,,144,539532,4
Zordofre,,288,539530,0
Hanvika,,122,539526,0
Valdemar,,302,539513,0
Aluna,,184,539509,0
Timudri,,308,539494,4
Battlelog,,143,539493,3
Masha,,170,539483,2
Visahe,,266,539482,1
Zzzzzz,,176,539467,3
Hickock,,137,539464,6
Takrevre,,114,539451,1
Eshuk,,77,539435,6
Thejaguar,,139,539434,5
Logan,,251,539432,9
Omune,,183,539415,3
Allethet,,403,529844,1
Rurca,,84,529766,1
Amuz,,125,529758,1
Neru,,128,529743,13
Prisnine,,247,529710,1
Penelope,,229,529700,7
Daredevil,,94,529690,2
Rafff,,203,529674,0
Loni,,154,529660,0
Issaac,,223,529654,0
Zeviz,,344,529646,1
Delta,,78,529636,16
Davis,,182,529623,3
Eventpunk,,67,529622,3
Imachi,,150,529609,2
Alita,,254,529584,0
Viper,,145,529578,1
Mitoshi,,220,529566,2
Nirdus,,57,529554,2
Keha,,124,529551,11
Chalonis,,87,529551,10
Hanega,,174,529549,4
Resol,,202,529533,1
Asus,,67,529529,15
Tirtog,,166,529519,0
Babebibobu,,229,529514,5
Lenned,,168,529505,1
Duze,,111,529491,0
Nitewing,,284,529474,3
Veseliykex,,94,529469,4
Ocirci,,263,529468,5
Meki,,90,529455,0
Iboga,,246,529438,6
Kadat,,198,529429,6
Nemi,,152,529423,3
Hawkeye,,184,529406,2
Gendhon,,141,519838,1
Agritut,,87,519740,3
Burcesha,,122,519681,0
Lurza,,115,519679,1
Othollel,,114,519664,1
Smoking,,92,519649,1
Stalker,,107,519631,1
Arrowman,,225,519620,0
Kuat,,148,519620,0
Airam,,53,519617,0
Heng,,105,519585,7
Hanga,,189,519580,3
Athes,,154,519579,2
Kyoas,,250,519573,0
Iduthoz,,75,519543,2
Tene,,170,519529,4
Akuma,,108,519524,4
Tuchet,,164,519512,0
Ortizi,,153,519473,19
Lejokra,,155,519466,17
Susukita,,234,519463,4
Eshivol,,197,519457,4
Wick,,224,519423,20
Vodi,,254,509894,0
Gurqhsla,,123,509843,1
Sujung,,414,509842,0
Nortoge,,173,509841,1
Lulz,,359,509840,2
Vanhelsing,,304,509837,0
Abeg,,295,509833,0
Oneras,,290,509829,0
Anagrak,,255,509828,0
Orkoshot,,227,509822,0
Phantom,,311,509820,0
Zahurda,,242,509816,0
Jhevent,,116,509801,0
Silin,,98,509798,0
Dodri,,131,509787,0
Ishebil,,201,509783,0
Eduzut,,177,509782,0
Mahat,,136,509779,4
Amiel,,255,509775,2
Juuns,,121,509772,3
Ozuce,,266,509762,2
Zuni,,153,509757,0
Jinx,,109,509754,0
Jazi,,207,509751,2
Purple,,58,509749,0
Lorag,,151,509748,0
Xcal,,408,509747,0
Sasha,,320,509738,7
Kotenok,,117,509733,0
Bernditus,,207,509727,0
Scoobert,,109,509724,8
Argum,,173,509721,3
Sancho,,86,509721,0
Xyzlol,,227,509721,0
Jissca,,165,509719,0
Josip,,111,509718,4
Haga,,143,509701,1
Jehara,,317,509700,0
Koka,,208,509698,2
Laki,,110,509693,12
Egebe,,183,509693,0
Hector,,140,509688,0
Evangeline,,229,509683,0
Gimi,,79,509676,2
Civrudri,,204,509667,0
Jackkarl,,54,509653,0
Cardag,,114,509644,0
Tegi,,90,509640,2
Abes,,184,509637,2
Sarah,,155,509636,0
Ogina,,205,509631,0
Reigen,,184,509628,9
Amii,,194,509615,1
Denimhog,,162,509610,0
Ijen,,215,509609,1
Rain,,252,509606,2
Jodushi,,56,509603,0
Narkori,,137,509595,1
Houdyni,,134,509584,0
Hithi,,74,509532,11
Furie,,140,509527,0
Drakesin,,270,509515,0
Emerati,,218,509504,0
Alisali,,102,509499,6
Hekordi,,170,509485,0
Vorza,,134,509471,0
Masha,,186,509425,3
Afris,,79,509416,21
Lesoz,,158,509413,2
Sosukre,,167,499769,0
Birkulli,,155,499744,0
Jinhu,,110,499685,2
Bakri,,106,499669,2
Mise,,100,499661,1
Monetha,,166,499606,0
Bernie,,127,499583,2
Sunny,,172,499583,3
Ticket,,140,489755,4
Cednivre,,128,489739,0
Krystine,,124,489686,7
Zaband,,235,489643,0
Guvevri,,173,489641,0
Kiri,,96,489636,1
Lumehase,,88,489621,6
Kungkwang,,157,489619,1
Ryudo,,163,489580,1
Saboteur,,149,489557,1
Erkogi,,115,489547,1
Rorzi,,69,489528,3
Lekuve,,135,489528,0
Buka,,72,489493,2
Sonne,,168,489462,11
Galoumba,,143,489440,3
Isocaz,,126,489405,2
Abekra,,112,479849,0
Iguril,,48,479807,0
Cameroni,,176,479768,0
Inrem,,85,479761,0
Calega,,130,479746,1
Ganierich,,124,479730,1
Warrior,,37,479718,1
Hunter,,156,479707,0
Maggiee,,128,479694,1
Liana,,170,479685,1
Biubiubiu,,96,479675,1
Ubul,,171,479660,0
Luje,,111,479641,0
Ozil,,192,479621,0
Mavfierce,,163,479596,1
Dimon,,73,479596,2
Egartak,,121,479587,1
Jodre,,166,479586,0
Lyle,,165,479580,2
Gavuk,,186,479575,3
Narde,,114,479549,0
Vadimmus,,118,479544,1
Usar,,126,479511,1
Vision,,122,479498,4
Zetes,,163,479486,1
Apocalipto,,81,469802,1
Asebe,,38,469779,0
Soba,,98,469764,0
Teslacanon,,96,469759,0
Veshak,,218,469738,1
Aria,,122,469738,3
Avral,,40,469722,2
Adrora,,249,469721,1
Inekan,,46,469715,4
Saja,,89,469710,0
Mini,,101,469683,5
Oceand,,79,469682,3
Guss,,154,469681,1
Edliture,,90,469663,1
Dohi,,73,469646,2
Umana,,83,469642,4
Yoso,,83,469613,4
Ojat,,62,469606,1
Vestatto,,212,469600,1
Beast,,184,469591,2
Pcheloutka,,180,469569,6
Mdoru,,92,469511,2
Pitek,,282,469468,4
Dure,,147,469459,1
Cozoni,,60,469403,13
Jahali,,97,459837,0
Isus,,135,459831,0
Tacosauce,,230,459818,2
Ales,,208,459811,1
Chinayjf,,140,459804,0
Denik,,323,459798,0
Ebrog,,143,459783,0
Sniper,,84,459763,1
Erorga,,200,459760,0
Ednohik,,73,459748,5
Mele,,176,459748,0
Icison,,78,459745,0
Oved,,93,459733,0
Cross,,36,459718,0
Ennik,,238,459709,0
Ging,,161,459708,0
Asorkal,,118,459706,0
Otuca,,130,459693,0
Gudabi,,109,459685,0
Poverking,,141,459671,0
Akos,,70,459659,0
Sabine,,154,459632,0
Urka,,96,459631,7
Ethag,,142,459624,0
Moshi,,338,459592,0
Mezi,,132,459577,0
Evogi,,129,459567,0
Kura,,132,459551,0
Avok,,135,459519,0
Gabriel,,135,459513,0
Lionking,,271,459469,14
Gecha,,59,449763,0
Critical,,49,449762,1
Elendil,,118,449743,0
Erdose,,60,449739,1
Zini,,346,449733,2
Mida,,73,449609,3
Dahok,,118,449582,1
Ehida,,183,449518,2
Pepita,,125,449463,8
Wanruruhua,,82,439772,2
Name,,136,439765,1
Tiao,,90,439765,0
Blackwidow,,86,439753,0
Cicobra,,104,439743,0
Mirgin,,50,439732,0
Hode,,37,439724,0
Zurtuka,,149,439712,0
Mabo,,103,439699,1
Bubina,,50,439685,2
Hikriza,,69,439683,3
Gytterp,,147,439662,2
Krimsonmst,,37,439620,3
Lorek,,104,439618,1
Beltex,,65,439572,0
Arodus,,90,439557,6
Mamba,,204,439474,1
Ghhbsh,,225,429879,0
Hija,,64,429723,1
Gannikus,,158,429712,1
Eroton,,74,429690,2
Kenblue,,255,429669,1
Blackwood,,81,429658,1
Gargouille,,70,429640,0
Arged,,95,429632,2
Harzeba,,199,429621,0
Tosha,,139,429594,2
Oroji,,85,429590,4
Edora,,55,429583,13
Sonuvi,,165,429576,0
Ednirdan,,62,429569,0
Sutami,,49,429568,2
Cenag,,51,429567,8
Cilena,,95,429553,4
League,,128,429546,6
Catha,,85,429520,0
Sobrin,,150,429428,1
Ovid,,297,419775,2
Etebi,,162,419770,0
Starr,,186,419762,1
Rizi,,136,419714,1
Ashut,,146,419671,10
Elen,,136,419649,0
Theshark,,102,419621,1
Kodriz,,49,419619,2
Annie,,146,419513,0
Ikiz,,81,419478,6
Nightshade,,444,409879,0
Dani,,119,409875,0
Crowww,,276,409847,0
Speedwing,,272,409840,1
Anyana,,275,409835,0
Nagara,,283,409832,0
Ogaz,,64,409803,0
Trof,,186,409799,0
Cube,,33,409780,1
Rurid,,126,409766,1
Joekao,,99,409758,2
Pitol,,166,409756,0
Ertethi,,191,409743,0
Ijuzi,,86,409742,1
Love,,306,409734,0
Ishukas,,37,409730,0
Tarzuz,,243,409710,0
Arganal,,186,409700,0
Hugralle,,92,409695,0
Bounty,,114,409690,1
Mmiao,,67,409689,1
Synosia,,113,409685,1
Keje,,53,409685,2
Veguza,,121,409678,1
Betty,,110,409674,0
Duke,,119,409653,0
Etog,,96,409650,0
Kara,,62,409642,0
Ginger,,147,409635,2
Hashaze,,93,409435,0
Ezozul,,172,399820,1
Itheni,,350,399819,0
Killer,,72,399817,0
Rugitgut,,97,399788,0
Moja,,97,399752,0
Bellas,,153,399730,0
Citesa,,43,399691,2
Apollo,,183,399544,3
Sunny,,93,399519,1
Rerzi,,104,399431,0
Debrire,,61,389782,0
Zularka,,80,389777,1
Tiberias,,97,389744,1
Tabadaba,,66,389735,3
Aciva,,136,389727,0
Suna,,120,389709,1
Mithim,,51,389705,1
Artemis,,112,389678,0
Kizod,,14,389657,2
Rambond,,129,389595,0
Enuhit,,121,389541,1
Tuvan,,73,389539,1
Levis,,72,379595,6
Vynllas,,79,379560,0
Ibot,,85,379559,4
Rayne,,93,379536,4
Maru,,51,379518,0
Hell,,589,369933,0
Moon,,17,369825,1
Browncoat,,62,369728,1
Keba,,42,369727,2
Markie,,55,369715,3
Blubell,,129,369710,2
Futyla,,142,369708,0
Ekuhi,,66,369696,3
Dmitry,,66,369541,3
Rarcuvi,,66,369520,4
Zuhadi,,86,369420,3
Erabriz,,387,359911,0
Castor,,46,359845,0
Lastgun,,134,359837,0
Xclaimer,,175,359813,0
Agelet,,264,359769,0
Mukruke,,21,359768,0
Goda,,48,359722,1
Ketat,,74,359705,2
Torci,,31,359690,2
Dariyooo,,47,359685,10
Ligis,,49,359662,2
Othorzi,,37,359646,0
Mocan,,61,359587,0
Maya,,123,359508,0
Jolou,,147,349852,0
Koreatree,,115,349828,3
Nerzan,,108,349723,0
Leon,,222,349721,0
Gunter,,71,349621,2
Bude,,133,349611,2
Supergnat,,170,349569,2
Chwiliusz,,47,339778,0
Iren,,56,339716,2
Popo,,110,339712,0
Ertin,,23,339671,0
Urakan,,105,339666,3
Ivrudi,,81,339664,4
Xandy,,96,339660,1
Karinkorea,,146,339655,3
Dogg,,76,339622,1
Eden,,30,339617,0
Bodi,,19,339578,6
Zojus,,20,339578,1
Cobraki,,92,329834,0
Magepower,,82,329790,0
Orking,,27,329789,1
Blik,,15,329762,1
Hahq,,115,329705,0
Izothe,,38,329692,1
Darkwarti,,52,329642,0
Minh,,23,329633,3
Rebelia,,40,329534,3
Shewolf,,101,329499,6
Orcothi,,171,329486,0
Lizadri,,97,329470,0
Ovothe,,141,319826,0
Nuba,,120,319812,1
Acedi,,16,319782,1
Ehuvre,,38,319767,0
Zusha,,76,319766,0
Kernel,,121,319740,2
Haha,,43,319722,2
Yvonne,,31,319708,2
Jtsun,,80,319690,5
Hook,,89,319650,1
Marianna,,28,319641,2
Trigger,,40,319621,0
Zore,,65,319527,1
Looner,,76,319527,2
Sici,,11,309876,0
Sabali,,66,309852,0
Shelly,,21,309833,0
Zoro,,150,309827,0
Seigrid,,24,309819,0
Izuz,,54,309805,0
Egrid,,122,309804,0
Bhone,,61,309797,1
Tellal,,159,309792,0
Mafra,,36,309784,5
Barugu,,28,309782,0
Lerca,,235,309780,0
Lyra,,118,309774,0
Ogod,,37,309773,0
Nemace,,116,309765,0
Vica,,98,309762,2
Tigre,,218,309744,1
Xena,,47,309743,0
Mihetha,,26,309741,0
Meredian,,230,309730,0
Ghostfox,,141,309726,0
Jozi,,123,309724,0
Cemibe,,122,309716,0
Farloth,,69,309711,0
Event,,66,309667,0
Agas,,86,309623,0
Doodle,,27,309618,0
Docholday,,35,309602,0
Okek,,120,299781,1
Cassidy,,24,299773,0
Huntress,,65,299734,1
Levi,,26,299711,0
Bita,,52,299694,0
Bountiful,,49,299654,0
Arobom,,31,289856,0
Onashi,,15,289823,0
Setog,,68,289817,0
Kiki,,152,289816,1
Brick,,31,289783,0
Bomb,,32,289745,0
Arcuz,,98,289738,1
Cethun,,23,289627,1
Ligrirci,,23,289609,1
Pedran,,40,289442,8
Lite,,44,289418,1
Zethia,,63,279801,0
Ilunri,,175,279786,0
Maziz,,51,279772,2
Takashi,,15,279768,0
Kaliri,,46,279671,1
Labrul,,103,279591,2
Jellyroll,,66,279538,3
Datsmaboy,,36,269878,1
Raid,,59,269838,0
Hoke,,8,269798,1
Blaster,,13,269798,1
Ikes,,4,269796,0
Kgod,,72,269754,0
Jetad,,82,269737,1
Taina,,17,269705,1
Omega,,12,269682,2
Zolotko,,25,269647,4
Popo,,201,259887,0
Lniu,,12,259882,0
Nudris,,232,259856,0
Fuxin,,52,259836,0
Hothuji,,0,259835,0
Sadman,,0,259820,0
Machinegun,,0,259724,0
Boogell,,85,259719,1
Tenrud,,0,259718,0
Vosem,,17,259699,0
Ronan,,0,259688,0
Oral,,0,249829,0
Kekri,,62,249702,6
Zira,,119,239887,0
Bagong,,6,239872,0
Leri,,1,239855,0
Thorsons,,1,239853,0
Ejeja,,11,239849,1
Ethadrot,,0,239840,1
Girzet,,8,239815,1
Ercathol,,0,239800,1
Baki,,11,239786,2
Krystyna,,99,239767,1
Jade,,72,239727,1
Mana,,0,239713,2
Koreasoo,,50,239705,3
Lahesa,,0,239666,0
Massacre,,47,239656,0
Terminator,,153,239594,2
Anuhaz,,23,239516,1
Ashivum,,0,239418,5
Hizel,,4,229836,0
Cogig,,74,229798,0
Willydik,,49,229744,0
Zarka,,15,229738,0
Adnachin,,38,229730,1
Heyyou,,0,229710,0
Blitz,,38,229671,2
Omen,,32,229661,0
Eshas,,96,229653,0
Wyatt,,1,219866,1
Avad,,5,219844,0
Jigi,,88,219839,0
Adnortam,,0,219810,2
Harka,,0,219787,1
Hell,,55,219786,0
Mofre,,51,219777,0
Kashi,,69,219731,0
Authority,,361,209929,0
Magi,,41,209893,0
Quest,,9,209867,0
Aton,,0,209866,0
Halergi,,96,209864,0
Jennim,,0,209864,0
Lomozi,,13,209863,0
Athinet,,0,209863,0
Shooter,,46,209862,0
Kahik,,0,209862,0
Evis,,126,209860,0
Itoshe,,74,209858,0
Sassy,,0,209855,0
Barriss,,0,209842,0
Aouiee,,0,209841,1
Jodnedi,,117,209835,0
Chuddies,,104,209831,0
Ecocuk,,0,209829,0
Lisa,,0,209828,0
Annis,,0,209827,0
Dududi,,0,209824,0
Ethuthil,,101,209822,0
Reth,,0,209817,3
Ocal,,13,209805,0
Zuhi,,0,209798,1
Midrem,,2,209789,0
Daisy,,45,209782,2
Amikra,,10,209774,0
Sushe,,0,209772,1
Tabitha,,0,209770,0
Teje,,0,209767,1
Kikun,,0,209763,0
Dalaki,,27,209759,0
Ekrod,,0,209751,1
Skaink,,0,209746,0
Arton,,0,209743,0
Zathi,,0,209719,0
Omami,,0,209704,0
Asnr,,0,209697,0
Vuca,,0,209687,0
Isegik,,0,209617,0
Obedrek,,339,199887,0
Lordkseo,,4,199867,0
Lomi,,0,199837,0
Jenarza,,0,189858,0
Kigri,,0,189820,0
Ivrefra,,0,189760,4
Losani,,60,189709,5
Dieter,,0,189704,1
Willsmite,,0,189561,0
Blix,,242,179865,0
Tednos,,0,179828,0
Vudi,,0,179811,0
Bufyy,,0,179802,1
Sorga,,0,179790,0
Allathus,,0,179765,0
Ssemit,,0,179695,3
Siren,,0,169868,0
Hothe,,0,169847,0
Mottoguzzi,,0,169844,1
Ierihon,,2,169843,2
Asura,,0,169842,2
Jinx,,0,169839,0
Cishurge,,0,169827,0
Greg,,0,169806,0
Agoz,,0,169802,0
Guoguo,,0,169792,0
Ming,,0,159945,0
Orgukiz,,0,159908,0
Gideon,,71,159874,0
Zeya,,46,159861,0
Kulad,,76,159854,0
Nebovre,,51,159841,0
Zitine,,26,159841,0
Eviga,,0,159782,0
Celestine,,0,159762,0
Maxxeross,,0,159699,0
Okod,,3,149899,0
Enola,,44,149852,0
Hemole,,2,149826,0
Otathi,,0,149826,1
Pochi,,0,149747,0
Nuduz,,0,149743,1
Hunter,,0,149711,1
Elfserr,,0,149652,5
Garalop,,86,149649,0
Iril,,0,139888,0
Blubb,,0,139884,0
Libegi,,3,139855,0
Iraced,,0,139851,0
Gili,,0,139849,0
Beva,,0,139808,0
Kaykeveto,,0,139804,0
Citos,,19,139797,2
Balzibar,,0,139796,0
Sarin,,0,139793,0
Shigo,,0,139785,1
Athod,,0,139774,3
Ravra,,0,139762,3
Galthe,,0,139734,3
Okojol,,0,139669,0
Edol,,0,139622,1
Ejemol,,0,139480,2
Kujelle,,0,129915,0
Ashin,,0,129831,1
Jaaaaah,,0,129828,0
Carpediem,,0,129828,0
Wolfgrimm,,0,129825,0
Zurdig,,0,129815,0
Gigoz,,0,129811,0
Lisa,,0,129801,1
Tatoz,,0,129798,0
Sosa,,0,129792,0
Lehim,,0,129786,1
Arkos,,0,129776,1
Nirvana,,0,129772,1
Cabrat,,0,129736,2
Tarok,,13,129735,2
Ilvi,,0,129726,0
Home,,0,129692,1
Ocharud,,0,129619,1
Othihok,,0,119930,0
Japhet,,16,119902,0
Coosa,,0,119860,1
Emisos,,0,119852,0
Nucci,,0,119843,1
Faion,,0,119837,0
Shuri,,0,119825,0
Sedoi,,0,119800,0
Kernzu,,0,119789,0
Kafusos,,0,119785,1
Elanorea,,0,119773,0
Sylvia,,0,119730,0
Nana,,0,119715,2
Even,,0,119660,7
Ystor,,0,119637,0
Atod,,0,109890,0
Jibrarge,,0,109839,0
Gukrathi,,0,109836,0
Jumelli,,0,109825,0
Rayman,,0,109822,0
Sharwyn,,0,109810,0
Sammak,,0,109807,0
Agela,,0,109795,0
Zabrinski,,0,109794,4
Natobios,,0,109783,0
Sitha,,0,109779,1
Daga,,0,109775,1
Gevila,,0,109774,0
Tbone,,0,109739,0
Sanes,,0,109724,0
Ruthole,,0,109712,1
Chowyunfat,,0,109660,0
Mazom,,0,109643,0
Lukezu,,0,109603,1
Dordol,,2,99919,0
Mirgi,,0,99915,0
Esot,,0,99876,0
Challenge,,0,99826,1
Holyspit,,0,99805,0
Pizdetc,,0,99755,1
Rasha,,0,99755,1
Nebrit,,0,99754,0
Vargi,,0,99753,0
Qwert,,0,99748,3
Ravri,,0,99745,0
Figthtime,,0,99716,0
Lana,,0,99692,1
Poopyfanny,,0,99691,1
Alex,,0,99665,3
Amok,,0,99633,4
Kamidoka,,0,99629,3
Lara,,0,99612,1
Hunter,,0,99575,4
Ariuri,,0,99574,2
Ausha,,0,99544,6
Seven,,0,99510,3
Tegebre,,0,89913,0
Lirdi,,143,89891,0
Pusoon,,0,89885,1
Virisha,,0,89876,0
Pungkulan,,24,89857,0
Tempus,,0,89853,1
Anna,,0,89851,0
Irtug,,0,89835,0
Phelaxz,,0,89833,0
Mira,,0,89831,1
Ajillez,,0,89829,1
Agota,,0,89824,0
Bade,,0,89819,0
Avet,,0,89817,0
Doka,,0,89815,0
Lasovi,,0,89813,1
Acelod,,0,89812,0
Hegi,,0,89807,1
Genos,,0,89800,0
Abumi,,0,89798,1
Hishe,,0,89795,0
Murcega,,0,89794,0
Logankill,,0,89793,1
Shotgun,,0,89792,2
Grim,,0,89790,1
Cineva,,0,89787,1
Ngamer,,0,89780,2
Oritik,,0,89771,0
Azera,,0,89769,1
Salvsq,,0,89766,0
Artal,,0,89760,5
Vobek,,0,89753,0
Dgamesuxs,,0,89752,1
Rose,,0,89751,0
Dukim,,0,89747,0
Rahe,,0,89745,0
Root,,0,89743,1
Nagini,,0,89740,2
Calloz,,0,89739,2
Haluxia,,0,89736,2
Dorzes,,0,89736,0
Picchiop,,0,89733,1
Zhouzhou,,0,89718,1
Livruk,,0,89716,1
Obefre,,0,89713,1
Temp,,0,89711,3
Rock,,0,89711,1
Inadot,,0,89704,3
Fakrol,,0,89700,2
Pipin,,0,89682,2
Avrorez,,0,89667,3
Talla,,0,89654,9
Rexsera,,0,89643,1
Abalot,,0,89637,1
Conok,,0,89632,0
Ghoti,,0,89601,4
Ridnan,,0,89576,1
Sirco,,0,89566,2
Ludog,,0,89545,3
Oshaki,,0,89496,5
Shelob,,0,89484,6
Lucifer,,0,89475,7
Brutag,,0,89453,13
Maguud,,0,79912,0
Ollidnel,,0,79907,0
Kapa,,0,79879,0
Ahak,,0,79865,0
Omamaz,,0,79865,0
Selene,,0,79865,0
Cetok,,0,79864,0
Azir,,0,79860,0
Hoci,,201,79856,3
Snipeuze,,0,79851,0
Anikod,,0,79851,0
Suga,,6,79848,0
Lizok,,0,79848,0
Atathena,,0,79847,0
Blessy,,0,79847,0
Nervin,,0,79847,0
Kibabi,,0,79846,0
Ollugrez,,0,79843,2
Gunzerker,,0,79840,0
Godmay,,0,79833,0
Okag,,0,79829,0
Obrukros,,0,79828,0
Akesi,,0,79828,0
Sanik,,0,79826,0
Achudni,,0,79826,1
Aruva,,0,79823,1
Wanda,,0,79820,0
Zoterke,,0,79820,0
Flddisl,,0,79819,5
Sitha,,0,79818,0
Nuvre,,0,79809,0
Litham,,0,79809,0
Deanarra,,0,79805,0
Ogod,,0,79798,2
Avirda,,0,79797,0
Bebe,,0,79794,0
Anot,,0,79792,0
Catelushu,,0,79792,1
Newlyra,,0,79790,5
Grandez,,0,79787,0
Achus,,0,79786,2
Atak,,0,79785,1
Alloz,,0,79785,0
Icethe,,0,79782,3
Lethal,,0,79776,0
Chachita,,0,79775,0
Lonin,,0,79771,0
Ghost,,0,79771,0
Jalel,,0,79771,1
Tacin,,0,79770,1
Abzugine,,0,79766,3
Vurka,,0,79765,1
Jolahar,,0,79761,2
Vubre,,0,79760,3
Dakrak,,0,79759,0
Ekrun,,0,79755,4
Guturze,,0,79753,1
Astrea,,0,79753,3
Ozushe,,0,79750,0
Amera,,0,79744,2
Lunat,,0,79743,1
Brightside,,0,79742,6
Deathx,,0,79737,2
Juli,,0,79731,1
Georg,,0,79728,1
Sari,,0,79725,4
Kanack,,0,79725,1
Venune,,0,79723,1
Othoda,,0,79723,0
Rellosi,,0,79718,4
Ikirkom,,0,79712,0
Zeni,,0,79711,2
Raja,,0,79710,7
Mirun,,0,79708,1
Ethat,,0,79708,5
Rhodblock,,0,79701,2
Szmaciura,,0,79695,3
Thedude,,0,79694,3
Jnxblader,,0,79690,3
Zaggi,,0,79688,0
Inrevul,,0,79683,4
Zoro,,0,79682,2
Vashigri,,0,79673,1
Morganti,,0,79669,0
Codri,,0,79661,1
Kalina,,0,79659,7
Ladinsen,,0,79658,7
Dusi,,0,79658,0
Crrazzy,,0,79658,5
Anushod,,0,79656,2
Speed,,0,79652,6
Butha,,0,79634,2
Sardiz,,0,79629,2
Xidun,,0,79626,0
Jusha,,0,79625,1
Sitha,,0,79600,12
Keshi,,0,79600,2
Lunatic,,0,79596,0
Fragin,,0,79593,8
Biladi,,0,79592,6
Diruchujr,,0,79578,2
Axiwro,,0,79577,6
Sese,,0,79572,13
Hadneshe,,0,79565,4
Vera,,0,79557,1
Dracgun,,0,79553,3
Perdun,,0,79550,8
Sehide,,0,79549,3
Gushak,,0,79548,0
Daeeun,,0,79542,12
Jashuz,,0,79535,5
Oluk,,0,79517,8
Vesa,,0,79490,0
Jumot,,0,79471,8
Vegri,,0,79465,9
Odeg,,0,79454,12
Enozi,,0,79450,6
Likz,,0,79437,6
Zuli,,0,79434,2
Alessandra,,0,79433,3
Inavram,,0,79421,11
Saloman,,0,79414,9
Wyatt,,0,79414,3
Tyreen,,0,79405,4
Nate,,0,79405,7
Rorcod,,0,69926,0
Wasted,,0,69921,0
Helena,,0,69912,0
Anbbinny,,0,69911,0
Root,,0,69906,0
Homeboy,,0,69904,0
Hermes,,0,69903,0
Dise,,0,69900,0
Raptor,,0,69899,0
Awsl,,0,69896,0
Oshud,,0,69894,0
Sallek,,0,69893,0
Bike,,0,69887,1
Mbombo,,0,69884,0
Kingbonbon,,0,69883,1
Lathi,,0,69881,0
Detrautra,,0,69880,0
Ercul,,0,69874,0
Joseng,,0,69874,0
Rame,,0,69873,1
Alliti,,0,69872,0
Adromaz,,0,69871,1
Meni,,0,69870,0
Jisi,,0,69870,0
Kulal,,0,69863,1
Birot,,0,69861,0
Even,,0,69860,1
Athil,,0,69857,0
Nergogi,,0,69856,1
Tony,,0,69854,0
Artem,,0,69853,0
Navre,,0,69851,1
Gotak,,0,69850,1
Rije,,0,69849,1
Gima,,0,69849,0
Lenina,,0,69848,0
Goob,,0,69847,1
Lookatu,,0,69846,1
Katiaii,,0,69845,0
Orkolluz,,0,69842,0
Luna,,0,69842,0
Sean,,0,69840,0
Elonez,,0,69840,1
Xxguy,,0,69839,2
Hamus,,0,69835,1
Waiver,,0,69835,0
Tirzal,,0,69834,0
Eradior,,0,69833,0
Aluve,,77,69833,0
Evak,,0,69832,0
Vinalla,,0,69830,0
Soca,,0,69828,2
Massacrist,,0,69825,0
Ilus,,0,69824,0
Koshid,,0,69822,2
Vabi,,0,69822,0
Tuhe,,0,69822,1
Divre,,0,69820,2
Imirze,,0,69819,0
Solomon,,0,69818,0
Sanity,,0,69814,0
Omas,,0,69812,1
Kuhi,,0,69812,0
Nivit,,0,69812,0
Stella,,0,69812,1
Okika,,0,69812,0
Ekanni,,0,69809,0
Atuthud,,0,69806,0
Hjkl,,0,69805,2
Irkorte,,0,69804,0
Tharn,,0,69800,0
Susha,,0,69800,0
Zujim,,0,69799,1
Addisson,,0,69796,0
Orkun,,0,69794,0
Buraian,,0,69794,0
Atroxentis,,0,69793,0
Zoshi,,0,69792,0
Fenix,,0,69789,1
Boboss,,0,69786,1
Rbtest,,0,69785,0
Acharzad,,0,69785,2
Ebrorzi,,0,69783,1
Ordal,,0,69782,2
Tara,,0,69782,2
Itekrok,,0,69781,0
Sela,,0,69781,0
Zagrot,,0,69779,0
Akize,,0,69779,3
Leboge,,0,69778,0
Ejari,,0,69776,0
Yurarosa,,0,69775,0
Tileca,,0,69774,1
Sorket,,0,69774,1
Valik,,0,69770,0
Whip,,0,69770,0
Deadeye,,0,69764,0
Nanoi,,0,69763,2
Serki,,0,69763,1
Ranty,,0,69762,3
Ebut,,0,69762,0
Modushe,,0,69761,1
Azarta,,0,69760,1
Chastain,,0,69759,3
Cyrus,,0,69758,1
Chassouf,,0,69753,0
Enakrin,,0,69750,1
Robek,,0,69749,1
Mathsrfun,,0,69749,3
Diplomar,,0,69748,1
Nokun,,0,69746,1
Olorza,,0,69745,1
Lashat,,0,69739,1
Serci,,0,69739,0
Lopdop,,0,69737,0
Svenja,,0,69736,3
Kitugi,,0,69735,1
Blkwidow,,0,69734,3
Lori,,0,69732,1
Ertote,,0,69728,2
Nithol,,0,69727,0
Gurza,,0,69724,2
Anuz,,0,69724,0
Harley,,0,69724,3
Dlwlrma,,0,69721,5
Krumli,,0,69720,2
Arahpeluru,,0,69716,0
Sevi,,0,69716,0
Vega,,0,69712,2
Freeman,,0,69710,1
Xphreak,,0,69702,7
Sanin,,0,69702,0
Iceiceice,,0,69701,2
Nebula,,0,69701,1
Bono,,0,69701,1
Ehog,,0,69701,1
Atoza,,0,69699,3
Zevriri,,0,69695,1
Omim,,0,69688,4
Misa,,0,69686,5
Bubberduck,,0,69683,3
Nargos,,0,69678,4
Scottie,,0,69676,1
Mezi,,0,69674,0
Casha,,0,69669,0
Orzogi,,0,69667,11
Boss,,0,69665,4
Hajime,,0,69661,5
Neil,,0,69660,4
Will,,0,69658,4
Zaha,,0,69654,2
Skipper,,0,69643,9
Tykit,,0,69638,0
Twoaccord,,0,69626,3
Ruthora,,0,69625,3
Ekretul,,0,69624,0
Ozon,,0,69619,6
Leblanger,,0,69612,7
Omut,,0,69606,3
Dans,,0,69597,1
Paula,,0,69595,10
Lothanna,,0,69594,4
Agghith,,0,69589,3
Zeta,,0,69580,0
Caja,,0,69579,3
Horon,,0,69578,5
Zvonimir,,0,69578,3
Dwrf,,0,69577,8
Totum,,0,69573,4
Omirda,,0,69566,0
Teddycatt,,0,69566,4
Pilita,,0,69564,9
Zurtuzi,,0,69558,4
Alucha,,0,69551,1
Vemalle,,0,69542,0
Ollinni,,0,69533,9
Athortoz,,0,69526,8
Lake,,0,69518,2
Zayebok,,0,69515,3
Ravosenix,,0,69513,2
Bodi,,0,69510,2
Fathir,,0,69508,3
Vunra,,0,69507,4
Garken,,0,69481,0
Vekirdi,,0,69468,1
Egivi,,0,69468,3
Ohoka,,0,69408,9
Rrumms,,0,69404,12
Fasfasss,,0,59918,0
Kaka,,0,59912,0
Korkat,,0,59909,0
Bilixx,,0,59907,0
Kerdoza,,0,59898,0
Toto,,0,59895,0
Nagre,,0,59891,0
Ichegi,,0,59890,0
Akan,,0,59883,0
Dethe,,0,59882,0
Moonshade,,0,59882,0
Onosi,,0,59878,0
Brodiaga,,0,59874,0
Tomtom,,0,59873,0
Jeedawhat,,0,59867,0
Vrumfondel,,0,59867,0
Rika,,0,59867,0
Agrod,,0,59862,0
Nigerr,,0,59862,0
Rains,,0,59860,0
Rokriz,,0,59859,0
Athez,,0,59856,0
Rodre,,0,59855,0
Pothead,,0,59853,0
Tedrenra,,0,59850,0
Isirgod,,0,59849,0
Grvdncr,,0,59848,0
Orcojot,,0,59848,0
Kros,,0,59843,0
Obama,,0,59840,0
Atesos,,0,59838,0
Leji,,0,59837,0
Inagel,,0,59833,0
Dogking,,0,59832,0
Kecis,,0,59831,0
Cerza,,0,59830,0
Nase,,0,59829,0
Ventrice,,0,59829,0
Nishi,,0,59829,0
Lovuk,,0,59829,0
Mila,,0,59822,0
Hulla,,0,59821,0
Mebra,,0,59818,1
Gopal,,0,59812,0
Nugi,,0,59811,0
Enriz,,0,59807,0
Sallaba,,0,59803,0
Assclown,,0,59802,0
Acobril,,0,59802,0
Namal,,0,59801,0
Radrud,,0,59800,0
Pheonix,,0,59800,0
Ocuthaz,,0,59799,0
Black,,0,59798,0
Gecak,,0,59797,0
Ichim,,0,59786,0
Arzesi,,0,59777,0
Migezi,,0,59776,0
Nerinell,,0,59774,0
Guts,,0,59771,0
Olul,,0,59771,0
Sekaibiu,,0,59770,0
Frodillo,,0,59769,2
Badassog,,0,59765,0
Lushena,,0,59763,3
Meki,,0,59760,0
Obebos,,0,59758,0
Zegoke,,0,59751,0
Ishesuz,,0,59751,0
Etid,,0,59741,0
Zarci,,0,59739,0
Ibrima,,0,59737,1
Boone,,0,59731,0
Juda,,0,59730,0
Amaci,,0,59726,0
Elena,,0,59725,2
Jayjay,,0,59725,0
Speedfaer,,0,59718,4
Mocasha,,0,59714,0
Pitohui,,0,59711,1
Alex,,0,59697,2
Jason,,0,59685,0
Marturza,,0,59681,1
Vathive,,0,59673,0
Calin,,0,59665,0
Clint,,0,59665,0
Ercez,,0,59660,0
Nibrera,,0,59658,2
Maryqos,,0,59656,0
Doodge,,0,59656,0
Frampik,,0,59655,0
Enrod,,0,59651,0
Fagg,,0,59645,0
Mandy,,0,59643,1
Smokey,,0,59640,1
Tanis,,0,59638,2
Parabellum,,0,59627,5
Ehera,,0,59622,0
Sadnig,,0,59618,1
Azetis,,0,59607,0
Kulsam,,0,59606,0
Blaaad,,0,59605,0
Barina,,0,59600,1
Razeze,,0,59598,2
Kisa,,0,59594,0
Tuthid,,0,59590,7
Cudri,,0,59584,1
Huginn,,0,59579,2
Majorie,,0,59577,2
Lidothi,,0,59572,0
Natalia,,0,59570,6
Ohodre,,0,59565,0
Sujuchi,,0,59558,1
Linrute,,0,59543,10
Leoyun,,0,59536,6
Ethud,,0,59522,4
Akize,,0,59479,0
Methos,,0,59475,8
Eharcas,,0,59471,2
Hotstuff,,0,59428,3
Zardak,,0,59406,2
Zedasmela,,0,59400,20
Anitha,,0,49899,0
Didut,,0,49892,0
Zhou,,0,49886,0
Rusin,,0,49882,0
Obigra,,0,49878,0
Enrome,,0,49871,0
Gidri,,0,49867,0
Ercotak,,0,49867,0
Irzeg,,0,49862,0
Idred,,0,49861,0
Sidefake,,0,49859,0
Casi,,0,49859,0
Siphon,,0,49859,0
Oshibi,,0,49854,0
Biru,,0,49854,0
Maki,,0,49852,0
Inoz,,0,49852,0
Zaja,,0,49849,0
Brick,,0,49848,0
Peppa,,0,49848,0
Osum,,0,49848,0
Sovrem,,0,49847,0
Alasse,,0,49846,1
Adurgem,,0,49840,0
Legend,,0,49839,0
Memati,,0,49833,0
Kasperle,,0,49833,0
Koretha,,0,49830,1
Calico,,0,49820,0
Drago,,0,49819,0
Idinnud,,0,49819,0
Acibri,,0,49814,0
Bobtodd,,0,49812,1
Geralt,,0,49812,0
Aris,,0,49809,0
Haulimauli,,0,49804,0
Fantom,,0,49801,0
Ginta,,0,49799,0
Virte,,0,49796,0
Ennute,,342,49796,8
Kusa,,0,49795,0
Innetim,,0,49793,0
Voved,,0,49793,0
Orca,,0,49792,0
Alorki,,0,49786,0
Ohari,,0,49782,0
Narame,,0,49782,1
Molly,,0,49780,1
Sully,,0,49779,1
Gunslinger,,0,49774,1
Nani,,0,49774,0
Serani,,147,49767,1
Ding,,0,49766,0
Alozim,,0,49766,0
Yomi,,0,49765,2
Olak,,0,49754,2
Ekusim,,0,49751,0
Bire,,0,49751,0
Murkock,,0,49750,0
Elluz,,0,49748,0
Tamriel,,0,49737,3
Nythe,,0,49731,0
Vurdi,,0,49730,1
Bohh,,0,49728,0
Gukrod,,0,49728,1
Zolat,,0,49727,3
Hanspro,,0,49722,0
Hequet,,0,49719,0
Curce,,0,49713,0
Kirteke,,0,49709,0
Leeloo,,0,49705,0
First,,0,49704,0
Arkum,,0,49696,0
Okelle,,0,49696,1
Medine,,0,49696,2
Mashi,,0,49690,2
Lisa,,0,49684,1
Jjanyang,,0,49682,2
Superpippa,,0,49682,0
French,,0,49678,0
Tarke,,0,49671,5
Mike,,0,49670,2
Poohbear,,0,49670,2
Wickit,,0,49667,0
Maji,,0,49666,2
Letidna,,0,49658,2
Leroka,,0,49653,0
Spike,,0,49652,0
Aelita,,0,49643,2
Nobody,,0,49640,1
Nihi,,0,49639,2
Lurgi,,0,49632,1
Nancy,,0,49625,3
Deheje,,0,49624,0
Somi,,0,49623,1
Erguthi,,0,49620,2
Themonio,,0,49615,3
Naqibsyah,,0,49615,1
Kivake,,0,49614,2
Sanram,,0,49600,2
Amebran,,0,49596,1
Zurgeka,,0,49595,3
Oned,,0,49582,1
Coletta,,0,49580,4
Acis,,0,49572,1
Idiz,,0,49563,17
Ahoce,,0,49558,2
Edili,,0,49552,5
Pompateam,,0,49551,5
Annok,,0,49547,7
Tubami,,0,49545,2
Teva,,0,49527,4
Arcana,,0,49516,3
Vovan,,0,49510,1
Disastra,,0,49509,3
Surka,,0,49505,0
Orkam,,0,49504,4
Ovol,,0,49494,1
Szuruburu,,0,49493,5
Lecota,,0,49476,12
Talli,,0,49443,6
Fletche,,0,49427,5
Event,,0,39922,0
Ercid,,0,39921,0
Chinasky,,0,39908,0
Mejos,,101,39897,0
Tida,,0,39890,0
Minrun,,0,39887,0
Doki,,0,39887,0
Inona,,0,39882,0
Zimeze,,0,39880,0
Mrmoney,,0,39868,0
Orane,,0,39862,0
Abbie,,0,39861,1
Madmacke,,0,39854,0
Achethi,,0,39852,0
Ichul,,0,39849,1
Kuliti,,0,39847,0
Ksjyg,,0,39846,0
Ripotian,,0,39846,0
Vutim,,0,39845,0
Crazy,,0,39845,0
Leshe,,0,39844,0
Alis,,0,39843,0
Tatis,,0,39842,0
Dimaz,,0,39841,0
Tejim,,0,39841,1
Jami,,0,39841,0
Ivan,,0,39839,0
Ogorci,,0,39839,1
Jerza,,0,39839,0
Enom,,0,39839,0
Erzuvra,,0,39838,0
Aketa,,0,39834,2
Kitros,,0,39830,1
Torzutha,,0,39828,0
Arket,,0,39827,2
Kalamity,,0,39826,0
Idrohan,,0,39824,1
Kellhus,,0,39823,1
Ziba,,0,39823,1
Dotha,,0,39823,0
Coneshi,,0,39820,0
Kivi,,0,39819,0
Haded,,0,39816,1
Etafres,,0,39814,1
Egroz,,0,39810,2
Layana,,0,39804,0
Edat,,0,39800,0
Onon,,0,39800,0
Varvara,,0,39798,0
Luvra,,0,39798,1
Ergola,,0,39794,1
Yargoo,,0,39794,0
Rabanger,,0,39794,0
Racer,,0,39793,0
Okomura,,0,39788,0
Illia,,0,39786,2
Etom,,0,39785,1
Rushini,,0,39783,0
Asket,,0,39779,2
Lirta,,0,39779,0
Gethoz,,0,39777,0
Huamulan,,0,39776,0
Chibx,,0,39775,1
Rubegra,,0,39772,0
Ethara,,0,39771,0
Ezio,,0,39771,3
Hebri,,0,39769,0
Leoncio,,0,39768,1
Vune,,0,39764,0
Nubroz,,0,39761,4
Ocen,,0,39761,0
Hinna,,0,39759,1
Arudod,,0,39755,1
Acaduk,,0,39754,1
Diudius,,0,39754,1
Ofras,,0,39747,0
Bedra,,0,39747,1
Galum,,0,39745,0
Basargecer,,0,39735,1
Esheza,,0,39735,1
Mena,,0,39734,3
Isheri,,0,39732,0
Zisok,,0,39731,2
Livarka,,0,39729,2
Sthelda,,0,39724,0
Bellafiga,,0,39721,0
Masa,,0,39721,1
Sigi,,0,39718,1
Ogebe,,0,39718,3
Jehoka,,0,39716,3
Dive,,0,39715,2
Samiran,,0,39715,1
Atahi,,0,39714,4
Ebom,,0,39708,0
Pangarn,,0,39703,0
Iceton,,0,39696,4
Gize,,0,39696,1
Egam,,0,39694,0
Modeltom,,0,39693,2
Genne,,0,39692,1
Anouer,,0,39687,4
Artemis,,0,39687,0
Alexsandr,,0,39678,6
Roba,,0,39677,1
Vali,,0,39675,1
Ehuk,,0,39675,2
Hera,,0,39668,1
Bunnyhop,,0,39666,6
Ikrila,,0,39663,1
Hilary,,0,39659,0
Alexog,,0,39659,0
Mirine,,0,39651,0
Soken,,0,39649,0
Mola,,0,39646,1
Arkas,,0,39645,2
Sutha,,0,39644,0
Agnethema,,0,39640,3
Dose,,0,39640,4
Rile,,0,39640,2
Ehodri,,0,39624,2
Smash,,0,39623,1
Tazula,,0,39621,2
Verazlo,,0,39620,1
Razag,,0,39612,1
Arzuri,,0,39605,3
Ekoda,,0,39591,2
Wareeyore,,0,39586,0
Sindbad,,0,39582,2
Arem,,0,39577,2
Sloth,,0,39575,3
Barbarella,,0,39564,3
Lidul,,0,39563,1
Vinnnn,,0,39561,6
Orcudrok,,0,39550,1
Mantra,,0,39541,3
Esun,,0,39540,2
Dread,,0,39535,9
Trip,,0,39531,0
Vonundzu,,0,39531,2
Durcirgi,,0,39528,5
Killer,,0,39506,1
Brown,,0,39490,2
Uemsama,,0,39488,4
Vimi,,0,39472,2
Ithril,,0,39471,4
Kaccokyler,,0,39459,4
Seeyou,,0,39456,10
Everbeer,,0,39452,5
Lovi,,0,39420,7
Orcile,,0,39419,4
Dolittle,,0,39411,3
Aiho,,0,29911,0
Joriji,,0,29901,0
Cima,,0,29900,0
Mmoto,,0,29894,0
Ebusha,,0,29884,0
Duang,,0,29877,0
Ethik,,0,29873,0
Rumbak,,0,29872,0
Gunwise,,0,29872,0
Sase,,0,29868,0
Kadra,,0,29868,0
Athizi,,0,29864,0
Xanton,,0,29864,0
Madki,,0,29864,0
Hugo,,0,29862,0
Emifrok,,0,29860,0
Ikehi,,0,29860,0
Tefra,,0,29859,0
Esheg,,0,29859,0
Machia,,0,29858,0
Eshikon,,0,29856,0
Schrundi,,0,29854,0
Vothaba,,0,29853,0
Zeda,,0,29853,0
Saziba,,0,29852,0
Evren,,0,29850,0
Ozim,,0,29850,0
Cage,,0,29848,0
King,,0,29846,0
Ddss,,0,29845,0
Cothoza,,0,29845,0
Ebava,,0,29842,0
Biveg,,0,29839,0
Rilli,,0,29839,0
Emubra,,0,29833,0
Rozad,,0,29833,0
Newguy,,0,29832,0
Ruve,,0,29829,0
Nune,,0,29828,0
Verera,,0,29825,0
Erog,,0,29824,0
Efrug,,0,29820,0
Okrig,,0,29820,0
Arya,,0,29819,0
Adrashes,,0,29817,0
Cediga,,0,29816,0
Vogan,,0,29816,0
Tive,,0,29815,0
Shinigami,,0,29811,0
Emol,,0,29811,0
Kedri,,0,29810,0
Nigi,,0,29810,0
Gulla,,0,29809,0
Liam,,0,29809,0
Zevran,,0,29809,0
Marking,,0,29806,0
Ircokis,,0,29805,0
Rose,,0,29804,0
Sindi,,0,29800,0
Nega,,0,29797,0
Artemis,,0,29796,0
Ashcroft,,0,29796,0
Szczelacz,,0,29794,0
Dukin,,0,29793,0
Jinzo,,0,29791,0
Marcos,,0,29788,0
Akrad,,0,29784,0
Shenxin,,0,29782,0
Majestyca,,0,29780,0
Pickle,,0,29778,0
Sardin,,0,29776,0
Vaka,,0,29776,0
Topngoc,,0,29775,0
Gube,,0,29773,0
Idovre,,0,29772,0
Tess,,0,29771,0
Nidrug,,0,29769,0
Guzok,,0,29768,0
Sterek,,0,29767,1
Vimeg,,0,29766,0
Pistoleiro,,0,29765,0
Sadow,,0,29763,2
Dillon,,0,29757,0
Ennimis,,0,29754,0
Nijishi,,0,29751,0
Aras,,0,29751,0
Fumbleus,,0,29750,0
Motete,,0,29747,0
Raje,,0,29747,0
Jale,,0,29745,0
Mika,,0,29742,0
Zoni,,0,29740,0
Arirzi,,0,29736,0
Wolf,,0,29730,0
Taca,,0,29727,0
Adirgi,,0,29727,0
Stondsilly,,0,29726,0
Cashoz,,0,29725,0
Bonar,,0,29712,0
Valcan,,0,29705,0
Unoninena,,0,29704,0
Mrdazkey,,0,29703,0
Virzeze,,0,29693,0
Dechi,,0,29690,0
Nune,,0,29689,0
Vold,,0,29684,0
Goryo,,0,29684,0
Novurga,,0,29682,0
Fischkk,,0,29682,0
Impuls,,0,29679,2
Rnguzi,,0,29668,0
Ruby,,0,29666,0
Benhan,,0,29665,3
Trainwreak,,0,29658,0
Zoja,,0,29651,0
Aviba,,0,29636,0
Evag,,0,29626,0
Bullseye,,0,29625,0
Edura,,0,29579,1
Igoka,,0,29566,0
Sniper,,0,29557,0
Lahoma,,0,29555,0
Seseca,,0,29533,0
Icodi,,0,29530,0
Zogra,,0,29530,2
Rufixx,,0,29520,0
Rade,,0,29519,0
Badlegend,,0,29516,6
Olat,,0,29515,0
Ozmaofoz,,0,29492,0
Kaspe,,0,29476,6
Juliano,,0,19904,0
Lapper,,0,19901,0
Zathe,,0,19895,0
Arak,,0,19894,0
Bigkorea,,7,19893,0
Tili,,0,19890,0
Nvlgntr,,0,19890,0
Heather,,0,19880,0
Enigma,,0,19880,0
Hunter,,0,19879,0
Ainoha,,0,19872,0
Egad,,0,19871,0
Minerva,,0,19871,0
Azadi,,0,19865,0
Dugen,,0,19856,0
Somebird,,0,19855,0
Slinger,,0,19853,0
Dide,,0,19852,0
Thebigsucc,,0,19847,0
Enrus,,0,19843,0
Greybell,,0,19838,0
Heba,,0,19837,0
Enuti,,0,19830,0
Tese,,0,19827,0
Luvid,,0,19824,0
Hibri,,0,19823,0
Ocubaz,,0,19820,0
Robmayth,,0,19820,0
Veza,,0,19818,0
Kardo,,0,19817,0
Ibala,,0,19814,1
Tomez,,0,19813,0
Kargal,,0,19813,1
Odim,,0,19811,0
Pepecorcho,,0,19808,0
Enon,,0,19803,0
Dethagra,,0,19803,0
Hibot,,0,19796,0
Haylander,,0,19795,0
Anuje,,0,19795,0
Saolee,,0,19795,0
Idrane,,0,19794,0
Mjay,,0,19793,1
Amoha,,0,19792,1
Nika,,0,19789,0
Girde,,0,19786,0
Neha,,0,19779,1
Dawe,,0,19779,1
Dral,,0,19776,0
Nudnok,,0,19773,0
Ethos,,0,19771,0
Winter,,0,19771,1
Killer,,0,19767,0
Aaaao,,0,19767,0
Joel,,0,19766,0
Ziragi,,0,19765,0
Beight,,0,19763,0
Yuliya,,0,19761,0
Ajot,,0,19760,0
Sumirci,,0,19759,0
Othute,,0,19759,0
Tuko,,0,19754,1
Zade,,0,19753,0
Hammer,,0,19743,1
Maxfang,,0,19741,1
Casil,,0,19739,0
Nekum,,0,19738,1
Efrathoz,,0,19737,1
Grant,,0,19736,0
Ogez,,0,19735,0
Kupa,,0,19734,2
Emrsnmm,,0,19732,2
Zebek,,0,19731,1
Othirca,,0,19729,0
Bigashi,,0,19727,1
Irkoba,,0,19726,1
Edum,,0,19720,0
Surga,,0,19720,0
Acalex,,0,19719,0
Yogii,,0,19718,1
Computerx,,0,19716,0
Parkch,,0,19712,1
Illevre,,0,19711,0
Vanz,,0,19706,1
Ercoba,,0,19702,0
Irdere,,0,19691,0
Julia,,0,19687,1
Verygood,,0,19684,0
Olluzak,,0,19682,1
Ozin,,0,19679,0
Keja,,0,19674,0
Abaz,,0,19667,0
Aheza,,0,19661,0
Akraz,,0,19657,0
Lekruja,,0,19655,1
Sycorine,,0,19652,1
Usoop,,0,19644,2
Teslea,,0,19642,0
Linu,,0,19641,0
Gorgon,,0,19639,1
Esora,,0,19638,2
Enigma,,0,19634,1
Rishad,,0,19631,0
Erim,,0,19621,0
Ilus,,0,19620,4
Orkog,,0,19615,1
Isot,,0,19592,0
Goshad,,0,19589,1
Ixidor,,0,19577,2
Atina,,0,19549,0
Zusha,,0,19499,0
Autonam,,0,19482,0
Rorkem,,0,19473,4
Afrun,,0,19422,4
