Korealati,,1851,1359411,0
Mirades,,1733,1339421,1
Guitarwolf,,1304,1339417,3
Undead,,1927,1339416,2
Vinazigart,,1718,1339415,1
Sugar,,1761,1339401,3
Chinazocm,,1818,1329474,0
Chinadark,,1858,1329425,0
Koreasano,,1821,1319481,0
Chinagandi,,1463,1319438,0
Koreamrkim,,1733,1319437,0
Meraxes,,1346,1289592,0
Koreacolor,,1405,1289584,0
Arion,,1461,1289571,1
Zake,,1854,1289565,3
Outcast,,1308,1289543,0
Craghack,,1545,1289522,1
Apollo,,1476,1289499,1
Korealove,,1780,1289481,1
Chinamax,,1788,1289480,0
Russ,,1509,1289473,2
Chinafly,,1621,1289470,1
Vietnamlol,,1829,1289439,2
Erikres,,1430,1279482,1
Koreaclown,,1164,1279448,3
Tgmken,,1650,1279423,0
Aragorn,,1078,1279413,2
Juggs,,1173,1279406,1
Chinayong,,1377,1269464,1
Ivanvodka,,1160,1269432,4
Adrian,,1417,1269403,5
Chinabanye,,1716,1259647,0
Chinabanye,,1466,1259465,0
Rubaka,,1536,1239560,4
Mimi,,1249,1239548,1
Ivanvodka,,1500,1239547,0
Trouble,,1128,1239537,0
Bunny,,1223,1239527,1
Alaric,,1005,1239524,2
Chinatim,,1444,1239505,1
Koreatrima,,1218,1239496,2
Edris,,1213,1239492,3
Hyperize,,1358,1239482,3
Kbot,,1342,1239468,1
Koreashong,,1104,1239465,1
Modrok,,932,1239458,1
Pereg,,1188,1239456,3
Ruianvodka,,1333,1239454,1
Dorkus,,1420,1239438,0
Deks,,1273,1239428,6
Dyomiha,,1278,1239423,6
Furiosa,,1206,1239420,0
Koreax,,1581,1239414,2
Koreasnow,,1145,1229563,1
Shilien,,1141,1229442,0
Eril,,955,1219605,1
Spyclown,,1081,1219508,1
Zuriel,,1163,1219482,2
Obrok,,807,1219458,1
Denf,,1541,1209598,2
Koreabank,,1394,1209569,2
Brienne,,1168,1209537,1
Illari,,865,1199434,1
Joel,,1202,1199425,1
Amlach,,814,1189612,0
Mahara,,881,1189583,0
Rudeeman,,1208,1189546,1
Perspillu,,1121,1189537,0
Vesper,,836,1189532,0
Rucucuruza,,1032,1189528,0
Haduk,,808,1189517,2
Chimaera,,1149,1189515,4
Rogana,,1276,1189514,1
Baja,,1292,1189512,0
Ahorgys,,741,1189503,3
Koreajar,,1101,1189502,5
Argent,,1196,1189495,1
Spike,,1218,1189484,3
Brylie,,543,1189478,1
Duang,,1261,1189469,3
Ivanvodka,,1159,1189466,1
Shewolf,,1181,1189465,5
Andrzej,,1217,1189447,0
Chinaxin,,1457,1189446,0
Jine,,965,1189431,3
Koreazorba,,1413,1189419,7
Smeegalot,,1237,1189415,2
Dubra,,873,1189408,4
Chinatian,,1329,1179607,2
Hippofart,,1175,1179604,0
Chinaz,,1248,1179553,4
Walrus,,964,1179547,4
Koreablue,,1528,1179538,0
Savageroar,,1024,1179537,0
Ertuve,,886,1179528,0
Ruben,,1357,1179517,1
Koreacool,,1065,1179458,2
Ahem,,1096,1179444,3
Ejon,,968,1179421,1
Kyelasse,,1235,1169634,0
Kangmingki,,774,1169591,1
Koreahong,,986,1169458,2
Ebod,,1120,1159662,0
Batot,,1121,1159635,0
Jusuz,,632,1159538,0
Eroze,,826,1159512,1
Korperk,,1191,1159483,1
Boncuk,,1221,1159474,2
Korearege,,1254,1159474,3
Tirzushi,,652,1159440,1
Zede,,1126,1139657,1
Sasi,,1033,1139614,1
Omen,,872,1139591,3
Baoyi,,1269,1139585,4
Shaygartoo,,1017,1139585,1
Chinasw,,1348,1139585,3
Junebug,,654,1139580,3
Kugi,,588,1139574,0
Kyler,,753,1139559,1
Diablo,,716,1139559,0
Korearyu,,682,1139552,0
Hero,,659,1139546,1
Nobody,,923,1139545,2
Alex,,898,1139539,2
Windigo,,1120,1139539,1
Rudron,,906,1139534,2
Zugra,,853,1139527,5
Gagot,,977,1139526,2
Caramon,,899,1139526,2
Candysoda,,973,1139523,1
Hushuzi,,1183,1139518,1
Rirka,,1262,1139514,3
Ivanvodka,,1148,1139513,3
Zicag,,746,1139513,1
Ennive,,1150,1139503,1
Etyone,,757,1139491,1
Arwen,,685,1139485,4
Wifi,,963,1139484,1
Frapo,,698,1139481,0
Ezog,,870,1139479,1
Kirgudur,,798,1139479,2
Rumakc,,920,1139478,1
Nini,,670,1139474,2
Odishun,,1151,1139473,4
Ruvodne,,832,1139468,2
Koukeko,,504,1139456,1
Sekrog,,524,1139453,2
Cromulia,,816,1139452,4
Akred,,1080,1139451,2
Korealino,,844,1139441,1
Nilss,,600,1139431,3
Rumena,,1077,1139425,3
Binary,,689,1139400,1
Koreajias,,908,1129576,2
Dypb,,1141,1129514,1
Alucard,,695,1129487,2
Ghost,,1350,1129470,0
Favra,,639,1129456,2
Koreadna,,1042,1129446,1
David,,1213,1129437,4
Chinajojo,,817,1129429,1
Zovoz,,1133,1129410,4
Metan,,894,1129410,2
Ralang,,851,1119563,3
Rugreen,,784,1119556,4
Rubai,,945,1119505,0
Zgxy,,587,1119497,0
Xiangxiang,,759,1119462,14
Tomaxwy,,578,1119451,4
Samiam,,796,1119426,2
Koreasikal,,955,1119425,5
Nekek,,1039,1109734,2
Lamu,,972,1109710,0
Wjfather,,1341,1109692,0
Chinadark,,1087,1109630,4
Isra,,1135,1109623,0
Jeffrey,,1468,1109601,10
Ruja,,1170,1109591,0
Chinaton,,1147,1109588,2
Rule,,1129,1109585,2
Nadi,,694,1109584,0
Dohee,,998,1109576,0
Rusalka,,895,1109567,0
Koreachi,,948,1109562,0
Conan,,773,1109534,1
Akeno,,976,1109518,4
Uranus,,971,1099512,2
Slasher,,550,1099498,1
Nemesis,,550,1099411,1
Lulu,,590,1099403,1
Chinayzz,,1132,1089628,5
Ivanvodka,,837,1089596,3
Chinahor,,1103,1089591,0
Rilid,,937,1089588,1
Jujulove,,753,1089586,1
Dantissimo,,475,1089559,4
Sheyla,,455,1089551,5
Mertiz,,896,1089542,0
Demona,,568,1089542,1
Jurgol,,1057,1089540,1
Qnfrk,,877,1089520,0
Tovin,,682,1089517,0
Vraith,,1174,1089501,11
Azun,,870,1089497,0
Ogomiz,,448,1089484,1
Toka,,680,1089481,4
Gita,,748,1089480,4
Clint,,421,1089478,0
Rozny,,977,1089462,1
Majal,,596,1089462,1
Kebbe,,705,1089460,0
Koreamax,,831,1089456,1
Dagus,,816,1089432,3
Koreakiki,,834,1089432,6
Aronath,,664,1089429,5
Ella,,920,1089409,1
Kortenpin,,1207,1079636,0
Kiki,,669,1079587,0
Rini,,862,1079566,1
Vibegri,,455,1079559,1
Blackstar,,941,1079545,2
Gordak,,1006,1079484,4
Ceri,,493,1079455,4
Asos,,397,1079432,3
Zime,,941,1079420,3
Shalalala,,592,1079417,5
Khpaddy,,983,1069714,0
Vadie,,767,1069618,0
Brienne,,639,1069564,2
Uaspeedy,,824,1069480,5
Avil,,452,1069458,4
Huthet,,887,1069445,3
Sabral,,682,1069432,6
Moon,,659,1069430,1
Athena,,649,1069423,3
Erzova,,825,1069404,5
Koreaband,,846,1059749,1
Princess,,776,1059736,0
Itumed,,624,1059702,0
Egon,,958,1059676,0
Irbices,,960,1059672,0
Shifter,,800,1059668,2
Spamilton,,912,1059667,0
Dprueba,,854,1059642,1
Rukapir,,844,1059612,2
Majingis,,888,1059537,2
Vnvn,,799,1059532,1
Gemstone,,1130,1059528,2
Lugri,,738,1059460,1
Gogogo,,958,1059446,4
Helga,,656,1059440,0
Errante,,671,1059400,6
Kaka,,783,1049495,5
Krathos,,754,1049493,1
Keda,,612,1049460,1
Bronn,,775,1039656,0
Ruhide,,547,1039649,1
Barzi,,916,1039596,1
Aholas,,675,1039593,1
Brienne,,815,1039588,0
Denim,,478,1039577,0
Orgemi,,623,1039560,2
Grit,,638,1039545,1
Cali,,878,1039542,0
Carama,,712,1039538,0
Ivanvodka,,910,1039538,1
Tanker,,469,1039534,3
Ruant,,474,1039508,4
Abragri,,787,1039490,4
Tyrian,,780,1039474,1
Xorus,,829,1039450,1
Phaed,,720,1039443,0
Ychim,,890,1039433,3
Buvata,,632,1029630,0
Garden,,967,1029608,3
Kakaka,,528,1029602,0
Sovi,,392,1029601,3
Orgy,,690,1029594,2
Koreawin,,953,1029556,0
Mctyrael,,880,1029555,4
Fatty,,913,1029544,2
Thatman,,826,1029538,0
Shortree,,590,1029529,0
Blade,,587,1029527,0
Wilwind,,1132,1029517,5
Squidward,,725,1029497,0
Dammit,,517,1029497,1
Irake,,1035,1029456,5
Arya,,424,1029443,2
Blacksheep,,540,1029433,1
Siegfried,,567,1029405,3
Liloee,,866,1019661,1
Neuralf,,774,1019583,1
Livehoo,,545,1019570,2
Akugan,,685,1019541,5
Dora,,589,1019526,1
Cacherin,,668,1019503,1
Ituguk,,460,1019484,4
Lehe,,484,1019468,9
Clamdip,,644,1019434,2
Sabbat,,450,1019412,3
Elona,,1105,1009834,0
Omethi,,810,1009791,0
Brojo,,736,1009786,0
Deadly,,448,1009733,1
Kugelblitz,,671,1009721,0
Kasi,,966,1009719,2
Nirnrut,,811,1009714,0
Sathin,,502,1009712,0
Ikeyo,,923,1009705,1
Imeo,,581,1009702,0
Koreatight,,322,1009702,0
Homeless,,1091,1009686,2
Darknight,,831,1009668,1
Koreajjang,,563,1009634,0
Rure,,916,1009633,1
Chinaliu,,618,1009630,0
Koreadeer,,700,1009625,1
Ameni,,909,1009611,1
Maze,,957,1009607,1
Omit,,664,1009590,0
Zorrofox,,571,1009582,1
Qnfrk,,746,1009575,1
Belit,,712,1009573,0
Pokenslash,,535,1009571,0
Genbu,,697,1009542,0
Derod,,479,1009539,1
Junsik,,427,1009525,2
Deni,,393,1009523,5
Bandade,,478,1009508,0
Ivahe,,516,1009507,1
Blazer,,800,1009506,0
Liena,,280,1009504,0
Lishurde,,571,1009502,1
Seres,,463,1009489,3
Baby,,353,1009486,1
Dara,,677,1009485,1
Havi,,604,1009483,4
Alexander,,852,1009483,2
Arthas,,421,1009476,6
Tsuvubucu,,632,1009459,3
Paladin,,561,1009445,1
Sari,,674,1009433,0
Andre,,410,1009429,0
Avlis,,789,999467,1
Koreaemil,,578,999453,0
Rofri,,374,999446,3
Chinahero,,819,999428,7
Acud,,846,989642,6
Odin,,423,989575,2
Etuk,,489,989568,1
Azog,,532,989564,3
Pupa,,526,989549,2
Sparkles,,800,989547,0
Tuti,,454,989541,3
Fixevent,,420,989541,2
Leona,,363,989533,0
Karci,,333,989529,1
Monday,,566,989528,0
Rualex,,832,989526,2
Rithot,,329,989507,2
Cigon,,414,989501,1
Pbyy,,451,989494,2
Devastator,,686,989489,1
Rogi,,571,989481,2
Kira,,1031,989478,3
Odnerda,,444,989444,2
Rolandvlad,,369,989444,6
Skifir,,363,989438,0
Zatha,,419,989422,3
Ruviktor,,506,989419,3
Jufre,,718,989418,3
Kiki,,440,989418,4
Egichon,,517,989409,3
Amboss,,773,989406,6
Eshel,,294,989404,1
Bulat,,384,989403,2
Thorgal,,803,979656,1
Izerta,,877,979560,1
Kidrike,,746,979545,1
Kogrima,,395,979526,3
Kratzke,,570,979490,0
Sirkuge,,573,979486,0
Tsaimin,,478,979483,0
Sambung,,630,979472,0
Cururda,,509,979471,12
Hudi,,290,979451,4
Naba,,488,979444,3
Lube,,336,979413,6
Robevent,,458,979412,1
Avug,,411,969632,0
Hotot,,582,969556,2
Clash,,446,969544,0
Innobes,,453,969486,2
Ceshaz,,831,969478,8
Soket,,447,969444,5
Okrorcok,,395,969423,2
Orisi,,474,969408,6
Joika,,420,969405,5
Asherza,,500,959652,0
Ivubred,,352,959594,0
Arthur,,605,959590,0
Tirgum,,519,959588,0
Infected,,279,959505,2
Fiddlehead,,410,959503,0
Alice,,397,959503,1
Bishe,,734,959484,0
Tegre,,382,959472,2
Erza,,446,959456,9
Athukre,,399,959440,5
Vodka,,563,959440,4
Artakus,,818,949582,1
Event,,388,939616,1
Ekirzi,,441,939600,0
Qwerty,,645,939599,1
Koreavest,,719,939596,0
Ghosty,,278,939587,0
Csillag,,536,939586,0
Phantom,,457,939581,1
Ezunre,,758,939579,3
Xero,,753,939570,0
Goterke,,672,939570,1
Uderzam,,593,939548,1
Batato,,680,939544,1
Igafra,,312,939543,3
Lugadni,,355,939534,6
Irzas,,498,939512,2
Gertrud,,635,939505,0
Elit,,809,939499,3
Bothel,,556,939499,1
Zena,,726,939496,4
Beast,,347,939486,4
Cador,,584,939474,1
Kiki,,362,939471,1
Deus,,292,939470,3
Ayuders,,352,939467,2
Ruandrew,,379,939466,0
Hikushi,,670,939465,1
Coltene,,397,939455,3
Lusha,,799,939445,1
Hrco,,595,939444,1
Akris,,295,939434,1
Wrackle,,493,939429,9
Rejade,,355,939429,7
Ulfgardt,,482,939416,1
Osicha,,315,939411,2
Isethel,,290,939406,1
Orgen,,784,929630,2
Falion,,902,929596,0
Barbatos,,361,929561,2
Gihita,,598,929553,1
Jonah,,619,929533,1
Psychosid,,330,929529,2
Havroti,,646,929489,0
Beldin,,605,929481,7
Jhong,,447,929477,1
Supergua,,336,929465,0
Evuk,,251,929464,1
Bjorna,,420,929458,2
Dreadnaut,,587,929451,7
Pearzzzz,,632,929439,6
Striker,,286,929430,0
Tommy,,625,929400,2
Ikrug,,351,919589,1
Dogra,,506,919531,3
Gamble,,510,919531,6
Stabby,,438,919527,1
Bhhhholoa,,459,919522,3
Aquax,,336,919494,2
Alaron,,561,919494,1
Lazog,,466,919477,0
Tanus,,413,919446,1
Kama,,525,919442,3
Ojoned,,464,919439,3
Rufruma,,302,919436,2
Aira,,675,919429,1
Homo,,352,919428,2
Berka,,611,919422,2
Veshe,,297,919420,4
Fanjiang,,309,909737,0
Muje,,325,909725,0
Lutag,,475,909717,0
Izurge,,462,909687,1
Ithokri,,316,909650,2
Seshe,,409,909639,0
Tatha,,641,909629,0
Vovo,,247,909595,0
Ragnarok,,511,909594,0
Bibendum,,542,909594,1
Angeni,,363,909583,0
Odehi,,586,909583,3
Izitan,,569,909577,0
Unusual,,423,909574,0
Yuan,,349,909570,1
Ruyashenka,,721,909564,0
Agum,,441,909547,3
Athog,,385,909546,4
Vitas,,271,909532,4
Lathe,,253,909525,0
Kojig,,274,909501,0
Inel,,353,909470,5
Sorcha,,673,909469,3
Zeeello,,362,909468,4
Ivis,,339,909456,3
Stoeipoes,,281,909450,2
Bitcoin,,290,909444,0
Jimbette,,268,909444,3
Enana,,319,909428,3
Iiiii,,565,909428,11
Gregor,,282,909427,16
Piska,,335,909413,1
Vgnlslime,,383,899569,3
Jeda,,312,899520,3
Ouch,,270,899438,0
Mika,,305,899423,6
Senua,,373,889601,1
Vasuse,,340,889600,0
Giga,,447,889598,2
Ivanvodka,,692,889579,1
Dobata,,732,889565,3
Zevi,,348,889561,1
Lance,,269,889553,0
Rorki,,289,889550,3
Erduce,,745,889548,1
Vicious,,400,889496,4
Grifenik,,450,889496,1
Asot,,288,889495,5
Cusone,,289,889485,0
Ethebri,,362,889479,8
Neva,,231,889475,1
Kalebra,,441,889474,6
Fallen,,277,889473,4
Bithe,,275,889444,2
Coma,,260,889442,2
Whanktank,,331,889438,3
Mamlas,,628,889434,13
Bloodwars,,372,889426,1
Anika,,540,889423,4
Jurdad,,701,889420,2
Omakase,,399,889420,2
Otep,,680,889409,0
Gaveda,,252,889406,4
Annazel,,480,889406,5
Surgik,,316,889400,0
Gihagra,,456,889400,1
Silzin,,345,879604,0
Kels,,552,879562,0
Chinazs,,244,879557,3
Ellis,,394,879548,0
Drax,,279,879538,6
Enenek,,277,879534,1
Ovak,,320,879514,0
Duthat,,820,879508,4
Neuroticus,,264,879480,1
Anag,,366,879472,4
Rugoga,,469,879471,4
Goshule,,561,879443,0
Azik,,284,879437,0
Shimas,,298,879435,4
Girzoz,,283,879403,2
Gedibri,,469,879400,1
Exic,,205,869677,2
Tugiche,,353,869661,6
Ocerga,,431,869589,8
Scarlet,,253,869531,1
Ccccccc,,517,869511,4
Tanos,,274,869508,0
Leesunsin,,227,869504,4
Ehabi,,286,869503,2
Echaked,,688,869503,2
Ebribra,,577,869502,0
Egel,,280,869474,0
Curca,,253,869462,0
Hamhum,,524,869443,8
Twirly,,548,859797,1
Lugrok,,372,859748,1
Zusen,,594,859746,2
Kenzi,,479,859717,0
Veshe,,531,859683,0
Bate,,393,859618,0
Lizzy,,628,859557,1
Rusokri,,267,859537,0
Nothe,,332,859508,2
Willowcat,,601,859480,0
Ruyana,,361,859470,5
Cobum,,302,859453,0
Zigman,,313,859450,0
Matrempit,,759,859439,0
Destroyer,,315,859437,0
Adodna,,371,859429,3
Lilith,,269,859426,1
Kimbaloca,,405,849586,1
Kris,,354,849580,5
Rayn,,307,849577,5
Roker,,346,849478,0
Ithadi,,488,849475,3
Mali,,446,849460,1
Rurdi,,415,849452,3
Roca,,469,849434,0
Avig,,596,849412,3
Adnude,,343,839617,2
Magandiya,,291,839614,0
Conan,,419,839604,1
Lerzova,,502,839602,1
Doja,,499,839594,0
Malle,,394,839594,0
Sigus,,570,839589,0
Ashod,,414,839586,0
Tatarti,,293,839566,0
Sunni,,503,839541,1
Mimi,,237,839541,2
Stroke,,259,839529,1
Agares,,515,839493,3
Deshik,,208,839488,1
Angua,,463,839475,4
Konuthe,,738,839473,7
Rehe,,230,839466,0
Agroha,,313,839461,6
Othazan,,322,839458,0
Spazage,,437,839450,6
Icaret,,240,839442,0
Sutet,,441,839434,4
Ocanraz,,508,839434,5
Sneakers,,320,839433,2
Kale,,215,839433,0
Joshes,,309,839424,4
Emil,,241,839421,3
Huggsie,,393,839421,1
Igidam,,550,839416,1
Nani,,414,839414,3
Marduk,,319,839405,6
Viki,,501,829591,0
Nafnaf,,437,829548,1
Tenebrala,,202,829526,1
Kowski,,244,829518,3
Solluca,,566,829505,0
Egrot,,260,829494,2
Chinariusa,,279,829476,1
Zothom,,287,829475,0
Jigraja,,302,829462,0
Hejotha,,375,829458,8
Soup,,306,829441,0
Itot,,197,829439,7
Vike,,323,829431,2
Robertt,,356,829427,0
Etoile,,270,829424,3
Bucha,,596,829423,0
Chivecajun,,351,829422,4
Chinajier,,377,829421,3
Cristina,,529,829420,0
Leonardo,,389,829411,0
Moni,,255,819672,1
Toaster,,377,819540,2
Legion,,480,819536,0
Esheva,,308,819510,3
Abrane,,403,819510,3
Rinrez,,247,819492,2
Helle,,426,819492,1
Acri,,233,819490,1
Sativa,,368,819486,4
Nagije,,262,819486,0
Beti,,447,819482,4
Tegra,,194,819482,5
Cerberus,,204,819478,2
Suri,,553,819442,0
Emudal,,245,819425,6
Ballz,,297,819423,5
Alargit,,274,819416,12
Borkofri,,335,819408,1
Zorro,,395,819406,2
Esuz,,230,819404,1
Fulkido,,355,819401,7
Nhat,,677,809686,0
Tithe,,268,809686,0
Falven,,495,809676,0
Money,,379,809675,0
Nashuz,,613,809673,0
Mudboy,,194,809671,1
Cilles,,663,809668,0
Jace,,431,809655,0
Iridaz,,341,809645,1
Revan,,689,809633,0
Abichi,,201,809630,0
Vaka,,278,809626,0
Tibroce,,278,809599,4
Hale,,264,809596,1
Misa,,395,809595,0
Roha,,205,809592,0
Haplo,,476,809586,0
Demema,,260,809578,4
Locigi,,488,809572,0
Aruk,,294,809567,0
Bonony,,242,809563,0
Ness,,459,809563,6
Amoshi,,331,809560,0
Burze,,532,809540,0
Erdacod,,268,809539,2
Szergej,,544,809537,0
Gamag,,202,809533,5
Hmmm,,340,809531,0
Omus,,422,809526,1
Etogrun,,391,809526,3
Eaglewatch,,303,809523,0
Medanna,,265,809517,1
Kithiha,,227,809502,2
Murder,,223,809501,1
Hammes,,592,809485,1
Ishasim,,615,809482,1
Osatam,,215,809482,5
Verclads,,432,809474,1
Ruromik,,307,809461,0
Grayback,,240,809456,1
Livi,,362,809454,5
Icheme,,410,809443,0
Lelum,,351,809434,6
Rici,,270,809414,2
Asheri,,497,809414,0
Takrergi,,446,809410,2
Kicha,,394,799593,7
Janen,,240,799521,0
Mahuthe,,278,799463,0
Redsonyk,,266,799449,5
Lika,,433,799426,5
Reza,,291,799417,4
Ozymex,,272,789583,3
Teni,,300,789569,1
Khal,,208,789565,0
Arcada,,233,789560,1
Binrebra,,379,789542,4
Adana,,552,789534,0
Venomdva,,313,789534,1
Cowboy,,293,789529,1
Ohim,,218,789528,3
Azud,,352,789523,1
Tomek,,249,789519,8
Luhaca,,468,789509,1
Gmtingwr,,348,789509,1
Lilla,,437,789505,4
Erot,,189,789491,4
Huuu,,679,789487,0
Ibit,,558,789457,8
Katana,,295,789444,0
Nahethi,,210,789442,0
Atrus,,274,789438,2
Jezeji,,288,789437,5
Kudame,,266,789422,1
Zena,,213,789411,1
Bryannn,,567,789403,3
Hedaz,,314,779619,2
Jobitha,,369,779608,0
Michog,,456,779576,3
Deres,,313,779566,0
Dameluke,,429,779556,1
Ecthelion,,453,779527,1
Rubalvan,,363,779523,0
Sarzi,,600,779489,4
Alet,,328,779480,1
Darkaven,,223,779462,1
Zephyr,,584,779458,1
Adug,,241,779437,0
Yewubian,,169,779436,5
Ajut,,204,779424,2
Gggiii,,318,769620,2
Geisha,,278,769590,1
Lorioraczo,,493,769517,0
Bika,,224,769515,0
Komada,,287,769513,1
Virik,,223,769512,2
Muggii,,796,769496,0
Cobraz,,205,769475,0
Isolde,,369,769474,3
Violet,,335,769459,0
Madnesse,,218,769451,2
Jusil,,440,769441,2
Robe,,304,769430,8
Delphi,,224,769420,6
Oshus,,524,769420,6
Barzig,,528,769409,10
Rorova,,273,769405,3
Doofus,,565,759590,2
Arkil,,228,759582,0
Enria,,158,759547,4
Illyria,,258,759535,7
Rinktink,,200,759525,0
Masters,,420,759481,0
Gigetto,,226,759480,0
Bane,,235,759451,2
Cashabi,,230,759447,15
Onatun,,304,759427,0
Free,,180,749696,1
Duje,,198,749545,1
Vivian,,428,749526,5
Ithochis,,363,749473,4
Rofrek,,281,749466,0
Ertan,,289,749423,7
Didrickson,,172,739639,0
Ikaba,,196,739581,1
Vase,,316,739551,3
Gold,,407,739532,1
Bishes,,298,739530,1
Allala,,204,739525,1
Dyff,,500,739518,2
Lulu,,209,739517,11
Grimm,,335,739501,0
Olan,,353,739484,4
Iggy,,298,739452,2
Edodned,,233,739439,0
Pakse,,421,739433,11
Dimon,,242,739424,0
Ivanrus,,236,739421,0
Mallou,,216,739416,3
Ithul,,265,739400,1
Johnny,,184,729636,1
Monati,,330,729621,0
Muba,,180,729587,11
Cidrog,,327,729581,1
Ikodra,,212,729561,2
Mojos,,282,729549,4
Ruvi,,398,729531,2
Zebre,,289,729530,4
Kujetina,,197,729479,2
Etis,,274,729466,0
Egevan,,302,729458,2
Fernet,,333,729439,1
Itokre,,187,729434,2
Jestmoc,,256,729420,3
Sanchez,,308,729409,5
Eneshi,,318,729404,1
Ikroshik,,345,719677,2
Ander,,166,719620,2
Mirra,,280,719565,0
Obertin,,218,719563,1
Sofi,,163,719561,0
Ivez,,161,719548,5
Twinkle,,209,719522,3
Genargi,,361,719520,1
Barzam,,445,719498,0
Bithum,,204,719480,7
Zemma,,233,719436,1
Ares,,160,709729,2
Othunrit,,173,709676,1
Cuke,,226,709651,0
Nechuta,,230,709641,0
Maximus,,530,709635,0
Xienna,,232,709629,0
Brunhildy,,178,709595,0
Bronze,,180,709595,4
Meno,,223,709581,1
Cuti,,177,709573,2
Korgheim,,368,709567,1
Hayne,,305,709553,0
Akem,,215,709545,1
Anokus,,312,709543,0
Ardon,,210,709518,0
Allukes,,283,709485,1
Burner,,203,699560,4
Hela,,190,699542,0
Zena,,334,699541,2
Ajoke,,171,699540,5
Asebug,,351,699537,0
Okellom,,450,699453,0
Farter,,275,699428,7
Hihot,,230,699419,5
Palixx,,145,689588,0
Mrtveeej,,231,689578,1
Elysiandyl,,338,689570,0
Athize,,331,689560,4
Slasho,,270,689559,0
Jobri,,157,689557,0
Jela,,200,689545,8
Morgan,,270,689521,0
Zekka,,292,689521,1
June,,257,689520,3
Cithovi,,371,689518,0
Orzun,,239,689506,0
Braebus,,317,689495,1
Zeron,,294,689493,4
Fcub,,315,689492,5
Cuzira,,185,689491,0
Ohivi,,244,689490,5
Zobid,,192,689483,0
Arkin,,172,689473,0
Jokubre,,393,689460,5
Arzera,,204,689459,0
Siggie,,182,689455,0
Atel,,300,689450,0
Tahe,,392,689449,2
Angeloc,,174,689449,4
Bratty,,235,689444,3
Murele,,446,689443,2
Vake,,361,689441,2
Ogrut,,240,689433,0
Bronn,,270,689420,6
Lordblast,,218,689420,0
Guard,,154,689410,2
Oleca,,386,689400,0
Gutek,,164,679644,2
Huyu,,239,679613,5
Shardlord,,307,679607,2
Ahul,,129,679602,2
Icurkel,,161,679591,1
Tarezoel,,221,679535,2
Radma,,389,679526,4
Akus,,367,679520,2
Tempertoo,,198,679517,0
Mrzhao,,206,679514,0
Tinahe,,261,679507,0
Ahmed,,180,679505,0
Bullwinkle,,364,679474,1
Zorta,,211,679474,1
Vale,,246,679472,2
Ruchip,,428,679469,0
Ohute,,323,679465,1
Igrati,,138,679457,3
Maja,,319,679454,1
Zurkashi,,221,679454,1
Liberty,,296,679452,1
Jubreza,,503,679452,2
Soshot,,236,679449,24
Eshannod,,218,679442,0
Robix,,363,679420,0
Imame,,169,679419,12
Xfataletwo,,331,679412,0
Aduk,,339,679409,1
Asava,,196,669551,5
Orcan,,341,669478,4
Tyranja,,159,669458,4
Angelmarc,,243,669412,1
Edrothe,,399,669409,4
Ziva,,357,669402,8
Ichuk,,154,659741,0
Givuchi,,307,659723,0
Irgeg,,351,659674,0
Cyndear,,528,659656,0
Gerard,,228,659650,1
Egaz,,249,659624,1
Ikalok,,488,659602,0
Zothi,,110,659596,0
Bardo,,531,659587,0
Brienne,,381,659585,1
Riricwar,,221,659579,0
Rithi,,234,659576,7
Marcus,,280,659574,2
Lordragon,,240,659571,1
Cere,,400,659567,0
Kear,,448,659566,0
Littlecar,,133,659558,0
Ronri,,302,659557,1
Kerbouchrd,,233,659552,0
Marcel,,254,659549,3
Katok,,365,659547,1
Ciri,,306,659547,0
Valerius,,237,659546,3
Ranog,,180,659541,0
Adnohet,,151,659509,0
Nocez,,210,659508,18
Ecukrum,,368,659505,0
Servantus,,397,659500,6
Madek,,338,659493,0
Ircul,,163,649614,0
Jabi,,192,649597,1
Valvaran,,199,649542,1
Kriraffe,,218,649474,0
Dokikii,,216,649460,4
Elunre,,316,649435,0
Itzgc,,213,649409,0
Melli,,208,639602,3
Daoon,,106,639598,1
Illummi,,128,639582,0
Onog,,148,639576,1
Haku,,283,639553,0
Evil,,182,639552,6
Athim,,190,639529,16
Borka,,227,639513,0
Daenerys,,250,639513,2
Borg,,178,639507,4
Dekri,,444,639502,1
James,,240,639485,0
Nake,,314,639464,1
Ohek,,207,639439,0
Shaman,,279,639437,1
Jaba,,286,639437,1
Stavran,,291,639424,2
Zole,,282,639423,5
Slysh,,358,639413,1
Garra,,249,629636,1
Azeria,,169,629634,0
Sarge,,167,629589,0
Ivodos,,190,629583,3
Evarta,,158,629579,0
Hairbear,,165,629572,0
Sophie,,182,629560,1
Vibreng,,269,629560,1
Dosha,,342,629560,0
Zeti,,170,629553,3
Crowe,,335,629547,2
Thanos,,272,629539,0
Vorahi,,130,629531,3
Anrig,,165,629528,1
Oshugri,,191,629528,0
Zerce,,460,629524,1
Guerreiro,,308,629516,6
Joeking,,211,629512,0
Haggis,,313,629500,2
Erdigi,,291,629497,2
Zara,,140,629496,3
Azurite,,289,629480,1
Hooch,,210,629458,0
Rorgog,,411,629452,0
Pandragon,,268,629428,0
Miya,,247,629419,8
Rebekka,,126,619621,1
Cebeca,,140,619610,1
Lightpoint,,188,619583,2
Butchebana,,183,619530,0
Achorge,,220,619502,1
Maga,,194,619483,2
Ercos,,280,619464,1
Bhaal,,322,609866,0
Anhialader,,162,609781,0
Ravencrest,,307,609718,0
Ergil,,221,609716,0
Redi,,327,609711,0
Aral,,188,609694,2
Jarzin,,251,609687,0
Ifricag,,179,609682,0
Nogran,,123,609680,0
Lojid,,301,609674,0
Mutud,,126,609665,0
Gothat,,419,609665,0
Imimi,,143,609658,0
Ojires,,279,609647,0
Phaedra,,264,609642,0
Kallen,,124,609641,0
Nidone,,89,609639,0
Tonra,,227,609635,0
Elom,,151,609633,0
Evaci,,125,609624,0
Denizli,,100,609604,0
Cumute,,153,609588,5
Hebunna,,268,609574,0
Ivakim,,124,609570,6
Asara,,164,609570,1
Nine,,267,609561,0
Zube,,181,609551,7
Joana,,117,609534,0
Nobra,,248,609505,0
Abram,,235,609501,0
Zlovolja,,430,609498,1
Doodle,,310,609457,1
Bloodrayne,,145,599485,2
Lavor,,140,599426,1
Arkis,,174,589552,0
Drac,,352,589524,0
Zakrashe,,140,589479,0
Argus,,219,589475,2
Kevin,,151,589467,0
Akrime,,221,589441,6
Lesa,,89,589441,6
Vadat,,147,589410,4
Gigi,,103,579771,1
Beraja,,129,579608,2
Ikum,,279,579524,0
Enek,,271,579522,5
Cheburan,,117,579510,1
Arthur,,316,579498,3
Shazoo,,267,579464,2
Izut,,392,579462,0
Azerotta,,152,569693,1
Kagrez,,151,569561,1
Zari,,231,569543,5
Tana,,160,569492,4
Oneking,,388,559726,0
Guoan,,144,559720,1
Rega,,91,559643,0
Hezen,,134,559635,0
Olurgok,,252,559613,1
Emal,,276,559611,1
Egronas,,157,559600,0
Matyi,,235,559596,0
Perganon,,89,559587,1
Burce,,136,559577,1
Arya,,320,559573,0
Beeee,,156,559565,0
Rathe,,140,559545,0
Abai,,325,559522,0
Anubis,,297,559518,0
Vunella,,208,549579,0
Slake,,434,549494,1
Jigug,,117,549480,0
West,,303,549469,3
Ironknight,,279,549453,11
Julieduh,,304,549413,3
Bizi,,115,549403,1
Eventica,,208,539581,1
Shaleulleu,,294,539529,0
Adam,,182,539495,1
Wolf,,260,539477,9
Ryofu,,345,539409,1
Irut,,157,539408,2
Draidor,,228,539403,4
Sunlight,,176,529624,1
Sarie,,94,529603,0
Oteka,,178,529598,1
Morrigan,,190,529598,0
Gedraza,,102,529597,0
Amon,,103,529562,0
Leshi,,141,529552,1
Gilippe,,244,529544,2
Maze,,76,529528,1
Ogum,,135,529522,0
Virtine,,139,529521,2
Maritime,,262,529514,0
Kura,,233,529510,1
Jeran,,236,529509,0
Tejin,,216,529420,1
Numerosix,,255,519522,4
Mishig,,195,519464,1
Alug,,76,519408,4
Vytrznik,,100,509753,0
Anoshaboy,,159,509730,0
Yuanju,,153,509716,2
Lezi,,277,509702,0
Daenerys,,171,509689,0
Minnow,,195,509675,0
Balot,,95,509664,0
Kuje,,198,509662,0
Onion,,134,509639,0
Ecide,,284,509637,0
Pupsi,,106,509614,0
Dorura,,166,509608,0
Igoka,,70,509602,0
Shadoblade,,191,509595,1
Amiti,,180,509584,0
Erzennas,,106,509583,0
Riserta,,234,509581,0
Erdifreg,,154,509566,5
Chisappans,,171,509560,0
Lacan,,87,509548,2
Evom,,199,509547,0
Vonimi,,148,509526,0
Happydon,,115,509485,0
Vadnordi,,121,509466,0
Arevri,,119,509435,0
Asian,,100,499675,0
Azos,,169,499592,1
Nega,,80,499511,1
Jirdufre,,160,499509,1
Russvodka,,49,489643,0
Gago,,146,489560,1
Sivriz,,124,489553,1
Suva,,185,489494,0
Arim,,115,489480,0
Vcad,,131,489473,3
Janna,,242,489465,5
Iliki,,179,489445,3
Babebibobu,,261,489422,0
Artet,,185,489404,2
Ulul,,144,479691,0
Ohok,,115,479639,0
Frozen,,108,479604,0
Ichuj,,252,479564,0
Movuci,,82,479561,0
Sargon,,153,479537,1
Thorg,,148,479524,0
Acashi,,220,479465,3
Muthog,,138,469657,1
Sirguz,,78,469566,0
Hackatha,,160,469501,6
Alarm,,183,459763,0
Ellel,,53,459758,0
Ochajut,,81,459716,0
Iloca,,107,459653,0
Kevra,,71,459650,0
Bullet,,167,459632,0
Annavit,,143,459622,0
Cudgel,,121,459584,0
Itried,,204,459506,0
Crackier,,196,449707,1
Sednanni,,190,449621,2
Arad,,146,449619,0
Porkball,,89,449424,3
Noli,,216,439661,3
Egasa,,160,439587,1
Verde,,149,439554,0
Othelad,,209,439460,10
Aassaa,,204,429652,0
Peanut,,95,429647,0
Coni,,146,429612,0
Balvip,,134,429581,1
Ebad,,138,429563,0
Meleagore,,143,429457,0
Thorin,,179,429437,0
Nased,,147,429402,0
Jefrot,,188,419716,2
Leona,,202,419708,0
Vifra,,69,419668,1
Jannack,,44,419562,2
Milaze,,78,419549,7
Blade,,138,419533,4
Ironhead,,114,409729,0
Atolos,,44,409702,0
Missy,,161,409688,0
Dennis,,168,409668,0
Zibe,,113,409665,0
Sarevok,,149,409633,0
Pepichi,,84,409613,0
Ayara,,70,409576,0
Bili,,125,409573,0
Avus,,136,399671,0
Amoha,,244,399583,0
Zoza,,67,399578,1
Comando,,73,399522,1
Donecha,,192,389610,2
Anruza,,98,389577,2
Demon,,77,389554,1
Rheyman,,128,389518,5
Erzujit,,52,389473,4
Isis,,40,389459,0
Auron,,156,379656,0
Adolfino,,193,379588,0
Mercury,,100,369663,1
Gurtes,,104,369625,2
Kasemi,,144,369610,3
Gala,,39,369600,4
Harrieee,,39,359868,0
Luna,,11,359839,0
Bzerol,,15,359760,0
Nirvana,,204,359753,0
Vacami,,59,359671,0
Mortess,,178,359656,0
Atreyu,,100,349795,0
Jabim,,25,349781,1
Tunre,,75,349736,0
Ayoline,,61,349734,0
Zemozi,,33,349699,0
Otabum,,98,349519,1
Lerzanra,,34,339877,0
Feta,,83,339513,3
Knatschi,,61,339493,1
Jithufra,,89,329623,0
Silog,,131,329597,0
Tdurden,,104,319685,0
Valebre,,75,319627,5
Atheza,,153,309822,0
Cinreg,,13,309814,0
Githuki,,158,309802,0
Ebeg,,31,309717,0
Ohut,,61,309710,0
Dire,,106,309698,0
Alangar,,129,309683,0
Juvuk,,49,309645,0
Davo,,65,309623,0
Anomalia,,9,299813,1
Phantasm,,62,299743,2
Nachet,,59,299695,0
Rithuke,,37,299686,0
Mikyloko,,27,299654,1
King,,24,289718,1
Titanium,,16,279828,0
Ordon,,154,259847,0
Hanzorion,,14,259794,0
Idnud,,0,259786,0
Angrim,,49,259723,0
Izobil,,21,249827,0
Kita,,33,249667,0
Soul,,18,239812,1
Flukeiixyz,,25,239806,1
Homorti,,0,239582,0
Beachwalk,,0,229807,0
Hrdlodus,,14,229776,0
Isobel,,113,229765,0
Duygulegs,,0,229741,0
Danrothi,,33,219669,0
Idatit,,6,209853,0
Cehe,,39,209801,0
Athene,,7,209797,0
Gavri,,38,209791,0
Vurkode,,0,209788,0
Wtesto,,46,209769,0
Akon,,0,209742,0
Rahmin,,30,209714,0
Trixy,,0,209664,0
Luna,,17,199761,0
Girgas,,0,189840,0
Emul,,0,189756,1
Ammee,,0,179785,0
Mcbobble,,0,169834,0
Oson,,36,159828,0
Ashos,,0,149687,0
Arsche,,0,149555,0
Sinslayer,,9,129778,1
Pebpeb,,0,119865,0
Tankette,,12,119748,0
Buvulli,,0,119716,0
Mountain,,0,119690,1
Zofre,,0,109855,0
Kuson,,0,109744,0
Rinun,,0,109736,0
Lovyathan,,0,109606,0
Slashagash,,0,99818,0
Alexx,,130,99750,0
Ebrel,,0,99732,1
Ejil,,0,99730,1
Maritoyo,,239,99714,0
Mordred,,0,99648,0
Kojiji,,0,99614,3
Spoop,,0,99546,5
Zote,,0,99461,4
Ruhi,,0,89813,1
Norzivri,,0,89755,1
Sever,,0,89714,4
Sokas,,0,89691,0
Sina,,0,89668,2
Rela,,0,89642,4
Gooomby,,0,89549,7
Orkubug,,0,89458,13
Zifrede,,0,79820,0
Lorenzo,,0,79749,0
Beezer,,0,79739,1
Montblanc,,0,79724,0
Koki,,0,79721,0
Anudnem,,0,79686,2
Imellen,,0,79657,0
Vazova,,0,79609,4
Isidnez,,0,79564,4
Cotok,,0,79469,1
Ohevrad,,0,69911,0
Harca,,0,69885,0
Kaimvardas,,0,69845,0
Cohi,,0,69837,0
Zitha,,0,69837,0
Sparhawk,,0,69816,1
Barkube,,0,69807,1
Dalain,,0,69807,0
Vakre,,0,69805,0
Zhanshi,,0,69804,2
Athodni,,0,69793,0
Redna,,0,69786,0
Tagrog,,0,69786,1
Obon,,0,69770,0
Meatpuppet,,0,69766,1
Shik,,0,69766,1
Mane,,0,69756,1
Lobra,,0,69740,1
Thor,,0,69740,2
Sicopata,,0,69734,1
Notzinger,,0,69734,0
Okusa,,0,69711,1
Maniac,,0,69690,1
Akorgid,,0,69681,0
Aguk,,0,69679,2
Enimag,,0,69676,0
Adit,,0,69671,4
Brus,,0,69654,0
Wombat,,0,69608,0
Dingdong,,0,69601,3
Esala,,0,69598,1
Gadnesi,,0,69566,6
Sherry,,0,69541,7
Zohin,,0,59844,0
King,,0,59827,0
Kastiri,,0,59826,0
Happy,,0,59818,0
Okok,,0,59806,0
Akishod,,0,59805,0
Inushes,,0,59804,0
Gargitha,,0,59794,0
Laja,,0,59790,0
Oook,,0,59746,0
Zadrok,,0,59734,1
Ithije,,0,59726,0
Ojod,,0,59723,0
Rova,,0,59721,0
Sorem,,0,59706,0
Egom,,0,59691,0
Vatik,,0,59660,0
Onobe,,0,59657,5
Zothem,,0,59646,6
Nitra,,0,59639,0
Gracelyn,,0,59538,1
Mcwar,,0,59527,2
Ragnar,,0,59525,7
Medullla,,0,59500,2
Zarta,,0,59445,3
Wore,,0,49833,0
Dara,,0,49808,0
Egak,,0,49805,0
Eridian,,0,49803,0
Nanad,,0,49792,0
Verka,,0,49784,1
Ashyslashy,,0,49776,2
Youp,,0,49770,1
Luli,,0,49728,1
Ellad,,0,49719,0
Bituce,,0,49653,0
Luregi,,0,49612,1
Gorgi,,0,49609,7
Nevrime,,0,49572,3
Azik,,0,49556,0
Kairui,,0,49514,14
Arinis,,0,49485,0
Tachofre,,0,49415,6
Acha,,0,49403,2
Purplexity,,0,39860,0
Gecone,,0,39856,0
Sise,,0,39838,0
Borthak,,0,39826,0
Javek,,0,39817,0
Orden,,0,39816,0
Adnace,,0,39815,0
Cook,,0,39800,2
Ocham,,0,39790,0
Cukome,,0,39771,0
Katita,,0,39742,0
Jaborze,,0,39731,2
Ahog,,0,39722,3
Alurgas,,0,39714,1
Suvi,,0,39708,1
Vehomi,,0,39691,0
Alex,,0,39662,0
Kkkclaude,,0,39650,1
Vagosiou,,0,39645,2
Xorh,,0,39636,8
Gosha,,0,39614,4
Ekrishi,,0,39579,4
Gerdi,,0,39528,1
Argus,,0,39438,3
Kanel,,0,39401,4
Staken,,0,29864,0
Jinnaki,,0,29858,0
Covridra,,0,29843,0
Hake,,0,29836,0
Whirly,,0,29814,0
Akraz,,0,29808,0
Duhila,,0,29808,0
Luva,,0,29807,0
Satrapia,,0,29801,0
Ezik,,0,29799,0
Onirci,,0,29791,0
Berserker,,0,29770,0
Lisa,,0,29765,0
Rustam,,0,29762,0
Darkshadow,,0,29759,0
Lolunzier,,0,29759,0
Leeeeee,,0,29754,0
Diablo,,0,29754,0
Keke,,0,29754,0
Pacman,,0,29753,0
Achival,,0,29752,0
Deda,,0,29735,0
Turko,,0,29735,0
Loshese,,0,29735,1
William,,0,29722,0
Legends,,0,29697,1
Elin,,0,29696,1
Idnorot,,0,29681,0
Perla,,0,29650,0
Zizi,,0,29629,0
Mellemel,,0,29618,0
Cloudz,,0,29607,1
Othiti,,0,29591,0
Erdol,,0,29535,0
Jobug,,0,19829,0
Tira,,0,19815,0
Salem,,0,19806,0
Rushe,,0,19799,0
Andrea,,0,19798,0
Betinho,,0,19783,0
Dake,,0,19756,0
Tryndamere,,0,19753,0
Darockness,,0,19752,0
Vitod,,0,19739,0
Nightmare,,0,19695,0
Sovorti,,0,19688,1
Eviz,,0,19664,0
Lethe,,0,19662,0
