Korjesus,,1834,1359448,6
Hidren,,1883,1349406,2
Korbuddha,,1818,1339424,2
Korkiki,,1834,1329555,1
Heraclius,Warlord,1813,1329417,3
Chinacctv,,1669,1329416,1
Koryun,,1551,1329408,2
Korgura,,1449,1299526,4
Korteam,,1540,1289543,0
Cashie,Warlord,1396,1269424,1
Ruveter,,1636,1239540,0
Seba,,1384,1239436,2
Bocajunior,,1400,1239421,2
Deuterium,,1412,1229445,4
Dijkstra,,1562,1229435,3
Ertem,,1277,1229434,6
Rugoheras,,1417,1229425,2
Chinahjh,,1265,1229408,3
Korbunny,,1371,1219541,3
Shinon,,1278,1219513,7
Ogite,,1415,1209541,3
Kormse,,1270,1199414,8
Barbathos,,1112,1189411,4
Robin,,1171,1189411,1
Kormaya,,1442,1179553,2
Sasa,,1032,1179521,3
Korcami,,1345,1179487,2
Gofor,,1244,1179464,1
Brrrrrrrt,,1240,1179456,3
Rookie,,1114,1169595,3
Korkoker,,1106,1169592,1
Korgohell,,1075,1169577,0
Korstar,,980,1169529,2
Ruxapek,,1429,1169510,5
Madagascar,,1291,1169503,10
Korson,,1094,1169481,4
Sarin,,1300,1169465,10
Figadoro,,1317,1169457,2
Korcadi,,953,1169447,2
Caleb,,1352,1169423,3
Chinajc,,1050,1169414,5
Mongu,,1465,1159656,1
Rumor,,989,1159526,3
Tazz,,1133,1159521,4
Mohagga,,931,1159491,2
Korllovoy,,989,1149549,3
Rukoko,,1147,1149510,2
Korson,,1202,1149506,1
Faker,,1006,1149479,3
Zithut,,1136,1149436,1
Idda,,933,1149435,3
Korke,,1144,1149425,4
Korzzang,,1124,1149411,3
Onik,,1100,1139561,4
Rafers,,1103,1139508,4
Korbason,,1020,1139502,2
Koruuuu,,906,1139500,1
Runrun,,873,1139468,1
Mashin,,856,1139457,2
Chinajay,,984,1139438,2
Daywalker,,1001,1139400,3
Orzuni,Challenger,1054,1129557,3
Evrama,,1089,1129471,1
Arkii,,1176,1129461,6
Zigoba,,929,1129449,2
Cory,,1004,1129405,7
Chinatt,,1165,1119650,4
Samsung,,913,1119628,1
Gunra,,1331,1119598,2
Moon,,1095,1119571,2
Ajiral,,1224,1119564,2
Tajpan,,907,1119549,2
Korjoung,,907,1119531,5
Hera,,1154,1119522,1
Nathan,,1199,1119521,0
Ukee,,902,1119520,3
Swann,,983,1119499,3
Korpark,,899,1119493,1
Korgolb,Centurion,1146,1119492,0
Goldie,,1103,1119491,3
Igor,,662,1119461,2
Sparrow,,1040,1119460,1
Phoenixx,,1220,1119459,2
Hebi,,991,1119439,3
Erzud,,967,1119408,4
Korjune,,1032,1119407,6
Ruxapek,,1350,1109681,5
Love,,1150,1109578,2
Bossk,,1079,1109545,1
Ziri,,1019,1109531,3
Jisoo,,813,1109489,1
Koricol,,910,1109485,3
Onos,,957,1109475,3
Xuka,,993,1109438,0
Nicci,Challenger,1099,1099464,4
Korloveu,,992,1099433,7
Palbaek,,815,1099426,6
Xiaolieren,,857,1099422,5
Boshi,,1014,1099401,7
Genevieve,,1055,1089634,1
Theween,,945,1089625,2
Cheyo,,1297,1089610,2
Ishera,,1198,1089609,2
Rayn,,1257,1089586,0
Muskat,,877,1089579,2
Even,,1034,1089576,2
Ruchigger,,1048,1089538,0
Kornuna,,836,1089525,1
Elektra,,1039,1089493,8
Sylvanas,,964,1089493,4
Jayz,,919,1089489,3
Zuraze,,826,1089480,8
Samu,,818,1089468,4
Ruemilich,,1016,1089454,0
Tuda,,889,1089451,2
Korhenry,,850,1089434,2
Kornani,,715,1089429,1
Pogba,,1036,1089429,0
Heeee,,602,1089425,1
Hippy,,747,1079621,0
Olig,,992,1079581,1
Gitoz,,731,1079547,2
Ahoja,,988,1079513,2
Itak,,842,1079508,0
Jarrett,,1019,1079508,1
Fraisenne,,912,1079469,4
Korduck,,1065,1079452,2
Korhanbal,,921,1079425,4
Giveup,,841,1079413,1
Kratzke,,1020,1069692,2
Korop,,993,1069621,2
Chumples,,948,1069593,2
Korviki,,904,1069591,4
Jedez,,1003,1069579,2
Umbradei,,1001,1069573,2
Korhooe,,762,1069552,0
Chronic,,600,1069546,4
Mexus,Centurion,669,1069525,2
Norynmikor,,1176,1069522,0
Hurcez,,803,1069520,4
Tatjana,,1075,1069509,4
Rusemen,,900,1069500,2
Korhwangse,,807,1069498,2
Mara,,680,1069497,8
Enrani,,684,1069495,4
Sqqq,,781,1069452,0
Coldetb,,1239,1069439,1
Koryoon,,880,1069436,5
Ambeckett,,1036,1069423,2
Medic,,697,1069422,1
Gillorza,,1012,1059671,4
Obama,,997,1059642,1
Seoldaeunl,,865,1059637,0
Pullan,,952,1059618,1
Cobnov,,862,1059592,1
Sweetyxxx,,995,1059582,3
Oldboy,,681,1059575,0
Ojeon,,931,1059573,4
Dora,,1034,1059562,0
Cortoma,,905,1059561,4
Violencess,,853,1059548,0
Kormonster,,715,1059516,3
Obetri,,865,1059497,0
Coldet,,1212,1059490,3
Jojo,,692,1059444,0
Zazz,,992,1049649,0
Partial,,913,1049551,2
Huhathi,,1026,1049542,7
Lolliplopp,,707,1049541,8
Hoon,,706,1049521,2
Kecali,,904,1049511,4
Chinabiu,,865,1049502,4
Koreachild,,1221,1049470,11
Fenix,,578,1049454,4
Zireri,,576,1049448,1
Toffi,,859,1049446,8
Windrunner,Centurion,1013,1039704,3
Legolas,,964,1039666,1
Chinaduron,,809,1039664,0
Anima,,1073,1039619,0
Ruololo,,1011,1039601,1
Madcat,,750,1039586,2
Obama,,824,1039583,0
Ramos,,957,1039580,4
Minos,,856,1039579,2
Natalya,,1043,1039578,2
Olegmsc,,915,1039576,6
Xxxxx,Centurion,879,1039574,0
Azag,,1083,1039563,5
Adoba,,996,1039557,4
Pistola,,780,1039555,4
Ennilun,,520,1039551,8
Dnomyarx,,1072,1039545,1
Veteranxi,,616,1039541,9
Jalivra,,1038,1039539,3
Chinaone,,938,1039538,3
Ares,,775,1039534,0
Narlacanb,,728,1039533,0
Tatatang,,872,1039531,3
Irton,Challenger,818,1039529,6
Ambeckett,,926,1039529,1
Konan,,754,1039521,5
Anami,,816,1039517,1
Kyle,,778,1039517,3
Screamer,,761,1039516,4
Kormessi,,919,1039514,1
Kite,,670,1039499,7
Fwilka,,452,1039465,1
Mike,,904,1039463,4
Jinilove,,953,1039457,5
Blue,,1030,1039454,2
Fuscas,,475,1039447,2
Barbapapa,,718,1039441,2
Johnwick,,911,1039439,4
Kornipple,,814,1039430,3
Lalka,,548,1039428,1
Comothi,,804,1039426,2
Yavigold,,999,1039418,1
Rugrom,,806,1039410,7
Vina,,758,1029619,2
Chinacbg,,919,1029562,2
Mimi,,904,1029533,16
Cavanus,,886,1029524,2
Miju,,919,1029520,6
Muldopew,,420,1029516,2
Dace,,918,1029513,7
Chinasilva,,774,1029508,2
Ogroba,,804,1029507,1
Horze,,499,1029505,0
Qooooooooo,,944,1029503,2
Korking,,613,1029498,5
Goldah,,726,1029483,2
Aragri,,768,1029482,1
Zillel,,857,1029462,7
Blackshaft,,444,1029458,3
Case,,638,1029430,3
Kormove,,823,1029425,8
Korea,,764,1029420,4
Kordark,,705,1029420,0
Revy,,929,1029420,6
Rumiledy,,856,1029415,7
Chinasyo,,1076,1019698,2
Kakin,,1217,1019635,3
Polia,,825,1019612,4
Chaam,,860,1019607,4
Goodd,,763,1019607,1
Ololosha,,911,1019599,2
Binnaz,,696,1019588,1
Kijom,,856,1019586,4
Wodtjs,,608,1019571,2
Korkor,,877,1019548,5
Calinbg,,635,1019543,0
Asil,,741,1019530,5
Ping,Challenger,834,1019524,1
Matrikor,,706,1019523,1
Tookie,,479,1019522,6
Leti,,842,1019521,4
Amaier,,814,1019510,10
Ergodicbh,,940,1019509,1
Wild,,470,1019506,2
Bloodshot,,814,1019501,0
Allis,,775,1019499,3
Maeballs,,504,1019487,6
Zorro,,1004,1019460,5
Plague,,610,1019459,7
Nomnom,,445,1019446,8
Xiaodong,,887,1019437,4
Bong,,455,1019437,2
Koroops,,623,1019436,6
Dithig,,872,1019434,4
Gensyha,,501,1019432,5
Blackrock,,485,1019429,1
Bitter,,898,1019427,1
Ashe,,906,1019426,3
Qwertwo,,554,1019423,0
Kamapanb,,846,1019421,5
Gmoneyiii,,515,1019420,3
Krkys,,732,1019420,4
Nillave,,515,1019411,0
Izatek,,409,1019411,4
Gasuz,,402,1019409,0
Sierra,,863,1009852,1
Gavun,,954,1009758,1
Jose,,999,1009732,1
Chinayu,,746,1009713,0
Apollo,,843,1009673,6
Gorbash,,529,1009665,4
Maje,,752,1009662,0
Pewpew,,741,1009648,2
Gudrom,Challenger,931,1009644,1
Leve,,669,1009634,0
Emma,,866,1009630,2
Pinkycat,,794,1009625,2
Bingobongo,,883,1009625,0
Caleg,,810,1009613,0
Chinayy,,613,1009609,2
Eupa,,745,1009604,1
Korhyun,,827,1009602,2
Aero,,813,1009596,5
Hellashe,,873,1009592,4
Cercara,,860,1009588,4
Chinabd,,874,1009581,9
Ertrut,,714,1009578,1
Pobresa,,833,1009575,3
Malkorot,,521,1009559,4
Sidosa,,766,1009551,2
Ekarda,,853,1009551,5
Sigdrif,,700,1009550,1
Boss,,805,1009546,5
Afterlife,,757,1009540,3
Kenobzzz,,817,1009539,4
Senpai,,787,1009537,2
Evez,,695,1009529,1
Dokdo,,679,1009520,6
Ezebrom,,502,1009517,8
Test,,823,1009517,7
Krjhr,,733,1009517,1
Vegetable,,674,1009516,5
Lucion,,847,1009514,5
Doubledee,,783,1009513,8
Dobinich,,998,1009503,4
Condor,,915,1009484,7
Arzudron,,497,1009479,0
Biffylou,,692,1009476,2
Maxzh,,556,1009446,6
Seven,,760,1009443,3
Icyevent,,901,1009442,0
Zille,,457,1009441,4
Nevre,,391,1009430,2
Bloodwyn,,953,1009428,0
Buma,,477,1009426,11
Rubandoss,,620,1009420,1
Agamat,,470,1009418,1
Rureturnee,,819,1009414,11
Rocketyiy,,602,1009412,4
Onnis,,687,1009408,3
Gahi,,468,1009408,6
Pleiades,,593,1009400,9
Nicole,,825,999582,6
Korant,,786,999577,7
Halfdan,,601,999541,1
Javan,,497,999541,1
Hatlas,,494,999531,2
Beci,,701,999524,4
Erfa,,685,999495,2
Ivrig,,385,999495,2
Richardmd,,542,999483,0
Denz,,766,999448,6
Pilsner,,788,999438,4
Temporaria,,720,999436,3
Farida,,689,999422,7
Goldy,,621,999415,7
Inithe,,660,999406,2
Erwin,,888,989626,5
Korean,,736,989570,1
Nica,,627,989565,3
Sora,,871,989564,2
Tosaka,,533,989548,3
Lertuza,,726,989540,2
Cyberpunk,,620,989539,2
Goldspex,,616,989534,0
Sibis,,810,989529,5
Newmeta,,786,989518,2
Koreaking,,698,989516,3
Cheater,,697,989513,1
Korbgh,Challenger,496,989498,2
Gorelocks,,451,989493,4
Okenril,,876,989485,7
Sadrinne,,819,989477,5
Bell,,931,989476,5
Rastriga,,602,989475,7
Groot,,501,989453,6
Lava,,788,989446,11
Arschgeier,,653,989444,0
Shota,,839,989438,4
Ekaloz,,393,989425,3
Keli,,720,989422,4
Killyou,,538,989422,5
Dathadre,,531,989416,1
Kazz,,793,989413,5
Imaleya,,741,989409,1
Korrepair,,591,989406,5
Garald,,493,979610,0
Chinafmp,,453,979574,5
Tele,,397,979531,3
Sarcuja,,392,979499,2
Kingh,,671,979499,9
Korjay,,545,979449,8
Cass,,519,979442,0
Yaboo,,856,979441,7
Gosom,,467,979434,7
Suheki,,788,969680,0
Kortovi,,646,969667,1
Vehi,,708,969627,3
Skyhunter,,367,969619,3
Ruzavre,,869,969599,2
Buraot,,522,969575,1
Agranra,,550,969573,9
Bigbang,,689,969551,2
Zallegra,,781,969537,7
Sitha,,366,969537,6
Hoblstik,,632,969534,1
Django,,390,969531,0
Icuha,,370,969530,6
Hochen,,344,969524,3
Nehim,,334,969522,2
Jetero,,683,969516,1
Lsina,,443,969513,4
Summer,,743,969504,3
Jason,,608,969495,10
Icul,,979,969487,2
Kenfett,,528,969466,5
Lolida,,444,969456,6
Huthatha,,750,969430,5
Higrum,,608,969426,15
Anakku,,636,969424,2
Orange,,628,969421,8
Graystone,,1063,959767,0
Cooper,,845,959758,1
White,,858,959704,1
Korzee,,781,959693,1
Suke,,798,959664,1
Ovid,,366,959655,6
Ragorn,,851,959638,7
Pensero,,580,959636,3
Rulka,,760,959620,3
Korre,,697,959620,0
Gule,,782,959612,13
Onnoz,,468,959612,0
Freedom,,758,959606,1
Goldhawk,,737,959591,7
Dana,,789,959582,1
Matepropro,,671,959576,7
Ehon,,706,959575,1
Amet,,820,959556,3
Ithednun,,691,959553,9
Sujak,,482,959535,2
Dovak,,398,959519,2
Diesel,,386,959513,1
Leni,,326,959510,1
Dude,,799,959499,5
Arkajat,,744,959493,4
Wandir,,401,959477,1
Rosie,,320,959468,7
Vedrabe,,662,959463,2
Cubi,,528,959453,4
Korlovely,,787,959450,5
Liaevent,,732,959444,6
Torn,,336,959442,13
Rada,,281,959435,2
Nodi,,360,959412,10
Cuge,,601,949614,5
Leipzig,,696,949607,2
Mucede,,667,949599,3
Rise,,967,949575,0
Gpghk,,669,949547,12
Bach,,456,949524,1
Tera,,708,949491,5
Enag,,340,949489,0
Korian,,442,949485,2
Joha,,725,949477,4
Sexqueen,,1015,949463,2
Dige,,675,939613,4
Ercithi,,427,939607,5
Meuce,,717,939586,4
Molab,,344,939579,3
Rujhin,,752,939566,1
Evuhid,,498,939562,5
Izave,,579,939537,10
Bamboocha,,750,939531,1
Ellirdid,,579,939522,2
Bruce,,368,939515,8
Zihon,,710,939514,2
Kordoll,,553,939503,2
Dalejlama,,677,939484,4
Tirdem,,305,939476,7
Babi,,670,939469,4
Agrivrom,,329,939458,0
Saven,,392,939455,2
Ciki,,815,939455,3
Ekon,,567,939444,7
Athena,,322,939434,0
Necipusta,,941,939413,8
Byron,,753,939408,12
Korchi,,703,929747,0
Hunteloz,,667,929665,2
Nick,,805,929558,1
Sunok,,526,929547,0
Esubras,,465,929544,6
Oanhheo,,619,929542,2
Esud,,438,929540,10
Jinalee,,809,929538,6
Anatol,,360,929518,3
Head,,581,929510,2
Eluvi,,280,929506,1
Lamet,,470,929501,0
Chyory,,751,929495,8
Cirges,,833,929487,2
Miche,,302,929481,3
Nugom,,589,929467,4
Othed,,321,929467,0
Lucretia,,537,929458,3
Pupper,,600,929457,4
Sausage,,429,929449,5
Remi,,673,929427,5
Animal,,740,929420,4
Baby,,403,929402,6
Creampie,,460,919722,0
Jigsaw,,742,919672,1
Color,,445,919658,2
Ardetes,,563,919604,0
Kiska,,667,919591,0
Acillez,,672,919584,7
Cube,,594,919563,2
Herki,,580,919547,1
Mestiza,,675,919546,2
Crisiss,,589,919537,4
Verda,,338,919512,4
Ininne,,407,919505,9
Joshe,,696,919496,5
Flechdancu,,426,919492,1
Arcstrong,,346,919485,5
Avraban,,319,919484,3
Abrivrot,,576,919471,1
Bigfish,,648,919469,6
Nazn,,455,919458,17
Obodra,,324,919456,3
Wastey,,480,919449,5
Kurdistan,,603,919449,1
Nickwarko,,489,919447,3
Ihilli,,397,919445,3
Salino,,270,919435,2
Trytonxd,,425,919414,3
Gaia,,501,919400,4
Popper,,521,909684,6
Ololooo,,478,909682,0
Goldfinger,,577,909631,4
Vinipuh,,408,909628,2
Taikuda,,280,909609,1
Suron,,725,909593,6
Oshid,Challenger,250,909586,3
Alod,,425,909584,7
Egorze,,623,909582,5
Athog,,288,909580,1
Olladruz,,490,909579,3
Korguin,,507,909578,10
Nova,,666,909577,3
Jmlecouin,,656,909573,1
Crosshair,,255,909569,1
Nazede,,429,909558,0
Bhunter,,437,909555,2
Evol,,316,909545,2
Dicit,,563,909540,1
Dddd,,296,909532,1
Koryouna,,692,909528,4
Good,,515,909528,2
Ozawa,,333,909519,2
Tengtengs,,656,909517,1
Othos,,287,909491,7
Jessica,,278,909479,11
Bumbum,,389,909475,0
Onevery,,295,909474,6
Tozabe,,364,909470,5
Edrogre,,258,909466,8
Tesham,,266,909459,7
Blah,,471,909444,13
Gana,,277,909442,3
Robin,,497,909429,19
Efrisi,,304,909421,5
Gitove,,318,909421,8
Sela,,661,899634,6
Overa,,518,899634,1
Zalupinho,,687,899567,4
Destiny,,625,899556,6
Paraethia,,558,899516,1
Mebra,,262,899500,2
Bogem,,259,899491,0
Kira,,385,899484,2
Medni,,306,899481,1
Erise,,365,899462,5
Russian,,795,899458,5
Tertili,,393,899444,1
Cumalot,,778,889644,1
Oppa,,579,889630,2
Kyskys,,245,889627,2
Verti,,702,889626,0
Elmo,,932,889615,1
Kenzo,,459,889609,1
Guest,,391,889596,2
Goci,,316,889587,2
Hooters,,441,889580,7
Annoz,,531,889579,0
Trik,,852,889572,0
Ertekot,,482,889561,6
Ekadi,,254,889543,3
Syrus,,665,889543,2
Athas,,446,889541,4
Mjma,,643,889537,2
Leke,,348,889526,6
Vajada,,703,889526,3
Ruva,,550,889525,4
Deshil,,412,889521,1
Celeste,,529,889517,7
Macy,,529,889515,0
Kaji,,272,889505,6
Nedi,,248,889493,2
Hunteryo,,576,889491,5
Khora,,502,889489,3
Xhxkdnner,,229,889482,4
Alex,,403,889480,6
Ajuri,,376,889476,2
Aliz,,284,889458,3
Jasmi,,437,889454,4
Coral,,543,889454,3
Abydos,,631,889450,6
Zoja,,756,889434,6
Enad,,405,889433,6
Nonus,,422,889432,5
Cocham,,252,889424,2
Leeholim,,487,889424,6
Athez,,291,889418,6
Ciec,,339,889409,2
Frey,,239,889405,1
Ezis,,459,879697,2
Alin,,533,879680,3
Marina,,257,879645,1
Etihod,,425,879615,0
Mina,,818,879607,9
Igis,,256,879602,3
Ruletka,,350,879579,2
Tuci,,424,879577,1
Simsim,,467,879575,10
Cichul,,343,879561,1
Jiros,,488,879543,10
Athunra,,270,879534,1
Giki,,396,879500,4
Colit,,257,879498,18
Honda,,436,879491,3
Alithim,,350,879489,5
Drahana,,814,879489,3
Ekathe,,412,879482,4
Hichegi,,429,879478,4
Mava,,538,879476,0
Obina,,335,879475,7
Trulla,,385,879468,1
Caoooo,,266,879459,1
Loche,,332,879453,2
Aceone,,510,879442,0
Eternium,,298,879442,7
Skeletor,,319,879418,18
Phillio,,303,879404,7
Cutodi,,356,869636,1
Nasha,,287,869622,0
Sothog,,305,869611,2
Gold,,543,869603,5
Nolehi,,264,869602,1
Zuldez,,307,869601,4
Pifpaf,,391,869578,3
Succubus,,362,869572,6
Dude,,256,869563,0
Errorman,,376,869552,4
Elise,,642,869546,6
Canniche,,405,869524,0
Oged,,583,869521,4
Gohong,,470,869519,5
Outtatime,,575,869518,0
Starkiller,,387,869496,4
Mortimer,,336,869493,5
Moon,,391,869489,1
Raynman,,607,869476,7
Rethiki,,271,869474,0
Kirzami,,228,869474,3
Zadom,,230,869471,2
Ahakul,,246,869468,4
Bardo,,277,869467,2
Duri,,454,869462,1
Ceteg,,523,869453,9
Robinette,,277,869434,13
Zorki,,547,869416,5
Badshot,,310,869405,1
Irton,,827,859774,0
Pushy,,427,859757,0
Cokid,,365,859746,2
Aabbac,,406,859725,0
Miazaki,,414,859723,3
Saltybear,,600,859715,2
Seira,,586,859691,6
Agetes,,259,859691,2
Gremlin,,287,859690,4
Tirka,,220,859687,1
Achilles,,481,859684,8
Wooderson,,294,859677,1
Huta,,201,859666,3
Jagnj,,794,859646,2
Ages,,325,859644,7
Kiyuru,,580,859636,4
Inoz,,241,859631,0
Beru,,328,859626,1
Kode,,292,859621,0
Gidens,,363,859620,2
Nurogri,,495,859612,2
Bnsk,,345,859607,0
Iragras,,511,859596,4
Daylight,,273,859584,3
Mryes,,445,859580,5
Rainbow,,466,859575,1
Atadnak,,380,859558,2
Ocod,,425,859556,6
Love,,260,859555,0
Hinamaru,,406,859551,1
Reek,,484,859546,4
Edoz,,232,859538,1
Bogati,,672,859528,15
Evtbh,,229,859528,7
Hareg,,453,859526,3
Ovuma,,557,859524,5
Eriki,,223,859521,2
Lack,,721,859519,7
Paisiss,,530,859518,5
Seje,,222,859514,0
Andrea,,245,859513,6
Isabella,,350,859498,0
Ires,,277,859473,7
Tupomraz,,673,859469,5
Ibul,,282,859462,4
Zina,,288,859454,9
Zhuri,,320,859432,3
Sryu,,343,859424,3
Numize,,228,859419,6
Sporque,,599,849737,3
Defaulte,,508,849705,3
Neba,,284,849684,4
Igod,,282,849600,3
Samuna,,217,849590,3
Dunri,,450,849587,2
Stars,,579,849582,3
Sova,,427,849560,3
Sechem,,301,849556,1
Deshul,,386,849537,4
Erkadnuz,,234,849535,5
Ziraji,,358,849520,2
Virid,,333,849519,1
Nirdi,,594,849517,0
Driven,,552,849495,5
Misha,,235,849475,3
Ehim,,289,849455,2
Wayfarer,,387,849433,6
Ashel,,460,849416,11
Esda,,450,839700,3
Vicisi,,343,839669,2
Guns,,286,839659,1
Arahne,,242,839652,1
Omid,,199,839649,7
Onili,,258,839634,3
Ezuk,,371,839633,3
Zochi,,410,839623,1
Ilya,,808,839619,0
Nejudi,,211,839619,4
Anchaerus,,500,839614,6
Marius,,202,839605,6
Iced,,383,839595,3
Pewpewpew,,736,839575,2
Blackwiz,,671,839561,10
Huzi,,435,839529,4
Johod,,472,839523,2
Honora,,538,839520,4
Behiz,,266,839520,4
Monster,,569,839509,0
Hinna,,223,839486,1
Lanika,,374,839485,6
Zelda,,604,839482,1
Woosop,,246,839477,1
Boma,Challenger,586,839460,3
Koriron,,526,839458,1
Tucegri,,235,839452,10
Deadboy,,442,839444,4
Herzuz,,564,839443,5
Marbeth,,396,839438,2
Toshe,,237,839437,4
Bara,,309,839429,2
Haja,,242,839415,4
Vodka,,596,829726,0
Tizoz,,388,829696,1
Tanra,,322,829644,1
Romun,,395,829638,0
Korjdy,,459,829636,2
Zorce,,465,829622,2
Naki,,377,829620,6
Kturbo,,201,829593,3
Ozan,,303,829582,6
Leeian,,214,829580,4
Yolun,,463,829575,4
Sherlock,,206,829573,0
Blankito,,633,829568,4
Imak,,353,829558,2
Abik,,590,829550,2
Mila,,218,829548,2
Lemric,,577,829546,5
Ebidnok,,429,829541,4
Pewpew,,486,829537,4
Guangunn,,471,829537,2
Abeli,,215,829523,3
Bezlac,,441,829515,6
Joneleth,,335,829510,5
Ivik,,180,829508,5
Bozzbait,,454,829504,3
Saurora,,280,829496,0
Guza,,202,829496,2
Roda,,535,829493,3
Lothosha,,325,829487,7
Ovud,,520,829483,0
Spacejr,,469,829458,8
Ibrak,,327,829439,16
Rudnosha,,421,829435,1
Dathunre,,469,829434,9
Legolamb,,274,829433,1
Othom,,313,829433,6
Taneme,,240,819735,2
Kara,,556,819671,1
Dadan,,285,819658,6
Causehavoc,,437,819658,2
Dayna,,637,819645,1
Goldiger,,239,819641,6
Cosi,,315,819625,4
Atus,,238,819622,0
Nukun,,283,819614,2
Vozel,,332,819612,1
Emma,,252,819610,1
Zarax,,673,819608,10
Kova,,255,819603,4
Olom,,290,819599,3
Sarah,,352,819591,3
Hida,,404,819589,2
Callisto,,332,819582,7
Akruthi,,222,819582,6
Duduuung,,366,819576,2
Zechi,,440,819573,3
Reiko,,313,819570,8
Moonhunter,,700,819559,0
Persephone,,263,819551,4
Cocis,,383,819541,2
Ashun,,223,819540,13
Beki,,354,819529,12
Adrukrul,,489,819529,4
Zuduca,,336,819526,5
Anzhelika,,522,819508,0
Senoji,,504,819488,1
Vave,,284,819485,4
Giman,,241,819479,3
Luri,,281,819479,3
Gavo,,731,819473,2
Raci,,230,819454,5
Ballaballa,,473,819441,3
Bullseye,,273,819439,4
Eruk,,442,819413,4
Chinaking,,543,809823,1
Master,,618,809764,5
Cokrave,,483,809763,5
Arcaz,,584,809750,3
Habi,,438,809748,0
Athen,,749,809747,0
Anreba,,404,809745,0
Ibaz,,638,809744,0
Lage,,569,809743,0
Eventhero,,439,809736,0
Korfafa,,351,809724,0
Dobug,,300,809718,2
Olubig,,560,809716,7
Bkkmassage,,403,809709,1
Korean,,645,809705,0
Kamil,,257,809701,0
Toperkos,,252,809699,0
Janus,,589,809697,12
Ircora,,241,809697,2
Aurum,,414,809696,1
Bigosi,,441,809692,0
Cira,,570,809691,6
Pipa,,459,809691,4
Azotha,,434,809690,5
Jage,,646,809690,2
Jfufux,,632,809690,3
Debim,,308,809690,2
Legion,,434,809687,1
Zase,,561,809686,5
Driada,,333,809685,5
Imirta,,386,809684,2
Kija,,413,809682,0
Dobreca,,406,809678,0
Sida,,469,809675,0
Gerrard,,230,809673,0
Huntress,,212,809671,13
Ilurga,,284,809670,4
Sjfjdjsjsj,,479,809670,1
Eoin,,411,809669,1
Ellis,,261,809662,2
Hadna,,391,809662,0
Kame,,467,809662,3
Kadaca,,422,809661,0
Zebi,,772,809661,2
Rezi,,468,809660,0
Alice,,475,809660,0
Runa,,225,809658,2
Pupazzo,,266,809654,0
Duni,Challenger,421,809654,1
Moko,,364,809652,5
Disk,,625,809648,1
Yugoth,,634,809647,0
Dashou,,438,809645,2
Etetil,,269,809642,3
Ziwen,,678,809641,0
Samgura,,466,809641,2
Sana,,438,809640,2
Izem,,368,809640,0
Devi,,385,809638,3
Lici,,409,809636,5
Kineva,,238,809635,5
Wildbill,,451,809635,0
Erulat,,485,809634,1
Nudi,,283,809634,2
Zada,,301,809634,5
Nope,,231,809632,2
Dani,,468,809631,1
Gordita,,427,809631,0
Wados,,495,809630,6
Ellalluk,,298,809629,7
Taji,,581,809628,3
Chinaxx,,663,809625,0
Tolerance,,263,809622,2
Somehow,,357,809620,0
Dragonaut,,382,809618,7
Saja,,436,809616,1
Sembarang,,314,809616,2
Misaki,,336,809614,0
Hashok,,328,809614,2
Lutefisk,,295,809610,16
Khaleesi,,245,809607,1
Coga,,495,809607,2
Iblesor,,328,809605,1
Savage,,258,809602,3
Arkan,,483,809598,0
Rekechi,,357,809596,1
Lugin,,240,809594,0
Cnyb,,180,809591,2
Sora,,248,809590,12
Zediz,,513,809590,14
Quatrendas,,497,809590,2
Ibig,,619,809588,1
Odanni,,417,809588,4
Sunday,,450,809586,6
Cough,,458,809582,0
Chlamydia,,245,809572,7
Fiddytwo,,410,809569,2
Smiggoth,,299,809566,10
Rocketgirl,,480,809565,0
Anbtest,,462,809565,0
Salcamis,,250,809562,0
Aragorn,,401,809561,8
Mobico,,345,809560,3
Govard,,200,809559,6
Tzuyu,,330,809558,4
Bumblebee,,363,809557,12
Angelie,,503,809555,2
Chinarain,,556,809555,11
Gerce,,228,809552,4
Poorlife,,260,809552,4
Xzhlyy,,233,809549,3
Omes,,333,809546,3
Lilia,,245,809542,2
Tyrabussa,,382,809538,3
Giah,,346,809536,4
Sklad,,217,809535,13
Odojuz,,258,809535,9
Koreagut,,594,809533,0
Eldisa,,263,809532,1
Arrakis,,482,809529,0
Avride,,308,809527,6
Rirara,,205,809526,1
Okana,,587,809525,0
Teshaz,,254,809523,12
Arton,,340,809521,0
Cagas,,318,809521,12
Asig,,655,809520,2
Vishnu,,422,809513,0
Othome,,206,809508,2
Eshera,,330,809506,11
Ssuny,,305,809505,8
Mara,,218,809503,16
Shelik,,233,809502,4
Turdi,,237,809501,8
Liberty,,229,809498,3
Zadnarki,,533,809494,4
Gisha,,273,809494,2
Krkys,,451,809494,0
Bogdan,,543,809493,0
Pauldude,,302,809493,1
Demas,,217,809484,0
Ronja,,220,809481,3
Orgasm,,212,809474,15
Imonas,,285,809469,6
Morulja,,277,809467,2
Nobloody,,400,809462,9
Maximum,,222,809462,7
Bozi,,397,809457,1
Saci,,258,809454,3
Verutri,,258,809451,9
Ikachi,,364,809442,16
Marco,,209,809438,23
Ligom,,255,809427,14
Deadeye,,240,809420,2
Bigdaddy,,311,809419,1
Knubbel,,568,809412,4
Sofre,,297,809412,4
Ithithen,,257,799653,0
Happy,,483,799653,0
Wood,,287,799635,8
Evento,,188,799608,1
Vishi,,184,799573,5
Uncrowned,,286,799572,2
Villa,,205,799569,12
Seja,,203,799556,3
Zuliti,,200,799526,15
Irkel,,336,799499,4
Akanz,,394,799468,3
Atan,,433,799467,6
Onrena,,520,799454,2
Gogeta,,279,799438,7
Omaje,,278,799438,12
Ekisa,,268,799436,0
Cubisi,,284,799424,9
Koza,,222,799400,14
Korclode,,483,789671,5
Passion,,597,789646,2
Unkas,,485,789623,3
Buffy,,346,789622,2
Rosova,,442,789618,1
Rukola,,514,789598,11
Bodos,,242,789577,9
Pylades,,363,789572,4
Bisi,,382,789551,3
Eunea,,466,789546,5
Zeziri,,247,789528,17
Junda,,232,789522,5
Moppelix,,263,789510,0
Ishata,,214,789501,12
Osem,,230,789493,5
Thedude,,285,789485,13
Blahs,,219,789471,17
Ehashad,,257,789462,7
Buka,,219,789459,0
Daolin,,207,789442,3
Bechat,,218,789439,1
Etorzez,,316,789420,1
Alita,,350,789401,13
Nika,,555,779625,0
Oliug,,345,779613,1
Asil,,433,779573,5
Wick,,360,779561,10
Stinky,,632,779559,7
Chpik,,220,779557,23
Ekrikrez,,345,779528,2
Zulivarus,,412,779523,18
Okin,,238,779490,2
Abysshark,,258,779475,7
Sithurce,,226,779472,4
Zero,,372,779469,12
Pinoyako,,394,779461,10
Varzuk,,360,779455,10
Jhony,,279,779454,4
Aburtet,,309,779452,9
Evirce,,202,779449,4
Larcurka,,284,779427,4
Kervinyap,,167,779425,0
Thim,,390,769599,7
Pichacka,,263,769588,2
Ishodnik,,266,769585,0
Universee,,285,769583,3
Duodestra,,414,769576,4
Vuki,,211,769576,0
Fornetti,,466,769570,2
Morning,,435,769568,5
Darinous,,417,769565,4
Veze,,239,769559,12
Erten,,460,769550,7
Julio,,189,769538,7
Qwert,,212,769524,6
Akisha,,271,769494,4
Vidra,,229,769488,9
Cuded,,253,769452,1
Guma,,223,769449,6
Ojbambina,,354,769446,1
Moridin,,248,769437,6
Lunitari,,376,769420,7
Sumedud,,766,759783,0
Hunter,,495,759745,1
Zetus,,350,759736,4
Ijon,,260,759720,1
Kisa,,501,759707,8
Halunke,,569,759683,2
Irged,,203,759676,8
Choi,,185,759665,2
Dudol,,225,759658,0
Zeke,,493,759644,1
Violet,,381,759639,3
Nerzardi,,196,759617,4
Tipa,,392,759591,2
Love,,220,759554,3
Koreeo,,212,759550,0
Rucem,,264,759526,4
Akaki,,271,759523,1
Enigma,,255,759518,0
Avarice,,320,759515,11
Vithace,,352,759511,37
Leopower,,367,759421,13
Senirta,,234,749576,13
Rose,,194,749574,2
Jenis,,208,749561,2
Onnid,,427,749548,4
Vuzus,,298,749544,6
Boses,,167,749538,3
Kadrim,,226,749477,10
Doshi,,275,749460,6
Kentaurus,,213,749440,3
Tikityboo,,562,749428,14
Zogg,,199,749408,13
Elli,,322,739704,1
Tegi,,326,739668,1
Maple,,209,739661,0
Mirke,,427,739645,1
Nuduzi,,433,739622,0
Chicken,,327,739611,0
Kedren,,156,739605,1
Tempmess,,274,739592,2
Bizu,,232,739590,6
Evrorge,,151,739587,4
Sarang,,433,739584,8
Newguyjr,,186,739578,2
Iravez,,509,739570,2
Biochem,,185,739567,11
Roya,,202,739564,19
Rigerzi,,306,739564,3
Mukor,,316,739557,1
Clara,,358,739554,12
Ninruz,,256,739543,7
Veda,,201,739540,2
Ruruva,,216,739518,1
Ehude,,422,739511,7
Edraz,,161,739508,22
Zohuli,,217,739506,3
Iveva,,450,739493,2
Kordizi,,307,739492,2
Ficks,,178,739490,5
Mesot,,308,739463,1
Nonne,,239,729650,5
Darkwing,,184,729634,0
Dusava,,171,729629,1
Imun,,197,729589,1
Badderl,,192,729583,6
Danger,,205,729583,4
Visa,,196,729578,1
Saenska,,354,729535,6
Evirzi,,304,729529,3
Kisliba,,344,729520,4
Irgad,,190,729503,5
Dili,,184,729503,2
Bubbaham,,260,729490,9
Sabri,,295,729486,2
Barak,,262,729480,13
Alis,,207,729453,2
Odreshot,,196,729443,6
Sorama,,291,729441,7
Irarci,,181,729421,2
Wannabepro,,375,719737,3
Redsnow,,260,719728,0
Weekend,,216,719722,1
Cenna,,202,719671,0
Sizoca,,540,719662,0
Vadan,,182,719654,7
Atad,,162,719646,1
Ovol,,195,719621,0
Ruveraserz,,346,719620,5
Hagul,,193,719613,5
Musch,,225,719591,1
Jejirki,,270,719589,4
Venube,,567,719588,2
Niza,,290,719581,5
Onelife,,200,719579,3
Aroha,,263,719577,0
Ggthx,,367,719577,3
Itaca,,204,719576,5
Isak,,196,719566,1
Kolles,,211,719558,1
Suvyrzi,,284,719545,6
Aletta,,157,719544,0
Extree,,161,719526,5
Ortak,,484,719503,1
Jaga,,196,719495,1
Jonathan,,368,719487,4
Tavren,,265,719475,5
Bord,,422,719465,4
Ramba,,202,719452,15
Lirki,,224,719434,6
Exit,,224,709819,0
Nevica,,292,709770,8
Zaebali,,473,709762,4
Roxy,,253,709751,2
Seody,,375,709725,2
Oshud,,269,709721,1
Mita,,456,709716,2
Kerderda,,283,709701,2
Kamiu,,382,709700,1
Birdcaw,,234,709697,1
Anrasog,,95,709681,0
Koraru,,398,709664,0
Killa,,620,709663,0
Mukud,,252,709663,1
Daddy,,449,709661,0
Elenora,,440,709648,10
Zzzzz,,265,709624,20
Eshume,,140,709614,2
Jhtskyt,,241,709613,5
Oversider,,490,709596,7
Huduhi,,210,709595,7
Abes,,361,709594,12
Testy,,177,709586,2
Banditz,,267,709585,2
Argali,,289,709581,11
Inpi,,297,709563,7
Rorobang,,183,709558,1
Bajaina,,177,709556,6
Artol,,178,709532,2
Dathene,,158,709532,6
Tullel,,136,709531,12
Jorgie,,377,709531,11
Tstz,,279,709529,1
Ichimi,,339,709529,2
Nemosi,,298,709528,1
Jango,,210,709527,1
Gangster,,543,709526,1
Saiko,,439,709521,3
Ibaram,,234,709512,3
Sutherca,,275,709511,6
Omes,,189,709504,6
Abrulle,,292,709503,5
Ikem,,284,709491,2
Pilla,,414,709490,11
Peng,,167,709485,16
Bandit,,265,709466,2
Tehacek,,366,709456,0
Bicdit,,189,709408,7
Windu,,345,699671,5
Zada,,124,699644,1
Dragonsub,,102,699638,13
Simone,,400,699627,1
Entreri,,272,699589,2
Sugeoooo,,273,699576,5
Elvis,,165,699547,3
Cathan,,285,699547,0
Yasia,,161,699514,4
Sadem,,160,699507,6
Vela,,237,699494,7
Gaya,,470,699489,12
Cuthe,,294,699474,8
Danteno,,237,699435,4
Enigma,,273,699434,1
Jorcit,,303,699432,14
Lednumi,,261,699429,2
Nestor,,235,699409,3
Pochkarian,,269,699405,5
Icekik,,236,689683,1
Rekre,,225,689653,3
Covrata,,230,689601,2
Sohatti,,367,689590,8
Eteha,,223,689585,2
Temp,,170,689573,7
Egresun,,185,689562,0
Nenna,,233,689551,2
Erzathen,,199,689543,13
Todem,,241,689537,2
Misia,,350,689536,3
Zaza,,260,689527,3
Zoci,,182,689526,5
Calypso,,202,689519,0
Birce,,186,689514,2
Vegas,,376,689513,0
Otercud,,317,689509,1
Bugas,,289,689508,15
Hajime,,311,689497,3
Seca,,255,689487,3
Tashe,,437,689486,0
Xaoc,,181,689460,3
Routam,,316,689457,3
Jebi,,317,689437,1
Hojad,,172,689429,2
Tirded,,176,689428,2
Sizzljack,,287,689427,1
Amin,,214,689425,0
Kiira,,288,689406,2
Janus,,205,689402,0
Sheila,,130,679697,1
Hotan,,163,679655,4
Azosis,,225,679645,0
Adez,,344,679640,5
Lurkila,,166,679603,4
Amortentia,,300,679587,0
Rosaflo,,167,679578,0
Lorze,,279,679554,6
Enigma,,167,679552,0
Cress,,184,679550,1
Roma,,497,679550,8
Fennie,,485,679543,5
Muzege,,245,679530,4
Carde,,267,679510,14
Bogue,,197,679508,0
Gunner,,143,679493,3
Gudrerge,,208,679479,1
Befrat,,268,679478,5
Aluje,,334,679469,6
Erathaz,,336,679462,10
Meinmain,,377,679454,18
Ruki,,162,679452,4
Dzablo,,170,679447,0
Irked,,203,679446,3
Tiddies,,403,679441,3
Kidokri,,145,679439,16
Oniz,,162,679439,4
Ovog,,248,679435,7
Valentina,,362,679435,0
Vasa,,408,679432,14
Agadoz,,381,679432,13
Pasadena,,294,679410,2
Zeuger,,354,669730,1
Bjorncz,,393,669639,5
Sophitia,,287,669629,0
Denden,,166,669629,5
Kullam,,350,669623,6
Javus,,242,669621,2
Venrenra,,349,669602,4
Insights,,371,669597,4
Holytrash,,619,669596,2
Ekol,,230,669587,3
Sadre,,139,669583,8
Achik,,187,669568,3
Ozen,,198,669558,4
Apnea,,343,669542,4
Esidrit,,256,669525,3
Munace,,330,669513,1
Argale,,156,669512,3
Sanuz,,221,669505,3
Haha,,186,669499,8
Vevrun,,215,669496,2
Egicem,,385,669494,4
Skadi,,140,669487,4
Ergavan,,176,669480,2
Valag,,506,669466,8
Iduk,,217,669447,4
Sorzodi,,210,669433,3
Svistun,,256,669430,5
Sparrow,,179,669415,5
Duzuda,,211,669406,1
Dacha,,385,669401,2
Goodluis,,348,669401,12
Bedredni,,250,659794,1
Jeci,,395,659752,2
Andromeda,,210,659742,0
Idune,,181,659740,0
Covi,,394,659732,10
Kokot,,536,659731,0
Nuva,,143,659729,1
Colleen,,371,659717,3
Inrithut,,308,659700,0
Kortoto,,278,659680,7
Cirdi,,211,659677,4
Erkagrok,,501,659672,1
Meta,,202,659671,6
Otheti,,211,659660,3
Bison,,136,659653,1
Anoroc,,215,659651,10
Zurtisa,,94,659649,7
Jjverybig,,336,659648,2
Oluthek,,399,659645,1
Slajazz,,376,659643,3
Zunni,,150,659634,2
Ilarkel,,185,659632,6
Innove,,316,659623,6
Rella,,579,659620,4
Dustynwind,,168,659609,1
Bedug,,174,659609,0
Panmea,,101,659606,2
Adrag,,289,659598,2
Hathi,,145,659588,0
Jahon,,385,659588,0
Leon,,168,659583,11
Midas,,178,659573,7
Hunter,,148,659571,0
Fortune,,297,659569,0
Sareg,,431,659566,5
Cila,,307,659561,0
Blink,,235,659558,7
Illig,,169,659557,0
Juti,,193,659554,9
Woah,,203,659547,11
Gisela,,220,659541,3
Acera,,144,659540,0
Jogi,,145,659538,1
Ammi,,137,659524,1
Deadshot,,216,659522,16
Tibi,,188,659520,0
Unknown,,107,659515,5
Point,,204,659511,4
Mime,,148,659510,5
Adordot,,127,659510,2
Xing,,171,659506,2
Tobi,,155,659501,0
Hecarca,,454,659495,0
Arjei,,306,659490,0
Super,,232,659482,0
Hello,,336,659479,12
Jerca,,149,659473,2
Thor,,206,659463,1
Leokic,,347,659457,1
Diablo,,205,659455,11
Zitharti,,446,659452,0
Hunter,,157,659451,6
Cushorta,,138,659448,7
Lechak,,169,659443,2
Agecag,,228,659437,10
Goldflame,,368,659434,4
Inrinni,,138,659430,6
Cuses,,374,659425,9
Monica,,194,659417,7
Ezes,,215,659410,12
Avuthin,,275,659403,6
Edobra,,167,649648,0
Ishire,,178,649619,10
Lingyunzhi,,298,649601,0
Sani,,257,649581,6
Gulli,,216,649569,3
Mrhiep,,150,649559,2
Zahe,,320,649558,2
Balabala,,154,649551,6
Mercyrius,,454,649540,8
Tadul,,145,649519,2
Gildin,,260,649515,4
Ijolid,,203,649512,3
Outer,,449,649486,4
Runnurki,,192,649481,4
Anez,,172,649481,7
Sorka,,143,649459,6
Kerduz,,156,649442,7
Infinite,,278,639732,1
Enug,,160,639703,2
Tartone,,448,639674,2
Moji,,146,639670,13
Alilin,,222,639664,15
Ogrutal,,326,639651,4
Juji,,243,639636,1
Kokri,,109,639622,3
Virke,,171,639602,6
Niri,,247,639598,8
Covid,,337,639595,4
Larax,,185,639585,0
Inuke,,166,639581,3
Abucos,,170,639578,16
Loka,,269,639574,0
Palacinka,,237,639574,2
Virka,,493,639571,1
Macrophage,,179,639561,2
Icecream,,155,639559,18
Deadshoot,,339,639556,2
Gordon,,183,639551,1
Vash,,232,639542,1
Itecha,,196,639540,4
Weaito,,158,639527,2
Vogachina,,418,639521,0
Tess,,143,639497,3
Alace,,134,639496,2
Eseshas,,150,639496,3
Ibahin,,194,639495,4
Okat,,108,639495,2
Otoks,,155,639495,1
Guntlet,,279,639493,3
Ikel,,182,639491,0
Vavava,,257,639486,6
Retopin,,188,639481,2
Bang,,293,639476,2
Aquarius,,162,639467,4
Lily,,151,639462,2
Bartirca,,187,639462,3
Ijurcin,,352,639455,4
Corgoba,,185,639446,0
Zished,,158,639439,2
Timon,,138,639425,2
Niva,,357,639418,1
Blehcp,,299,639409,3
Zonzon,,183,629764,1
Boge,,106,629753,2
Ellan,,253,629717,10
Tuca,,235,629682,4
Ashleigh,,164,629653,1
Xenatrix,,292,629616,0
Iden,,282,629605,2
Zijishe,,254,629604,3
Coti,,173,629591,2
Roland,,143,629590,14
Viki,,162,629581,2
Edrat,,156,629574,6
Dddd,,302,629554,0
Okrak,,164,629551,2
Davil,,325,629541,0
Enigma,,148,629538,1
Event,,242,629533,3
Deboba,,173,629525,0
Amegri,,156,629522,3
Enrad,,129,629519,6
Jodnate,,316,629508,2
Agho,,204,629500,7
Aeris,,427,629494,12
Huntress,,338,629484,3
Epsylon,,126,629471,4
Mazafaka,,197,629464,12
Zosade,,140,629445,14
Cube,,467,629437,0
Rakut,,169,629426,1
Jile,,190,629422,8
Vorzan,,163,629420,14
Dijug,,231,629419,1
Test,,182,629407,10
Unforgiver,,180,629405,3
Teka,,197,619691,1
Jeshiki,,150,619635,3
Vate,,217,619605,7
Usuny,,144,619600,2
Modas,,225,619589,12
Emit,,147,619588,0
Emaz,,167,619574,5
Dorko,,400,619556,1
Atelel,,247,619555,2
Evalit,,304,619555,7
Xperia,,112,619547,11
Turarka,,137,619514,4
Gangsterio,,183,619504,1
Genni,,110,619494,18
Niva,,311,619487,16
Mike,,225,619482,1
Rinoa,,208,619479,3
Keci,,142,619479,3
Jurdi,,181,619457,3
Velorka,,138,619454,1
Oceg,,320,619431,4
Disez,,132,619429,3
Somom,,240,619427,9
Sexslave,,169,619418,1
Chinasy,,552,609901,0
Gaga,,206,609781,5
Mororong,,125,609772,0
Ttrttr,,123,609756,0
Temporary,,207,609755,0
Stimm,,366,609751,1
Haroline,,158,609750,1
Tallate,,256,609748,0
Floki,,278,609746,0
Ripley,,429,609743,0
Adnok,,155,609737,0
Zeve,,322,609733,1
Rundina,,394,609728,1
Angie,,190,609727,2
Malaka,,157,609712,3
Ijodni,,254,609707,2
Pistorera,,195,609703,0
Ellen,,405,609695,8
Veva,,156,609686,1
Milady,,188,609684,3
Jusathe,,172,609684,5
Sohuz,,283,609682,13
Leeloo,,156,609682,0
Kebi,,155,609680,1
Edrethe,,161,609674,2
Sweetheart,,128,609669,1
Konata,,128,609666,3
Ikivri,,155,609665,2
Schatzi,,136,609665,1
Hakenni,,189,609664,2
Natasha,,326,609659,2
Fighter,,166,609653,2
Mirabra,,368,609653,0
Seliche,,146,609651,1
Agoran,,418,609647,8
Emed,,123,609645,1
Zoro,,116,609643,3
Space,,282,609641,3
Mabel,,186,609640,2
Koza,,214,609639,1
Pusila,,147,609638,1
Geni,,249,609637,1
Ditabi,,227,609637,1
Fishhhhhh,,141,609635,3
Ezibon,,193,609634,2
Obek,,130,609631,6
Tisan,,380,609630,2
Vineta,,236,609629,11
Zanran,,192,609624,1
Moon,,134,609619,0
Ahad,,225,609618,3
Cusad,,258,609611,3
Lillian,,303,609604,0
Tosurge,,239,609600,0
Haha,,180,609600,5
Lonnam,,327,609599,4
Icocen,,235,609596,4
Darkstone,,103,609593,1
Adel,,217,609593,2
Ehubul,,182,609591,2
Nariz,,127,609589,12
Nibrag,,278,609589,1
Tataji,,415,609585,0
Heiheiwa,,326,609585,0
Highcalo,,302,609584,8
Hadrol,,202,609582,0
Akril,,268,609580,8
Ladek,,198,609580,1
Ninide,,387,609569,2
Hobig,,228,609565,0
Toma,,142,609565,3
Tobin,,163,609565,0
Conri,,160,609562,0
Muno,,156,609561,0
Gigi,,187,609552,4
Nixa,,160,609548,0
Bube,,113,609541,12
Gunner,,162,609529,6
Brell,,112,609525,13
Nitsua,,220,609511,7
Tatatsu,,345,609508,0
Hades,,212,609500,4
Othechi,,131,609491,0
Xxxx,,259,609480,4
Azikrit,,307,609477,0
Lallali,,128,609474,2
Lehiy,,256,609459,3
Elebrid,,144,609459,0
Vome,,135,609442,21
Avregra,,139,609409,0
Hera,,95,599786,3
Alice,,230,599698,4
Ijam,,143,599672,7
Irken,,138,599640,2
Elez,,180,599629,2
Vuvrethi,,191,599629,5
Sika,,122,599612,7
Droker,,145,599565,5
Rosil,,250,599514,4
Vusude,,158,599466,6
Emyvanbbh,,438,599446,7
Rykka,,172,599430,11
Cancel,,560,589740,1
Bazzi,,318,589736,2
Orzul,,149,589728,1
Docha,,183,589721,1
Batit,,151,589715,3
Jeka,,101,589703,5
Tugre,,127,589693,1
Ozedoz,,199,589682,0
Sazal,,128,589665,0
Anjeliani,,203,589665,0
Pfeife,,163,589664,1
Narde,,325,589657,0
Buchi,,131,589655,3
Mimi,,295,589630,1
Othelug,,105,589625,5
Gage,,208,589622,5
Hocol,,144,589617,3
Vivien,,149,589610,0
Rozi,,210,589586,2
Tirzen,,169,589584,2
Tugi,,471,589580,1
Olil,,150,589563,2
Kumgobble,,306,589559,2
Salma,,268,589540,1
Garzam,,109,589537,2
Dzikidzik,,341,589520,6
Vare,,284,589515,5
Orokis,,239,589514,2
Rumatrona,,184,589498,2
Gadnina,,341,589481,2
Horith,,172,589476,2
Bacchus,,196,589475,0
Eruru,,125,589470,1
Mauricio,,172,589460,6
Hodrura,,208,589436,0
Dazuz,,274,589412,5
Sazida,,176,589405,4
Flashcry,,139,579749,3
Cubrok,,280,579747,2
Rusole,,186,579710,1
Guthaz,,80,579704,5
Arzumus,,140,579695,3
Tomclancy,,187,579695,2
Mothovri,,177,579687,2
Lily,,140,579680,3
Benjamin,,205,579659,1
Zinnubi,,52,579646,0
Tana,,261,579639,0
Chinamoron,,317,579639,11
Vihi,,101,579626,1
Eren,,158,579618,4
Browndwarf,,128,579617,1
Zeveje,,139,579588,2
Cartmanez,,196,579578,3
Bitubi,,70,579575,16
Afruji,,195,579570,0
Rula,,187,579566,3
Cejasa,,144,579564,7
Omok,,159,579543,3
Sucode,,319,579525,1
Guvida,,144,579509,2
Sasa,,134,579500,2
Othek,,169,579473,17
Cleory,,161,579471,5
Sokem,,82,579468,8
Heva,,132,579463,6
Daranoc,,202,579456,0
Alfred,,133,579454,3
Wysk,,136,579453,3
Goke,,219,579451,5
Zdzisek,,183,579449,0
Arathors,,433,579430,3
Gekez,,164,579409,2
Kerleyn,,84,569758,3
Ribuz,,189,569726,0
Bivok,,297,569704,3
Arzid,,127,569665,0
Ibuta,,125,569663,3
Icugrin,,188,569641,0
Cadit,,197,569634,21
Tkilla,,112,569632,7
Ridaz,,102,569628,0
Arcad,,149,569620,0
Dosan,,97,569618,9
Gunni,,150,569615,7
Kurtikinz,,72,569612,9
Lika,,161,569602,2
Kezot,,176,569594,4
Zabene,,134,569593,4
Suka,,148,569581,5
Pedro,,303,569572,2
Hathi,,199,569570,1
Somphi,,156,569564,5
Andy,,176,569564,7
Davincijr,,120,569550,5
Jebogri,,132,569542,11
Sotoz,,85,569532,2
Slim,,125,569529,1
Mosi,,126,569519,1
Qospade,,131,569505,8
Darkone,,442,569501,0
Ceza,,230,569495,6
Yellowfish,,144,569489,1
Cellyne,,279,569469,0
Arya,,136,569464,4
Winson,,278,569463,2
Niggrhead,,244,569447,6
Hiddnsex,,145,569418,4
Shannara,,99,569417,3
Lerkerte,,106,569403,6
Chocobob,,173,559849,0
Goldeneye,,152,559846,1
Osos,,207,559829,1
Makeshift,,380,559799,2
Cehe,,163,559782,7
Valeria,,343,559770,2
Ridnez,,300,559761,0
Superkorea,,386,559756,2
Takri,,135,559751,0
Hunnas,,118,559749,2
Xomyak,,287,559747,0
Kifrije,,134,559746,0
Trixia,,102,559731,2
Igol,,323,559715,1
Zisha,,278,559699,5
Jotaa,,247,559691,1
Cibe,,295,559679,2
Kscho,,127,559678,2
Ennoci,,87,559676,1
Nathanos,,102,559661,0
Vivi,,166,559659,2
Herze,,211,559659,3
Obros,,98,559650,6
Lockstock,,109,559646,1
Artik,,306,559641,8
Calpe,,332,559640,10
Horci,,185,559635,0
Mavre,,118,559635,1
Heidaye,,249,559634,3
Thelost,,232,559626,5
Kasuu,,103,559624,0
Hatha,,92,559621,0
Wolf,,104,559618,6
Benew,,230,559611,1
Duthi,,122,559608,12
Sabaton,,137,559601,0
Ardon,,288,559591,1
Boras,,141,559587,3
Jabronk,,171,559587,0
Biubiubiu,,112,559585,4
Vavit,,123,559584,0
Alucard,,136,559583,0
Cohorke,,126,559577,1
Vivre,,288,559573,1
Odras,,164,559562,0
Vara,,157,559557,1
Omiga,,114,559554,6
Gagroli,,102,559552,2
Ohot,,134,559552,1
Ergoza,,72,559548,5
Doda,,124,559546,2
Tania,,128,559542,6
Argala,,152,559519,3
Lucifear,,205,559518,1
Edurga,,95,559517,2
Otila,,189,559499,0
Rijas,,146,559496,6
Zakithi,,189,559493,6
Mili,,181,559483,0
Master,,96,559469,0
Mmiimmii,,178,559451,1
Koracon,,243,549707,8
Cerberus,,116,549705,2
Lovretha,,150,549699,1
Xiayk,,122,549633,6
Redbullet,,145,549632,4
Isut,,173,549619,9
Jagiz,,104,549600,0
Godhunter,,125,549576,6
Akillon,,131,549570,2
Nocit,,79,549559,9
Invited,,233,549558,1
Vigaca,,141,549556,2
Achika,,75,549539,11
Ehug,,127,549537,5
Oval,,165,549532,6
Hurkus,,111,549530,6
Dibruve,,257,549528,7
Ratknala,,73,549499,7
Pyro,,161,549494,3
Ejesez,,129,549493,2
Skibby,,133,549493,2
Dandylon,,273,549483,4
Zite,,114,549479,9
Ategal,,123,549474,11
Dugirke,,196,549472,11
Okos,,129,549469,4
Legend,,294,549431,3
Chode,,285,549427,7
Nese,,167,549424,5
Zamedre,,135,549417,3
Gethi,,109,539770,0
Killernick,,131,539709,1
Mara,,135,539700,3
Onnana,,117,539700,3
Egolad,,431,539696,4
Talitaplus,,99,539656,6
Hitman,,161,539653,2
Irgabug,,81,539648,4
Izual,,242,539643,0
Atarta,,137,539633,3
Kira,,116,539620,3
Hodni,,90,539608,4
Muzerce,,87,539596,4
Devre,,187,539577,3
Luri,,299,539571,0
Athig,,199,539564,0
Esige,,137,539564,3
Vennaze,,152,539560,0
Stillalive,,155,539553,0
Banvomom,,80,539547,7
Ruse,,160,539535,1
Alice,,281,539535,1
Irgel,,162,539534,4
Margo,,153,539529,17
Ruse,,254,539525,0
Vanhelsing,,88,539521,4
Iduza,,164,539520,0
Lolo,,223,539518,5
Jorcu,,164,539516,1
Thang,,164,539515,4
Adod,,238,539515,0
Luti,,200,539514,3
Nuke,,154,539511,1
Villainele,,120,539509,4
Cithafri,,102,539507,1
Suti,,152,539506,10
Erzit,,263,539502,1
Perry,,168,539495,5
Carmen,,136,539488,1
Strelec,,190,539484,3
Killudri,,153,539471,1
Vunusi,,232,539469,6
Jana,,208,539462,1
Tesal,,114,539461,2
Acejad,,109,539460,1
Sniper,,134,539459,3
Reaper,,237,539451,2
Kekoshi,,145,539450,0
Laci,,170,539443,4
Cechal,,162,539443,3
Jinone,,126,539424,4
Oviz,,209,539403,9
Lyka,,84,539402,3
Turdfarmer,,281,529739,11
Casper,,151,529726,0
Aynot,,119,529723,12
Athena,,196,529706,2
Gwyn,,45,529704,2
Acin,,103,529691,1
Mochikanin,,123,529680,1
Killer,,97,529671,1
Andarilho,,151,529657,2
Majuk,,125,529647,1
Mazinho,,110,529646,6
Aspisok,,283,529643,4
Wenrui,,142,529635,1
Hibi,,185,529627,3
Nadd,,92,529623,0
Sebby,,124,529622,1
Suzin,,80,529618,2
Sethone,,190,529617,0
Iscaladon,,98,529616,0
Aaaaa,,165,529580,4
Inroni,,77,529580,7
Torzog,,202,529579,1
Makrimi,,60,529578,0
Dedas,,157,529576,1
Achos,,223,529575,1
Gizeg,,90,529555,1
Gold,,88,529552,2
Yassop,,106,529542,1
Derde,,150,529540,6
Karabinek,,110,529535,3
Josa,,115,529534,3
Illodri,,210,529514,1
Nehi,,80,529508,3
Begam,,123,529503,1
Irene,,108,529502,7
Urun,,123,529502,3
Muli,,109,529494,14
Acam,,125,529489,4
Amiguis,,151,529484,4
Hemi,,98,529483,3
Infinity,,198,529478,5
Helun,,229,529477,3
Pokemons,,98,529469,3
Adugim,,106,529460,6
Siinaa,,136,529458,3
Mikahun,,118,529451,3
Wzzlll,,171,529446,6
Keri,,80,529430,6
Ithadni,,184,529427,1
Gommer,,99,529417,4
Atat,,206,519823,6
Gail,,293,519801,0
Acel,,44,519743,1
Sevra,,160,519724,3
Kegon,,193,519711,3
Ozojoz,,71,519699,0
Pangsu,,150,519694,7
Leehk,,98,519678,3
Jotok,,78,519675,1
Trolja,,158,519669,1
Durdifri,,137,519657,1
Zzzz,,86,519654,1
Goldevent,,130,519654,3
Lerasa,,105,519641,3
Mitos,,47,519640,2
Imoen,,79,519639,4
Ninib,,209,519638,2
Taba,,110,519624,2
Vojele,,86,519618,2
Hugh,,183,519618,2
Dotad,,129,519618,0
Erevia,,69,519608,0
Gunmong,,227,519608,3
Tabri,,224,519598,7
Lerdi,,81,519591,2
Vufreri,,166,519591,4
Smokee,,111,519580,3
Mokis,,94,519575,2
Agrina,,159,519569,1
Ojuthi,,128,519568,3
Rothaga,,229,519557,6
Athere,,84,519556,2
Oduce,,330,519556,15
Mart,,158,519538,5
Trebor,,101,519536,5
Marigre,,166,519533,4
Baxayeux,,92,519532,1
Bina,,175,519527,1
Mofradni,,106,519521,2
Xxxi,,170,519518,0
Zalem,,326,519518,4
Ithug,,86,519513,5
Yami,,154,519510,8
Pokgai,,188,519506,4
Grimhunt,,181,519502,7
Jekre,,59,519497,4
Hyper,,101,519488,9
Hotlips,,250,519477,2
Erele,,237,519476,2
Lennoza,,67,519466,10
Zujak,,86,519461,7
Isaki,,99,519449,7
Caja,,115,519428,1
Kenneth,,132,519419,3
Deathgun,,145,519419,1
Evun,,131,519403,12
Sunja,,140,509820,0
Kuma,,345,509811,2
Joshuz,,227,509806,1
Wangxuewen,,216,509805,0
Bodreba,,271,509792,0
Dardak,,214,509784,0
Chinabiu,,261,509784,0
Ethil,,215,509783,0
Orzud,,154,509778,3
Ginas,,124,509777,0
Nuva,,178,509775,1
Linna,,145,509768,1
Barbossa,,174,509765,0
Nuche,,229,509760,1
Cobi,,108,509756,1
Popo,,90,509755,0
Xzon,,179,509753,1
Ardad,,114,509746,1
Athede,,98,509746,0
Gochi,,102,509741,0
Aragorn,,371,509737,0
Jinx,,121,509735,1
Houndz,,116,509734,1
Eligos,,90,509731,4
Elahom,,63,509729,6
Mene,,109,509726,2
Pandora,,225,509722,1
Eren,,142,509717,1
Orzit,,61,509715,0
Goliath,,160,509712,0
Akorgez,,105,509710,0
Event,,104,509709,0
Desede,,176,509705,1
Nuti,,238,509704,5
Onroshe,,74,509704,3
Zishela,,195,509704,1
Henan,,115,509703,2
Innargi,,118,509693,4
Gobi,,154,509692,0
Onnekre,,150,509691,1
Ruweetpars,,58,509691,1
Momomo,,94,509685,1
Tina,,142,509683,0
Igan,,149,509680,0
Rika,,102,509675,0
Banti,,43,509671,1
Irese,,103,509670,2
Chilidog,,147,509669,0
Lonelywolf,,127,509669,2
Quincy,,80,509668,0
Hira,,85,509667,0
Jorgogre,,88,509664,5
Zizuma,,106,509664,1
Sonunne,,162,509660,1
Ogura,,158,509657,2
Aqute,,142,509657,2
Smash,,259,509657,0
Tachi,,377,509652,16
Teke,,97,509651,4
Chocolate,,129,509650,1
Nebreg,,272,509646,0
Sotha,,264,509642,1
Obita,,144,509639,0
Omiri,,107,509635,1
Erugak,,124,509634,0
Erzude,,116,509633,2
Alura,,79,509630,3
Agaci,,61,509630,5
Sihe,,132,509627,0
Nakuha,,101,509626,4
Ruth,,218,509626,1
Solidarity,,127,509625,1
Banffiga,,289,509622,1
Fuzz,,122,509621,0
Stackevent,,124,509618,2
Robre,,102,509616,2
Pirateluam,,158,509611,2
Vuthul,,65,509609,0
Cosmich,,133,509607,3
Jeta,,183,509606,9
Huli,,246,509604,0
Dinatu,,154,509602,0
Olam,,113,509601,0
Obita,,56,509601,1
Azudos,,110,509596,1
Ameca,,180,509594,8
Hodni,,44,509592,1
Kisik,,108,509591,1
Likroda,,141,509590,2
Luna,,77,509589,1
Ogered,,122,509586,4
Lolita,,119,509584,0
Chuckles,,86,509579,5
Tarboulet,,68,509575,0
Muthebe,,198,509572,1
Akana,,90,509572,1
Selene,,74,509571,0
Mogrivre,,88,509570,0
Namikazze,,154,509566,0
Farsott,,83,509565,1
Idnas,,116,509562,3
Mennishe,,104,509559,2
Chelsea,,98,509558,3
Hirifre,,69,509557,0
Lenthe,,111,509555,2
Moke,,145,509555,0
Ollefra,,141,509544,0
Ichive,,112,509540,6
Gomoz,,173,509535,3
Mikamika,,169,509525,7
Lokrahe,,234,509525,3
Evibem,,110,509519,0
Elis,,81,509517,7
Devum,,107,509508,1
Kane,,126,509505,3
Idnethum,,162,509503,2
Ziti,,80,509483,0
Cizim,,133,509480,4
Tita,,113,509478,2
Pistoleira,,182,509472,1
Cegroda,,140,509448,0
Cazel,,180,509446,0
Nethek,,94,499761,0
Vicem,,63,499737,4
Vethe,,141,499726,1
Irdam,,109,499724,1
Zobeta,,120,499705,2
Malle,,92,499704,7
Cobra,,114,499668,1
Avienda,,77,499634,1
Asashug,,277,499625,2
Koreanhoxy,,206,499612,1
Asura,,79,499607,1
Zakkard,,86,499596,2
Vhoris,,191,499591,1
Marylay,,100,499589,4
Ohethil,,64,499588,6
Sanic,,151,499566,5
Frigga,,244,499561,2
Ecig,,68,499554,3
Azinal,,247,499547,11
Esilal,,127,499542,1
Naci,,104,499512,3
Tisa,,190,499511,4
Guzi,,102,499500,4
Eren,,170,499495,4
Nezez,,122,499482,0
Dirig,,184,499475,3
Leslie,,119,499463,9
Happyhappy,,94,499462,7
Nyriad,,206,499432,3
Idnechal,,167,499416,6
Wilikarz,,62,499400,7
Hiche,,139,489751,1
Nazorci,,110,489738,4
Chichon,,121,489724,1
Nashiko,,122,489723,0
Vekesha,,198,489688,1
Hylagan,,213,489684,6
Tempthree,,239,489664,1
Town,,53,489654,4
Anbing,,111,489633,0
More,,146,489633,1
Idral,,79,489629,1
Hybris,,119,489617,2
Sogrit,,219,489611,5
Keynan,,115,489608,1
Ruebun,,197,489606,0
Johan,,106,489606,1
Biil,,120,489605,0
Omfg,,173,489599,3
Starbucks,,55,489597,6
Necud,,325,489592,1
Obivroz,,95,489591,1
Ahovi,,71,489588,1
Mian,,74,489583,21
Icum,,103,489581,1
Melide,,98,489574,1
Virginman,,134,489569,1
Letha,,69,489558,1
Hebagi,,70,489556,4
Bebod,,90,489555,1
Lawrence,,131,489553,0
Rasha,,186,489550,5
Rudelia,,90,489550,0
Shadowfall,,124,489547,1
Danrunne,,88,489543,0
Ecanri,,106,489541,2
Hunts,,113,489535,0
Korkam,,207,489533,1
Ragushi,,130,489519,0
Darius,,107,489510,0
Burgun,,144,489506,1
Velho,,175,489494,1
Zarta,,94,489488,4
Renrela,,133,489469,27
Norgad,,276,489465,0
Nellala,,101,489463,0
Shazzy,,105,489463,3
Meji,,346,489451,7
Trantor,,200,489446,1
Craze,,214,489445,2
Ikarus,,206,489440,6
Sudethi,,96,489438,1
Avale,,228,489433,3
Ekes,,112,489430,2
Strawberry,,122,489427,11
Ssambak,,54,489426,16
Topman,,137,489406,1
Jume,,185,479837,0
Mrminh,,88,479750,0
Vochim,,202,479713,0
Sissi,,114,479707,0
Osagre,,118,479707,0
Campain,,156,479704,1
Ruki,,78,479693,1
Asake,,114,479672,5
Dadi,,216,479654,0
Skuba,,82,479634,2
Tiki,,87,479634,0
Kolomor,,83,479632,0
Temphire,,96,479626,1
Queen,,116,479618,7
Barzuka,,122,479617,6
Relug,,59,479601,0
Mucima,,112,479588,3
Jeheda,,214,479582,8
Kabesha,,111,479578,2
Arcun,,180,479566,2
Heca,,58,479565,5
Ijica,,119,479527,4
Liebelydia,,83,479504,1
Artin,,194,479474,1
Bisa,,82,479472,3
Cool,,91,479469,4
Enned,,150,479467,1
Otobre,,160,479463,4
Nili,,184,479449,3
Liana,,80,479447,10
Verinna,,107,479431,0
Nurcama,,90,469751,1
Dusa,,134,469748,1
Hana,,204,469744,0
Cicol,,106,469729,1
Nylina,,129,469715,1
Jutha,,137,469711,1
Vampy,,119,469676,0
Raketazooo,,166,469665,0
Home,,110,469660,6
Daka,,35,469660,3
Invictus,,87,469658,1
Vachik,,199,469656,1
Zenth,,156,469652,3
Smalllei,,62,469649,4
Onii,,83,469618,1
Ohihul,,116,469607,1
Obivan,,100,469599,0
Kozi,,133,469594,1
Nine,,54,469586,3
What,,150,469584,23
Ardushan,,145,469583,0
Shorty,,191,469581,15
Drog,,86,469561,9
Beelzebub,,199,469545,2
Tavaje,,147,469533,2
Igrim,,147,469533,1
Refrere,,113,469529,0
Nisini,,320,469519,3
Akimoura,,154,469505,2
Itihe,,82,469491,3
Solo,,59,469428,9
Asofra,,151,469408,4
Ecola,,159,469406,7
Delin,,35,459840,0
Mordimer,,367,459840,0
Kormocha,,222,459834,0
Serek,,107,459822,0
Bootyhntr,,69,459816,0
Guci,,124,459816,0
Olunna,,108,459784,1
Egril,,94,459777,0
Victor,,84,459777,0
Orcok,,29,459776,0
Buthi,,176,459770,0
Wofulun,,91,459763,0
Sude,,50,459754,0
Satan,,31,459747,0
Zutenni,,121,459744,0
Tobem,,209,459741,2
Obronriz,,141,459740,0
Misi,,56,459738,1
Esem,,33,459736,1
Egurteg,,147,459734,0
Chaea,,106,459724,10
Utra,,86,459722,0
Ghost,,46,459720,0
Soka,,63,459719,0
Rante,,75,459714,0
Dresden,,62,459713,4
Redion,,246,459712,0
Thug,,187,459710,4
Cova,,130,459708,1
Tekra,,85,459706,0
Orkaca,,90,459698,0
Kimi,,49,459694,2
Igat,,68,459694,3
Badazzzzz,,121,459694,0
Horked,,224,459692,0
Erika,,97,459692,0
Tachyon,,75,459683,1
Likuaigun,,78,459679,0
Hudate,,129,459678,0
Honeyxboo,,119,459671,9
Killer,,110,459671,9
Turcus,,251,459664,0
Trotil,,47,459663,1
Khan,,281,459647,0
Nebi,,128,459646,1
Mafkees,,100,459642,0
Solluze,,112,459638,0
Guma,,110,459622,0
Okuk,,138,459621,4
Damase,,88,459605,0
Mellaz,,110,459598,0
Banging,,98,459590,0
Strelok,,129,459587,0
Ihole,,191,459585,0
Atujaz,,169,459567,7
Przemo,,72,459565,0
Ottertemp,,156,459564,13
Annet,,82,459558,0
Alarka,,111,459557,4
Emerson,,102,459552,0
Ibrizen,,134,459550,1
Toiletking,,143,459548,2
Enegrag,,178,459501,1
Tyrania,,135,459499,0
Rurum,,56,459490,0
Cibuk,,85,459459,34
Lahut,,107,459421,6
Palas,,112,449802,0
Igutha,,101,449791,1
Guykeen,,103,449787,0
Sibi,,101,449762,1
Shenxue,,140,449727,1
Jamie,,330,449708,1
Ashasek,,95,449687,1
Lampir,,125,449684,2
Chikiboss,,48,449677,6
Ardazas,,90,449669,1
Kavrim,,90,449656,5
Diset,,65,449625,3
Oletha,,210,449623,1
Dutaji,,78,449607,2
Ishebum,,194,449603,0
Pjuice,,199,449590,5
Gama,,83,449589,12
Jocan,,108,449584,5
Starlord,,76,449559,1
Break,,263,449557,17
Marek,,139,449547,4
Missfire,,122,449542,4
Test,,117,449498,3
Redback,,48,449417,6
Eltonno,,110,439802,0
Argint,,133,439793,2
Baba,,74,439781,1
Tunidaye,,136,439762,1
Oret,,102,439741,1
Luvusi,,47,439733,0
Vuma,,55,439726,0
Event,,77,439719,3
Garebe,,89,439715,8
Axbullet,,116,439703,2
Ibeza,,70,439693,0
Hated,,84,439691,1
Lorick,,29,439691,4
Ithas,,242,439680,1
Gizeradas,,89,439678,0
Ragnard,,156,439674,1
Kiru,,76,439673,2
Tyusha,,65,439669,0
Arthur,,116,439667,1
Tuza,,74,439662,0
Arwen,,94,439655,2
Sufrusi,,187,439651,5
Nidie,,204,439649,0
Elystorm,,92,439641,1
Evikri,,125,439617,4
Jelug,,37,439615,2
Nulla,,80,439583,0
Bulbul,,164,439560,8
Odaki,,96,439558,4
Ihukros,,40,439549,9
Kussy,,58,439544,0
Bambam,,175,439532,7
Saliutas,,43,439520,2
Test,,27,439514,2
Powder,,272,439483,1
Saba,,43,439473,5
Eddie,,88,439434,1
Mharl,,173,429768,0
Jurushaofu,,55,429758,2
Theone,,37,429751,0
Haruharu,,144,429748,4
Cizi,,76,429746,1
Sandz,,99,429742,0
Dewcz,,93,429723,3
Erekrez,,71,429703,1
Mando,,46,429697,3
Omicha,,90,429676,0
Wonder,,23,429673,1
Aveba,,55,429665,0
Joker,,54,429662,5
Kasa,,52,429647,1
Ekrashe,,67,429627,0
Hikra,,78,429624,0
Adnirzin,,92,429623,13
Dadusa,,37,429622,4
Enag,,112,429620,0
Mephisto,,247,429618,2
Killita,,29,429614,1
Oshice,,88,429614,1
Nizuicao,,119,429607,2
Danganb,,114,429595,1
Bove,,54,429571,0
Shaka,,121,429565,3
Truizar,,57,429545,5
Olivia,,241,429530,0
Lucy,,67,429515,1
Gunther,,108,429455,3
Lala,,188,429426,0
Tathaz,,102,429414,5
Leon,,281,419785,0
Missy,,77,419764,0
Deriri,,107,419762,0
Shayla,,82,419739,1
Illiven,,75,419738,1
Ateteg,,161,419723,3
Axyl,,60,419719,0
Trickster,,72,419712,7
Ednate,,64,419707,0
Norielle,,62,419692,2
Tvinc,,94,419684,0
Kaja,,39,419680,5
Bote,,91,419677,2
Regacy,,228,419672,3
Joxernes,,162,419658,0
Argosok,,216,419649,2
Ajara,,162,419644,1
Sothe,,74,419636,6
Kenne,,55,419631,8
Oneshot,,217,419629,3
Ethuni,,66,419628,5
Saruuh,,34,419624,0
Agwd,,69,419621,1
Chinababa,,56,419577,3
Mando,,225,419506,0
Ishom,,59,419493,4
Scarlet,,115,419477,3
Kswcf,,151,419454,6
Kormomih,,329,409887,0
Nochi,,179,409851,0
Korgukiba,,155,409850,0
Eluva,,118,409843,0
Boomstix,,264,409829,0
Bosiji,,63,409829,0
Zoec,,118,409819,0
Zatheze,,138,409795,1
Winterama,,156,409793,1
Ejonol,,230,409789,0
Granitehip,,90,409788,1
Azul,,174,409782,2
Zurke,,162,409778,0
Oshaten,,197,409774,3
Azot,,179,409774,0
Sile,,124,409773,0
Ennesa,,111,409771,0
Cyclops,,80,409768,0
Violetta,,40,409761,0
Vosale,,91,409758,0
Ridra,,89,409756,1
Onoz,,89,409756,1
Agez,,37,409752,1
Rennum,,76,409749,0
Deffer,,295,409745,0
Koppe,,170,409739,1
Ouin,,40,409739,0
Sibrak,,81,409738,2
Ilenni,,168,409732,1
Noca,,106,409731,0
Kohi,,141,409730,5
Stardust,,78,409728,0
Yogi,,80,409727,0
Only,,61,409726,0
Ihek,,47,409725,3
Sirci,,57,409722,0
Kanni,,58,409721,0
Odocas,,68,409719,0
Graga,,35,409717,0
Master,,108,409716,14
Moloshi,,118,409715,2
Lura,,65,409715,0
Dmdoi,,29,409713,1
Soze,,44,409709,0
Lirethe,,55,409705,1
Isokoz,,54,409705,0
Stpnkim,,104,409704,0
Hoax,,132,409703,1
Scanio,,84,409702,0
Klarnet,,114,409696,0
Ethize,,102,409695,0
Lsogao,,124,409695,2
Uthu,,92,409693,0
Nobed,,38,409693,0
Canniki,,52,409691,3
Artul,,48,409686,1
Madgie,,103,409678,0
Arzivik,,87,409674,0
Dusty,,98,409669,0
Aluhe,,59,409665,0
Lara,,139,409661,1
Johanea,,110,409658,0
Draconfier,,97,409653,2
Coja,,147,409647,0
Ekuzil,,78,409645,0
Vadnut,,73,409645,0
Arzus,,69,409641,0
Gare,,41,409638,0
Harcese,,79,409636,0
Nihilista,,89,409634,0
Andwil,,173,409632,0
Ohaze,,134,409631,20
Obrerti,,97,409619,0
Neofelia,,85,409611,1
Evemi,,42,409607,1
Yoli,,40,409603,6
Dundundun,,97,409601,1
Hunter,,36,409588,1
Igodroz,,28,409588,4
Ludre,,120,409558,9
Netti,,144,409551,0
Asita,,173,409506,1
Oken,,73,409495,0
Mabin,,115,409443,8
Kimw,,21,399776,0
Gijhoe,,107,399773,1
Gethog,,184,399763,2
Kujak,,82,399761,0
Alama,,126,399761,1
Ogujag,,275,399730,0
Vathen,,26,399729,3
Golan,,109,399676,0
Edera,,81,399672,8
Varce,,79,399662,2
Atigrig,,76,399661,3
Vikil,,55,399632,2
Ellithig,,96,399631,3
Conradikal,,70,399629,1
Bmwpower,,152,399625,3
Arog,,120,399616,3
Firenoodle,,103,399588,7
Zohi,,63,399574,3
Jusham,,43,399553,2
Skymarker,,56,399524,4
Irtarti,,245,399498,4
Zaxtrel,,73,399487,10
Pxfive,,147,399485,1
Gini,,76,399423,1
Vika,,19,389822,0
Yeye,,98,389822,0
Sibi,,52,389804,1
Kati,,59,389794,0
Boedakka,,18,389792,0
Captain,,33,389790,1
Queen,,83,389744,2
Nijimi,,127,389731,0
Giggles,,113,389711,5
Mikrik,,100,389703,1
Nenum,,13,389652,2
Onnibe,,76,389620,1
Ejora,,38,389617,0
Nirdi,,51,389598,1
Bartuje,,74,389591,2
Anasterion,,100,389591,3
Same,,139,389514,4
Madrunna,,113,379845,3
Azerotta,,98,379811,0
Ebbys,,37,379802,0
Ragnar,,181,379792,0
Edes,,91,379789,0
Bourn,,69,379771,0
Enduria,,20,379765,0
Rubinchik,,23,379754,1
Masako,,17,379750,1
Maxima,,93,379739,1
Koshe,,43,379732,9
Hunter,,41,379723,2
Nina,,43,379718,0
Kushen,,56,379696,0
Ihatha,,51,379692,1
Zejena,,32,379679,2
Idnakut,,93,379676,1
Ofrasi,,87,379643,1
Ekatuz,,102,379627,1
Veseta,,91,379611,0
Vahom,,208,379603,0
Oats,,36,379594,3
Helek,,117,379548,7
Ogrurat,,71,379529,5
Metod,,60,379520,1
Mrhide,,43,379518,5
Stinki,,85,379462,0
Dihod,,136,369792,1
Irtube,,85,369789,2
Ibroke,,119,369769,1
Mishajapon,,5,369763,1
Zokrad,,58,369733,2
Geca,,33,369731,2
Astrict,,48,369731,1
Ardobre,,102,369723,2
Ardit,,13,369722,3
Barbatos,,167,369720,4
Shadowcat,,88,369718,5
Govri,,133,369695,5
Razete,,81,369694,2
Sortole,,17,369661,0
Cere,,15,369620,4
Nassuss,,177,369582,9
Swift,,139,369547,5
Kingwaffle,,46,369541,8
Idazan,,173,359851,0
Dakri,,125,359849,0
Haige,,70,359843,0
Stop,,0,359822,0
Bidresa,,40,359822,0
Arya,,25,359799,0
Akramut,,150,359798,0
Norkat,,65,359783,5
Ezekiel,,81,359777,0
Butela,,41,359772,1
Borudna,,23,359772,0
Enin,,164,359759,11
Abet,,139,359753,0
Pisi,,63,359751,0
Yenner,,17,359749,1
Lyra,,56,359746,0
Patlaber,,49,359742,1
Juge,,92,359736,0
Neli,,13,359733,0
Sipal,,167,359729,0
Rabbit,,34,359726,2
Saki,,43,359716,0
Kikadna,,20,359706,0
Zipper,,163,359672,0
Gokruga,,45,359575,0
Kara,,27,349860,0
Olga,,102,349818,0
Dorawa,,41,349801,1
Firesagita,,42,349762,0
Mazebra,,53,349753,1
Blue,,11,349734,0
Alig,,304,349726,0
Sichura,,152,349684,2
Keute,,159,349654,6
Idun,,157,349622,5
Zithol,,85,349610,1
Lackhunts,,152,349589,5
Egrubet,,103,349531,0
Kinsey,,100,339878,0
Annuge,,74,339845,0
Giardella,,57,339787,0
Megrithi,,125,339777,0
Uzio,,23,339755,1
Arzive,,16,339755,1
Muzin,,27,339752,0
Azun,,106,339747,0
Lorod,,61,339732,0
Atana,,37,339726,3
Vanrasa,,13,339706,1
Areche,,109,339645,1
Minrum,,76,339603,6
Kaiser,,63,339588,3
Elementox,,104,339534,3
Bocuz,,71,339505,1
Gremlin,,77,329845,0
Hicez,,99,329830,1
Sesha,,112,329814,0
Ithaje,,11,329785,0
Ezan,,133,329767,0
Ethothek,,57,329760,0
Ovevre,,98,329747,0
Ojus,,28,329725,2
Bartos,,120,329712,3
Rizi,,28,329699,0
Vica,,33,329694,1
Lorry,,98,329682,10
Criksus,,77,329668,0
Sorki,,31,329654,1
Kerati,,28,329641,0
Korka,,146,329537,1
Duthug,,9,319853,1
Mudnode,,52,319841,0
Ofelia,,20,319807,0
Eshany,,107,319774,0
Sellul,,75,319772,1
Egicul,,75,319770,1
Zima,,51,319765,0
Virzi,,30,319754,1
Arokman,,60,319721,1
Levyr,,137,319660,0
Edos,,153,319562,1
Innaji,,36,319472,7
Orcol,,96,319466,9
Cizi,,52,309888,1
Helka,,109,309886,0
Vilun,,33,309884,0
Fausto,,179,309862,0
Amin,,11,309854,0
Buzuz,,17,309854,0
Buchuthe,,72,309853,0
Joepesci,,69,309852,0
Arathun,,20,309849,0
Nushe,,37,309848,0
Okisa,,43,309842,0
Irculol,,41,309829,1
Huntel,,54,309821,0
Ihat,,57,309810,0
Cerzeti,,39,309809,0
Kastratus,,211,309794,0
Cimitha,,92,309790,0
Goubibis,,39,309779,0
Event,,100,309777,0
Cora,,19,309775,0
Heath,,107,309774,0
Kabe,,47,309772,1
Agud,,16,309765,0
Cave,,132,309761,0
Moon,,60,309759,0
Lotr,,109,309750,0
Taiga,,0,309741,0
Cristiane,,118,309740,1
Sven,,55,309739,4
Flybird,,7,309722,0
Linda,,35,309721,1
Lothi,,78,309709,7
Yakaya,,62,309709,1
Kiki,,27,309693,10
Athuk,,91,309620,7
Littlebo,,60,309590,3
Gaylord,,48,309587,1
Ovoz,,91,299878,0
Icercan,,9,299850,0
Cogin,,56,299831,0
Romca,,21,299823,1
Reaper,,113,299807,4
Denashibre,,8,299768,2
Jenn,,0,299754,1
Chroxe,,62,299725,0
Saxarija,,60,299648,0
Ninesoulz,,119,299576,4
Zynth,,70,299459,5
Orak,,55,289865,2
Halol,,80,289844,1
Oribra,,7,289823,0
Elleshot,,87,289794,1
Huzi,,16,289771,1
Varkik,,44,289753,2
Iculus,,30,289750,2
Zamenne,,44,279882,0
Rorkoze,,56,279834,0
Grez,,56,279828,0
Jirkik,,62,279822,0
Eventria,,14,279813,0
Sadom,,115,279786,1
Mizis,,30,279778,1
Dulol,,7,279753,1
Ruma,,121,279742,0
Akite,,40,269855,1
Mera,,8,269854,2
Njay,,7,269781,1
Alexis,,50,269780,1
Batman,,0,269770,1
Taca,,140,269691,2
Erid,,18,259878,0
Kandy,,5,259867,0
Athaten,,20,259863,0
Jenny,,148,259860,0
Kszyrz,,9,259857,0
Keldar,,100,259850,0
Amylein,,96,259844,0
Erem,,18,259841,0
Fdmacgraw,,85,259840,0
Modni,,35,259618,12
Irkos,,125,249824,0
Iris,,19,249805,0
Allezel,,23,249704,1
Sinna,,4,239884,0
Vukuve,,9,239877,0
Jayz,,12,239873,0
Idnuvam,,5,239847,0
Acejen,,4,239821,0
Lodreg,,43,239787,2
Suda,,131,239650,6
Kala,,47,229885,0
Ivana,,1,229834,0
Ralek,,0,229725,0
Jonothin,,101,219905,0
Zora,,68,219898,0
Retozi,,0,219887,0
Eddie,,24,219877,0
Ochivi,,2,219874,1
Ajuze,,0,219859,0
Cullil,,44,219858,1
Wyznawca,,15,219852,0
Ilog,,35,219846,0
Systolic,,0,219843,0
Bimam,,78,219843,0
Anxhela,,4,219841,0
Joiny,,11,219841,1
Arum,,99,219837,0
Cattibrien,,0,219836,1
Ibisak,,0,219779,0
Jakel,,30,219778,1
Fadzlette,,0,219770,0
Kitn,,40,219744,6
Spaces,,67,219667,3
Vusuk,,46,209884,0
Wisp,,20,209874,0
Gkiller,,0,209870,0
Itzil,,75,209867,0
Maci,,6,209862,0
Hubba,,5,209857,0
Darget,,0,209850,0
Obrerig,,45,209845,0
Mane,,0,209843,0
Alaya,,0,209843,0
Valle,,0,209843,0
Monay,,31,209840,0
Eezarae,,52,209831,0
Sene,,0,209817,0
Achali,,3,209813,0
Ajcj,,95,209802,1
Nasthmatic,,0,209783,1
Lobrek,,0,209774,0
Keanu,,0,209767,0
Horpyna,,0,209766,0
Boumboum,,0,209763,2
Ohul,,4,209746,0
Arozot,,0,209691,0
Othurza,,0,199886,0
Reza,,82,199884,0
Obsidian,,59,199884,0
Zefra,,0,199877,0
Samii,,0,199856,0
Rubaton,,20,199839,0
Vicica,,10,199838,0
Dored,,14,199822,0
Gunma,,0,199819,0
Sadut,,0,199812,0
Enes,,11,199796,0
Elug,,21,189927,0
Zuva,,126,189925,0
Ashe,,71,189875,0
Stina,,0,189838,0
Kara,,0,189829,0
Psikuta,,10,189826,0
Zedaz,,0,189819,0
Vithi,,0,189818,0
Kupihirang,,0,189810,0
Votha,,3,189808,0
Athurca,,0,189786,0
Mocakri,,0,179876,0
Hilate,,0,179857,0
Harki,,0,179848,0
Ones,,30,179843,0
Machat,,0,179781,1
Hardik,,0,169898,1
Asut,,0,169894,0
Katt,,2,169886,0
Ohag,,46,169875,0
Econrez,,2,169870,0
Rijid,,0,169866,0
Cale,,0,169851,0
Pidaras,,0,169847,1
Kalinia,,48,169844,1
Madgunner,,0,169834,0
Corvistwo,,121,169827,1
Liri,,0,169823,1
Patirc,,18,169746,2
Sergio,,0,169732,0
Toba,,0,169608,1
Boobs,,33,159894,0
Ruvi,,68,159892,0
Tertia,,0,159869,0
Teva,,29,159844,0
Piki,,0,159842,0
Vita,,0,159784,0
Pulp,,0,149919,0
Ezus,,0,149917,0
Poof,,0,149910,0
Ejiba,,0,149892,0
Cracklist,,0,149888,0
Deepblack,,0,149884,0
Itorte,,0,149879,0
Bofrid,,0,149871,0
Marlin,,0,149861,0
Esisak,,0,149853,0
Lefey,,0,149851,0
Danhyung,,0,149806,0
Kirti,,0,149805,0
Mallykonk,,0,139924,0
Elmer,,21,139912,0
Sejal,,0,139908,0
Anozek,,0,139879,1
Lekik,,1,139875,0
Bithergi,,32,139863,2
Asuza,,1,139861,0
Etava,,0,139829,2
Zima,,4,139805,1
Zissova,,0,139802,0
Ruzom,,0,139786,0
Oria,,0,139769,0
Event,,0,139750,0
Azutoz,,0,129922,0
Rize,,0,129921,0
Bulle,,0,129914,0
Denrirca,,0,129911,0
Canna,,0,129905,0
Esharke,,0,129885,0
Kurwiszcze,,0,129873,0
Zofreg,,0,129858,2
Pistolero,,0,129826,1
Isaza,,0,129800,3
Jroc,,133,129782,1
Tallyblah,,0,129727,2
Ahasha,,0,129658,3
Orkudi,,0,119928,0
Rizal,,0,119903,0
Iget,,0,119900,0
Demdeeeps,,0,119896,1
Giva,,0,119889,0
Dicoba,,0,119885,0
Vehija,,1,119867,1
Senoha,,0,119864,0
Azure,,0,119855,1
Ollarzi,,0,119852,0
Ebomit,,0,119852,2
Gerid,,0,119849,0
Abid,,0,119845,0
Osot,,0,119815,1
Darka,,0,119796,0
Riverwind,,0,119795,0
Faye,,0,119771,0
Lumirca,,0,119744,2
Rumi,,0,119737,0
Rimi,,0,119705,1
Darksoo,,0,119704,0
Mdzz,,154,109935,0
Narzalli,,10,109922,0
Amos,,1,109918,0
Aveg,,0,109913,0
Etumog,,20,109912,0
Jakob,,0,109905,0
Halopp,,0,109903,0
Fjrkins,,0,109900,0
Osigi,,0,109897,0
Mitchamus,,53,109892,0
Sasa,,0,109891,0
Tuce,,0,109884,0
Zzzz,,0,109879,0
Vakiva,,12,109877,0
Abra,,0,109874,0
Zora,,0,109872,0
Izun,,0,109864,0
Temaja,,0,109861,0
Buthi,,0,109852,0
Moni,,0,109849,0
Lelati,,0,109845,0
Traci,,0,109840,0
Papacu,,0,109831,0
Sfres,,0,109828,0
Ovos,,0,109828,0
Athothis,,0,109821,0
Sarssoon,,0,109820,0
Mithrandir,,0,109807,0
Saint,,0,109795,1
Gachette,,0,109793,1
Netham,,0,109783,1
Joda,,0,109782,0
Abubre,,0,109773,0
Vvsvvs,,0,109765,0
Geren,,0,109759,0
Buvrog,,0,109743,0
Honor,,0,109735,1
Teamo,,0,109726,1
Nibem,,0,109720,3
Hebol,,0,109717,1
Clint,,0,109717,4
Musha,,0,99921,0
Havecha,,0,99911,0
Orkoded,,0,99908,0
Asok,,0,99907,0
Elisabeth,,0,99906,0
Ekushil,,0,99905,0
Dante,,29,99900,0
Isok,,14,99896,0
Hikas,,0,99887,0
Belladonna,,0,99885,1
Jovrim,,0,99883,0
Mothuri,,1,99882,0
Tempo,,0,99874,0
Greil,,0,99873,0
Ilahas,,16,99873,0
Thunder,,0,99872,0
Ojashin,,13,99867,0
Furiat,,0,99867,0
Fenrir,,0,99859,0
Newgate,,0,99858,0
Ecumi,,0,99850,0
Sayatan,,0,99842,0
Jasper,,0,99835,0
Ezila,,0,99814,1
Dexar,,0,99813,0
Civre,,0,99798,0
Korgidri,,0,99777,1
Tiroflanc,,0,99724,1
Hogin,,0,99706,2
Razerlight,,0,99672,1
Avaged,,0,99649,0
Allez,,0,99629,1
Vire,,18,89936,0
Igrisog,,43,89914,0
Juvbis,,0,89899,1
Geni,,13,89899,0
Lela,,0,89897,0
Igedne,,0,89897,0
Vunri,,0,89895,0
Bloodymary,,0,89893,0
Krimp,,0,89892,0
Sephiroth,,0,89891,0
Rinis,,0,89889,0
Ahal,,0,89886,0
Illustre,,0,89883,0
Cevaari,,0,89882,1
Mitch,,0,89880,0
Xxhsshy,,0,89879,0
Devig,,0,89877,0
Desso,,0,89877,0
Serat,,0,89877,1
Ahat,,0,89877,0
Rinda,,0,89874,0
Feyd,,0,89872,0
Iles,,0,89871,0
Inok,,0,89870,1
Turtle,,0,89854,0
Gubeka,,0,89853,1
Ejos,,0,89851,0
Ethil,,0,89849,0
Gertie,,0,89846,0
Masa,,0,89845,1
Gobi,,0,89844,1
Bose,,0,89842,0
Ketot,,0,89839,1
Biubiubiu,,0,89838,0
Riyou,,0,89835,2
Greyangel,,0,89829,1
Oroge,,0,89827,0
Ediz,,0,89826,0
Karya,,0,89825,0
Aloha,,0,89822,0
Pawsn,,0,89819,0
Argede,,0,89818,1
Ehehi,,0,89808,0
Kathy,,0,89799,2
Bonni,,0,89761,0
Edina,,0,89759,0
Zeset,,0,89753,2
Xiaoming,,0,89747,4
Angelbek,,0,89732,6
Wymiatacz,,0,89731,1
Jayson,,0,89726,4
Mikasa,,0,89722,0
Ogucha,,0,89721,1
Amber,,0,89705,1
Jeee,,0,89690,2
Sadad,,0,89687,2
Ekrosa,,0,89682,4
Sapphire,,0,89682,3
Hammelz,,0,89671,2
Knutzak,,0,89666,8
Donell,,0,89660,1
Lathol,,0,89625,3
Oleg,,0,89596,4
Muta,,0,89589,4
Yeima,,0,89408,9
Rysiek,,0,89401,16
Gonnae,,136,79926,0
Fisher,,0,79920,0
Kunra,,0,79916,0
King,,0,79910,0
Tuliri,,0,79909,0
Percy,,0,79907,0
Argare,,0,79905,0
Cachapon,,0,79904,0
Sinner,,0,79901,0
Overlord,,0,79899,0
Agrus,,5,79895,0
Ojati,,100,79894,0
Ezek,,0,79894,0
Dihig,,0,79890,0
Naedine,,0,79887,0
Lanral,,49,79886,0
Khaladryl,,28,79883,0
Dojuk,,0,79882,0
Geccc,,66,79881,0
Widuri,,0,79878,0
Kova,,0,79878,1
Sacrifice,,3,79877,0
Irug,,1,79874,0
Maui,,9,79874,0
Rama,,0,79870,0
Lena,,0,79867,2
Ithuk,,0,79863,0
Tarzi,,0,79860,0
Shushuchan,,0,79860,0
Izes,,0,79859,0
Jango,,0,79858,0
Sintt,,0,79855,0
Mykil,,0,79855,0
Pengpeng,,0,79854,0
Akrud,,0,79854,1
Enelie,,0,79853,0
Wojownik,,0,79853,0
Turtlenut,,0,79853,2
Rora,,0,79853,1
Nasane,,0,79852,0
Cytus,,0,79850,1
Ashade,,0,79847,0
Gibik,,0,79844,0
Hicen,,0,79841,0
Sandin,,0,79838,0
Nynaeve,,0,79837,0
Gythug,,0,79837,0
Tananda,,0,79835,0
Sovresi,,0,79834,0
Winner,,0,79828,0
Lucian,,0,79826,1
Blackgod,,0,79826,0
Carlos,,0,79823,0
Farra,,0,79823,2
Risaja,,0,79819,0
Cakrok,,0,79819,0
Eduga,,0,79816,0
Ocos,,0,79814,1
Onas,,0,79812,1
Goldgunner,,0,79812,1
Onrud,,0,79802,1
Kiji,,0,79795,0
Event,,0,79794,5
Wickerman,,0,79791,0
Punisher,,0,79781,0
Itok,,0,79778,5
Cohon,,0,79769,0
Ethot,,0,79756,0
Rasushe,,0,79742,3
Bathog,,0,79740,9
Alishooter,,0,79740,1
Tollugra,,0,79739,0
Itis,,0,79731,0
Toji,,0,79730,3
Epichero,,0,79729,0
Kejima,,0,79727,2
Rahesi,,0,79726,0
Edivrat,,0,79716,2
Merlino,,0,79709,3
Efriman,,0,79708,6
Mahi,,0,79703,6
Noture,,0,79693,1
Asheg,,0,79683,6
Zaza,,0,79675,2
Xoce,,0,79675,4
Sunni,,0,79672,9
Balu,,0,79669,4
Mercy,,0,79667,1
Mercenario,,0,79663,10
Onoshe,,0,79662,0
Care,,0,79662,5
Hotb,,0,79660,8
Oheken,,0,79660,4
Ijug,,0,79642,7
Falconizer,,0,79640,12
Suthani,,0,79629,4
Sunday,,0,79625,8
Vran,,0,79620,4
Soja,,0,79620,2
Amxn,,0,79619,1
Along,,0,79616,3
Skippy,,0,79616,4
Cryptop,,0,79616,12
Zezusha,,0,79611,14
Omom,,0,79609,0
Sara,,0,79606,4
Haked,,0,79605,7
Sunglon,,0,79604,5
Popowo,,0,79600,6
Artare,,0,79599,3
Tampan,,0,79594,5
Georgia,,0,79592,9
Rucosh,,0,79590,2
Gadi,,0,79590,16
Aminon,,0,79588,2
Atice,,0,79587,1
Edidi,,0,79585,2
Evangeleon,,0,79579,4
Ivuda,,0,79574,0
Fotakos,,0,79567,3
Vothi,,0,79565,11
Eastwood,,0,79564,5
Cancerkilr,,0,79564,6
Zirzu,,0,79538,0
Ohad,,0,79527,7
Janie,,0,79526,4
Sadra,,0,79513,13
Evren,,0,79509,4
Merlyn,,0,79506,6
Phoenix,,0,79505,6
Zomi,,0,79495,7
Ekusa,,0,79491,7
Kotagi,,0,79484,19
Kebare,,0,79455,11
Missled,,0,79454,8
Ithon,,0,79440,4
Virgo,,0,79415,9
Total,,0,79406,14
Rasa,,0,79404,16
Vayne,,0,69947,0
Younkceo,,0,69944,0
Osathug,,0,69938,0
Oneteam,,0,69931,0
Efrege,,0,69925,0
Quad,,0,69924,0
Isaacfox,,0,69919,0
Izodi,,0,69915,0
Sniper,,0,69914,0
Granger,,0,69913,0
Gaha,,0,69910,0
Better,,0,69908,0
Lihi,,0,69907,0
Enod,,0,69907,0
Envel,,0,69905,0
Kazuto,,0,69905,0
Jonni,,0,69903,0
Vayne,,0,69903,1
Sutat,,0,69903,0
Ruzuzi,,0,69902,0
Kubana,,0,69902,0
Sala,,0,69902,0
Mone,,0,69900,0
Momo,,0,69898,0
Mutukinha,,0,69897,0
Viriji,,0,69896,0
Rire,,0,69896,0
Lithachi,,0,69894,0
Ihaz,,0,69889,0
Nonni,,0,69889,1
Lerta,,0,69889,1
Kograd,,0,69888,0
Sathe,,0,69887,0
Iril,,0,69886,0
Cassie,,0,69884,0
Omis,,0,69883,0
Ljrosselli,,0,69881,0
Tangelo,,0,69880,0
Meka,,0,69880,1
Omeke,,0,69879,0
Genruthe,,0,69878,0
Maibl,,0,69878,0
Cebik,,0,69877,0
Stormroov,,0,69876,0
Hallo,,0,69876,0
Ihak,,0,69875,0
Okugi,,0,69875,0
Ashani,,0,69875,1
Orcoka,,0,69871,0
Jake,,0,69870,0
Boss,,0,69865,0
Rotog,,0,69864,1
Okudag,,0,69864,0
Idnot,,0,69863,0
Ahsoka,,0,69859,0
Sirithi,,0,69859,0
Caliphate,,0,69858,0
Irehe,,0,69855,0
Tsikis,,0,69855,0
Evaha,,0,69854,0
Gowther,,0,69853,3
Kudriz,,0,69848,0
Renrodi,,0,69845,0
Kefunovic,,0,69844,1
Jolel,,0,69840,0
Jeme,,0,69840,2
Vabi,,0,69837,0
Cloe,,0,69836,0
Jikeme,,0,69836,0
Acurdit,,0,69835,1
Emanuella,,0,69833,1
Nick,,0,69831,1
Devan,,0,69831,0
Pipoko,,0,69827,0
Saka,,0,69826,2
Vovom,,0,69824,2
Ikis,,0,69824,1
Kica,,0,69820,0
Artodi,,0,69820,0
Vachubre,,0,69818,0
Soda,,0,69818,1
Ajin,,0,69817,1
Carlos,,0,69816,0
Otoma,,0,69814,1
Boban,,0,69813,1
Toby,,0,69813,1
Gedre,,0,69812,1
Mrlupet,,0,69812,1
Justice,,0,69811,1
Onrud,,0,69811,1
Vamadna,,0,69810,0
Irkek,,0,69809,0
Engkol,,0,69808,0
Ishot,,0,69807,0
Valeme,,0,69805,1
Bober,,0,69805,0
Karasz,,0,69800,0
Lorelei,,0,69800,1
Jidri,,0,69798,1
Kesa,,0,69797,0
Nomero,,0,69797,1
Riovalerio,,0,69796,2
Twilight,,0,69796,0
Irergi,,0,69795,3
Manulac,,0,69794,1
Deci,,0,69794,0
Lusumi,,0,69792,1
Deranged,,0,69791,1
Sukil,,0,69787,2
Bemuhi,,0,69785,1
Itachi,,0,69783,0
Zuni,,0,69783,1
Godjesica,,0,69782,2
Soze,,0,69782,1
Tiger,,0,69781,3
Duti,,0,69779,0
Bounceret,,0,69779,1
Obome,,0,69774,2
Obraji,,0,69773,1
Inade,,0,69771,1
Reokee,,0,69769,0
Olatel,,0,69766,4
Tacosalad,,0,69766,0
Verch,,0,69765,2
Mira,,0,69760,0
Tathe,,0,69760,1
Deranged,,0,69759,1
Eduardo,,0,69757,1
Gunner,,0,69756,0
Ezibun,,0,69753,5
Azem,,0,69750,3
Ezagi,,0,69750,2
Zunut,,0,69748,2
Gameghusak,,0,69746,1
Icheri,,0,69745,0
Arcacia,,0,69745,3
Dunduk,,0,69745,2
Inrone,,0,69743,1
Rupoe,,0,69741,0
Virkoza,,0,69739,0
Milena,,0,69734,0
Deon,,0,69731,0
Gaze,,0,69730,4
Ihobi,,0,69730,0
Cirgeji,,0,69724,4
Lalla,,0,69723,1
Annil,,0,69722,3
Soca,,0,69718,0
Igeta,,0,69714,1
Lesi,,0,69711,3
Ruechat,,0,69710,3
Marifres,,0,69709,0
Nitak,,0,69709,1
Vehe,,0,69702,1
Alexandra,,0,69702,1
Gaget,,0,69702,3
Cosove,,0,69698,5
Aura,,0,69695,1
Zalle,,0,69689,5
Cothedra,,0,69689,1
Lunrog,,0,69688,4
Cornelius,,0,69688,2
Obube,,0,69686,3
Gegri,,0,69681,1
Zahart,,0,69681,3
Extra,,0,69675,1
Varde,,0,69670,6
Zesharda,,0,69667,3
Cuka,,0,69652,1
Arzuhe,,0,69646,1
Dirge,,0,69637,2
Domino,,0,69635,5
Miya,,0,69628,4
Taka,,0,69627,3
Meltyemi,,0,69623,5
Oldpaddyii,,0,69614,1
Cova,,0,69611,0
Erivus,,0,69607,5
Vaci,,0,69604,7
Nutot,,0,69602,9
Jelut,,0,69591,1
Mini,,0,69585,4
Sezabi,,0,69584,5
Aria,,0,69577,3
Diver,,0,69573,4
Zwen,,0,69566,4
Illana,,0,69556,4
Joshri,,0,69546,4
Gecam,,0,69535,5
Thart,,0,69522,1
Evril,,0,69510,2
Nija,,0,69508,6
Robin,,0,69497,9
Cojet,,0,69496,1
Junjun,,0,69467,2
Serzibe,,0,69467,3
Explosia,,0,69404,11
Sirood,,0,59938,0
Ekeja,,0,59934,0
Nissan,,0,59929,0
Ikot,,0,59917,0
Arul,,0,59915,0
Vegrate,,0,59914,0
Maxwell,,0,59914,0
Zelishe,,0,59913,0
Anna,,0,59911,0
Lululucky,,0,59911,0
Ocunek,,0,59907,0
Ezbizi,,0,59904,0
Toka,,0,59902,0
Idunad,,0,59902,0
Bustorwide,,0,59901,0
Kuga,,0,59898,0
Tusaga,,0,59897,0
Pandora,,0,59896,0
Suva,,0,59894,0
Xaolera,,0,59893,0
Lucy,,0,59889,0
Gspnew,,0,59889,0
Hjhjhehe,,0,59887,0
Vobrega,,0,59886,0
Wasp,,0,59885,0
Mutiz,,0,59884,0
Leia,,0,59884,0
Azeztu,,0,59883,0
Zome,,0,59882,0
Johny,,0,59879,0
Sansojoa,,0,59877,0
Primeis,,0,59874,0
Garkesi,,0,59874,0
Kokoko,,0,59874,0
Vincent,,0,59873,0
Imenre,,0,59872,0
Omudren,,0,59871,0
Ajek,,0,59870,0
Lidne,,0,59870,0
Dose,,0,59870,0
Spark,,0,59868,0
Ekat,,0,59867,0
Ichik,,0,59864,0
Irdoha,,0,59864,0
Plastique,,0,59863,0
Amamuz,,0,59863,0
Bellaciao,,0,59863,0
Strato,,0,59862,0
Zero,,0,59860,0
Koda,,0,59856,0
Atahus,,0,59848,0
Uncino,,0,59847,0
Laza,,0,59844,0
Kirito,,0,59838,0
Mavrick,,0,59837,0
Natasha,,0,59836,0
Timehunt,,0,59836,6
Izebak,,0,59833,0
Mase,,0,59830,0
Arne,,0,59828,0
Raquel,,0,59828,0
Lebi,,0,59823,0
Agrujum,,0,59818,0
Tootoo,,0,59817,0
Kehofri,,0,59817,0
Arrow,,0,59815,0
Farmer,,0,59814,0
Jenova,,0,59810,0
Igredne,,0,59809,0
Lujolla,,0,59806,0
Vera,,0,59805,0
Ethibiz,,0,59801,0
Giseche,,0,59799,0
Bana,,0,59799,0
Kururi,,0,59798,0
Lyssandra,,0,59796,0
Kubator,,0,59795,1
Piensje,,0,59787,0
Huvruthe,,0,59787,0
Ebaga,,0,59784,0
Ashimon,,0,59783,0
Crackshot,,0,59783,1
Drmev,,0,59780,10
Alletes,,0,59775,0
Inon,,0,59773,0
Diamonique,,0,59772,0
Aken,,0,59762,0
Manu,,0,59761,0
Vangelis,,0,59755,0
Zera,,0,59752,0
Swanz,,0,59746,0
Gold,,0,59739,7
Koche,,0,59729,0
Ulrik,,0,59727,1
Weezeehunt,,0,59726,9
Redna,,0,59721,0
Zime,,0,59720,4
Naki,,0,59719,0
Retha,,0,59718,1
Muthus,,0,59717,0
Gosai,,0,59716,0
Blacksteel,,0,59710,0
Senne,,0,59709,0
Vefrog,,0,59705,4
Clapth,,0,59705,1
Olug,,0,59694,0
Wesker,,0,59692,0
Vargeg,,0,59690,1
Curtuli,,0,59690,6
Arcad,,0,59687,3
Keyoxx,,0,59685,3
Orge,,0,59682,4
Inok,,0,59674,1
Delli,,0,59670,3
Yihwoan,,0,59660,2
Rirgag,,0,59659,0
Atidi,,0,59652,2
Johe,,0,59645,0
Enigma,,0,59644,1
Devi,,0,59644,0
Ogal,,0,59642,0
Odudrok,,0,59623,3
Ruvule,,0,59621,0
Bambitka,,0,59618,6
Axel,,0,59603,0
Putamala,,0,59599,4
Adranri,,0,59597,4
Vagabondh,,0,59596,2
Juta,,0,59595,1
Tonim,,0,59588,0
Luta,,0,59582,1
Dehi,,0,59567,0
Eton,,0,59563,5
Phatmaria,,0,59552,12
Zorak,,0,59547,1
Manos,,0,59546,2
Verze,,0,59542,1
Ozetha,,0,59536,0
Tatham,,0,59531,9
Mallooi,,0,59525,1
Zela,,0,59523,3
Jayne,,0,59520,9
Vajera,,0,59506,13
Ethaleg,,0,59505,5
Jmarz,,0,59500,10
Masamune,,0,59496,16
Hira,,0,59493,10
Bill,,0,59464,5
Marshaal,,0,59462,0
Ikrorda,,0,49905,0
Zircid,,0,49895,0
Othebug,,0,49895,0
Cazalocass,,0,49891,0
Ruris,,0,49890,0
Evrirgod,,0,49887,0
Kalamity,,0,49886,0
Amoni,,0,49879,0
Nachome,,0,49869,0
Rumonni,,0,49868,0
Achoti,,0,49868,0
Enreme,,0,49867,0
Visovi,,0,49866,0
Krisa,,0,49866,0
Rudas,,0,49865,0
Bluecage,,0,49864,0
Krithika,,0,49862,0
Mana,,0,49860,0
Othivig,,0,49859,1
Ezurdas,,0,49859,0
Vehura,,0,49842,0
Jibra,,0,49841,0
Flyaga,,0,49834,0
Zimi,,0,49833,0
Sliva,,0,49833,0
Mayo,,0,49833,0
Botha,,0,49833,0
Medra,,0,49832,1
Aval,,0,49830,0
Ihakug,,0,49828,0
Nicenan,,0,49826,0
Karcat,,0,49824,0
Velugi,,0,49824,0
Drake,,0,49823,0
Johi,,0,49819,0
Aculla,,0,49819,0
Tanatos,,0,49818,1
Tufm,,0,49817,0
Arkaz,,0,49817,0
Kamati,,0,49816,0
Cocha,,0,49815,1
Dypehb,,0,49815,0
None,,0,49812,0
Mina,,0,49808,0
Ruzi,,0,49803,0
Nobrand,,0,49802,0
Kiji,,0,49802,0
Ezog,,0,49801,0
Dirk,,0,49799,0
Amunra,,0,49799,0
Ifrun,,0,49798,0
Chinakier,,0,49798,0
Amoz,,0,49798,1
Kryptex,,0,49795,1
Cardug,,0,49795,0
Oshak,,0,49794,0
Drewie,,0,49792,0
Adneten,,0,49784,2
Mimi,,0,49783,0
Nbix,,0,49783,0
Bizoba,,0,49782,0
Moke,,0,49781,0
Musik,,0,49779,0
Bendover,,0,49779,5
Tunda,,0,49776,0
Heci,,0,49774,1
Elarza,,0,49769,0
Chinanoone,,0,49769,3
Maki,,0,49766,0
Axlmyson,,0,49765,1
Asam,,0,49761,0
Ihofrot,,0,49758,0
Psymon,,0,49746,0
Kayoz,,0,49745,2
Hanodi,,0,49743,5
Oppay,,0,49740,0
Irzaz,,0,49739,0
Runfast,,0,49737,0
Sani,,0,49736,0
Anid,,0,49735,2
Runa,,0,49734,2
Spiritus,,0,49729,1
Mise,,0,49729,0
Sempak,,0,49727,0
Othug,,0,49726,1
Ruze,,0,49724,2
Kazeti,,0,49723,0
Rardeaa,,0,49719,1
Galahad,,0,49716,1
Eventy,,0,49706,1
Annufrat,,0,49705,1
Icon,,0,49702,2
Daza,,0,49701,3
Nimfa,,0,49700,0
Sudi,,0,49700,5
Rishochi,,0,49693,0
Ethoci,,0,49687,0
Adadri,,0,49676,1
Izzy,,0,49676,0
Nirad,,0,49675,1
Zita,,0,49666,0
Durda,,0,49662,5
Doshedni,,0,49656,12
Aladyn,,0,49647,1
Cortal,,0,49646,1
Kothol,,0,49644,1
Elleve,,0,49642,1
Mida,,0,49639,0
Grrrrrr,,0,49635,2
Oceli,,0,49626,2
Ring,,0,49617,0
Crona,,0,49612,4
Adonia,,0,49611,3
Ethom,,0,49600,2
Ladi,,0,49597,1
Shakira,,0,49580,0
Kutut,,0,49579,0
Koka,,0,49572,7
Anrurtaz,,0,49568,0
Shar,,0,49562,3
Okag,,0,49552,0
Vara,,0,49547,1
Holi,,0,49528,1
Godem,,0,49519,1
Hanrom,,0,49506,9
Evracon,,0,49474,14
Ellit,,0,49472,3
Eshek,,0,49441,8
Anima,,0,49412,2
Kuki,,0,49410,14
Astor,,0,49400,2
Hudruda,,0,39906,1
Gara,,0,39901,0
Jomad,,0,39895,0
Newb,,0,39894,0
Bejad,,0,39887,1
Albavis,,0,39881,0
Soul,,0,39877,0
Amazon,,0,39876,0
Ogrivrak,,0,39873,0
Ehek,,0,39872,0
Inis,,0,39870,0
Bidik,,0,39869,0
Bishi,,0,39868,0
Atheva,,0,39867,0
Omalud,,0,39867,1
Gati,,0,39862,1
Redfox,,0,39858,0
Bofreve,,0,39856,0
Bexx,,0,39855,0
Ethini,,0,39853,0
Gamegood,,0,39851,0
Ivacha,,0,39850,0
Nola,,0,39849,0
Zulul,,0,39849,1
Ballermann,,0,39848,0
Adutos,,0,39845,1
Newwind,,0,39844,0
Luciga,,0,39844,0
Ciip,,0,39844,0
Otet,,0,39838,0
Mexanuk,,0,39837,0
Runo,,0,39837,0
Onushi,,0,39836,0
Lesfor,,0,39835,0
Nebis,,0,39834,2
Werdna,,0,39829,0
Ethothi,,0,39824,1
Tevul,,0,39822,0
Juliocesar,,0,39822,0
Obrubek,,0,39821,0
Kozlice,,0,39819,1
Riluse,,0,39819,1
Mise,,0,39818,1
Vida,,0,39818,0
Eshat,,0,39817,0
Acuthez,,0,39817,2
Gargam,,0,39812,0
Amifrog,,0,39811,1
Saya,,23,39811,0
Erkidnug,,0,39805,0
Humblemonq,,0,39804,1
Vizin,,0,39803,0
Flash,,0,39803,1
Vucog,,0,39801,0
Buffy,,0,39800,0
Izime,,0,39799,0
Direktor,,0,39796,1
Kuzero,,0,39794,1
Jasis,,0,39792,0
Eldraxis,,0,39790,1
Tohul,,0,39783,1
Idralod,,0,39781,1
Ricardo,,0,39781,0
Aronek,,0,39781,0
Elem,,0,39779,0
Mohul,,0,39778,0
Gunwoman,,0,39777,1
Erid,,0,39777,1
Valeria,,0,39774,1
Niri,,0,39771,1
Esullud,,0,39769,1
Daithi,,0,39769,0
Zala,,0,39766,0
Herceke,,0,39764,3
Ebak,,0,39762,0
Zeshobe,,0,39762,1
Oginnak,,0,39760,0
Death,,0,39760,0
Eves,,0,39758,1
Zishomi,,0,39757,3
Limi,,0,39756,1
Kriver,,0,39755,2
Wildfoxx,,0,39754,1
Buurable,,0,39753,3
Odas,,0,39753,1
Lapise,,0,39753,1
Ejiji,,0,39753,2
Ruinuhe,,0,39752,0
Billycoop,,0,39751,0
Izatan,,0,39751,4
Trigun,,0,39747,1
Asig,,0,39745,1
Runner,,0,39742,1
Arkosog,,0,39736,0
Asorgok,,0,39732,1
Igraba,,0,39728,0
Ravea,,0,39728,0
Rolak,,0,39727,1
Laxuses,,0,39725,0
Gorguta,,0,39718,2
Gabuz,,0,39716,1
Zograrta,,0,39711,0
Gakusha,,0,39707,1
Zula,,0,39704,2
Odin,,0,39693,4
Edenas,,0,39691,0
Carcet,,0,39686,1
Pers,,0,39685,1
Izanami,,0,39682,2
Alfuntwo,,0,39681,2
Passerby,,0,39677,1
Vashi,,0,39675,2
Toca,,0,39673,0
Deltafire,,0,39658,1
Mars,,0,39653,0
Zasa,,0,39651,2
Abine,,0,39650,0
Taloci,,0,39650,5
Gurkes,,0,39649,3
Minibi,,0,39645,3
Itadam,,0,39642,2
Irduchi,,0,39640,2
Corze,,0,39634,5
Eharta,,0,39632,3
Artsi,,0,39622,0
Paramon,,0,39606,3
Rayvn,,0,39604,5
Ibrosha,,0,39593,2
Ikirgik,,0,39582,1
Snails,,0,39582,2
Maria,,0,39578,2
Vircim,,0,39565,1
Litok,,0,39562,2
Edes,,0,39551,6
Tymentale,,0,39546,2
Ikul,,0,39524,1
Pulemet,,0,39523,1
Atarti,,0,39520,4
Diana,,0,39510,6
Cushot,,0,39485,5
Tomek,,0,39455,2
Vuthi,,0,39404,1
Etafrim,,0,29918,0
Meshi,,0,29912,0
Egesul,,0,29908,0
Jsdhillon,,0,29908,0
Kefrat,,0,29905,0
Okima,,0,29903,0
Huck,,0,29894,0
Kate,,0,29893,0
Quote,,0,29891,0
Susa,,0,29890,0
Governor,,0,29883,0
Sirtal,,0,29881,0
Tesot,,0,29878,0
Daddyian,,0,29878,0
Crunchtime,,0,29877,0
Jokoono,,0,29877,0
Olici,,0,29875,0
Muzita,,0,29874,0
Fackthis,,0,29874,0
Shadow,,0,29872,0
Nase,,0,29872,0
Avod,,0,29871,0
Agrorzul,,0,29870,0
Draveclone,,0,29870,0
Snipey,,0,29869,0
Kaix,,0,29868,0
Edward,,0,29867,0
Satan,,0,29866,0
Kerda,,0,29865,0
Acisha,,0,29865,0
Cozi,,0,29863,0
Terkun,,0,29861,0
Jorcaz,,0,29857,0
Zazod,,0,29854,0
Hoji,,0,29853,1
Eshollud,,0,29852,0
Limetha,,0,29852,0
Erovri,,0,29851,0
Onyx,,0,29850,0
Jesper,,0,29849,0
Kisala,,0,29848,0
Bagem,,0,29847,0
Didi,,0,29845,0
Zaccrow,,0,29843,0
Enil,,0,29841,0
Gibi,,0,29841,0
Moonsa,,0,29839,0
Rusj,,0,29837,0
Teaaa,,0,29835,0
Mayushi,,0,29833,1
Eventin,,0,29833,0
Nethose,,0,29830,0
Balyena,,0,29829,0
Kute,,0,29829,0
Bechice,,0,29825,0
Rambo,,0,29825,0
Okele,,0,29822,0
Garzevi,,0,29820,0
Omez,,0,29819,0
Wirean,,0,29818,0
Otoz,,0,29818,0
Atorit,,0,29818,0
Nothe,,0,29817,0
Samobujca,,0,29817,0
Idoli,,0,29815,0
Onam,,0,29815,0
Elli,,0,29813,0
Rias,,0,29812,0
Oshot,,0,29812,0
Enki,,0,29811,0
Ergora,,0,29811,0
Nemoooo,,0,29811,0
Busaki,,0,29810,0
Inon,,0,29806,0
Asdasdasd,,0,29805,0
Aherde,,0,29805,0
Oshomez,,0,29800,0
Huze,,0,29800,0
Culuvra,,0,29800,0
Soli,,0,29798,0
Godral,,0,29797,0
Jirge,,0,29795,0
Eram,,0,29793,0
Anig,,0,29790,1
Fate,,0,29787,0
Gebroba,,0,29784,0
Ivik,,0,29784,0
Blackbox,,0,29784,0
Tumug,,0,29779,0
Romoe,,0,29778,0
Lanathi,,0,29777,0
Irzica,,0,29774,0
Tanu,,0,29774,0
Vafredi,,0,29768,0
Mrwick,,0,29765,0
Klitorial,,0,29763,0
Samadau,,0,29763,0
Zanem,,0,29763,0
Perro,,0,29761,0
Morgi,,0,29761,0
Donud,,0,29757,0
Ihabas,,0,29756,0
Kopcap,,0,29755,0
Zajikri,,0,29754,0
Novrik,,0,29752,1
Obrem,,0,29752,0
Jari,,0,29748,0
Ahule,,0,29748,2
Ikok,,0,29746,1
Buddet,,0,29745,0
Orzevi,,0,29738,1
Demame,,0,29738,2
Ezio,,0,29737,0
Tuje,,0,29737,1
Hoshe,,0,29735,0
Gavran,,0,29734,0
Yoshimi,,0,29733,0
Purdyguns,,0,29730,1
Lumi,,0,29730,1
Chasseur,,0,29728,0
Thistlefox,,0,29728,0
Roda,,0,29725,0
Eremida,,0,29723,0
Sircrap,,0,29721,0
Niroshe,,0,29717,0
Dirzelli,,0,29716,0
Ithebek,,0,29716,0
Hynter,,0,29714,0
Nusuk,,0,29712,0
Ejod,,0,29702,0
Data,,0,29701,0
Zero,,0,29700,0
Ashazil,,0,29696,0
Echas,,0,29694,1
Sillith,,0,29692,0
Osat,,0,29691,0
Vash,,0,29688,0
Garuda,,0,29687,0
Sforza,,0,29686,0
Lulum,,0,29679,0
Agrim,,0,29678,0
Ivava,,0,29674,0
Bigrigi,,0,29671,0
Adral,,0,29670,0
Rogre,,0,29666,0
Amillix,,0,29665,0
Ivot,,0,29665,1
Fugazzi,,0,29662,0
Nebi,,0,29656,0
Anebre,,0,29656,0
Hode,,0,29646,0
Ebrabra,,0,29645,0
Ireg,,0,29627,0
Dead,,0,29627,0
Revenge,,0,29625,0
Zabi,,0,29624,1
Catnip,,0,29619,0
Bokik,,0,29619,0
Tochofre,,0,29612,0
Zojora,,0,29604,0
Taters,,0,29599,0
Hute,,0,29591,0
Shantanel,,0,29588,0
Vushaz,,0,29578,0
Roman,,0,29573,1
Sharona,,0,29571,0
Obimos,,0,29554,0
Larcon,,0,29549,5
Tunica,,0,29548,2
Rylanss,,0,29544,0
Eshihi,,0,29543,0
Iren,,0,29542,0
Edon,,0,29541,1
Spotfire,,0,29540,0
Putri,,0,29519,0
Mucoke,,0,29487,0
Rekocha,,0,29473,1
Nullethe,,0,29466,2
Omat,,0,29460,0
Sudom,,0,29426,1
Ugolino,,0,29424,0
Girlgun,,0,29422,0
Ercoha,,0,29405,4
Avrud,,0,29405,6
Hogag,,0,19927,0
Lucky,,0,19922,0
Nire,,0,19906,0
Merema,,0,19903,0
Wohaha,,0,19902,0
Ithagol,,0,19901,0
Ozaca,,0,19898,0
Vithan,,0,19896,0
Paradox,,0,19896,0
Ivoz,,0,19893,0
Ovrevim,,0,19893,0
Rsmj,,0,19890,0
Girgiza,,0,19885,0
Bahe,,0,19880,0
Zuvin,,0,19879,0
Hehe,,0,19878,0
Acagel,,0,19875,0
Ilid,,0,19874,0
Coreagun,,0,19873,0
Orudri,,0,19872,0
Ofrat,,0,19869,0
Chiquita,,0,19868,0
Rubi,,0,19867,0
Alluz,,0,19864,0
Ladyluck,,0,19863,0
Slywind,,0,19861,0
Jakita,,0,19861,0
Hakava,,0,19859,0
Vothas,,0,19858,0
Slepinda,,0,19856,0
Guva,,0,19855,0
Prometheus,,0,19855,0
Covri,,0,19854,0
Cehet,,0,19853,0
Event,,0,19851,0
Aderomyr,,0,19848,1
Mesad,,0,19845,0
Meji,,0,19844,0
Ahso,,0,19844,0
Vochorga,,0,19844,0
Rerkom,,0,19841,0
Orcejal,,0,19840,0
Lusiz,,0,19840,0
Artok,,0,19839,0
Asoseg,,0,19838,0
Linn,,0,19836,0
Avel,,0,19836,0
Izit,,0,19835,1
Redra,,0,19835,0
Nithuhe,,0,19834,0
Master,,0,19834,0
Runik,,0,19833,0
Babapapa,,0,19832,0
Xelos,,0,19831,0
Vale,,0,19831,0
Cejed,,0,19831,0
Faeryl,,0,19829,0
Niked,,0,19828,1
Arbalotz,,0,19827,0
Fargrum,,0,19824,0
Eshun,,0,19824,0
Golykorol,,0,19823,0
Hegek,,0,19823,0
Onraz,,0,19822,0
Ocurut,,0,19822,0
Haduni,,0,19820,0
Nume,,0,19818,0
Zori,,0,19818,0
Curorgi,,0,19817,1
Late,,0,19816,1
Saruman,,0,19814,1
Ryujeon,,0,19813,0
Gilikri,,0,19811,0
Dongshen,,0,19811,0
Maeglinn,,0,19811,0
Capchapez,,0,19810,0
Ffffff,,0,19810,0
Covid,,0,19810,0
Diki,,0,19810,0
Ecal,,0,19809,0
Bahala,,0,19809,0
Yeseking,,0,19809,1
Hunter,,0,19808,0
Runne,,0,19808,1
Cairi,,0,19806,1
Arzes,,0,19805,0
Ekashi,,0,19805,1
Ejashud,,0,19804,0
Spidey,,0,19804,0
Hivrorza,,0,19802,0
Arthurus,,0,19801,0
Dutem,,0,19800,1
Mushofre,,0,19799,1
Zeni,,0,19797,0
Dose,,0,19795,0
Hunter,,0,19793,0
Donron,,0,19792,1
Razora,,0,19791,0
Nightblue,,0,19790,0
Cake,,0,19790,0
Tircuka,,0,19789,0
Muve,,0,19789,1
Osuva,,0,19789,0
Tinrirda,,0,19788,0
Neny,,0,19787,1
Eteva,,0,19786,1
Cace,,0,19784,1
Raje,,0,19783,0
Kirki,,0,19781,1
Tenrika,,0,19781,0
Medne,,0,19781,1
Kirgos,,0,19777,0
Tsih,,0,19777,0
Ludne,,0,19776,1
Kujid,,0,19776,1
Vasodi,,0,19775,0
Rush,,0,19773,0
Iguz,,0,19772,0
Cnmb,,0,19772,1
Aloko,,0,19770,0
Nushuni,,0,19768,0
Sigrom,,0,19768,0
Karson,,0,19767,0
Gmttt,,0,19766,0
Ocatha,,0,19766,0
Guner,,0,19764,0
Ishega,,0,19764,2
Irkegras,,0,19763,1
Emashuz,,0,19761,0
Spyria,,0,19757,1
Erkuled,,0,19756,1
Zidre,,0,19752,0
Bovoja,,0,19752,0
Ertidol,,0,19751,0
Arantir,,0,19751,2
Vuvra,,0,19748,0
Ragnar,,0,19748,0
Kuhol,,0,19746,0
Nuza,,0,19746,1
Zishovre,,0,19745,2
Nathurdi,,0,19744,0
Neton,,0,19743,0
Tedre,,0,19743,2
Icyhotness,,0,19743,0
Xman,,0,19742,0
Alehod,,0,19741,0
Idathi,,0,19740,1
Ragnar,,0,19740,1
Nizat,,0,19737,0
Willow,,0,19736,0
Egirdon,,0,19736,1
Volok,,0,19736,0
Irdal,,0,19732,0
Power,,0,19732,1
Pafunciox,,0,19731,1
Joka,,0,19731,1
Miti,,0,19731,1
Miklik,,0,19730,2
Atherza,,0,19730,0
Meteor,,0,19729,0
Elan,,0,19728,1
Abcdzxc,,0,19727,0
Beden,,0,19726,1
Muurillo,,0,19726,2
Ehisi,,0,19724,1
Gakstertwo,,0,19723,0
Morteji,,0,19720,0
Abrulan,,0,19720,0
Hizoda,,0,19718,0
Kone,,0,19718,1
Vorgad,,0,19717,1
Keraven,,0,19716,0
Ichedat,,0,19715,0
Rushe,,0,19714,1
Oneba,,0,19713,1
Amanda,,0,19711,0
Marki,,0,19711,1
Kanrina,,0,19708,1
Hvyhittr,,0,19708,0
Athige,,0,19705,1
Flood,,0,19698,0
Hevati,,0,19698,1
Goti,,0,19697,0
Aheshe,,0,19696,1
Voha,,0,19695,1
Ozina,,0,19694,0
Dugarde,,0,19691,1
Predator,,0,19687,3
Woolf,,0,19687,1
Jame,,0,19687,0
Nidok,,0,19684,0
Heehee,,0,19675,2
Kudis,,0,19659,1
Obaz,,0,19658,1
Euntii,,0,19657,0
Ibrimim,,0,19654,3
Kryogirl,,0,19653,0
Amem,,0,19652,2
Nisha,,0,19652,1
Carbon,,0,19651,1
Innan,,0,19649,0
Ezio,,0,19643,1
Teoca,,0,19640,0
Mitha,,0,19640,0
Anoru,,0,19639,0
Heca,,0,19636,1
Xixa,,0,19635,0
Sukerpunch,,0,19633,2
Risa,,0,19624,0
Hystira,,0,19622,2
Mirgik,,0,19605,1
Denovri,,0,19593,2
Icemax,,0,19586,0
Augustus,,0,19584,2
Blonda,,0,19582,3
Hinata,,0,19575,2
Rave,,0,19568,1
Juthi,,0,19559,0
Terka,,0,19534,5
Dovek,,0,19491,0
Annada,,0,19479,2
Olot,,0,19470,1
Darksword,,0,19456,0
Thor,,0,19423,1
Magic,,0,19403,0
