Koreaabin,,1569,1179505,0
Chinamogu,,1363,1139415,0
Aidana,,1203,1129444,2
Koreaboss,,1327,1119434,3
Koreabean,,1208,1109452,1
Koreayman,,1497,1099480,6
Koreazone,,1194,1099441,3
Chinahanba,,1310,1099432,1
Chinaqiyue,,1112,1089462,1
Chinawz,,1252,1079616,1
Aghanim,,1031,1079439,3
Melody,,1314,1069526,1
Castani,,1000,1069430,0
Mfcaonima,,1270,1059654,0
Sonic,,985,1059619,0
Chinahaha,,1107,1059488,1
Hellokitty,,1280,1059477,1
Tumuz,,1134,1049576,0
Proxygold,,908,1049547,1
Felmob,,1010,1049480,3
Zava,,1000,1049467,2
Khrushy,,1014,1049451,1
Obama,,1068,1049439,0
Xsayr,,902,1049418,1
Walk,,896,1049414,1
Okok,,1012,1039568,2
Charlesw,,988,1039560,2
Koreamir,,1092,1039506,0
Arion,,1153,1039506,4
Fendy,,1077,1039491,2
Trouble,,1079,1039462,0
Koreaanpan,,1230,1039459,0
Dexyfarmer,,1035,1039423,2
King,,1082,1039403,1
Elonmusk,,1109,1029643,1
Korean,,967,1029617,1
Chinaone,,1124,1029615,2
Icergot,,1064,1029596,4
Johnwick,,893,1029488,2
Chinawei,,1208,1029476,3
Cedrea,,925,1029450,3
Kurisu,,776,1029429,3
Hoony,,1251,1019544,2
Ofdelphi,,1070,1019502,2
Seba,,1042,1019471,0
Aiden,,994,1019461,2
Eternlkiss,,1077,1019446,5
Tinahi,,678,1019439,0
Joon,,862,1019401,6
Avare,,1229,1009620,0
Bujan,,1058,1009589,1
Disal,,946,1009582,1
Koreaappa,,673,1009577,2
Silaren,,968,1009497,1
Ertana,,892,1009464,6
Dokigi,,923,1009414,1
Touchnoptv,,760,999568,0
Koreawoo,,906,999542,0
Koreamiss,,1134,999527,0
Koreacami,,755,999498,3
Katapiola,,758,999484,0
Tenbird,,611,999475,3
Adrian,,1003,999474,1
Nitehunter,,1007,999474,2
Shotgun,,649,999467,1
Arkarkoz,,994,999448,2
Ptvvsuks,,878,999443,1
Lemon,,818,999435,2
Koreagood,,504,999404,1
Umbradei,,857,989508,1
Chinnaa,,1006,989478,2
Sake,,874,989435,2
Trufax,,941,989434,1
Saynoptw,,720,989415,2
Chinadevil,,1069,989406,0
Patritcy,,1050,979648,2
Kittymargo,,917,979604,0
Koreauri,,959,979581,5
Koreahyun,,809,979554,0
Lircava,,612,979521,2
Koreahi,,738,979507,1
Chinachris,,843,979474,1
Abch,,710,979469,0
Badakorea,,632,979456,2
Hanna,,649,979439,3
Mystguy,,850,979422,4
Zulivarus,,1128,979418,9
Chinaboy,,900,979412,4
Rachel,,598,979402,3
Mrrobot,,888,969613,0
Elit,,527,969502,1
Subaru,,1037,969499,2
Jessnight,,678,969495,2
Erdin,,915,969439,4
Miracle,,905,969438,2
Aris,,671,969428,2
Rubik,,948,969425,2
Ceka,,551,969417,2
Koreayemen,,772,959687,0
Asuna,,670,959672,3
Vnhungkk,,789,959660,2
Koreajiwoo,,674,959624,1
Koreak,,775,959605,1
Murtagh,,1023,959542,4
Obegkorea,,556,959542,5
Chinayong,,1068,959540,0
Illll,,686,959538,1
Neformal,,866,959529,1
Koreajin,,570,959526,6
Momo,,793,959508,3
Hunter,,936,959497,1
Gemini,,998,959463,2
Jomi,,667,959452,4
Koreahyun,,552,959452,5
Xxxx,,959,959431,3
Koreacoco,,924,959424,5
Ethile,,571,959402,0
Nivi,,923,949616,1
Borke,,962,949606,2
Djin,,897,949541,1
Ptwnahhh,,472,949539,0
Koreawolf,,333,949529,1
Cassie,,695,949525,1
Aktwo,,653,949478,2
Corduk,,543,949464,1
Chronic,,572,949458,3
Blueivy,,655,949457,3
Xxxxx,,710,949449,3
Jemi,,844,949445,1
Silverball,,993,939716,0
Minjoo,,837,939695,0
Nilette,,956,939658,0
Koreafire,,769,939618,0
Kmatal,,718,939610,0
Okok,,585,939578,4
Koreakorea,,557,939566,1
Jose,,650,939562,0
Mara,,649,939545,3
Zarese,,1081,939543,1
Korealovei,,800,939529,1
Shadvar,,479,939522,0
Enusoz,,473,939488,0
Paula,,1147,939484,2
Headshot,,684,939460,2
Jlher,,657,939460,0
Lilet,,712,939457,0
Zeratul,,559,939451,1
Kakuki,,757,939448,1
Koreajoy,,457,939444,1
Chinaarmy,,859,939420,0
Churroheat,,907,939417,2
Veziri,,779,939401,1
Ordom,,328,939400,2
Alija,,801,929608,0
Ririben,,918,929590,1
Kirzi,,592,929576,0
Samuel,,606,929569,1
Ambeckett,,929,929523,3
Madmax,,517,929480,0
Kuromi,,540,929442,4
Jellobh,,660,929419,2
Tigersage,,763,929417,3
Hateptw,,572,929408,2
Aaazzz,,484,929403,0
Koreaendo,,1021,929400,2
Hijax,,527,919663,3
Koreagonie,,831,919620,2
Gtkorea,,854,919567,4
Arietta,,632,919561,1
Arzok,,874,919543,2
Denre,,754,919541,1
Butbut,,391,919535,0
Nine,,684,919519,2
Soca,,526,919505,0
Toti,,621,919490,1
Cybertron,,798,919490,4
Doli,,521,919484,0
Koreaqeen,,739,919472,5
Rurka,,857,919465,4
Douwe,,737,919452,2
Koreatop,,788,919451,2
Mozaca,,513,919448,2
Ribeye,,314,919442,2
Eckbert,,492,919437,5
Koreazzang,,487,919432,3
Thaikick,,778,919426,3
Kacuje,,767,919424,0
Ssss,,859,919422,2
Finding,,527,919411,3
Piepiepie,,790,919404,3
Koreaone,,641,909729,0
Koreaninja,,733,909704,0
Iziz,,656,909664,0
Koreagimo,,536,909639,3
Koreashin,,761,909626,1
Bogol,,877,909620,3
Pyranis,,783,909611,1
Maji,,603,909610,1
Jetblack,,633,909596,1
Ocamag,,718,909571,4
Granis,,664,909570,3
Rirte,,529,909552,0
Koreayeoro,,903,909548,5
Mymiaka,,767,909540,5
Koreatoast,,648,909535,4
Marl,,392,909533,1
Ohshirt,,453,909533,2
Numa,,820,909522,2
Jirza,,750,909521,1
Camelphat,,701,909510,0
Isin,,869,909505,5
Acuka,,413,909504,2
Fluffytime,,862,909501,0
Lolo,,559,909499,2
Koreanano,,583,909496,5
Illig,,807,909494,0
Chinawang,,812,909493,1
Koreahappy,,727,909493,1
Abiona,,402,909473,0
Salt,,846,909470,5
Mimyoyo,,835,909469,9
Nejum,,546,909461,2
Mangsa,,646,909461,1
King,,453,909458,6
Ashilam,,797,909457,12
Denuvre,,553,909451,0
Cajetuda,,634,909432,0
Orcorci,,406,909430,3
Koreajun,,745,909426,4
Alagad,,737,909421,3
Boomdude,,807,909417,9
Suna,,394,909416,3
Korcosmos,,494,909413,2
Devil,,665,909401,4
Roznor,,596,909400,8
Ezolle,,909,899614,4
Tofffi,,772,899574,1
Django,,409,899563,1
Jase,,731,899556,2
Chinaqing,,790,899531,1
Hihi,,572,899526,4
Chinagg,,667,899487,2
Cube,,515,899474,1
Pipin,,377,899468,0
Barde,,720,899467,0
Justformee,,647,899460,2
Eshuvot,,627,899460,3
Vurga,,512,899458,0
Jupiter,,663,899454,0
Brain,,653,899453,5
Artemis,,419,899451,1
Orcug,,373,899447,1
Littlebird,,508,899439,4
Koreazorba,,639,899435,6
Boff,,560,899432,5
Boomstick,,612,899430,1
Pshooter,,675,899430,3
Htythghfhf,,661,899419,1
Rusnupi,,587,899416,0
Etog,,527,899415,2
Adel,,532,899402,2
Odide,,639,889655,1
Arurta,,780,889619,0
Loduz,,924,889609,2
Koreain,,585,889608,0
Fighetta,,751,889607,2
Halfdan,,560,889606,1
Koreagura,,733,889606,1
Edok,,849,889594,4
Troxevent,,749,889592,4
Agik,,551,889580,1
Koreajhjs,,548,889536,2
Filler,,858,889530,0
Ithovram,,400,889483,5
Gnocchi,,806,889465,4
Robrot,,788,889463,3
Muttoo,,844,889460,4
Gspark,,470,889457,1
Hihihoho,,672,889450,2
Jale,,787,889443,5
Freyja,,609,889424,4
Asura,,470,889414,0
Mkkii,,424,889414,2
Soordaas,,763,889411,4
Crkl,,746,889409,1
Beta,,506,889406,4
Pikachu,,742,879612,3
Avin,,758,879563,0
Chinatown,,644,879556,1
Gemma,,401,879546,2
Chaossvr,,763,879536,0
Krasotka,,701,879507,2
Dtsilver,,535,879502,1
Tekat,,785,879499,1
Barton,,537,879490,0
Elodan,,604,879487,0
Soulkorea,,577,879484,6
Tahika,,492,879484,1
Walker,,728,879481,7
Nificent,,654,879481,3
Eldisa,,398,879470,2
Hunt,,617,879467,2
Nucica,,333,879455,4
Cadrot,,601,879432,1
Heji,,494,879423,3
Mimi,,424,879408,2
Nirvania,,324,879406,0
Dobong,,737,869600,1
Headshot,,742,869590,0
Zasa,,805,869576,2
Jijuz,,525,869567,5
Monika,,697,869567,0
Sula,,768,869565,1
Sarovi,,628,869544,2
Siri,,460,869541,3
Runowayptw,,785,869534,5
Guksilver,,301,869528,1
Milano,,824,869501,4
Meshorca,,897,869472,1
Rutim,,698,869467,0
Bishoba,,490,869466,2
Gravity,,818,869460,0
Irzit,,636,869454,0
Iturgen,,690,869451,6
Koreakang,,415,869449,4
Rorca,,545,869446,4
Amadeus,,487,869438,3
Ilekaz,,415,869433,3
Trudakka,,537,869409,4
Chinafugu,,944,859778,0
Hera,,518,859736,1
Slingshaft,,823,859690,1
Gule,,754,859671,3
Duce,,329,859637,0
Eisenhorn,,830,859620,3
Joki,,504,859618,1
Lineage,,587,859617,1
Soul,,533,859604,3
Infand,,833,859598,1
Koreatak,,749,859588,0
Koreanoopy,,633,859577,1
Azoev,,479,859552,7
Online,,516,859551,9
Koreavito,,457,859541,6
Elcy,,674,859540,1
Vashot,,437,859537,5
Koreanani,,372,859495,6
Ovoni,,383,859489,0
Hoterde,,481,859485,1
Xsssssss,,657,859469,1
Pzchan,,611,859467,1
Ahil,,674,859459,1
Speed,,592,859456,3
Buhe,,573,859455,4
Serp,,346,859433,1
Idrere,,780,859427,2
Denari,,719,859427,2
Eluvre,,441,859420,0
Tizad,,438,859402,4
Gilli,,558,849595,2
Koreaju,,535,849586,0
Saynoptw,,521,849561,1
Avol,,395,849561,4
Biffline,,403,849559,3
Ddabale,,646,849557,1
Faile,,683,849550,0
Capti,,724,849528,7
Alan,,470,849527,1
Drpioter,,402,849527,2
Rozsasanyi,,419,849524,1
Reaperr,,416,849514,5
Jinsopapa,,482,849499,1
Taipan,,366,849498,2
Kivis,,246,849498,0
Masta,,499,849495,2
Dodra,,359,849495,0
Koreasky,,647,849481,1
Evaluation,,600,849466,1
Cnlorna,,607,849466,4
Muggzy,,585,849459,1
Lilit,,662,849459,3
Rucusha,,660,849444,4
Tigre,,855,849443,0
Clint,,438,849443,0
Evoleb,,523,849437,1
Calipso,,448,849435,6
Vicky,,278,849433,2
Cigan,,526,849432,0
Sunken,,509,849429,1
Sniper,,219,849427,0
Korkiz,,470,849418,4
Darling,,739,849418,3
Haitu,,520,849413,1
Ruma,,632,849408,5
Medusa,,489,849402,3
Kugelblitz,,812,839650,3
Labia,,411,839634,3
Ejubi,,501,839624,4
Koreaqueen,,571,839623,1
Angelina,,592,839620,0
Cennak,,463,839615,7
Arikk,,464,839607,3
Munsu,,505,839606,1
Teliha,,411,839606,2
Regina,,582,839604,1
Happy,,509,839604,1
Tinuk,,673,839594,0
Elili,,640,839590,0
Kuleji,,415,839590,1
Himirke,,369,839588,1
Rhialuana,,350,839583,2
Athena,,886,839581,2
Ddmbz,,605,839580,0
Gunzerk,,744,839580,1
Amerut,,527,839568,2
Ironass,,723,839560,7
Grimer,,563,839556,0
Test,,457,839541,1
Alam,,825,839540,1
Ruemilich,,770,839537,1
Bishop,,541,839537,4
Ziggiz,,836,839534,4
Davuma,,519,839531,1
Musangking,,702,839529,0
Ofrot,,320,839519,0
Keystone,,478,839509,3
Ozazi,,782,839508,1
Nera,,641,839501,2
Abydos,,391,839500,0
Dena,,613,839497,1
Tanrik,,394,839495,3
Korea,,583,839495,0
Yasop,,293,839487,2
Temposabot,,543,839478,5
Blackwidow,,412,839477,4
Glucosamin,,434,839471,0
Killerka,,566,839470,1
Sakura,,342,839459,1
Tari,,460,839455,0
Adneji,,300,839452,1
Rocky,,472,839451,2
Amus,,375,839450,0
Doomzer,,422,839446,2
Tele,,501,839445,4
Annez,,359,839438,1
Uragon,,491,839436,1
Suke,,384,839427,4
Korealuna,,510,839427,3
Gunsmokey,,314,839420,0
Varun,,435,839418,0
Bosshunter,,507,839407,1
Teke,,278,839402,2
Baby,,628,829676,0
Nikostar,,470,829645,2
Cabre,,526,829611,1
Zecana,,633,829611,1
Nocide,,473,829607,0
Kora,,314,829602,0
Hardin,,707,829595,1
Gaje,,455,829568,0
Korearose,,641,829562,0
Enoba,,578,829554,3
Saji,,522,829550,2
Oppa,,691,829542,4
Zapyo,,365,829540,1
Matrim,,484,829540,7
Dongo,,337,829535,1
Zerg,,431,829530,0
Kiki,,404,829529,2
Amunet,,325,829500,3
Ender,,373,829485,1
Vubehi,,402,829473,3
Gavod,,754,829467,3
Poowee,,444,829460,2
Ididi,,605,829456,0
Lomi,,618,829439,9
Adrade,,336,829436,2
Shooterup,,562,829428,1
Palamicia,,360,829423,2
Koreanelf,,545,829421,5
Ruatom,,548,829420,2
Seunghwan,,301,829416,5
Casem,,268,829411,3
Ggume,,632,829408,8
Lilia,,377,829401,1
Nyvus,,592,819646,0
Wyattearp,,592,819618,0
Gadas,,360,819594,1
Dargod,,727,819593,1
Sida,,574,819587,0
Kisame,,356,819567,1
Zombali,,705,819561,3
Aechos,,480,819548,5
Koreagom,,682,819523,4
Suze,,610,819517,4
Veri,,495,819513,0
Death,,490,819507,2
Silverboy,,755,819506,1
Satham,,379,819504,1
Fantom,,504,819499,1
Ruolya,,751,819490,3
Skydog,,293,819485,1
Farinel,,622,819484,6
Koreakot,,729,819479,6
Mitumei,,269,819479,1
Sharmuta,,670,819471,6
Saynoptw,,301,819465,1
Marduk,,764,819464,1
Bobo,,431,819463,2
Rima,,260,819459,4
Juhami,,448,819454,0
Kite,,394,819451,1
Deecups,,483,819450,1
Gabibe,,626,819440,3
Koreajuss,,480,819436,6
Madagar,,551,819434,0
Sgrolsch,,448,819434,2
Ivan,,500,819413,1
Lodi,,378,819412,4
Wodek,,834,809692,1
Koreachloe,,348,809630,2
Ashumi,,651,809627,2
Quelyn,,373,809624,1
Somek,,489,809615,3
Dada,,303,809611,3
Caje,,296,809609,1
Suci,,364,809607,1
Hevima,,467,809604,0
Chinahh,,701,809599,1
Jabre,,352,809593,2
Phxx,,372,809592,2
Boop,,441,809592,2
Ovudna,,243,809589,4
Bobbrajj,,461,809582,1
Lute,,422,809579,1
Narkoki,,604,809571,1
Hone,,735,809571,1
Jodnes,,451,809569,2
Saynoptw,,596,809567,0
Koreazusuz,,713,809562,8
Akira,,506,809560,0
Lezoti,,431,809554,0
Azina,,551,809550,0
Zullon,,495,809542,0
Beelzebub,,591,809539,0
Loti,,605,809538,1
Buma,,599,809536,2
Mikura,,378,809532,1
Mong,,316,809530,0
Vajeja,,657,809522,2
Eshog,,368,809503,0
Svenja,,761,809502,0
Ajot,,555,809486,8
Divi,,573,809483,0
Aman,,307,809470,1
Koreasi,,543,809469,1
Picklezho,,353,809456,1
Gocuza,,372,809456,4
Acer,,558,809455,1
Azala,,302,809451,7
Lolanthe,,353,809441,4
Teddy,,792,809440,7
Jeti,,365,809440,0
Azuri,,261,809436,4
Ited,,332,809432,1
Maki,,537,809429,4
Shroom,,561,809422,1
Oshat,,625,809417,2
Ergirkig,,472,809406,4
Sesuti,,343,809405,1
Lara,,504,809400,2
Budez,,799,799680,0
Cosum,,471,799650,0
Junyu,,393,799592,3
Egerda,,483,799579,1
Terry,,262,799575,0
Bizothi,,618,799570,2
Korea,,330,799568,1
Rogue,,466,799567,1
Ptwsuxsux,,517,799565,1
Azoy,,323,799556,1
Ozuvre,,273,799550,3
Orded,,365,799550,2
Kashi,,436,799547,3
Willouwi,,625,799539,0
Lachi,,522,799533,5
Amom,,424,799526,0
Evode,,638,799526,2
Devka,,638,799519,0
Ocas,,418,799518,1
Lomom,,271,799513,2
Lojeba,,447,799508,0
Heavydevy,,722,799507,5
Zarcega,,356,799498,0
Hage,,321,799498,2
Sillierier,,628,799497,0
Sikis,,426,799496,0
Beri,,365,799495,0
Ejod,,273,799494,1
Erlond,,468,799492,5
Koreaeffy,,311,799487,4
Ohun,,280,799486,0
Surgoshe,,617,799478,0
Asim,,359,799475,2
Wintsz,,458,799466,0
Sylvanas,,266,799465,2
Lucian,,407,799457,0
Cornholio,,403,799456,1
Ohra,,285,799450,1
Inrin,,532,799445,6
Hawkeye,,480,799445,0
Lizisi,,483,799445,0
Echura,,375,799440,3
Kowal,,281,799436,0
Jackkoo,,373,799432,5
Tobe,,363,799430,0
Lebufannn,,504,799429,2
Asenath,,447,799429,0
Ramerza,,313,799428,0
Luhaz,,305,799427,7
Rikid,,289,799421,0
Rubl,,264,799419,5
Fffffff,,256,799415,2
Sali,,214,799414,0
Cobretti,,451,799406,3
Tothe,,557,799402,0
Qnfrk,,580,799401,5
Pupper,,274,799401,0
Nopaytowin,,393,789689,3
Zaykay,,640,789668,0
Hogeg,,377,789651,1
Agrut,,396,789643,0
Megafotze,,442,789633,2
Sancaaa,,403,789626,0
Tichun,,347,789622,2
Aziki,,395,789622,1
Krspring,,289,789620,0
Amuve,,327,789619,4
Vorteja,,563,789619,1
Genoja,,693,789616,4
Itum,,410,789611,4
Adeshus,,643,789611,0
Ranger,,346,789609,5
Sabse,,359,789609,1
Vake,,537,789597,2
Toad,,472,789596,1
Anthx,,583,789595,0
Bihiz,,500,789588,0
Dohite,,494,789582,1
Coja,,412,789576,2
Rowan,,338,789573,1
Qwerty,,571,789569,0
Nexus,,645,789569,0
Fusi,,337,789568,3
Jovre,,639,789562,2
Craquotte,,280,789554,0
Honeve,,681,789547,0
Queen,,610,789543,1
Oviji,,475,789528,1
Veranis,,550,789527,3
Gothim,,282,789526,1
Pengpeng,,264,789510,3
Dimon,,386,789501,9
Anatol,,378,789498,0
Aragorn,,710,789497,0
Sirkox,,364,789481,0
Erom,,468,789475,0
Koreamars,,473,789472,0
Eloniz,,561,789457,8
Zlayababa,,293,789445,3
Tagre,,323,789435,3
Boosiken,,471,789428,2
Hasa,,227,789425,2
Jullel,,614,789425,3
Akrerze,,267,789422,3
Heshuvi,,561,789409,2
Temperina,,281,789407,0
Ajes,,304,789405,0
Evelynn,,290,789405,2
Rufrat,,667,779618,0
Enrim,,294,779611,1
Nule,,433,779603,2
Hello,,373,779593,2
Dugrori,,617,779585,2
Last,,262,779583,2
Lithe,,303,779570,0
Osez,,258,779564,1
Joops,,298,779558,0
Barebones,,332,779557,1
Jaina,,321,779547,3
Donana,,733,779544,0
Ekrarcet,,619,779540,1
Munnukre,,367,779538,1
Slimeme,,462,779538,2
Evakin,,470,779535,1
Osuk,,336,779531,0
Kera,,650,779523,2
Jared,,351,779509,1
Tikri,,333,779492,3
Omon,,320,779492,0
Bohay,,687,779491,0
Neza,,266,779485,2
Lirdi,,446,779481,0
Desha,,504,779479,1
Notiz,,332,779469,2
Jeremy,,389,779466,2
Ilsan,,697,779462,2
Trisha,,511,779457,0
Nonono,,270,779454,4
Shooter,,363,779452,1
Traxex,,233,779444,1
Mihai,,515,779442,0
Fetusevent,,313,779424,0
Rinnedra,,366,779422,2
Ruchigger,,602,779422,0
Garca,,281,779418,1
Bucheron,,206,779413,5
Raisinkain,,266,779406,6
Jate,,309,779404,0
Munnavri,,270,779402,1
Goldigga,,362,769700,1
Babava,,396,769699,0
Koreana,,506,769667,0
Demon,,426,769637,5
Jacurga,,491,769635,3
Toperka,,624,769633,0
Vogez,,422,769625,2
Ranelli,,622,769621,0
Tirda,,459,769619,3
Zusothi,,462,769617,3
Pearl,,164,769615,1
Ircole,,336,769572,5
Kickass,,285,769557,0
Cakri,,445,769524,4
Koreabbang,,659,769519,2
Irgod,,220,769517,0
Fukstix,,264,769505,4
Altysya,,316,769499,3
Mizut,,247,769498,5
Rojo,,644,769494,0
Efrilog,,279,769486,2
Takita,,611,769472,1
Djooo,,407,769449,3
Hushala,,212,769438,2
Rezuci,,773,769437,8
Dezdemona,,303,769433,3
Bika,,250,769407,1
Loda,,491,759805,4
Koreacrow,,557,759798,0
Mesa,,398,759772,3
Koreasini,,529,759770,2
Tilla,,448,759761,1
Jenifo,,386,759757,0
Sukra,,392,759756,0
Zeros,,516,759754,4
Koreanic,,747,759737,0
Chongchong,,575,759736,1
Korean,,397,759734,2
Mekada,,661,759732,1
Haroo,,838,759728,1
Noone,,278,759720,1
Komalli,,539,759717,1
Nahaha,,626,759716,0
Dahe,,376,759715,1
Ethaje,,610,759715,0
Higa,,464,759702,0
Kalas,,332,759702,1
Vekis,,778,759694,1
Bangbang,,488,759692,0
Ohocek,,505,759683,2
Avukri,,309,759682,4
Melisa,,314,759679,0
Saynoptw,,360,759673,0
Rusat,,447,759670,0
Zemana,,704,759670,2
Zija,,529,759668,0
Inoza,,615,759667,1
Gercug,,479,759666,1
Vituse,,367,759648,4
Koreakhc,,411,759645,0
Black,,458,759638,0
Ordes,,484,759636,2
Shinra,,348,759627,0
Duvriti,,224,759626,2
Norush,,681,759625,5
Mociba,,239,759625,1
Musketer,,533,759608,0
Legkick,,343,759605,0
Bashema,,538,759604,2
Ovibis,,526,759597,2
Kira,,439,759595,4
Eshet,,236,759591,1
Pyzdas,,311,759585,1
Hunter,,542,759585,1
Honeycat,,488,759581,4
Korlol,,458,759579,3
Cuva,,357,759578,1
Grianne,,333,759575,5
Nite,,415,759573,2
Naimi,,641,759567,0
Keche,,338,759565,6
Nirza,,440,759563,2
Sheet,,303,759558,0
Irdusak,,551,759557,1
Farmer,,330,759542,2
Koreabon,,386,759539,2
Chinalure,,498,759539,1
Zijuthi,,328,759535,1
Tine,,326,759529,0
Zunik,,363,759526,5
Nolimit,,260,759524,2
Lanfear,,363,759522,2
Dagang,,248,759519,0
Ekriz,,413,759515,1
Thend,,276,759514,1
Bonome,,519,759511,1
Jane,,225,759508,1
Jajodri,,266,759499,5
Maxzh,,441,759499,1
Lala,,391,759496,0
Huga,,379,759483,0
Kage,,387,759474,4
Jethot,,446,759474,3
Rolod,,238,759467,0
Biggunns,,246,759467,0
Achurdut,,506,759459,3
Karghagrak,,421,759451,1
Ohashi,,334,759445,1
Ethus,,265,759444,0
Machi,,490,759441,2
Vosoza,,276,759425,1
Tijace,,309,759417,4
Saynoptw,,467,759401,1
Metake,,595,749698,1
Dragonov,,655,749682,0
Andykorea,,414,749666,4
Vashade,,290,749615,1
Huze,,556,749590,4
Munruz,,295,749589,0
Cash,,369,749588,0
Asdasd,,234,749559,3
Fedor,,340,749552,1
Jashel,,298,749548,0
Kilo,,288,749537,1
Mita,,434,749537,0
Allaighn,,433,749533,0
Dreadpool,,291,749528,1
Ococaz,,655,749508,0
Ijarkal,,256,749507,0
Crea,,259,749505,1
Omama,,244,749501,1
Lucky,,315,749493,0
Lodaz,,233,749493,2
Murzak,,290,749484,0
Susanna,,465,749482,0
Ashes,,346,749480,0
Zedrethi,,209,749476,0
Deceda,,545,749469,1
Tishi,,359,749468,0
Manya,,392,749461,1
Blackwidow,,383,749460,2
Nethad,,404,749459,1
Qiangwang,,267,749452,2
Latok,,349,749448,0
Thirdeeboy,,290,749444,1
Terta,,385,749444,1
Akivug,,238,749443,0
Zzzz,,483,749439,1
Bobbin,,353,749438,0
Jorgathi,,244,749428,7
Hunter,,273,749414,2
Godd,,223,749414,0
Cungkeer,,304,749409,1
Tachag,,272,749408,1
Enethi,,278,749408,0
Buvez,,486,739750,1
Vathat,,539,739731,0
Saynoptw,,384,739722,0
Selina,,517,739716,1
Ishen,,246,739682,0
Ichiocha,,372,739652,0
Tojam,,394,739652,2
Munnaze,,205,739648,3
Slyth,,465,739644,0
Koreamessi,,487,739643,1
Koreacoco,,433,739641,1
Auratus,,202,739640,5
Killi,,271,739639,0
Idrami,,249,739633,0
Doubledong,,407,739632,1
Itizi,,264,739631,1
Vorci,,365,739631,2
Perfekt,,475,739630,1
Hifral,,230,739628,3
Nazgrimusa,,552,739626,2
Iden,,622,739624,2
Edom,,241,739613,0
Gogi,,558,739601,0
Elere,,311,739597,2
Clementine,,399,739595,0
Ennun,,333,739572,2
Arik,,255,739571,2
Rubras,,402,739571,0
Rutagre,,475,739568,0
Cuka,,305,739550,4
Artiva,,281,739543,0
Nitemare,,198,739538,1
Alita,,544,739530,9
Blackwidow,,651,739528,0
Lathise,,519,739526,0
Evento,,351,739522,2
Ebrircim,,231,739520,3
Malure,,377,739516,0
Nusha,,289,739516,2
Esokrin,,259,739514,4
Saynoptw,,538,739509,2
Koreacow,,682,739506,1
Koreafarm,,344,739506,2
Rubrfspb,,370,739488,0
Arwen,,470,739487,0
Rise,,237,739479,0
Abrilla,,483,739478,2
Rutuz,,508,739472,2
Dathi,,230,739469,4
Kimjin,,472,739469,1
Ottos,,321,739464,1
Arei,,360,739464,2
Ibok,,390,739437,1
Ecercog,,553,739436,2
Athut,,266,739434,4
Zeta,,313,739430,3
Nazam,,403,739429,0
Suxputin,,364,739426,5
Birkin,,343,739415,0
Stanislaus,,451,739407,5
Aces,,314,729712,0
Lacsw,,221,729704,3
Dragonfly,,344,729668,1
Duff,,401,729659,2
Daki,,181,729657,2
Gusud,,284,729640,1
Lambchop,,290,729623,3
Ptwisbad,,521,729615,1
Zoshi,,230,729610,2
Korealogan,,464,729609,3
Lucian,,414,729596,2
Zdzira,,255,729591,4
Kiltrion,,302,729576,7
Karge,,280,729576,2
Nopaysru,,593,729572,1
Fugas,,313,729553,3
Minchione,,458,729544,1
Anyeji,,423,729544,1
Riji,,252,729529,1
Othobod,,397,729529,0
Jahebe,,208,729520,0
Sige,,355,729515,4
Kuvrihi,,420,729504,3
Anbbinny,,350,729496,0
Mprizola,,249,729489,2
Ovrerke,,374,729482,2
Ibanrel,,417,729482,2
Kashume,,250,729481,0
Lesi,,556,729480,4
Tavus,,214,729480,2
Torot,,351,729478,1
Shute,,328,729472,0
Sneeze,,217,729466,5
Kamelot,,636,729465,3
Valerik,,232,729462,4
Shtiks,,222,729455,2
Toraktwo,,476,729451,1
Boje,,538,729451,3
Hosa,,438,729449,1
Zagem,,476,729446,0
Banshee,,313,729444,4
Drizzt,,489,729443,0
Sambuca,,359,729442,2
Aglaya,,352,729425,4
Agik,,310,729423,1
Tahik,,386,729415,2
Musheg,,488,719682,1
Demoniac,,512,719671,1
Clare,,682,719665,1
Rukuzmich,,556,719662,0
Gegerze,,220,719658,0
Koreagood,,396,719648,0
Jinyongs,,342,719646,1
Oshozil,,355,719623,0
Mete,,317,719613,0
Jidnun,,372,719612,0
Erkez,,492,719611,1
Irozen,,251,719609,4
Aharzak,,290,719605,0
Larda,,240,719602,0
Aria,,445,719593,2
Jide,,415,719587,1
Debbie,,575,719584,1
Swung,,445,719583,3
Sniper,,216,719569,3
Vivian,,287,719567,6
Ivek,,157,719557,0
Ertus,,286,719550,5
Riga,,319,719546,3
Husha,,406,719544,1
Koreasf,,509,719541,2
Jeyt,,189,719540,0
Thrasher,,266,719538,2
Illaoi,,533,719525,1
Znazzy,,345,719522,4
Runoptv,,600,719520,0
Nensy,,359,719520,4
Ishaihn,,574,719517,0
Arcerza,,364,719510,2
Zashunra,,272,719506,0
Cogid,,296,719505,5
Feynman,,540,719499,2
Sethi,,221,719495,0
Chinayy,,215,719495,2
Edojit,,257,719495,2
Egwin,,357,719494,2
Berod,,388,719488,3
Aves,,154,719484,2
Tiba,,423,719483,0
Dinrotha,,369,719468,2
Komar,,271,719462,1
Drizzit,,232,719457,6
Irtena,,399,719456,2
Erim,,241,719448,2
Henare,,392,719444,0
Hasagre,,544,719440,3
Dadi,,248,719434,0
Wintersun,,558,719423,0
Koreahmh,,581,709848,1
Heshan,,512,709846,0
Eluz,,464,709810,0
Chagg,,344,709792,0
Axin,,583,709784,0
Geed,,308,709781,0
Godyul,,408,709778,0
Chinasbtj,,536,709774,0
Sargas,,334,709758,0
Ebckats,,400,709748,0
Sparabolle,,473,709748,0
Omimi,,423,709748,1
Nijal,,555,709737,1
Avergaz,,288,709736,0
Koreares,,480,709729,1
Pronoobie,,727,709725,0
Avotan,,562,709712,0
Icarus,,578,709711,1
Varurdi,,271,709705,0
Cinras,,519,709703,0
Sully,,432,709702,3
Mate,,284,709697,3
Barbaretta,,214,709696,0
Donni,,383,709689,1
Koreaari,,263,709678,0
Ebrakrun,,330,709676,6
Smasher,,285,709675,2
Elhym,,550,709674,1
Xfyz,,283,709673,0
Atheena,,341,709668,0
Snaipers,,282,709667,0
Killa,,667,709659,3
Fromisnine,,185,709659,1
Flash,,407,709657,0
Chinawang,,515,709656,1
Tomdraco,,452,709656,0
Dezun,,288,709650,0
Runoptwxat,,525,709648,1
Hogole,,345,709648,3
Lene,,499,709648,1
Kethig,,597,709642,0
Jivina,,201,709638,4
Bumi,,334,709636,0
Afrun,,325,709635,2
Josie,,253,709635,1
Koreakdk,,182,709635,0
Slivercoco,,339,709634,1
Ratha,,246,709629,0
Cyndear,,628,709627,3
Nithial,,227,709627,3
Cakad,,301,709625,2
Jimmy,,196,709623,1
Vorzig,,288,709621,1
Kigi,,231,709616,0
Queen,,339,709613,0
Smart,,346,709612,1
Annelod,,245,709609,1
Quest,,293,709609,1
Vintorez,,515,709603,3
Jahel,,282,709602,0
Kisel,,230,709598,2
Cutedoo,,363,709596,4
Anuvra,,364,709595,0
Ginna,,445,709593,1
Norirci,,431,709592,4
Chinafans,,291,709590,1
Ruki,,387,709584,0
Korealover,,425,709583,1
Kurtobi,,373,709582,1
Sshee,,524,709581,4
Vashe,,289,709580,2
Elud,,341,709575,0
Time,,479,709573,6
Toshe,,436,709570,3
Ishami,,546,709569,7
Decume,,237,709567,1
Osed,,332,709560,0
Legolas,,199,709559,6
Bosi,,422,709556,4
Soultree,,358,709552,3
Virona,,439,709550,0
Mustmask,,479,709549,1
Dawg,,512,709547,5
Mollubi,,353,709546,0
Jukut,,305,709546,0
Johnwick,,234,709546,2
Viharzi,,221,709546,6
Koreapig,,405,709544,6
Jugrut,,205,709542,0
Zisa,,238,709541,0
Mija,,240,709539,0
Java,,277,709537,2
Chinatom,,270,709534,2
Zomom,,537,709526,1
Saba,,380,709521,0
Yueyue,,400,709520,2
Redshirt,,409,709514,3
Fiona,,494,709513,0
Saynoptw,,386,709509,0
Vihon,,234,709506,1
Bonna,,269,709504,0
Athena,,500,709501,0
Seda,,413,709500,4
Koreakang,,517,709499,2
Iges,,234,709497,2
Reeeee,,205,709497,2
Keshishi,,170,709494,0
Jeffrey,,180,709494,0
Onit,,474,709490,5
Thikduthu,,190,709490,3
Snakejack,,136,709486,1
Ebrem,,303,709486,0
Andithree,,293,709481,1
Atis,,238,709478,2
Jimmoris,,232,709477,2
Aerawyn,,396,709467,0
Rice,,351,709466,4
Okrocik,,292,709463,5
Jirgaz,,340,709462,3
Icuni,,403,709462,2
Enrini,,226,709458,2
Rirdena,,340,709453,2
Artudra,,296,709452,7
Crystal,,237,709451,2
Orgon,,392,709447,0
Loki,,257,709445,1
Snafuu,,213,709443,6
Bignik,,359,709441,1
Ichehe,,261,709440,4
Tiankongt,,264,709439,1
Ilsanto,,187,709437,2
Joseki,,309,709436,0
Dikruz,,182,709428,0
Clara,,433,709424,2
Rose,,258,709421,2
Hurkis,,357,709421,3
Afina,,251,709418,6
Cicero,,296,709417,0
Kage,,260,709408,1
Kivrobi,,473,709401,0
Juantina,,617,709400,2
Vash,,318,699609,0
Ooooz,,148,699584,2
Emilyii,,247,699573,0
Newone,,179,699561,1
Orgohon,,199,699555,0
Mahi,,230,699555,1
Haruo,,394,699552,4
Jela,,303,699527,2
Gucha,,337,699527,1
Ocis,,224,699518,1
Jovul,,498,699508,0
Cemanne,,228,699507,2
Ousia,,189,699498,0
Najavi,,270,699494,1
Sannan,,203,699493,1
Evrechan,,475,699490,2
Bogey,,294,699486,3
Vadet,,257,699479,0
Zone,,182,699472,2
Similia,,410,699470,1
Kera,,170,699470,0
Rihi,,398,699469,2
Bishi,,175,699443,0
Badsniper,,225,699433,3
Migarke,,196,699431,2
Evlucky,,488,699424,1
Sadeil,,379,699421,0
Alfine,,374,699412,2
Arianna,,244,699409,0
Cakori,,320,699406,2
Serra,,237,699405,2
Omimut,,481,699400,1
Damorta,,248,689754,0
Isima,,209,689662,2
Vithes,,174,689662,1
Huti,,320,689650,0
Zuniki,,388,689641,0
Lanaril,,410,689621,0
Dollivi,,163,689610,0
Hisun,,282,689601,1
Nochuve,,256,689599,0
Bine,,260,689595,0
Gogo,,253,689592,0
Cuboze,,286,689589,2
Roga,,249,689587,0
Hovuba,,473,689577,3
Sunehi,,426,689572,0
Nertis,,248,689569,0
Osagre,,256,689564,0
Amok,,422,689560,0
Tempmess,,397,689560,2
Ilya,,398,689551,3
Garret,,162,689551,4
Athena,,243,689546,0
Seze,,223,689544,0
Lorta,,278,689538,8
Aronik,,275,689537,3
Sniper,,182,689536,0
Rubeelnik,,484,689534,0
Gramfura,,463,689531,1
Zate,,191,689526,2
Blackpink,,538,689523,1
Ethin,,204,689518,0
Cakrad,,242,689515,3
Agaze,,176,689513,0
Ekruta,,333,689509,0
Poppy,,210,689505,0
Kora,,316,689505,0
Mistrium,,271,689485,1
Testing,,254,689484,0
Adil,,325,689481,0
Mehe,,324,689470,2
Slonik,,198,689467,0
Tufreza,,381,689438,0
Topshot,,301,689418,0
Venom,,204,689411,10
Zuzia,,514,689410,0
Oden,,497,689408,0
Ptwsuks,,411,689404,0
Portalis,,247,679640,2
Adnig,,375,679631,1
Cure,,233,679604,0
Rubul,,372,679593,1
Isabelle,,254,679532,1
Orlana,,224,679523,0
Agony,,485,679509,3
Jatovri,,215,679497,3
Begrima,,291,679489,1
Afanda,,353,679482,1
Koreakeke,,406,679481,4
Suhod,,461,679478,4
Kolian,,224,679473,1
Zavos,,402,679464,4
Morkonri,,249,679455,1
Mokrava,,350,679455,2
Nune,,246,679444,2
Kisseloo,,235,679422,3
Necro,,233,679416,4
Cakot,,181,679411,0
Whankis,,207,669677,3
Buckshot,,535,669672,0
Twillight,,222,669666,0
Jene,,215,669642,1
Onem,,434,669617,0
Verthandi,,305,669590,2
Koti,,167,669585,1
Hartigi,,156,669577,2
Yumeko,,200,669571,1
Agosha,,341,669545,0
Akeshe,,499,669534,1
Igus,,569,669521,2
Highking,,286,669497,1
Rukola,,327,669478,3
Kostucha,,321,669472,1
Bbbbb,,444,669412,2
Deni,,310,669404,1
Ludud,,486,659842,0
Woods,,295,659823,0
Qlucke,,601,659801,0
Adus,,716,659776,0
Mira,,476,659770,0
Medri,,199,659743,1
Bellime,,397,659739,2
Irkabi,,437,659735,0
Koreamuth,,342,659733,0
Shift,,175,659725,2
Irgil,,417,659719,0
Shibuya,,230,659717,4
Eveli,,334,659701,0
Event,,303,659694,0
Typicalx,,249,659694,7
Maev,,149,659693,1
Agin,,354,659690,1
Jeje,,326,659659,0
Riki,,262,659648,0
Zenasha,,250,659644,2
Kontest,,236,659629,0
Gareji,,303,659627,2
Koreajob,,470,659622,1
Skuttanka,,269,659613,0
Mevugi,,219,659610,3
Bazog,,221,659603,1
Spareparts,,194,659596,3
Rumus,,352,659585,1
Vari,,363,659585,1
Event,,193,659570,1
Wojarska,,182,659566,2
Higa,,478,659558,3
Derrick,,198,659553,3
Jeha,,169,659552,2
Ellenstone,,239,659541,2
Arcarius,,374,659537,1
Bici,,248,659516,1
Autolycus,,205,659513,0
Daiquiri,,409,659495,1
Pong,,153,659494,2
Ethan,,239,659486,0
Erdethi,,200,659479,1
Punkhung,,184,659467,3
Sienna,,308,659463,2
Nyxx,,372,659450,9
Hina,,263,659440,4
Hana,,339,659440,2
Idrobum,,376,659437,4
Abelientje,,334,659420,1
Oska,,193,659411,3
Inkboy,,217,659411,3
Anija,,239,659402,3
Petra,,342,659400,7
Stunna,,160,649701,1
Sudrubra,,235,649612,0
Tomurzi,,183,649576,1
Irgirdi,,394,649575,0
Bege,,215,649568,0
Zithud,,259,649550,2
Soul,,408,649540,0
Anna,,257,649521,4
Banditto,,188,649472,0
Arkutid,,291,649456,1
Candy,,314,649454,0
Arrow,,209,649453,2
Amufra,,298,649450,2
Ishutha,,147,649429,5
Surufra,,321,649429,1
Ruewerest,,327,649404,6
Swift,,476,649402,0
Goda,,298,639751,1
Elos,,355,639726,0
Vernimoe,,201,639722,0
Arcagam,,279,639706,1
Bare,,258,639687,0
Korgize,,561,639661,1
Zenitru,,127,639660,1
Ednina,,259,639660,1
Templar,,318,639655,0
Aril,,345,639622,0
Kakawka,,174,639619,1
Shooter,,323,639617,0
Berkog,,426,639613,1
Bothoz,,202,639612,0
Joanna,,342,639612,2
Boki,,196,639584,0
Javribe,,218,639580,0
Tanis,,234,639578,3
Numseven,,257,639576,3
Ishidnud,,216,639573,1
Wolfsnie,,252,639569,0
Jane,,142,639565,4
Zudra,,183,639564,0
Zaza,,384,639557,0
Alice,,412,639550,4
Blahy,,212,639542,0
Elen,,187,639539,4
Ogita,,182,639524,4
Cuse,,312,639518,6
Erced,,169,639516,0
Javom,,152,639515,0
Yunwooabba,,441,639513,0
Bibigau,,201,639495,0
Mariaozawa,,208,639489,1
Anne,,347,639488,1
Jiba,,369,639468,3
Surata,,442,639462,2
Erzul,,400,639459,0
Marlboro,,258,639458,0
Gollid,,156,639434,1
Akaveni,,291,639431,1
Sean,,229,639426,0
Fury,,392,639419,2
Misstow,,261,639401,1
Waylander,,275,629734,0
Zoshuni,,203,629678,0
Omotes,,322,629671,0
Crocodile,,380,629662,0
Riva,,550,629657,0
Adillos,,252,629656,0
Ites,,402,629633,6
Abrasado,,208,629633,0
Soge,,283,629619,0
Gozod,,172,629607,2
Luana,,272,629585,0
Kutyaplik,,255,629576,0
Oresa,,107,629573,1
Nothos,,353,629561,2
Hujek,,334,629560,8
Nure,,178,629512,3
Nova,,254,629483,1
Jessabelle,,328,629462,0
Ivrure,,314,629458,7
Ivithen,,419,629412,4
Nomi,,168,629401,2
Ptwscuk,,194,619808,0
Zaffo,,281,619695,1
Bbang,,253,619683,1
Valya,,122,619679,0
Jokersgunz,,220,619667,1
Rinid,,259,619666,2
Elluvi,,287,619665,0
Relikt,,176,619665,1
Jivre,,226,619650,2
Osodrun,,340,619634,0
Akromi,,217,619621,2
Allashom,,308,619602,1
Mariko,,114,619587,0
Anive,,358,619587,5
Sehargi,,329,619572,0
Timmy,,288,619559,2
Even,,213,619539,4
Ekuk,,203,619537,0
Azen,,128,619530,7
Veba,,251,619516,1
Rufra,,364,619481,1
Thunder,,247,619474,2
Vemog,,330,619468,0
Carza,,226,619455,0
Noshenne,,195,619440,3
Sami,,172,619422,0
Loracraft,,314,619403,3
Suhel,,360,609887,0
Baptist,,158,609860,0
Lothid,,232,609826,0
Olizi,,214,609820,0
Naza,,292,609812,0
Robin,,360,609811,0
Sevvere,,569,609779,1
Sennez,,171,609773,1
Montecarlo,,330,609770,1
Jelena,,376,609761,0
Juju,,310,609760,0
Mutheka,,318,609753,3
Duken,,122,609753,1
Velli,,176,609751,0
Pingas,,360,609748,0
Haggai,,607,609744,1
Miki,,317,609742,0
Odoji,,300,609738,0
Zianara,,500,609738,0
Paytowin,,391,609738,0
Heni,,213,609738,2
Hchaos,,264,609736,0
Alara,,467,609734,0
Artithi,,145,609730,1
Ozzuzzu,,369,609724,0
Thur,,213,609719,0
Hosud,,247,609718,0
Jegraba,,199,609718,0
Zeno,,205,609716,0
Areka,,227,609715,0
Mordor,,326,609710,0
Robak,,261,609706,1
Kornamsan,,454,609706,0
Kille,,459,609696,0
Ojbk,,326,609695,0
Jere,,188,609692,0
Mrfister,,168,609687,0
Morcoshe,,457,609680,1
Leonardo,,405,609678,3
Koreaheal,,151,609670,2
Obusha,,164,609664,0
Kasey,,298,609658,0
Esik,,226,609656,0
Rucabe,,470,609655,0
Bandero,,402,609655,0
Rogan,,185,609652,0
Kojozi,,200,609652,0
Arteti,,245,609651,1
Rubandit,,339,609651,1
Moccua,,356,609640,0
Ajagral,,204,609637,4
Obrutod,,90,609635,5
Vozid,,257,609633,2
Chinatoday,,264,609633,3
Milacha,,136,609633,1
Jagna,,121,609620,0
Ardeg,,281,609619,0
Itisa,,285,609617,1
Hegod,,463,609609,0
Kurwiszon,,108,609608,0
Anneni,,123,609596,0
Ases,,294,609592,2
Bavuva,,158,609589,5
Susuve,,102,609588,0
Davids,,193,609585,0
Emptee,,326,609578,0
Ruorote,,363,609577,1
Freya,,281,609576,1
Surzek,,311,609571,1
Offred,,214,609571,0
Korealotto,,172,609569,3
Jebuze,,117,609559,0
Leax,,206,609557,1
Camz,,99,609552,2
Vonra,,217,609551,2
Ojam,,181,609551,1
Aholli,,137,609519,1
Balbeska,,225,609517,3
Ogem,,238,609517,2
Gosa,,155,609516,2
Zesat,,190,609513,0
Sherwin,,245,609476,4
Apexia,,323,609474,0
Willsorr,,334,609465,0
Nirdi,,320,609461,3
Thiago,,262,609438,0
Reeper,,147,609435,3
Romanov,,315,609435,0
Dreamwulf,,403,609433,1
Node,,306,609418,5
Rifleman,,206,609410,11
Ibrithug,,232,609409,3
Clint,,249,609409,1
Magandiya,,161,609404,6
Zaki,,246,599608,1
Pepejson,,93,599594,2
Kral,,224,599568,2
Hunter,,175,599550,0
Zeta,,351,599549,0
Rule,,349,599545,4
Kaba,,203,599542,0
Daranda,,324,599537,2
Siren,,351,599523,1
Enoja,,129,599507,2
Asazag,,370,599506,4
Bloodbath,,135,599488,1
Avrane,,140,599478,0
Narti,,188,599447,1
Yeal,,169,599443,0
Stormwrath,,246,599431,0
Onnim,,134,589683,2
Lahe,,160,589681,0
Ptwsux,,260,589664,2
Vokra,,204,589630,2
Vasiatka,,159,589606,0
Guse,,257,589604,1
Rugebe,,154,589599,5
Arienae,,352,589595,1
Tapochek,,229,589593,0
Kushog,,356,589592,0
Zabrathi,,227,589592,1
Othun,,145,589588,2
Vubara,,171,589587,1
Osud,,324,589584,0
Anin,,180,589583,0
Othol,,288,589575,1
Terry,,421,589553,0
Prainbow,,532,589545,0
Ebisa,,389,589530,4
Izuna,,221,589530,0
Leida,,248,589530,0
Tanni,,244,589526,1
Rhen,,341,589524,0
Nercan,,218,589524,0
None,,276,589517,1
Halle,,404,589513,1
Isibi,,449,589512,1
Amuk,,248,589505,0
Rubevra,,192,589501,0
Adovid,,171,589499,5
Orul,,472,589495,0
Kinni,,312,589490,0
Ariseg,,124,589486,1
Curze,,318,589478,2
Irona,,383,589472,0
Zeti,,179,589464,1
Gargi,,279,589463,0
Meje,,198,589450,0
Khaigun,,203,589440,0
Riki,,186,589440,2
Lasina,,167,589404,1
Achud,,181,579720,1
Deathspank,,384,579644,0
Mathe,,239,579638,1
Olam,,123,579620,0
Werewolf,,170,579619,1
Speedshot,,249,579619,0
Redlich,,72,579614,0
Icitha,,159,579602,0
Ruzend,,351,579602,1
Nelize,,199,579588,0
Hurghnadni,,208,579582,0
Idag,,159,579575,1
Ooopssss,,179,579565,0
Meme,,251,579562,0
Eshije,,198,579558,0
Kaham,,141,579545,0
Mane,,285,579541,2
Iven,,365,579520,2
Goma,,176,579516,3
Irtajis,,104,579461,3
Efrata,,235,579443,2
Juchik,,322,579437,2
Rajos,,318,579423,1
Tyban,,124,579420,2
Esus,,248,579409,2
Daemo,,79,569745,0
Megruce,,94,569740,0
Xarkon,,165,569727,0
Onet,,272,569719,0
Muge,,159,569685,1
Lisi,,74,569673,1
Reznarx,,203,569654,1
Egotiz,,300,569598,1
Staxx,,88,569575,3
Othrick,,353,569573,5
Cedire,,129,569562,0
Richi,,197,569559,0
Jeja,,346,569555,0
Hermes,,172,569553,0
Gobegum,,143,569542,0
Bardo,,396,569527,0
Sparrow,,193,569501,1
Zagret,,291,569488,1
Llex,,278,569487,5
Mighty,,277,569486,3
Soma,,163,569479,0
Meriti,,151,569476,2
Gaze,,259,569450,1
Megumi,,292,559812,0
Beli,,139,559808,0
Tyca,,412,559789,1
Pewflinger,,322,559784,0
Okraci,,63,559783,0
Deadpool,,311,559775,0
Manem,,238,559769,0
Earthsong,,186,559766,0
Joni,,328,559758,0
Newkidotb,,429,559734,2
Ruins,,196,559718,1
Vosaga,,137,559718,0
Kuthi,,223,559716,1
Nirzi,,327,559714,0
Zeshom,,236,559704,0
Harig,,333,559695,0
Onrashe,,80,559685,0
Bibibi,,236,559681,0
Shadynasty,,356,559680,0
Kayoz,,366,559680,0
Mowdown,,149,559671,1
Gosin,,300,559666,0
Suzka,,175,559660,0
Aldjg,,129,559653,2
Leris,,323,559652,0
Arzelen,,264,559652,2
Zetha,,124,559652,1
Mithona,,308,559650,0
Ozzian,,175,559646,0
Nimis,,353,559645,0
Shreddie,,293,559641,0
Buklan,,407,559634,5
Igos,,365,559634,0
Lobri,,298,559625,0
Nobhead,,198,559620,1
Sunnytianc,,108,559608,3
Galore,,318,559603,0
Natalya,,167,559602,0
Ehem,,129,559599,1
Rinne,,145,559598,0
Ovurte,,180,559597,1
Zegra,,120,559582,0
Ezra,,315,559581,1
Barucha,,247,559573,3
Onorog,,172,559569,1
Verze,,348,559563,1
Ladylocke,,143,559552,1
Gami,,187,559550,0
Inakig,,308,559548,0
Hyunipapa,,285,559545,0
Evila,,166,559532,0
Dathe,,107,559528,1
Ozen,,128,559525,0
Telici,,349,559516,0
Gafra,,297,559513,0
Tedalla,,221,559497,2
Viciz,,265,559494,1
Marika,,226,559481,1
Dice,,337,559467,1
Korsarika,,169,559449,1
Huzar,,137,559441,1
Terri,,128,559407,1
Morn,,154,549645,2
Greedy,,149,549597,0
Maria,,266,549568,0
Hehis,,144,549547,0
Sada,,237,549527,3
Bacoja,,260,549518,0
Koja,,145,549515,0
Ejcy,,230,549500,0
Gata,,276,549429,0
Toda,,208,539746,1
Nuke,,118,539688,0
Fungas,,223,539666,1
Onnas,,297,539653,0
Chickypoo,,100,539650,1
Berkut,,143,539644,0
Tokre,,114,539625,3
Core,,96,539598,2
Brisa,,218,539594,0
Vardiva,,176,539584,0
Kalle,,235,539578,3
Laura,,244,539563,0
Cbekp,,110,539538,0
Almalfia,,434,539534,1
Ecem,,138,539528,0
Abras,,118,539526,0
Mezzov,,271,539501,1
Rudushe,,301,539496,0
Everleigh,,232,539489,0
Borys,,258,539485,0
Rurcot,,178,539438,1
Ovetid,,147,539436,2
Guna,,217,539429,0
Morgan,,244,539425,1
Aquipaliur,,153,539410,0
Cama,,208,529735,0
Tesirte,,211,529657,0
Xerexer,,226,529644,2
Hegas,,110,529625,0
Neki,,181,529586,0
Jack,,215,529567,0
Cbral,,223,529564,1
Phoenix,,146,529556,2
Lenrethi,,136,529537,4
Azasa,,38,529522,2
Mara,,113,529493,0
Koreazombi,,174,519759,0
Hidri,,158,519716,0
Ahen,,272,519694,0
Maksi,,108,519679,3
Ordavret,,180,519674,0
Deadshoot,,167,519643,0
Ichuki,,122,519599,2
Jugurga,,256,519595,2
Modesty,,77,519532,1
Vaze,,135,519513,1
Martuf,,154,519510,2
Raderi,,98,519483,0
Lodozi,,187,519449,2
Sina,,142,509833,0
Deokbeoji,,152,509788,1
Obrordi,,111,509758,0
Oros,,246,509742,0
Pewpew,,102,509740,0
Denplot,,92,509738,3
Gaia,,124,509730,2
Molly,,239,509701,0
Sagren,,101,509690,0
Avezom,,158,509687,0
Simi,,346,509678,4
Pavlinka,,116,509671,0
Ivrethil,,63,509659,0
Dargdredd,,224,509638,1
Egruka,,200,509627,1
Kenesi,,95,509595,2
Mehes,,232,509579,5
Clag,,171,509560,0
Park,,182,509557,0
Reroni,,109,509516,5
Badja,,310,509510,2
Cutha,,175,509500,12
Raine,,75,499769,0
Nithez,,239,499543,1
Dakete,,171,499507,0
Onruhi,,239,499497,3
Ruso,,133,499476,1
Izun,,59,489761,0
Gena,,264,489714,0
Ekekre,,82,489702,1
Borci,,97,489682,1
Seki,,229,489589,0
Gage,,269,489588,0
Batman,,244,489585,0
Miclac,,125,489577,0
Booboo,,114,489573,0
Honeni,,105,489571,2
Wojmat,,203,489563,0
Rampa,,160,489561,0
Frendus,,185,489559,0
Duhake,,101,489543,1
Bigtex,,90,489529,1
Voshe,,285,489509,1
Diza,,163,489503,1
Ehare,,80,489412,4
Huvuk,,130,479690,1
Argilem,,174,479651,2
Ralph,,272,479649,0
Oshil,,80,479636,0
Obrote,,198,479623,0
Atennak,,106,479622,0
Annin,,251,479607,0
Nasha,,104,479601,0
Andrew,,99,479593,0
Sven,,98,479551,0
Beater,,261,479509,1
Rolleje,,308,479498,1
Godnem,,205,469710,0
Pistolarul,,104,469679,2
Etihad,,182,469667,0
Arika,,73,469638,0
Java,,304,469628,0
Gutaki,,246,469594,1
Isarga,,230,469547,0
Lihok,,52,469541,1
Dredd,,164,469466,0
Bectop,,107,469451,2
Osas,,235,459776,0
Azrael,,220,459770,0
Aches,,117,459765,0
Hank,,230,459735,0
Bamitha,,256,459697,0
Nena,,339,459693,0
Hina,,49,459688,0
Sukolkie,,54,459676,0
Arabella,,78,459667,0
Blahblah,,159,459637,1
Isis,,132,459630,1
Edranra,,134,459608,1
Sege,,110,459581,0
Kris,,124,459562,0
Onot,,300,459524,3
Sure,,195,459523,1
Cana,,151,459483,3
Innes,,230,459462,0
Pietruszka,,144,459445,0
Irdan,,112,449740,0
Zeshavi,,51,449702,3
Vladimir,,172,449593,3
Rayne,,224,439661,0
Zero,,211,439649,2
Verdeca,,118,439635,0
Allul,,179,439606,0
Jehaz,,115,439595,0
Cuzona,,210,439587,0
Rutace,,145,439587,1
Smirnoff,,124,439569,1
Lallilli,,120,439548,1
Rinrudri,,130,439536,0
Ifroten,,87,439533,0
Rikkisix,,171,439522,1
Vullada,,117,429824,0
Darla,,122,429792,0
Rathug,,303,429778,0
Argosave,,207,429740,0
Jojem,,82,429735,0
Sexana,,129,429672,1
Tazi,,175,429642,6
Jonsaxxx,,153,429445,2
Terkafri,,46,419821,0
Marmmo,,72,419743,0
Maskotka,,147,419739,0
Adrove,,109,419622,1
Tallwell,,215,419592,0
Avese,,62,419549,1
Ratha,,285,419545,0
Erzon,,221,409831,0
Kani,,61,409786,0
Disi,,255,409761,0
Jorke,,150,409720,0
Fembot,,141,409693,0
Irekal,,105,409569,1
Kian,,58,409552,0
Inadim,,78,409543,0
Cupcake,,79,399632,4
Ocurce,,162,399629,0
Witepower,,88,399513,1
Koreana,,45,389831,0
Slyvannas,,34,389777,0
Serkukre,,67,389776,1
Obas,,174,389762,1
Huntress,,274,389687,0
Shrike,,95,389543,1
Mihug,,48,389521,0
Sabath,,99,389513,0
Kira,,120,389421,1
Acam,,79,379672,0
Gunn,,163,379631,2
Alez,,144,379569,0
Moltas,,189,369776,0
Arine,,64,369746,0
Wargod,,180,369706,0
Gazi,,30,369686,1
Humle,,225,369607,1
Sonia,,143,369597,0
Asen,,216,369540,1
Thengel,,103,369411,3
Sandra,,100,369403,1
Bootyhunta,,88,359828,0
Hada,,151,359819,0
Runiha,,73,359812,0
Orcardid,,266,359757,0
Dakre,,211,359706,0
Dean,,180,359705,0
Erzivok,,24,359683,0
Redis,,208,359569,0
Telmofett,,123,359512,3
Norcil,,108,349756,0
Metallum,,218,349677,0
Vanhelsing,,92,349607,1
Lazarus,,30,339775,0
Therry,,27,339748,0
Nevre,,150,339648,0
Sirdeath,,83,339494,3
Mgbd,,22,329833,0
Vacik,,99,329651,1
Meci,,17,329591,5
Tsompanis,,7,319851,0
Odin,,100,319843,0
Markem,,32,319664,0
Ellodol,,52,309872,0
Kiromes,,41,309837,0
Nika,,48,309836,0
Kwilt,,163,309824,0
Ajut,,91,309821,0
Babaroga,,104,309793,0
Beljam,,134,309760,0
Marty,,35,309733,0
Sabre,,51,309723,0
Onnigi,,112,309718,0
Zero,,68,309711,0
Ishunnuz,,85,309690,2
Ebal,,122,309679,0
Kona,,73,309614,5
Alessandra,,179,309573,2
Nugari,,36,299756,0
Nolihi,,105,299589,0
Gaia,,68,299430,2
Marza,,53,299405,2
Itosi,,5,289833,0
Holies,,189,289715,0
Chomusuke,,1,279763,0
Vidumc,,90,279634,2
Sojiri,,0,279627,0
Mouzes,,30,269794,0
Sluggy,,31,269615,2
Ulli,,31,259863,1
Azaza,,4,259837,0
Dedicado,,17,259829,0
Nefrak,,11,259809,0
Rular,,51,259727,0
Itol,,22,249784,0
Vacy,,63,229813,0
Diana,,22,229810,0
Ivragrin,,29,229759,0
Yala,,41,219460,5
Avrot,,118,209851,0
Rinni,,167,209843,0
Taras,,80,209829,0
Lidia,,28,209794,0
Gethot,,36,209651,0
Arzufri,,0,189828,0
Turzud,,0,189799,0
Claire,,5,179833,0
Cumqueen,,0,169846,0
Nohax,,0,169831,0
Dina,,0,169788,0
Kenni,,0,159869,0
Janka,,0,159868,0
Bmfninja,,17,159768,0
Iteme,,0,159723,1
Runa,,0,159661,0
Seva,,0,159635,0
Mauser,,32,149817,0
Viga,,0,139835,1
Abethi,,0,139688,1
Jonre,,0,129840,0
Perry,,0,129837,0
Etheke,,0,129828,1
Ecegam,,0,119806,0
Hidodi,,0,119747,0
Ivent,,0,119671,1
Holly,,0,119586,3
Varki,,0,109817,0
Acadi,,0,109805,0
Sucose,,32,109800,0
Narzi,,0,109780,1
Lemmy,,0,109754,0
Dila,,0,109731,0
Junna,,39,99889,0
Fanofbibi,,4,99828,0
Xopi,,64,99756,0
Malle,,0,99624,0
Jindo,,0,89888,0
Emili,,0,89873,0
Nannose,,0,89870,0
Toto,,0,89864,0
Takareh,,0,89852,0
Caliope,,0,89832,0
Felix,,0,89804,0
Kodi,,0,89755,0
Sartel,,0,89738,0
Iminak,,0,89710,1
Deadpool,,0,89663,0
Ivala,,0,89625,0
Tane,,0,89458,2
Orkinniz,,0,89402,3
Zivaz,,15,79890,0
Gunuke,,0,79851,2
Ruposos,,0,79850,0
Goober,,0,79830,0
Ochosa,,0,79818,0
Vebos,,0,79813,0
Tuvroz,,0,79768,0
Vure,,0,79757,0
Jwchoe,,0,79749,1
Echud,,0,79728,0
Pepe,,0,79724,1
Curguhi,,0,79701,0
Kasik,,0,79694,1
Kenundrum,,0,79683,0
Lothud,,0,79667,3
Sdhjtdhjff,,0,79630,1
Steamo,,0,79573,3
Igali,,0,79555,6
Hebe,,0,79539,0
Kullada,,0,79448,1
Michka,,0,69917,0
Blank,,0,69892,0
Heshe,,0,69886,0
Cain,,0,69883,0
Smoknmett,,0,69881,0
Cowboy,,0,69877,0
Jubethi,,0,69875,0
Heka,,0,69869,0
Fahrrad,,0,69865,0
Itothe,,0,69864,0
Disaster,,0,69859,1
Luthos,,0,69859,0
Sibud,,0,69852,0
Bilaja,,0,69844,0
Veka,,0,69838,0
Irzajaz,,0,69834,0
Bothiz,,0,69831,0
Onnud,,0,69829,0
Onnuti,,0,69828,0
Mecagoento,,0,69804,0
Ethifra,,0,69804,0
Ikudrog,,0,69800,0
Oshute,,0,69795,0
Amim,,0,69791,0
Jari,,0,69789,0
Messenger,,0,69785,0
Redshot,,0,69785,2
Sortevi,,0,69785,1
Whiskey,,0,69783,0
Iniri,,0,69764,0
Serega,,0,69759,0
Tiraz,,0,69754,0
Zafira,,0,69746,0
Elizabeth,,0,69735,0
Oleg,,0,69734,1
Relliri,,0,69732,0
Mashaz,,0,69725,0
Nickrrrrrr,,0,69725,0
Nightshade,,0,69724,0
Anrumi,,0,69707,0
Culat,,0,69696,0
Satan,,0,69696,1
Saucy,,0,69685,0
Avren,,0,69685,1
Ebony,,0,69682,0
Ovrecil,,0,69675,2
Hoti,,0,69657,0
Ovujug,,0,69655,1
Alysha,,0,69647,0
Przemek,,0,69640,0
Gutad,,0,69637,0
Yabigunit,,0,69626,2
Domi,,0,69619,1
Slither,,0,69616,2
Pauly,,0,69606,3
Tupac,,0,69600,3
Lizzy,,0,69598,1
Acardom,,0,69574,1
Peteria,,0,69566,2
Villasha,,0,69507,3
Avigus,,0,69506,3
Tammy,,0,69502,3
Tuennes,,0,69502,1
Licen,,0,69471,4
Ivug,,0,69466,2
Rumaxim,,0,69444,1
Victor,,0,69423,3
Ybobs,,0,69410,3
Abive,,0,59911,0
Gogocing,,0,59910,0
Juri,,0,59871,0
Mura,,0,59857,0
Skymning,,0,59847,0
Vanikre,,0,59847,0
Knotpopper,,0,59842,0
Aruha,,0,59837,0
Jilithe,,0,59829,0
Ijidron,,0,59823,0
Gorgon,,0,59823,0
Cine,,0,59822,1
Ceda,,0,59819,0
Gunslinger,,0,59818,0
Ragadam,,0,59815,0
Mithichi,,0,59811,0
Metalhertz,,0,59805,0
Oshuzun,,0,59805,0
Onnom,,0,59802,0
Arcak,,0,59795,0
Razzmarin,,0,59775,0
Obrel,,0,59772,0
Kaja,,0,59768,0
Gamis,,0,59764,1
Cvoloh,,0,59759,0
Avrehom,,0,59754,0
Nebulla,,0,59739,0
Rethel,,0,59733,1
Simem,,0,59729,0
Sayarajan,,0,59717,0
Acherzi,,0,59710,0
Himera,,0,59683,0
Roli,,0,59642,1
Kojeri,,0,59627,0
Hobin,,0,59558,0
Therudius,,0,59523,1
Zirka,,0,59518,4
Erkonager,,0,59512,1
Vubrom,,0,49878,0
Zorritha,,0,49866,0
Efrekid,,0,49863,0
Monak,,0,49853,0
Jahe,,0,49834,0
Kelmeron,,0,49829,0
Rookie,,0,49818,0
Odds,,0,49816,0
Lobok,,0,49816,0
Goroke,,0,49799,0
Abyssinian,,0,49787,1
Bear,,0,49784,1
Molina,,0,49777,0
Sivle,,0,49741,0
Zerdi,,0,49740,0
Zola,,0,49740,0
Yeahhh,,0,49722,2
Haggard,,0,49645,0
Veri,,0,49548,2
Zoom,,0,49536,3
Inrircok,,0,39886,0
Sadako,,0,39853,0
Anrurzi,,0,39847,0
Akani,,0,39839,0
Maxmr,,0,39834,0
Testos,,0,39824,0
Givek,,0,39821,0
Egad,,0,39818,0
Ednodri,,0,39816,0
Pugz,,0,39815,0
Ridna,,0,39808,0
Dany,,0,39805,0
Kartite,,0,39803,0
Cedric,,0,39776,0
Jhurtie,,0,39775,0
Okikid,,0,39764,0
Bikafri,,0,39750,0
Koze,,0,39747,0
Ohuza,,0,39735,0
Storm,,0,39733,0
Luna,,0,39729,0
Ibroz,,0,39713,0
Ansoo,,0,39711,0
Rehide,,0,39709,1
Cuckold,,0,39706,0
Simuran,,0,39697,0
Rert,,0,39694,0
Agrazig,,0,39679,1
Honohe,,0,39651,1
Medim,,0,39643,1
Pcpc,,0,39598,0
Missil,,0,39597,0
Carter,,0,39575,1
Sohyang,,0,29886,0
Xaanatos,,0,29886,0
Mevradi,,0,29885,0
Omurzam,,0,29884,0
Seven,,0,29852,0
Zonis,,0,29850,0
Bavethe,,0,29846,0
Atol,,0,29839,0
Buthul,,0,29838,0
Gerald,,0,29834,0
Dogrul,,0,29829,0
Mergedri,,0,29827,0
Lysy,,0,29816,0
Flint,,0,29815,0
Rabri,,0,29812,0
Oran,,0,29810,0
Ahuteg,,0,29803,0
Inelik,,0,29802,0
Koreabenz,,0,29800,0
Dugre,,0,29794,0
Sire,,0,29785,0
Zeldabear,,0,29771,0
Ventuality,,0,29769,0
Noza,,0,29745,0
Gamum,,0,29717,0
Silek,,0,29666,0
Sikit,,0,29658,1
Akodreg,,0,29644,0
Cezovra,,0,29620,0
Ajorki,,0,29597,0
Dakal,,0,29591,0
Nagrod,,0,29512,2
Nabrise,,0,19875,0
Ilona,,0,19840,0
Hamadni,,0,19815,0
Versace,,0,19810,0
Luchii,,0,19799,0
Shyto,,0,19799,0
Liam,,0,19786,0
Agrak,,0,19785,0
Suhele,,0,19783,0
Carma,,0,19775,0
Tqirobt,,0,19773,0
Onos,,0,19771,0
Sevrek,,0,19734,0
Asod,,0,19730,0
Zerteli,,0,19727,0
Huehuehue,,0,19724,0
Erin,,0,19720,0
Nirgi,,0,19691,0
Codol,,0,19669,0
Koll,,0,19620,0
Thecraw,,0,19617,0
Inquisitor,,0,19588,0
Sylvanas,,0,19565,1
Nuve,,0,19428,0
Mondragon,,0,19407,0
