Chinahwang,,1937,1579411,1
Laowang,,2000,1569456,4
Gang,,2021,1569406,1
Halbae,,2005,1559524,0
Chinadoll,,1970,1559454,0
Chinadv,,1968,1559430,2
Korsungti,,2035,1549421,4
Guitarwolf,,2002,1549418,1
Kortsensei,,2050,1539582,0
Chinadige,,1853,1539459,1
Korseol,,2002,1539414,1
Korjia,,2020,1529514,1
Tear,,2011,1529409,1
Chinaf,,1961,1519513,3
Zjzhw,,1937,1519454,1
Korsoondae,,2000,1509609,0
Romme,"War Hero",1943,1509596,0
Korjepis,,1954,1509482,0
Igig,,1731,1509414,0
Byroad,,1930,1499624,0
Larcardi,,1906,1499449,4
Korlol,,1903,1499423,2
Thegoat,,1954,1489487,1
Gothica,,1926,1479583,2
Argon,,1860,1479484,1
Jjue,,1845,1479442,0
Chinacoin,,1928,1479441,1
Korkata,,1810,1469548,1
Ruby,,1939,1459688,0
Jaded,,1923,1459633,0
Testicleez,,1805,1459541,1
Chinak,,1770,1459475,2
Kornion,,1984,1459464,5
Korseeker,,1805,1449415,1
Xiaodoubi,,920,1439597,1
Sangoku,,1846,1439582,2
Korwo,,1952,1439496,1
Sand,Challenger,1966,1439493,1
Nofrudi,,1771,1439492,1
Chinamm,Challenger,1908,1429528,3
Slashy,,1645,1429484,4
Koronni,,1887,1429465,1
Kenobzee,,1671,1429438,3
Masterzerg,,1519,1429435,4
Ivek,,1902,1419604,4
Korwind,Challenger,1720,1419580,0
Koreanyeah,,1784,1419552,1
Forglory,,1877,1419458,5
Athuke,,1680,1419450,1
Jhokey,Challenger,1844,1409619,1
Chinaqin,,1796,1409616,2
Eshas,Challenger,1759,1409602,0
Yeolmoo,,1832,1409564,0
Mirzel,,1348,1409483,0
Kormore,,1885,1409449,0
Trigg,,1609,1409437,1
Overlord,,1877,1399599,2
Rijin,,1752,1399583,0
Biregri,,1714,1399544,2
Reza,,1627,1399487,0
Ovenrim,,1516,1389618,6
Chinappppp,,1889,1389614,2
Korhun,,1648,1389586,4
Talos,,1596,1389579,2
Cchina,,1461,1389539,0
Chinatang,,1626,1389511,0
Icon,,1314,1389501,2
Kormango,,1659,1389498,2
Blackwind,,1603,1389497,4
Kormagg,,1642,1389488,0
Korparapra,,1169,1389481,1
Jillaz,,1111,1389472,1
Ohoo,,1730,1389457,2
Mrasyard,Challenger,1208,1389449,1
Abrus,,1884,1389445,1
Stayhome,,1347,1389427,3
Liamx,,973,1379635,3
Heralt,,1552,1379629,1
Mrls,,1389,1379509,2
Korwon,,1973,1379498,0
Vich,,1308,1379469,3
Snapdragon,,1964,1379459,4
Darthspock,,1408,1379437,6
Urzsula,,1305,1379435,5
Kavrardi,,1250,1379419,0
Korro,,1426,1369497,2
Korllovob,,1611,1369490,3
Korkidara,,1229,1369448,6
Ethan,,1549,1369432,1
Hueputalo,,1733,1369429,3
Fireinwind,Centurion,1610,1369418,1
Korone,,1866,1359705,1
Eowyn,,1870,1359664,0
Gusik,,1661,1359614,1
Nagibator,,1714,1359569,0
Sese,,1487,1359506,0
Harok,Centurion,1275,1359485,0
Chinazz,,1311,1359484,0
Korcrown,,1489,1359448,4
Kordiablo,,1313,1349638,3
Newj,,1416,1349604,3
Saitama,,1097,1349522,0
Tehrz,,1780,1349511,0
Chinah,,1116,1349486,3
Chinawuyaa,,1239,1349483,4
Orori,,1147,1349452,4
Boink,,1141,1349404,2
Rubiroid,,1988,1339666,1
Chinajoy,,1580,1339620,0
Mastersw,,1418,1339599,5
Uthgar,,1255,1339591,4
Ojbk,,1574,1339533,2
Korjunpa,,1264,1339530,2
Rubaka,,1795,1339514,4
Lobster,,1729,1339508,1
Ozenros,,1427,1339492,4
Lokeji,,1539,1339489,1
Vamp,,1447,1339475,3
Korsihoo,,1544,1339453,2
Atan,,1399,1339421,0
Murta,,1273,1329614,1
Bkkiller,,1717,1329595,1
Korzing,,1347,1329537,0
Odin,Challenger,1028,1329531,2
Koreachild,,1858,1329517,0
Coldet,,1771,1329476,4
Adudi,,1742,1329471,1
Chinatt,,1756,1329453,8
Tinytank,,1675,1329431,2
Gocithe,,1906,1319733,0
Chinaman,,1632,1319726,1
Buve,,1350,1319593,2
Korduna,,1382,1319518,3
Tulbar,,1119,1319515,4
Dorai,,551,1319487,4
Rothe,,1446,1319453,4
Dreamer,,1005,1319431,3
Cava,,1120,1319411,9
Olin,,1063,1319407,5
Lucifer,,1619,1309808,0
Elluket,,1370,1309790,0
Wutup,Challenger,1725,1309746,0
Evethon,,1315,1309745,0
Eten,,890,1309741,0
Chinabaize,,1452,1309721,0
Kornani,,1443,1309704,0
Wangzi,,828,1309702,1
Zakka,,1487,1309692,0
Chen,,1668,1309686,0
Grymsch,,1756,1309685,0
Kormusa,,1356,1309684,0
Korduckxy,,1938,1309684,2
Xixi,,1658,1309673,0
Koreablue,,1624,1309671,0
Alice,Challenger,1702,1309669,0
Onnadna,,1310,1309664,0
Momoza,,1567,1309663,0
Tiziz,,1655,1309637,0
Chinablahs,,1439,1309637,1
Doti,,1718,1309630,4
Jackjiane,,1370,1309622,2
Gunnima,,1676,1309611,1
Cugiz,,1455,1309603,1
Edeke,,1430,1309589,4
Sarman,,1413,1309589,2
Ekatha,Challenger,1793,1309572,1
Obregi,,1671,1309568,0
Moonjaeang,,1506,1309553,0
Chinacct,,1028,1309544,0
Jojo,,1193,1309523,1
Chinahz,,1557,1309522,5
Golducky,,1486,1309512,2
Cobnov,Challenger,971,1309499,0
Jose,,1803,1309497,3
Ruhegel,,1744,1309448,3
Chinakaty,,1496,1309446,2
Koritabun,,1447,1309422,7
Nohope,,1215,1299680,2
Artemisa,,1344,1299568,0
Donquixote,,1201,1299510,10
Dominator,,1264,1299482,0
Ddddddddd,Challenger,860,1299418,6
Ephemeral,,1345,1289662,0
Korgohi,,985,1289640,5
Evrudne,,951,1289623,4
Math,,1495,1289622,4
Duni,,1651,1289616,4
Madman,,1121,1289609,0
Gornathan,,1688,1289570,2
Inin,,1025,1289552,7
Movit,,1258,1289549,3
Korsnowman,,1424,1289543,1
Veci,,965,1289526,0
Korbaek,,1066,1289507,10
Kortw,,1702,1289501,2
Bouba,,1649,1289476,1
Muldyhop,,754,1289423,4
Oppangw,,1051,1279548,5
Vetha,,1242,1279538,1
Baldur,,1304,1279509,9
Malaclypse,,1414,1279444,4
Omar,,1536,1269586,4
Korearain,,1429,1269584,2
Izusa,,1149,1269569,4
Aurox,Challenger,1664,1269512,5
Lavaki,Challenger,1582,1269508,3
Cushodi,,1004,1269486,4
Korboom,,976,1269469,3
Kore,,1458,1269467,5
Zira,,1089,1269439,3
Teletubby,,1941,1269423,1
Agresi,,1685,1259746,3
Ollaz,,1135,1259688,0
Laurence,,1455,1259664,0
Korjuny,,1482,1259617,3
Tempusjr,,1279,1259605,1
Jagril,,1037,1259596,0
Sprinkles,,1082,1259515,0
Onslaught,,1298,1259513,2
Saber,,1329,1259499,0
Nile,,1152,1259464,0
Rupar,,964,1259437,7
Korakreneg,,861,1239646,1
Opel,,1039,1239626,2
Shion,,1421,1239596,2
Darkfeed,,1363,1239581,2
Noas,,1012,1239580,4
Tian,,1793,1239574,6
Verona,,1456,1239574,4
Shalalala,,1228,1239572,1
Isaactwo,,1320,1239544,3
Hinamaru,Challenger,852,1239536,4
Jotuhi,,1151,1239530,4
Linnake,,1511,1239529,0
Cross,,1000,1239528,1
Paraethia,,1307,1239525,3
Chinafox,,1677,1239507,5
Marusia,,1624,1239503,7
Korlotto,,1191,1239501,14
Carolina,,879,1239492,3
Risas,,1465,1239479,6
Coldet,,1328,1239472,6
Koryoon,,1518,1239463,6
Scuba,,1561,1239460,2
Hanseomam,,1438,1239439,3
Lintham,,1355,1239431,3
Oreo,Challenger,1154,1239418,1
Scarynose,,1037,1239412,5
Yaboo,,920,1239403,2
Space,,1049,1239402,5
Gone,,1703,1239401,3
Korboss,,1314,1229618,2
Adventurer,,863,1229542,2
Rubaka,,1798,1229490,4
Mario,,950,1229482,5
Avama,,448,1229482,9
Korbruce,,1055,1229459,4
Enoz,,1101,1229450,2
Noobsbane,,1327,1229447,2
Pinoyhenyo,,1185,1229440,0
Michyg,,1320,1229413,0
Jadaysdiss,,1136,1219614,3
Verusya,,1615,1219580,1
Axlgeorge,,1257,1219571,2
Olem,,1011,1219504,1
Snifff,,733,1219481,3
Mila,,1289,1219461,2
Maryjane,,793,1219410,3
Cela,,1386,1219410,7
Mack,,699,1219406,2
Korpq,,1122,1209795,0
Kvasirgold,,1494,1209764,0
Monechi,,1332,1209731,5
Ogoz,,1215,1209723,2
Misega,,1126,1209712,0
Could,,1515,1209710,0
Krunknown,,1440,1209708,0
Ruvata,,1807,1209693,4
Anbbtw,,1453,1209693,0
Besnboo,,1341,1209690,0
Bomal,,1013,1209678,0
Nomatter,,1406,1209676,3
Caixukung,,1235,1209672,0
Kraes,,1098,1209669,0
Jackie,,1488,1209658,5
Kabe,,1584,1209653,8
Chinabei,,970,1209646,0
Biba,,1181,1209644,1
Zuda,,1354,1209635,0
Toxic,,1361,1209624,1
Nita,,1299,1209621,4
Tathoz,,1154,1209610,7
Malacant,,633,1209596,0
Turgeon,,1214,1209595,2
Zezoga,,1369,1209588,6
Nitto,,820,1209586,0
Bloodwyn,,1193,1209578,2
Lanfear,,1124,1209572,4
Crom,,920,1209567,0
Derxler,Challenger,1579,1209557,6
Mnew,,644,1209543,0
King,,695,1209536,0
Korbgh,,964,1209527,14
Tunra,,1730,1209527,3
Evircok,,846,1209514,1
Chinawl,,705,1209503,0
Zarazwrac,Challenger,1073,1209477,3
Makas,,1076,1209460,0
Invictus,,1179,1209446,3
Jiren,,1495,1209435,0
Arawn,,1018,1209422,2
Haosess,,1344,1199503,0
Alorte,,1006,1199434,1
Dudez,,822,1199425,7
Vakra,,733,1189631,1
Sirjohn,,1191,1189608,2
Kitkat,,870,1189603,2
Drozik,,1147,1189601,1
Dank,,1021,1189596,5
Korearyu,,870,1189596,1
Koreana,,1366,1189575,2
Fagus,,1231,1189493,2
Slaninacz,,1029,1189492,2
Lexi,,1170,1189449,5
Trialerror,,501,1189443,3
Kyler,,1311,1189436,6
Zekke,,899,1179689,0
Youngim,,1191,1179612,4
Krepan,,974,1179577,0
Drdavid,,1678,1179566,1
Redobra,,723,1179566,3
Ekomon,,1394,1179521,0
Case,Challenger,382,1179513,2
Aduhe,,1026,1179467,7
Zerei,,1300,1179433,5
Ahat,,1117,1179420,3
Psycho,,620,1169608,1
Mianmian,,1141,1169547,1
Pekorin,,921,1169512,1
Xnedra,,1369,1169426,2
Gonet,,805,1159838,0
Arkut,,1479,1159832,0
Universe,,1046,1159778,0
Ibeba,,1612,1159775,1
Yang,,1590,1159764,0
Onruta,,1247,1159761,1
Kidnabi,,942,1159738,1
Korkor,,1740,1159734,0
Sisim,Challenger,1075,1159725,0
Phoshero,,1278,1159717,0
Ebrathe,,1265,1159716,0
Adam,,832,1159712,1
Herkeri,,1320,1159706,3
Erciges,,1626,1159694,0
Cushed,,783,1159693,0
Lavi,,1186,1159691,1
Chinajia,Challenger,1308,1159689,0
Busa,,881,1159689,0
Ibula,,839,1159670,1
Bbakki,,1138,1159660,3
Ageu,,975,1159655,5
Evraza,,821,1159627,2
Sica,,953,1159608,1
Aven,,881,1159606,1
Lokri,,1137,1159604,3
Korpaladin,,1039,1159602,6
Agasfer,,1117,1159601,1
Tarte,,809,1159598,0
Korqc,,1016,1159598,6
Odnin,,1100,1159592,1
Storm,,557,1159582,1
Athena,,683,1159572,0
Eliza,,1328,1159529,6
Azun,,581,1159527,0
Chris,,660,1159503,5
Viki,,598,1159486,3
Wohoo,,1325,1159453,0
Emashi,,924,1159432,1
Ardella,,754,1149639,6
Avidre,,1060,1149596,3
Tade,,836,1149545,3
Egal,,1077,1149537,0
Fartman,Challenger,597,1149512,2
Uncrowned,,1624,1139803,1
Zerkerz,,1553,1139704,1
Cichi,,1022,1139615,2
Topek,,939,1139601,2
Runne,,1103,1139600,1
Kirgudur,,905,1139586,2
Ireshel,,1545,1139569,5
Vamp,,1241,1139566,6
Legus,,1060,1139548,1
Chinayyo,,1027,1139547,8
Xantor,,1036,1139546,3
Roshal,,883,1139530,0
Duthes,,1294,1139520,5
Hoce,,1083,1139518,2
Gama,,1050,1139501,3
Sema,,1291,1139489,1
Laodalaile,,951,1139489,5
Itudne,,1048,1139465,8
Bohicag,,1435,1139450,6
Soarer,,1091,1139430,5
Karig,,1273,1129667,2
Disha,,930,1129591,4
Chanksi,,888,1129583,5
Korstar,,1126,1129552,8
Sukrez,,404,1129528,3
Rumakc,,1116,1129518,6
Bitozi,,652,1129513,1
Sharsor,,520,1129485,0
Kowal,,408,1129483,0
Ichavrol,,1132,1129478,1
Cole,,516,1129442,6
Mage,,1068,1129406,0
Rengar,,1787,1119672,10
Idil,,1024,1119610,5
Dabomei,,664,1119601,5
Jasi,,1120,1119598,3
Ifrolik,,759,1119594,3
Floyd,,1329,1119593,0
Crew,,847,1119577,0
Oiram,,1017,1119533,4
Nidhogg,,643,1119507,5
Karmagedon,,591,1119501,3
Cezesha,,373,1119482,1
Zigg,,523,1119481,3
Diesel,,860,1119475,0
Evuli,,1007,1119456,6
Gakruve,,390,1119443,3
Hmmm,,561,1119437,3
Ishatha,,1004,1119407,4
Zadi,,1010,1109799,0
Chinabo,,1335,1109789,0
Zuse,,1057,1109788,0
Ataji,,787,1109778,0
Ezek,,1208,1109770,2
Alise,,1218,1109754,0
Chinakkk,,1049,1109749,2
Jinjinwa,,751,1109747,0
Fluffy,,1128,1109746,1
Josa,,991,1109742,0
Rodrurki,,1190,1109737,1
Gije,,1216,1109734,2
Aced,,1154,1109734,0
Gina,,1233,1109733,8
Kordosodi,Challenger,1432,1109722,9
Sherwin,,1188,1109719,2
Kuaile,,1025,1109719,2
Diba,,1019,1109719,0
Hugorune,,1362,1109718,0
Ghsf,,1103,1109718,3
Event,,472,1109714,2
Ejasa,,1099,1109709,3
Qnfrk,,857,1109708,1
Chinairon,,1209,1109693,10
Burgafre,,925,1109689,6
Koreamoon,,1026,1109688,3
Gelas,,900,1109685,8
Zeus,,1022,1109684,0
Achonal,,409,1109676,0
Anrhfflq,,859,1109672,3
Keci,Centurion,1112,1109672,0
Idet,,569,1109672,3
Taiwanisch,,1006,1109666,2
Ellomom,,909,1109665,1
Korwaz,,1366,1109663,0
Irin,,573,1109662,0
Abikifor,,1223,1109658,4
Chinaa,,928,1109658,3
Tita,,1000,1109650,4
Godil,,946,1109641,1
Paddy,,1079,1109630,2
Azes,,1209,1109620,7
Bach,,447,1109616,6
Pokoyo,,1413,1109612,0
Rishi,,713,1109606,0
Darkwing,,856,1109604,2
Wardog,,1364,1109602,9
Koreminem,,1314,1109601,6
Erkuchon,,820,1109597,2
Nanfang,,961,1109591,4
Vovra,,727,1109588,2
Memeda,,994,1109577,1
Felrock,,558,1109577,0
Jine,,595,1109575,1
Jujori,,858,1109565,0
Chinaimo,,967,1109564,5
Konan,,1098,1109530,9
Doyun,,1180,1109523,13
Othela,,939,1109511,6
Akrurdi,,450,1109509,3
Zora,,1111,1109495,4
Rudimon,,771,1109486,6
Tenderloin,,1056,1109459,1
Kamandanu,,917,1109436,18
Tesa,,542,1109417,3
Kloppini,,527,1109407,3
Faceless,,562,1109405,3
Soti,Challenger,595,1099592,2
Selene,,897,1099548,5
Kyle,,877,1099545,0
Bigreal,,592,1099522,0
Erdorkog,,303,1099521,5
Vinne,,470,1099442,3
Leona,,831,1089621,4
Gakromi,,592,1089614,0
Giacometta,,934,1089610,2
Asohas,,1019,1089609,2
Clarity,,885,1089600,3
Anbrat,,1124,1089590,6
Nerte,,756,1089545,0
Fang,,1176,1089525,2
Ajax,,835,1089525,3
Ilam,,451,1089523,1
Rwubaby,,787,1089514,2
Dangus,,1094,1089494,3
Roger,,555,1089492,4
Bingbing,,858,1089480,3
Aley,,753,1089475,3
Irdon,,1223,1089466,1
Virim,,432,1089459,1
Teze,,743,1089454,8
Kaged,,947,1089442,2
Edlover,,903,1089413,7
Arden,,507,1089404,3
Rutania,,970,1079595,9
Chinadan,Challenger,1250,1079584,4
Gulimok,,1049,1079579,1
Overbuzzy,,972,1079554,4
Saminri,,1055,1079551,13
Kakre,,842,1079540,2
Medak,,503,1079532,1
Kuwait,,499,1079504,3
Harami,,920,1079486,0
Anun,,734,1079416,8
Okeg,,853,1079410,0
Chenp,,828,1069660,2
Nocina,,483,1069590,1
Reviz,,479,1069589,8
Ruandrey,,635,1069578,6
Hercules,,788,1069491,4
Mivesa,,734,1069411,6
Hivete,,918,1069407,0
Chinacctv,,1727,1059932,0
Murasaki,,1064,1059773,0
Relli,,447,1059767,0
Bana,,516,1059764,0
Koruchi,,569,1059763,0
Ceshaze,,597,1059747,0
Lunotha,,816,1059744,0
Glory,,645,1059739,0
Zogrime,,390,1059737,0
Zivi,,662,1059732,2
Madren,,901,1059724,0
Cole,,553,1059723,0
Isutha,,403,1059719,0
Ocidret,,602,1059715,0
Slayerz,,1172,1059709,4
Budoz,,948,1059705,3
Muze,,589,1059697,0
Monra,,781,1059687,0
Melkor,,884,1059673,2
Diedi,,490,1059664,1
Ariri,,962,1059656,1
Kakarot,,1100,1059653,5
Kazi,,868,1059645,5
Kuzil,,522,1059644,4
Osag,,412,1059635,0
Goldrush,,478,1059627,0
Korpit,,852,1059616,1
Thorgal,,826,1059585,2
Kratos,,825,1059580,0
Hera,,423,1059564,2
Nani,,434,1059558,0
Bgisa,,582,1059544,0
Ezada,,601,1059529,0
Enit,,1192,1059510,4
Zorkaje,,373,1059500,1
Eustachy,,318,1059424,5
Hiha,,655,1049620,0
Mavom,,532,1049613,5
Slash,,1005,1049578,2
Billi,,491,1049576,0
Lenroci,Challenger,794,1049536,1
Ishas,,930,1049493,0
Ednaloz,,297,1049478,0
Hoza,,441,1049462,9
Junnebi,,946,1049455,1
Hesisi,,341,1049428,6
Lyca,,785,1049421,2
Kezeci,,790,1049412,3
Twirlwind,,726,1039784,0
Rugreci,,1078,1039767,0
Kormutu,,809,1039669,2
Oben,,1221,1039594,4
Cose,,427,1039570,3
Zabe,,864,1039544,4
Kortotoro,,702,1039543,5
Alice,,884,1039533,1
Dala,,398,1039526,1
Qing,,527,1039521,5
Jeedee,,1112,1039517,2
Anjing,,1206,1039496,0
Rubarb,Centurion,1046,1039489,3
Rusich,,1079,1039486,1
Icbc,,681,1039481,6
Cedrum,,351,1039481,1
Enren,,428,1039479,8
Ronal,,1153,1039477,13
Fiddler,,967,1039473,2
Sabi,,360,1039453,3
Ehuz,,1035,1039442,1
Cloud,,482,1039434,1
Rugreen,,708,1029693,5
Astella,,1041,1029513,1
Kormin,,741,1029475,3
Maximus,,346,1029474,5
Asar,,580,1029467,1
Rusmith,,581,1029448,10
Huainiu,,360,1029429,3
Ecita,,229,1019682,2
Rohee,,1064,1019672,2
Zaga,,741,1019657,1
Abrig,,887,1019625,5
Locek,,385,1019615,1
Zeena,,546,1019615,8
Olot,,430,1019543,4
Sodez,,384,1019542,3
Sagan,,318,1019488,3
Saigon,,457,1019434,6
Good,,313,1019429,2
Idimun,,417,1019422,2
Rudokop,,498,1019414,4
Gama,,331,1019410,2
Sanlin,,1006,1019409,4
Maru,,1057,1009868,0
Miva,,1453,1009865,0
Korbbb,,707,1009842,0
Ivovra,,894,1009836,0
Jufre,,920,1009777,4
Partyon,,948,1009767,1
Mute,,534,1009763,0
Chinazht,,712,1009757,0
Agathaj,,362,1009754,4
Bemal,,836,1009752,1
Ikorzez,,565,1009750,4
Chinarong,,837,1009745,0
Kidra,,521,1009739,0
Mabel,,785,1009733,1
Posj,,575,1009724,1
Ajorki,,331,1009722,1
Destroyer,,1578,1009716,7
Dulum,,710,1009710,1
Egriz,,449,1009705,0
Ashes,Challenger,347,1009699,0
Cakug,,850,1009688,3
Ciri,,833,1009688,0
Goldar,,895,1009687,1
Wenwen,,771,1009685,0
Elliz,,612,1009684,0
Etoja,,849,1009678,0
Ozachem,,762,1009671,3
Luvaga,,691,1009668,3
Muzudi,,707,1009666,5
Rankatoco,,335,1009663,0
Anibal,,671,1009660,3
Melania,,294,1009654,5
Akhenaten,,620,1009653,0
Flash,,679,1009652,0
Shampoo,,787,1009647,0
Chinalll,,959,1009647,2
Jddghhf,,655,1009635,0
Slayer,,548,1009633,1
Godinn,,339,1009632,0
Rerzorza,,382,1009630,1
Korea,,745,1009623,0
Dote,,971,1009617,1
Spurss,,631,1009614,5
Shade,,792,1009606,4
Blackstone,,666,1009600,0
Ethum,,321,1009600,1
Kore,,861,1009598,3
Agag,,370,1009594,3
Adrenalina,,348,1009581,0
Bakka,,352,1009575,0
Mavrix,,651,1009566,0
Pupper,,555,1009558,0
Humi,,754,1009555,2
Etomug,,313,1009553,0
Zinni,,511,1009553,0
Stpnjs,,319,1009550,3
Etig,,622,1009548,0
Gehin,,710,1009544,4
Farmer,,622,1009539,2
Dikre,,323,1009533,1
Aziti,,365,1009518,2
Ibrahimus,,403,1009514,2
Ragnarok,,249,1009500,4
Ygritte,,494,1009460,6
Smash,,405,1009459,0
Blah,,541,1009454,0
Azobus,,279,1009429,1
Bebi,,535,1009413,1
Zadaz,,993,999606,1
Luni,,999,999593,6
Kuangzs,,408,999579,0
Ssagcal,,670,999573,0
Alucard,,296,999560,9
Miti,,330,999544,1
Hero,,568,999520,0
Detha,,598,999511,2
Cisi,,379,999459,0
Yone,,283,999453,1
Dunri,,281,999433,6
Danynah,,378,999404,7
Love,,599,999401,6
Jinnasi,,757,989655,1
Dakoro,,446,989630,4
Lunnol,,359,989616,1
Artem,,385,989608,1
Nazgul,,515,989601,2
Head,,563,989559,3
Arkosa,,755,989555,2
Speedx,,530,989541,0
Barbar,,506,989525,1
Baracudana,,392,989509,3
Kunag,,470,989465,3
Gachece,,342,989448,5
Vedri,,496,989445,1
Abort,,239,989440,3
Magraja,,484,989428,2
Jill,,473,989421,3
Ithik,,529,989407,11
Makakiy,,580,979588,8
Mariko,,247,979580,2
Rach,,357,979563,2
Jessica,,425,979542,4
Ahehi,,247,979525,7
Weew,,479,979514,0
Nova,,375,979501,8
Chinacode,,371,979462,8
Acro,,361,979433,4
Orcorzi,,412,969653,4
Maki,,799,969601,0
Rakos,,250,969544,2
Stizzle,,632,969513,7
Molag,,612,969502,2
Ahan,,557,969484,0
Arol,,661,969462,8
Onnid,,402,969460,4
Inoxius,,351,969438,6
Lachiz,,842,959781,1
Jdot,,476,959778,1
Kimi,,1047,959766,2
Alunnim,,644,959760,0
Onarom,,535,959754,0
Nhat,,925,959748,3
Oboca,,683,959731,0
Ejothun,,819,959722,0
Beshe,,390,959721,0
Sssdfs,,521,959720,3
Rida,,725,959720,1
Lajut,,577,959707,0
Onofren,,322,959707,0
Hoonter,,790,959707,3
Kent,,722,959698,2
Tinman,,863,959691,1
Ergeja,,968,959689,2
Yangtianyu,,386,959683,0
Hejeja,,412,959681,0
Arudik,,718,959671,1
Bisita,,431,959667,1
Tothi,,300,959659,0
Moqui,,544,959659,2
Cona,,427,959631,0
Svingarn,,515,959631,7
Detel,,623,959630,0
Zoroaster,,1120,959620,1
Leia,,472,959618,0
Kenhe,,553,959612,2
Nitemarish,,308,959605,3
Arzil,,785,959595,0
Korvolt,,380,959583,0
Orin,,476,959572,1
Artafraz,,673,959571,1
Girzora,,316,959564,0
Arcadnal,,513,959554,0
Juvia,,555,959539,1
Alex,,452,959537,2
Korzero,,505,959509,6
Vedeli,,276,959498,4
Elwen,,292,959489,0
Lesgo,,369,959417,3
Jeff,,290,959413,5
Guda,,347,959404,6
Ruiriwa,,340,949681,4
Arturgat,,243,949646,3
Ashom,,250,949525,2
Ramadama,,665,949525,2
Geche,,431,949417,3
Hopper,,285,949414,0
Zorgevi,,442,949403,6
Paladino,,463,939699,0
Aniri,,711,939694,0
Artene,,439,939648,0
Hezuja,,571,939645,0
Fourtwenty,,336,939608,1
Renrijra,,458,939607,4
Karichiw,,329,939588,4
Lucifer,,567,939587,4
Errorx,,366,939570,0
Yoloma,,530,939549,1
Ruikona,,307,939531,3
Chinazz,,716,939530,0
Sogon,,234,939530,3
Acemanft,,325,939526,4
Lala,,530,939525,19
Cole,,348,939524,1
Ozikul,,752,939513,6
Yhuxie,,291,939504,2
Mekim,,686,939493,4
Vothana,,406,939456,2
Augustinus,,380,939445,3
Izabri,,303,939444,17
Karu,,351,929647,0
Dailkin,,518,929631,2
Hurricane,,416,929602,1
Hamoodi,,315,929574,0
Onrusat,,260,929569,2
Galadriel,,593,929551,3
Ozozi,,229,929506,4
Production,,418,929454,5
Hello,,356,929426,1
Zica,,637,929420,6
Raon,,676,929414,1
Icez,,442,929401,1
Aluni,,484,919598,2
Nuya,,300,919589,0
Jooo,,274,919587,2
Lartevi,,305,919569,0
Avantgarde,,291,919556,1
Seema,,444,919551,5
Sheriiii,,694,919546,2
Argela,,798,919531,1
Ladrok,,211,919505,2
Warrior,,641,919481,8
Reka,,294,919442,1
Orcivret,,422,919436,6
Naga,,316,919436,6
Atemen,,422,919434,2
Ethan,,321,919425,4
Catelyn,,263,919420,4
Chinayang,,1166,909907,1
Elendil,,691,909821,3
Chinamars,,592,909789,0
Hohozun,,455,909786,1
Korvolt,,714,909781,0
Newword,,371,909775,0
Kiwi,,924,909772,0
Zanlaael,,478,909763,1
Deniro,,371,909761,2
Ohicos,,893,909754,0
Irtufri,,596,909749,1
Demoja,,896,909744,11
Repluged,,333,909738,1
Othon,,769,909734,0
Gunter,,764,909718,1
Edera,,335,909712,0
Lisvv,,712,909708,0
Jici,,462,909699,7
Oduz,,440,909694,0
Othinri,,354,909691,0
Habi,,511,909687,0
Robevent,,742,909665,1
Nekre,,521,909655,2
Geri,,248,909655,2
Mujenia,,300,909642,1
Rugraiver,,606,909638,2
Ivus,,248,909633,1
Badtea,,441,909630,6
Zenra,,225,909627,0
Amire,Challenger,761,909625,1
Arul,,878,909615,0
Mong,,278,909615,1
Korpt,,230,909613,2
Huti,,343,909612,2
Ejil,,378,909611,1
Esharod,,404,909611,1
Sezon,,414,909611,7
Jinneg,,638,909595,0
Drawolf,,474,909593,1
Chinadeta,,641,909591,2
Shesh,,401,909586,0
Freja,,302,909579,9
Freedman,,259,909575,4
Skywoods,,252,909573,7
Sunny,,299,909571,0
Misel,,317,909571,2
Sunny,,328,909570,0
Bimus,,267,909570,0
Oshose,,444,909569,0
Ekcu,,341,909565,4
Zeze,,625,909555,5
Phoebe,,823,909549,2
Degete,,295,909525,0
Knight,,267,909524,1
Sodi,,268,909523,3
Adanal,,633,909515,0
Kamme,,233,909511,0
Simple,,284,909508,2
Avat,,504,909507,14
Onixya,,327,909506,1
Rahmi,,307,909500,0
Hahafei,,345,909463,10
Visha,,372,909461,3
Bulid,,302,909437,9
Demoshe,,284,909425,0
Numan,,478,899604,1
Omad,,321,899582,5
Arted,,343,899548,1
Necrofrost,,715,899547,0
Tuka,,240,899510,1
Allimi,,750,899405,17
Hicitha,,367,889629,1
Korjdragon,,591,889610,3
Sunny,,303,889592,0
Tudi,,282,889560,2
Darkhand,,667,889546,6
Txingzz,,307,889531,2
Annatotnak,,313,889518,3
Ellethi,,301,889496,8
Conan,,434,889489,5
Cajida,,729,889484,1
Lunos,,777,889461,5
Somphi,,389,889454,13
Visas,,289,889443,2
Tedecha,,375,889435,4
Okil,,288,889420,4
Emall,,268,889409,3
Swag,,471,889402,4
Vivi,,270,879668,2
Arkug,,343,879597,1
Gejek,,276,879595,1
Ibrekez,,264,879593,1
Rare,,240,879561,0
Agus,,379,879555,0
Komi,,325,879508,7
Obedi,,439,879494,2
Bane,,270,879478,1
Vini,,332,879469,1
Duthobe,,337,879463,3
Idama,,255,879463,8
Dejuja,,212,879456,5
Kurcobe,,254,879448,0
Ashatus,,558,879428,1
Akral,,248,879426,0
Zidorta,,301,879414,3
Vamp,,593,869695,4
Jogiza,,304,869633,2
Tothimi,,194,869583,4
Alodnus,,375,869527,4
Enis,,275,869518,3
Qwerty,,217,869505,4
Aleksandr,,174,869500,7
Pokraka,,235,869475,1
Onnami,,367,869466,2
Norze,,297,869440,16
Ollit,,301,869429,4
Korllovob,,844,859931,0
Dida,,621,859836,0
Mette,,326,859750,0
Heartborne,,593,859736,0
Eliseu,,413,859701,0
Edevi,,284,859695,1
Test,,348,859676,0
Exowneon,,370,859675,0
Zogi,,655,859674,0
Gone,,462,859673,3
Tide,,382,859672,2
Muga,,239,859665,0
Icifrag,,206,859653,0
Kantutan,,146,859649,0
Charge,,219,859640,0
Annas,,203,859632,0
Bulgartemp,,267,859592,0
Danita,,475,859592,0
Runus,,209,859582,0
Ozedot,,322,859561,0
Bese,,285,859556,0
Ethole,,230,859519,0
Eves,,310,859511,4
Banny,,505,859506,3
Klakhang,,350,859481,1
Suvre,,238,849668,2
Gehohi,,257,849566,2
Barn,,436,849523,0
Gagon,,226,849520,0
Bullovi,,243,849518,0
Otiva,,456,849502,1
Ennak,,218,849457,0
Chinali,,423,849437,0
Dirk,,388,849430,4
Githi,,254,849417,9
Biatch,,209,849407,1
Lijam,,390,839740,0
Dawgtwo,,452,839710,2
Esarkuk,,293,839679,1
Akuku,,280,839637,2
Nina,,401,839636,0
Eshovi,,276,839629,3
Oris,,430,839614,1
Virum,,619,839598,1
Coljak,,266,839591,4
Buba,,259,839576,0
Ryzen,,481,839563,2
Tourbilol,,184,839552,2
Klara,,336,839517,4
Cigila,,406,839511,2
Angel,,192,839499,3
Sovi,,515,839498,7
Erela,,364,839490,2
Miluk,,590,839471,0
Chinaxjw,,328,839460,6
Korkw,,343,839460,3
Didi,,351,839457,1
Leganna,,276,839446,7
Asog,,280,839411,1
Tosi,,364,839405,3
Toruthe,,347,829718,0
Ifrejik,,177,829664,8
Trauma,,186,829629,4
Kaidou,,179,829583,5
Goofnut,,506,829545,0
Gnome,Challenger,492,829537,9
Seraphim,,310,829524,0
Matrempit,,682,829505,0
Valkyr,,174,829503,3
Orgude,,295,829446,2
Ruyoda,,476,829434,2
Noshe,,236,829424,2
Gura,,170,829419,7
Venik,,434,819686,3
Hihan,,430,819651,3
Iamagay,,181,819619,1
Ovillid,,405,819613,4
Leci,,344,819611,3
Aaaaaaa,,191,819584,2
Chupacu,,209,819575,2
Jiki,,575,819530,4
Aceticus,,243,819515,2
Lorna,,223,819509,2
Abume,,208,819502,2
Jasha,,213,819442,3
Halos,,958,809932,0
Yuna,,703,809842,0
Holi,,696,809821,0
Cctv,Challenger,510,809814,1
Volcov,,340,809802,0
Zidi,,547,809783,0
Gago,,487,809773,1
Demonsword,,175,809773,1
Annom,,290,809761,0
Ethosi,,242,809752,0
Zabat,,531,809752,6
Lujohe,,310,809748,1
Sale,,310,809740,1
Dasace,,400,809736,1
Izod,,431,809723,0
Pewsk,,210,809691,1
Aragorn,,672,809690,3
Kimevent,,226,809686,2
Amaki,,289,809674,2
Leeb,,360,809668,1
Hele,,187,809667,0
Kunrodna,,646,809664,0
Rinda,,255,809661,0
Artakus,,582,809657,0
Alovi,,218,809646,15
Lugness,,384,809642,0
Arzecim,,469,809638,0
Cypryton,,179,809636,0
Vinra,,252,809635,3
Lorie,,288,809631,11
Huje,,403,809631,0
Ogrise,,223,809627,0
Izod,,296,809620,9
Naschkatze,,523,809617,0
Abeki,,190,809611,10
Athena,,532,809609,0
Eded,,195,809609,0
Chojduj,,338,809608,1
Munkill,,393,809605,0
Jidri,,284,809598,0
Rutenna,,456,809595,0
Avrit,,315,809587,2
Agol,,234,809575,0
Theodor,,247,809570,0
Ednubik,,320,809561,0
Buseka,,515,809557,3
Ozzing,,225,809553,3
Muboce,,339,809522,0
Rayian,,262,809505,0
Ovunni,,238,809501,0
Lagrut,,543,809482,1
Kerka,,202,809455,3
Xtcfans,,413,809448,3
Brunhilde,,258,809420,2
Ecelul,,194,809408,2
Ecoceg,,274,799668,3
Sigek,,231,799603,1
Dihiz,,263,799578,0
Riven,,298,799520,2
Loosafur,,185,799509,8
Fukstick,,237,799406,4
Seki,,271,789674,0
Freddy,,394,789630,2
Cithe,,209,789627,13
Jarrath,,342,789624,0
Pewpew,,368,789594,1
Levy,,204,789544,3
Veris,,298,789537,0
Inuge,,391,789530,4
Warrior,,248,789525,2
Okivre,,325,789507,6
Abcb,,308,789493,4
Yiyiyi,,258,789453,2
Hasu,,180,789434,2
Babasmash,,361,789407,4
Iluvim,,194,789405,2
Eventmaker,,162,779643,1
Lovod,,424,779611,3
Xuener,,613,779554,0
Sociopat,,217,779543,2
Jefroshe,,300,779532,8
Gethin,,174,779519,2
Cinta,,216,779512,2
Ovet,,324,779495,1
Odillik,,566,779479,3
Ahabal,,254,779446,0
Orzuci,,186,779421,1
Sozig,,213,779420,3
Zilica,,650,779403,2
Slasher,,221,769627,0
Sudis,,306,769528,1
Zizaz,,376,769483,9
Shaelinrae,,221,769480,3
Sacrious,,210,769433,7
Artanis,,234,759835,0
Sannerdi,,759,759772,3
Rotim,,580,759764,0
Titisa,,213,759721,2
Aife,,302,759709,0
Heuricayn,,315,759698,0
Gaul,,240,759665,0
Bake,,432,759664,1
Araknud,,299,759659,0
Silvia,,215,759658,0
Erut,,204,759657,1
Lashi,,340,759645,2
Judnigi,,185,759640,0
Tace,,272,759630,0
Sexy,,229,759611,0
Itak,,189,759608,1
Diana,,434,759508,6
Eshala,,226,759504,4
Eventhero,Challenger,296,759502,3
Merzurce,,271,759492,0
Mate,,300,749760,0
Crusher,,340,749729,4
Nelishe,,189,749656,4
Mwwing,,247,749646,3
Aleria,,265,749639,4
Bacchus,Challenger,230,749629,0
Roland,,211,749601,0
Ifregruz,,253,749591,2
Kayla,,171,749548,1
Allava,,562,749537,3
James,,186,749523,0
Bebea,,338,749520,1
Crestron,,585,749518,4
Starfight,,197,749509,0
Kestria,,253,749508,1
Rschai,,174,749504,2
Leron,,287,749501,4
Chickay,,175,739792,0
Hunad,,178,739709,1
Knight,,349,739670,9
Conapa,,367,739642,1
Said,,410,739628,1
Vori,,218,739619,1
Nimueh,,361,739597,0
Punisher,,164,739592,1
Todisha,,298,739535,4
Yopp,,200,739522,3
Dakat,,171,739521,2
Shrekowa,,278,739477,3
Tazican,,238,739467,0
Rahi,,239,739465,2
Nethili,,149,739447,1
Kushoz,,162,739417,2
Mama,,197,739405,1
Toki,,178,729674,1
Marek,,379,729583,0
Airtonssap,,176,729548,3
Sazok,,417,729540,5
Gothuk,,219,729522,0
Igudi,,160,729466,0
Hikra,,213,719689,2
Lutovra,,217,719686,2
Preacher,,223,719629,4
Azega,,173,719617,2
Boche,,210,719613,1
Bahamut,,405,719609,2
Elysiandyl,,599,719593,4
Irevrum,,203,719566,2
Egum,,203,719448,4
Ososhi,,1580,709906,0
Muci,,466,709842,0
Esdese,,514,709819,0
Esoha,,409,709788,1
Bill,,318,709779,0
Zishem,,431,709767,0
Irurca,,499,709735,0
Ircolatt,,159,709721,0
Nene,,226,709710,0
Schatzi,,214,709706,2
Gurinu,,264,709704,7
Annie,,199,709688,3
Wudalang,,171,709685,0
Bullockee,,264,709671,2
Boom,,262,709671,6
Tekra,,168,709644,0
Agonna,,188,709642,1
Ronan,,542,709627,0
Ogre,,234,709588,3
Nfyn,,283,709585,1
Inrud,,152,709572,9
Iroze,,391,709566,0
Ibaka,,287,709563,1
Tucker,,168,709537,1
Buchine,,170,709518,0
Nigishe,,243,709476,0
Falcao,,401,709415,0
Murder,,157,699698,2
Temp,,248,699660,4
Koriz,,254,699641,0
Demonlord,,267,699641,1
Turtas,,273,699605,2
Erithe,,336,699552,1
Maha,,193,699547,15
Fallen,,373,699510,0
Psyphan,,225,699460,9
Ovos,,243,699438,8
Arez,,354,699438,1
Fyona,,171,699408,1
Diva,,199,689622,1
Vyssevent,,194,689615,1
Acoz,,219,689602,3
Amazon,,125,689570,8
Ubba,,425,689568,4
Tichi,,245,689540,7
Idum,,407,689538,4
Locust,,159,689524,1
Princess,,176,689522,2
Magubri,,287,689479,2
Acirut,,176,689468,2
Eched,,201,689456,2
Oliy,,156,689444,0
Narzag,,255,679714,5
Arwen,,113,679665,1
Ovunan,,109,679629,4
Bonk,,165,679612,1
Yyyy,,239,679601,0
Kagod,,142,679600,1
Irkoda,,201,679589,1
Koryak,,158,679577,1
Ciallmhar,,296,679543,2
Nacarax,,165,679531,0
Lauwie,,143,679529,5
Maeve,,236,679496,0
Vuvrek,,138,679488,2
Oossiissoo,,340,669716,1
Arid,,223,669698,1
Roachella,,276,669603,1
Killerjf,,124,669595,1
Xenon,,224,669584,7
Salupa,,401,669583,6
Puspwr,,172,669545,9
Egrel,,234,669507,2
Vobula,,175,659762,1
Elena,,420,659728,0
Hrun,,256,659714,0
Asura,,172,659713,6
Vikriz,,167,659694,0
Vaki,,124,659691,4
Bandob,,137,659656,0
Sarahmax,,163,659645,0
Obug,,193,659638,1
Kini,,171,659634,1
Arcul,,141,659632,0
Borgaf,,190,659632,0
Anrirkot,,174,659629,0
Gamom,,207,659619,0
Pawla,,394,659602,0
Covus,,337,659587,0
Slack,,164,659586,11
Sotha,,298,659566,0
Ofoff,,166,659505,0
Argen,,126,659493,5
Mirlol,,218,659481,1
Walder,,184,649719,0
Chapoenkz,,100,649694,0
Sedgle,,164,649639,1
Davidusz,,221,649602,1
Kathi,,270,649575,3
Rothoni,,414,649567,1
Agronrag,,221,649508,0
Waki,,278,649495,2
Nava,,142,649492,1
Musudi,,311,649485,4
Ethetel,,376,649439,6
Chinajet,,212,649420,2
Gorgik,,157,649412,7
Iroc,,103,639716,0
Gadnes,,177,639693,0
Blank,,199,639689,1
Arcashe,,190,639653,1
Ebom,,318,639612,0
Atujes,,151,639587,0
Ogeti,,228,639548,1
Ileze,,200,639533,3
Doga,,120,639533,3
Randy,,130,639523,2
Kani,,186,639523,4
Leubiu,,245,639516,4
Jeroun,,226,639507,0
Gethod,,169,639500,6
Loren,,212,639466,4
Sajuuke,,170,639426,4
Hangoverkk,,155,639400,4
Dreyjka,,105,629656,0
Omoz,,111,629644,0
Ithikam,,143,629637,1
Suva,,174,629616,0
Kira,,358,629608,0
Lobet,,157,629582,0
Antivlast,,136,629581,2
Kybo,,258,629567,0
Chinal,,301,629530,1
Ilivre,,451,629525,0
Bellom,,189,629516,3
Nida,,285,629487,4
Cuthami,,254,629479,1
Ocod,,142,629452,4
Narzemi,,140,629451,2
Atelard,,200,629440,0
Ehoris,,142,629432,0
Bloom,,377,629421,0
Karen,,213,629415,2
Hack,,204,619740,2
Omudre,,211,619619,5
Lurek,,136,619611,7
Thor,,316,619593,1
Ichevrin,,239,619577,4
Caca,,196,619542,6
Idul,,201,619536,2
Tanos,,151,619520,0
Tiger,,271,619500,3
Ffklll,,164,619496,4
Tegrira,,173,619449,1
Xananb,,96,619411,4
Importin,,258,619411,2
Anarchy,,109,609818,0
Cirduce,,132,609813,0
Kudisi,,346,609813,0
Osis,,141,609790,1
Ebodas,,144,609780,0
Wacky,,156,609764,1
Guki,,481,609762,0
Edonen,,235,609747,1
Lirkat,,140,609744,0
Echari,,112,609733,0
Palt,,117,609720,2
Ariesivy,,215,609707,1
Huyhuy,,147,609703,0
Chinaking,,218,609703,1
Tive,,127,609694,0
Fable,,242,609687,1
Herov,,328,609685,0
Juhi,,195,609679,0
Fenrichka,,171,609665,0
Girudi,,143,609660,0
Ozuviz,,115,609656,0
Superovec,,234,609655,4
Chunja,,110,609653,0
Akira,,237,609606,0
Akathas,,240,609576,0
Mcentire,,145,609560,0
Rina,,138,609558,0
Miogi,,138,609553,0
Osod,,135,609527,0
Lina,,220,609506,0
Ohsmelly,,149,609503,2
Erumam,,138,609473,2
Gargiulo,,253,609455,0
Iglbii,,144,609426,1
Veret,,132,609419,3
Alice,,157,599738,0
Ironman,,303,599647,0
Lyuberg,,127,599540,1
Nura,,364,599533,2
Asas,,128,599530,5
Tozi,,150,599525,3
Toden,,190,599518,0
Ares,,318,599513,3
Runuk,,156,589706,0
Veil,,193,589702,3
Sonofre,,243,589669,1
Ugfttg,,198,589613,0
Vuthi,,132,589574,1
Bandob,,112,589554,1
Cass,,121,589526,2
Zeshi,,130,589512,3
Ovore,,166,589505,10
Azak,,218,589446,2
Kobi,,293,589413,3
Kyora,,64,579803,0
Renet,,120,579765,0
Meliodas,,183,579762,0
Kuta,,138,579734,0
Mighty,,123,579657,0
Ivis,,136,579641,1
Zonneva,,151,579616,0
Kendra,,189,579613,3
Shageran,,107,579563,1
Belem,,149,579549,2
Tolan,,158,579531,0
Tima,,153,579502,0
Irgerge,,127,579499,1
Tyhol,,125,569735,2
Vang,,181,569720,1
Dinnis,,235,569662,0
Gaogaik,,153,569596,2
Nebrisi,,166,569526,0
Nimue,,216,569499,9
Mone,,196,569492,0
Innithe,,158,569434,5
Salsalani,,455,559856,0
Avekil,,269,559845,0
Tsun,,134,559814,0
Akurkakel,,230,559796,0
Soul,,98,559746,1
Gava,,247,559742,0
Andy,,491,559726,0
Sydney,,207,559702,0
Alik,,124,559658,0
Tibal,,172,559649,3
Monte,,171,559647,0
Pedigree,,194,559644,1
Maze,,210,559637,0
Makka,,114,559633,0
Bokre,,197,559632,0
Gercad,,97,559631,0
Acuk,,115,559628,0
Nudetha,,139,559613,3
Onok,,135,559609,0
Panda,,147,559598,0
Nenen,,151,559580,0
Moria,,220,559476,0
Ovom,,157,559461,0
Itan,,116,559454,0
Laji,,153,559416,1
Juthe,,59,549725,0
Nive,,114,549722,0
Lecdesuat,,149,549686,1
Lilith,,140,549600,1
Ozag,,107,549581,0
Ladyhavoc,,109,549536,0
Dragast,,228,549506,0
Ordudak,,107,549501,0
Atidri,,213,549500,0
Irzallas,,109,549492,4
Zozoz,,124,549482,5
Gore,,226,549469,6
Kishin,,142,549467,1
Tujoni,,130,549441,1
Voorhees,,126,549434,9
Gitege,,211,549424,2
Erume,,131,549422,2
Swsasa,,95,539811,0
Acofre,,98,539762,8
Lizbeth,,92,539737,1
Kusha,,182,539663,0
Mttwfp,,183,539646,0
Ilefra,,113,539625,1
Masi,,106,539624,1
Amel,,91,539597,0
Janek,,96,539577,0
Xineei,,257,539574,2
Cevri,,128,539565,2
Ribbit,,136,539553,7
Gorin,,307,539545,0
Laji,,149,539540,0
Vibrasim,,105,539534,3
Basez,,140,539533,4
Athishin,,164,539526,0
Ekiji,,191,539520,1
Emud,,118,539508,1
Mork,,96,539470,2
Jojohnson,,146,539454,4
Mera,,35,529805,0
Gord,,131,529737,0
Azeje,,166,529734,0
Tjfwl,,144,529705,0
Rotit,,104,529681,1
Jonni,,100,529669,0
Bakruze,,220,529634,1
Avos,,221,529607,0
Jushahi,,102,529604,0
Edituk,,120,529590,1
Cevig,,174,529574,1
Clyde,,182,529568,0
Infidell,,128,529556,2
Taxz,,163,529544,0
Slyden,,205,529543,2
Kednum,,121,529535,2
Gulalord,,129,529530,2
Egerce,,172,529507,0
Jyoyuz,,89,529507,0
Meli,,132,529405,1
Daddy,,113,519773,0
Dine,,93,519772,0
Rene,,195,519749,0
Hoje,,146,519669,2
Conqueror,,146,519660,0
Namini,,116,519638,4
Darg,,191,519627,0
Tarna,,79,519622,2
Shellana,,198,519610,4
Lulu,,112,519569,2
Kekrek,,141,519553,2
Gili,,90,519547,5
Atig,,166,519521,1
Irgom,,63,519514,2
Dtrolang,,59,519509,2
Abokrez,,271,519508,6
Senani,,86,519485,8
Ennoben,,263,519454,3
Ironcrosst,,114,519403,4
Irdebra,,176,509895,0
Zeochan,,112,509838,0
Higgins,,103,509821,0
Tithola,,99,509809,0
Saucy,,79,509794,0
Somi,,188,509782,0
Mija,,227,509775,1
Jojo,,118,509768,0
Sixhrt,,204,509765,0
Lion,,237,509764,0
Alisa,,152,509763,0
Rahvin,,90,509753,0
Sigen,,217,509743,0
Jore,,90,509737,0
Lithogri,,87,509723,0
Gili,,105,509721,0
Tuthota,,199,509712,0
Irkothun,,73,509709,0
Hado,,181,509698,1
Tess,,352,509690,0
Ruke,,247,509686,0
Thor,,220,509682,0
Illliii,,68,509681,0
Pamela,,109,509680,0
Speed,,58,509673,0
Afrena,,112,509670,0
Zetha,,107,509664,0
Amen,,319,509662,0
Zejedri,,70,509661,0
Cuhabi,,111,509660,0
Jatog,,189,509656,0
Erza,,135,509654,0
Hetema,,76,509651,0
Idusha,,161,509643,1
Abel,,129,509642,0
Mimes,,149,509636,0
Tory,,135,509636,9
Hadi,,326,509635,0
Erduhe,,119,509633,0
Timetodie,,100,509629,0
Timuz,,176,509623,0
Agathor,,124,509619,0
Ikali,,131,509617,0
Eventina,,119,509609,0
Otus,,252,509604,6
Taran,,183,509593,0
Luci,,192,509577,0
Oruti,,189,509575,0
Nokut,,55,509572,0
Dokarga,,265,509553,1
Surgohe,,133,509543,0
Kashiarra,,112,509539,0
Loke,,87,509538,0
Pati,,178,509528,0
Kurzuhe,,191,509507,0
Anlkorea,,53,499696,0
Strongx,,102,499680,0
Kama,,57,499656,1
Valtovx,,148,499653,0
Kalnam,,51,499650,0
Cobega,,120,499596,0
Ivat,,120,499513,1
Lavumi,,121,499471,0
Jillaroo,,118,499460,0
Torvald,,156,499452,1
Bluestone,,242,499421,1
Ichuhig,,48,489731,0
Jare,,147,489691,2
Msevent,,56,489657,0
Perdid,,59,489657,4
Rydleeblak,,94,489655,1
Evuk,,249,489655,2
Ilate,,51,489626,2
Dumule,,153,489620,4
Carnage,,154,489608,1
Anrunan,,91,489604,1
Revra,,114,489600,2
Dhiegho,,143,489573,0
Kulade,,72,489569,1
Logra,,71,489563,0
Isadran,,113,489562,0
Suroni,,110,489559,2
Allache,,76,489497,1
Onyx,,72,489491,3
Asug,,104,489489,4
Novoshe,,192,489481,1
Dexa,,79,489471,3
Guts,,192,489426,1
Gogumi,,156,479744,0
Odren,,180,479728,0
Future,,136,479693,0
Bazuka,,110,479652,0
Emibe,,121,479646,1
Barabas,,91,479597,1
Jecuk,,191,479587,4
Buhekre,,93,479577,0
Ogisha,,95,479565,0
Okez,,176,479529,0
Ruma,,64,479528,1
Walter,,88,479519,0
Birillo,,161,479513,3
Samus,,253,479494,4
Heoxanh,,158,479488,0
Sebruve,,96,479468,1
Atuk,,146,479442,0
Sibi,,127,479441,0
Shadytank,,115,479404,0
Irgen,,94,469773,0
Maiev,,189,469738,2
Koril,,36,469709,1
Cuharti,,88,469703,0
Aruden,,104,469691,0
Edrumid,,98,469686,1
Goldenbone,,122,469683,1
Abinon,,119,469665,5
Nasuca,,107,469659,0
Zzzzzzzgg,,76,469617,1
Zallun,,160,469444,6
Raviolli,,185,469400,3
Xdarz,,75,459816,0
Bongcho,,55,459785,0
Curdi,,216,459784,0
Idan,,125,459726,0
Oviz,,98,459719,0
Ipsofacto,,115,459716,0
Ctwo,,54,459715,0
Ethobi,,117,459714,0
Onafri,,106,459705,0
Avazi,,162,459702,0
Gahi,,105,459694,0
Mazum,,133,459692,0
Mainiac,,169,459691,0
Boten,,62,459668,0
Egojam,,79,459662,0
Nevermind,,113,459661,0
Ifrita,,77,459655,0
Orzusi,,132,459652,0
Cushol,,103,459647,0
Bekroga,,75,459640,0
Capa,,220,459636,0
Vilora,,106,459631,0
Vashe,,286,459609,0
Wunai,,65,459595,0
Largehead,,92,459583,0
Gimp,,94,459535,0
Rattalia,,135,459505,0
Jegace,,197,459501,0
Tyrun,,140,449737,0
Xena,,76,449735,0
Regnak,,82,449721,0
Yummy,,121,449710,1
Rave,,76,449698,0
Rekuma,,91,449687,0
Helol,,60,449671,0
Zimin,,209,449635,1
Odreshek,,131,449588,0
Sana,,93,449577,0
Zige,,126,449547,2
Grimnar,,120,449540,0
Ruswmn,,154,449512,2
Nursetej,,87,449501,0
Ganuthe,,133,449493,1
Lolita,,117,449483,3
Tanjiro,,60,449463,3
Ruci,,76,439804,0
Arya,,56,439699,0
Irgorzem,,79,439696,2
Agonri,,95,439693,1
Fred,,87,439678,1
Aganig,,46,439649,0
Grumpy,,62,439639,1
Petrach,,61,439637,0
Perfexgold,,186,439635,2
Loza,,43,439622,0
Izorke,,31,439620,1
Queynte,,118,439618,2
Valak,,61,439539,4
Ortenri,,195,439487,3
Lirgivi,,83,439486,2
Gajis,,127,429751,0
Ovrola,,28,429726,0
Wlad,,100,429666,0
Alloca,,61,429662,0
Nerki,,63,429621,0
Rzotkiew,,74,429617,0
Gerar,,85,429574,3
Morege,,65,429530,0
Navote,,190,429500,1
Tateishi,,122,419734,2
Nodnana,,165,419720,0
Agul,,72,419718,2
Lotan,,42,419712,1
Skuldugery,,167,419674,0
Jada,,73,419580,1
Jefres,,88,419577,3
Ihuli,,107,419551,4
Gabriel,,49,419494,4
Nori,,65,419486,4
Codin,,145,409791,0
Gimon,,110,409780,0
Nekyo,,92,409768,0
Rusishi,,56,409758,0
Leki,,153,409755,0
Nian,,92,409737,0
Oshuse,,50,409734,0
Aril,,179,409722,1
Vashechi,,56,409719,0
Warrior,,178,409717,0
Tabrun,,90,409709,0
Amig,,87,409709,0
Ivrek,,77,409705,0
Gilusi,,104,409695,0
Stone,,92,409688,0
Laket,,101,409687,0
Ekrul,,145,409682,0
Xuan,,246,409682,0
Nobrarka,,53,409678,0
Rovi,,115,409676,0
Othis,,128,409670,0
Athoked,,173,409667,0
Lefay,,143,409643,0
Racedre,,116,409639,0
Killerann,,67,409632,0
Shnook,,64,409624,0
Dotum,,88,409618,0
Icoshud,,98,409617,0
Ruth,,45,409602,0
Vedun,,141,409580,0
Esuvre,,79,409580,0
Lubedpoopa,,163,409578,0
Aciz,,109,409510,0
Expee,,178,409424,0
Alligun,,91,399786,1
Nami,,104,399740,0
Radum,,74,399675,0
Surunnya,,78,399667,0
Arica,,71,399631,0
Ivent,,131,399623,2
Anrud,,109,399609,0
Gezad,,182,399565,0
Innum,,72,399503,0
Edathut,,46,399499,4
Ollin,,52,399494,0
Kizi,,165,389837,1
Noji,,45,389768,0
Enethal,,220,389763,0
Etoka,,109,389760,5
Hanee,,42,389678,1
Vavalu,,130,389636,3
Freya,,31,389619,0
Johan,,38,389607,3
Jice,,85,389594,6
Yeti,,151,389583,8
Rudjer,,156,389562,4
Goliath,,45,389534,2
Naji,,55,389519,0
Keshe,,60,389515,10
Cref,,18,389503,6
Sado,,81,379820,0
Eliana,,62,379812,0
Amashig,,47,379796,0
Tula,,49,379767,0
Omomel,,42,379761,0
Rain,,58,379751,0
Oshadni,,72,379746,0
Temp,,120,379741,0
Nevot,,85,379730,0
Nosos,,47,379697,1
Biti,,163,379636,0
Crash,,38,379611,0
Menat,,34,379596,0
Lyandril,,65,379560,0
Visemir,,191,379541,0
Aneki,,228,379534,0
Lostliyer,,106,369811,1
Tibat,,145,369798,0
Ogod,,232,369740,3
Filimonia,,71,369739,1
Oguca,,104,369727,0
Lirzehe,,107,369697,1
Rera,,84,369696,0
Eowyn,,35,369679,2
Gertie,,88,369640,1
Gannet,,107,369637,1
Siveta,,33,369619,1
Ninnube,,91,369595,0
Koshul,,52,369558,1
Satirki,,97,359800,0
Ezag,,55,359787,0
Rybo,,34,359730,0
Jefdav,,28,359726,0
Fighter,,91,359721,0
Quan,,119,359699,0
Kabize,,97,359675,1
Resi,,76,359667,0
Gutshot,,35,359642,0
Synltl,,131,359627,0
Cass,,118,359543,0
Fedoroff,,99,359541,0
Cebrem,,999,349923,0
Kivrubri,,20,349815,0
Moljnir,,104,349807,0
Ching,,81,349784,0
Orged,,205,349752,0
Bored,,62,349748,1
Iliran,,172,349691,0
Ijite,,142,349687,0
Kanris,,33,349664,0
Bedim,,111,349662,0
Kivrul,,14,349623,1
Iket,,59,349450,2
Toko,,194,349436,2
Zinus,,14,339764,2
Herke,,30,339751,0
Kampa,,212,339747,0
Vugarci,,24,339715,0
Valka,,36,339679,0
Hiller,,46,339675,0
Pinpin,,86,339620,2
Doomsec,,38,339578,1
Athulet,,92,339405,4
Avad,,7,329863,0
Dikmand,,116,329857,0
Ergiba,,105,329760,0
Zeda,,51,329753,0
Gajarze,,93,329747,0
Hammer,,40,329745,0
Sapper,,39,329729,0
Acak,,101,329674,0
Kanekra,,95,329667,0
Pandora,,68,329652,0
Gveris,,73,329558,0
Pirat,,17,319809,1
Abion,,88,319797,0
Lookme,,76,319789,2
Warlocks,,13,319734,2
Agral,,11,319728,1
Ghost,,28,319696,4
Emutuz,,8,319683,3
Strogg,,18,319682,2
Akok,,42,319653,1
Area,,46,309871,0
Maxou,,118,309857,0
Vihute,,55,309856,0
Ukucanja,,82,309852,0
Tundrelle,,46,309846,0
Ruke,,30,309843,0
Tezoni,,163,309830,0
Lukrerci,,60,309829,0
Tobtimus,,32,309828,0
Noobevt,,84,309819,0
Athus,,37,309812,0
Roamin,,63,309804,0
Rhayvenous,,65,309792,0
Artemis,,13,309778,0
Sunny,,61,309773,0
Othom,,17,309759,0
Mosa,,26,309757,0
Sasha,,119,309739,0
Ilam,,55,309737,0
Zukorke,,46,309730,0
Mele,,116,309710,0
Atijom,,32,309690,0
Giki,,48,309681,0
Kraalichek,,105,309676,1
Kiva,,111,309627,0
Cegra,,38,309618,0
Hircathe,,94,309602,0
Illot,,54,299825,0
Pisi,,9,299798,0
Tiktop,,28,299760,0
Stronk,,52,299754,1
Onacit,,12,299740,1
Rukartman,,101,299602,0
Hooni,,33,299581,1
Ceditha,,85,289850,1
Birge,,33,289848,0
Corti,,17,289823,1
Zomon,,34,289699,0
Jobi,,53,289656,1
Evevre,,68,289619,0
Valghor,,94,289588,2
Raven,,0,289574,4
Eras,,99,289425,6
Dushava,,86,279879,0
Bugger,,30,279824,0
Dranji,,24,279813,0
Omoshud,,44,279801,0
Zima,,29,279754,0
Asta,,66,279739,0
Kasel,,72,279738,1
Germes,,43,279707,0
Monret,,34,279675,2
Popo,,92,279575,0
Cannon,,9,269856,0
Chinakier,,115,269845,1
Yachiru,,17,269799,0
Zene,,58,269797,0
Vitae,,39,269715,0
Alam,,4,259827,0
Zalan,,26,259795,0
Nodonra,,9,259780,0
Ikon,,86,259779,0
Brutis,,66,259767,0
Waseotime,,35,259766,0
Zoro,,86,259750,0
Historian,,30,259748,0
Freyja,,132,259709,0
Kerces,,166,249888,0
Ejeji,,7,249876,0
Automata,,55,249800,0
Cgxhcx,,0,249735,0
Soonsoo,,0,239808,0
Arqie,,9,239785,1
Tidrod,,63,239741,1
Oboz,,4,239688,0
Zufroci,,48,229881,0
Echubes,,32,229824,0
Darte,,9,229802,0
Imade,,0,229798,0
Kankansun,,0,229683,0
Atuza,,52,219894,0
Doji,,179,219843,1
Eshak,,18,219800,0
Imok,,56,219782,0
Lenka,,8,219674,3
Lancelot,,164,209923,0
Gihe,,61,209913,0
Atashek,,3,209889,0
Cheezadin,,23,209886,0
Knuckles,,10,209884,0
Rujin,,25,209883,0
Jaleshi,,100,209871,0
Barzo,,3,209869,0
Noche,,0,209868,0
Dinco,,73,209867,0
Guthul,,38,209864,0
Royallkiss,,50,209859,0
Jetisha,,6,209858,0
Jimi,,17,209850,0
Sogroz,,0,209832,0
Olazi,,72,209827,0
Oshem,,0,209827,0
Runa,,48,209812,0
Gada,,0,209806,0
Cizus,,0,209800,0
Ercuca,,43,209798,1
Piringme,,100,209787,0
Wavedance,,3,209777,0
Azihe,,23,209555,0
Bullive,,999,199908,0
Raziel,,73,199870,0
Dice,,0,199851,0
Zohan,,59,199850,0
Lorgiz,,12,199842,0
Chinahl,,7,199835,0
Lothit,,0,199833,0
Chifa,,15,199826,0
Kiri,,68,199792,0
Dirta,,118,199739,0
Jenrum,,0,199730,0
Kirito,,4,189890,0
Gatig,,55,189739,0
Lordrand,,13,189692,3
Tuwalya,,3,179886,0
Toshoce,,0,179857,0
Lula,,0,179848,0
Kisekre,,0,179789,0
Vesa,,0,179762,0
Daisy,,0,179754,0
Ratzfatz,,0,179629,1
Cichim,,0,169885,0
Agris,,2,169867,0
Zage,,43,169853,0
Ygmdoo,,64,159911,0
Vvissss,,0,159899,0
Rosha,,3,159882,0
Onnil,,0,159880,0
Zothi,,39,159869,0
Parcival,,43,159861,0
Mario,,0,159840,0
Ebug,,42,159805,0
Connie,,0,159791,0
Abrohem,,0,159782,0
Spartionas,,0,159768,0
Hiro,,0,159656,0
Scobido,,2,149903,0
Olaf,,0,149863,0
Kiminotori,,0,149841,0
Ekrevi,,0,149836,0
Fuktov,,3,149816,0
Korwarrior,,29,149808,0
Brienne,,0,149805,0
Erdodul,,70,149797,0
Donray,,0,149724,0
Bolas,,0,149652,1
Idrade,,0,139872,0
Greshnica,,20,139871,0
Galin,,21,139859,0
Bugid,,0,139837,0
Athelas,,0,139826,0
Athelas,,0,139812,0
Tibi,,0,139812,0
Cynthia,,0,139807,0
Tankka,,0,139803,1
Egig,,0,139801,1
Cynthia,,0,139780,0
Athelas,,0,139780,0
Cynthia,,0,139769,1
Soge,,0,139724,1
Venus,,0,139695,2
Riji,,0,129880,0
Merkaba,,0,129855,0
Ebehin,,0,129845,0
Allat,,0,129831,0
Ehedri,,0,129818,0
Kite,,0,129781,0
Lolla,,0,129658,1
Ollut,,7,119899,0
Laureanna,,0,119877,0
King,,2,119873,0
Ishalek,,0,119863,0
Igrak,,0,119850,0
Nicorobin,,0,119838,0
Vamin,,0,119837,0
Ohalen,,45,119832,0
Osez,,0,119802,0
Gonrak,,3,119800,0
Erzajal,,0,119720,0
Xandria,,0,119706,1
Kebore,,0,119664,3
Donkisplat,,0,119620,3
Icikos,,0,109898,0
Sazora,,44,109893,0
Odrid,,0,109865,0
Zion,,0,109861,0
Zercati,,0,109861,0
Tagi,,0,109860,0
Datass,,0,109851,0
Blessed,,0,109851,0
Dakram,,0,109849,0
Sodochi,,0,109847,0
Anunax,,0,109846,0
Chroine,,0,109840,0
Etochet,,0,109839,0
Bifri,,0,109833,0
Conan,,0,109824,0
Zena,,0,109822,0
Cailin,,0,109819,0
Llbai,,1,109816,0
Orgaz,,0,109803,0
Leandra,,0,109796,0
Cozeji,,0,109792,0
Michel,,4,109792,0
Coldet,,0,109779,0
Francis,,0,109748,0
Therona,,0,109748,0
Rugis,,0,109700,0
Maddog,,0,99912,0
Bulto,,4,99890,0
Stef,,0,99871,0
Anjing,,3,99856,0
Ojijaz,,0,99849,0
Tesla,,0,99848,0
Athet,,0,99845,0
Trouble,,0,99841,0
Rashum,,0,99833,0
Rizari,,0,99827,0
Koka,,0,99818,0
Vavake,,0,99799,0
Ihodi,,0,99783,0
Cokris,,0,99760,0
Hira,,0,99759,0
Duve,,0,99759,1
Tula,,0,99754,0
Obathen,,0,99751,0
Erubrul,,0,99738,0
Irdit,,0,99718,0
Tuthe,,0,99711,0
Evrodnus,,0,99711,0
Sigillvm,,0,99699,0
Elivra,,0,99672,0
Rala,,0,99672,1
Pantat,,0,99648,2
Jayla,,0,99550,6
Alan,,0,99406,1
Poka,,1,89920,0
Mozi,,0,89876,0
Vorta,,0,89875,0
Jeep,,0,89866,0
Vnalice,,0,89864,0
Ekresi,,0,89847,0
Ivok,,20,89843,0
Enakra,,0,89836,0
Ohit,,20,89831,1
Veshosi,,0,89819,1
Boriing,,2,89814,1
Afrad,,0,89798,1
Kota,,0,89796,1
Ohut,,3,89774,0
Atenea,,0,89759,0
Willi,,0,89754,1
Imanis,,0,89747,0
Alex,,0,89736,0
Nardun,,0,89733,2
Tollrix,,0,89720,2
Arudna,,0,89707,2
Lathi,,0,89706,3
Vefre,,0,89704,4
Ezra,,0,89696,6
Otake,,0,89690,1
Cigra,,0,89688,0
Warriora,,0,89672,1
Dianna,,0,89649,0
Samog,,0,89648,3
Jondalar,,0,89631,1
Suhez,,0,89613,0
Tvin,,0,89601,0
Toshul,,0,89580,0
Rucushi,,0,89442,1
Diggs,,0,89419,2
Sansa,,157,79928,0
Rodoz,,0,79900,0
Jeroha,,49,79895,0
Mwanah,,0,79891,0
Zibrege,,63,79890,0
Tbone,,0,79890,0
Jebeg,,2,79888,0
Russ,,13,79885,0
Zijaz,,0,79882,0
Robertus,,0,79876,0
Lillevi,,66,79872,0
Muse,,75,79866,0
Jidirda,,0,79866,0
Heliman,,0,79860,0
Gonchar,,0,79856,0
Lothi,,0,79851,0
Auroraa,,0,79850,0
Bootyhnter,,6,79850,0
Syokaku,,0,79848,0
Yeyu,,0,79836,0
Kiss,,0,79823,0
Stinker,,0,79822,0
Ergon,,0,79817,0
Iherit,,0,79816,0
Guhonna,,0,79810,1
Dize,,0,79809,1
Tiffanny,,0,79807,0
Akashi,,0,79804,2
Lothovra,,0,79802,0
Brienne,,0,79796,0
Conan,,0,79789,0
Karin,,0,79779,1
Apofis,,0,79779,0
Raigor,,0,79779,0
Ashley,,0,79771,0
Ivag,,0,79769,0
Gurenge,,0,79766,1
Ehern,,0,79764,0
Enan,,0,79764,2
Griffdorn,,0,79759,2
Desa,,0,79757,0
Siixultra,,0,79757,0
Karenizer,,0,79756,2
Sharkar,,0,79754,3
Angimo,,0,79751,0
Parmed,,0,79749,0
Boba,,0,79736,1
Sewax,,0,79731,0
Ruhrdoc,,0,79731,2
Fatakinte,,0,79730,0
Ejilol,,0,79723,1
Obod,,0,79716,4
Segri,,0,79713,2
Shadow,,0,79713,1
Sivette,,0,79712,2
Mistee,,0,79711,3
Avorga,,0,79707,0
Artitha,,0,79706,0
Juhem,,0,79700,1
Vinnoge,,0,79697,0
Taci,,0,79695,5
Reaper,,0,79693,3
Kenobi,,0,79692,0
Item,,0,79691,3
Ortoshe,,0,79689,2
Oban,,0,79688,1
Agam,,0,79687,0
Ejil,,0,79683,1
Hans,,0,79678,3
Eventime,,0,79673,1
Ducol,,0,79672,1
Athiz,,0,79662,3
Dovi,,0,79658,1
Ausa,,0,79657,1
Atud,,0,79655,1
Izoruk,,0,79654,0
Ailejha,,0,79647,1
Nage,,0,79644,6
Artorius,,0,79644,5
Ergel,,0,79643,0
Aragorn,,0,79626,0
Tide,,0,79597,0
Jashek,,0,79585,0
Sercege,,0,79583,4
Tersword,,0,79582,5
Tantan,,0,79580,2
Gillek,,0,79575,1
Jimmy,,0,79570,2
Radum,,0,79568,3
Roksana,,0,79561,0
Argertag,,0,79555,3
Igad,,0,79533,4
Bibi,,0,79530,1
Zathur,,0,79520,0
Baci,,0,79520,3
Verci,,0,79497,0
Zeta,,0,79485,3
Ndis,,0,79473,3
Blue,,0,79470,0
Mugruje,,0,79469,5
William,,0,79458,6
Durotan,,0,79447,6
Duhe,,0,79444,3
Omega,,0,79427,7
Rothogra,,0,69932,0
Acharte,,0,69919,0
Muven,,0,69909,0
Deadman,,0,69902,0
Abbadon,,0,69902,0
Ojos,,0,69901,0
Juanzzzi,,0,69895,0
Cerifre,,0,69884,0
Hemi,,0,69883,0
Nafri,,0,69882,0
Amabri,,0,69881,0
Sandra,,0,69878,0
Coangold,,0,69878,0
Padscho,,0,69877,0
Jade,,0,69874,0
Athot,,0,69873,0
Irot,,0,69872,0
Jagishi,,0,69864,0
Xingchen,,0,69861,0
Ashot,,0,69856,0
Vovram,,0,69853,1
Othitham,,0,69852,0
Zurkaz,,0,69852,0
Boopathi,,0,69851,0
Enako,,0,69849,0
Arin,,0,69847,0
Koneg,,0,69844,1
Cetani,,0,69843,0
Cassya,,0,69843,0
Nolon,,0,69843,0
Aine,,0,69839,0
Koji,,0,69838,0
Moni,,0,69838,0
Sala,,0,69837,0
Bart,,0,69836,0
Missjan,,0,69835,0
Ziril,,0,69830,1
Grummor,,0,69827,4
Salure,,0,69826,0
Igul,,0,69819,0
Zazzar,,0,69817,1
Kashik,,0,69806,0
Tiara,,0,69803,1
Sizi,,0,69801,1
Elwing,,0,69799,0
Raginri,,0,69799,0
Deji,,0,69798,0
Honneve,,0,69796,1
Arillim,,0,69795,1
Blueworr,,0,69793,0
Ahug,,0,69793,2
Numad,,0,69791,1
Mrdak,,0,69791,0
Sohuz,,0,69790,1
Crowe,,0,69788,1
Haha,,0,69786,1
Olim,,0,69784,0
Aagm,,0,69784,1
Amodna,,0,69783,1
Amik,,0,69781,2
Pheww,,0,69781,0
Leroica,,0,69781,0
Kratos,,0,69780,0
Glenda,,0,69779,0
Luje,,0,69779,0
Nobigi,,0,69778,0
Sanek,,0,69776,0
Abred,,0,69776,0
Vathe,,0,69775,0
Ishtar,,0,69774,1
Stabitha,,0,69773,0
Papaiama,,0,69770,2
Neja,,0,69768,1
Luxor,,0,69766,1
Dariow,,0,69766,3
Tadakatsu,,0,69765,1
Egik,,0,69763,1
Vichasa,,0,69760,3
Alphabibou,,0,69756,3
Holiti,,0,69755,0
Zandria,,0,69749,1
Windy,,0,69747,1
Goodie,,0,69747,1
Nata,,0,69746,1
Dakken,,0,69746,2
Igis,,0,69745,0
Lose,,0,69740,3
Juvratha,,0,69739,1
Sargarze,,0,69738,0
Cucumber,,0,69736,2
Lolliba,,0,69736,9
Diana,,0,69736,1
Sidi,,0,69734,3
Dokra,,0,69731,1
Mondego,,0,69729,3
Turbo,,0,69722,3
Sagos,,0,69716,2
Balza,,0,69716,0
Neshog,,0,69715,2
Muba,,0,69714,0
Badaxe,,0,69714,5
Corran,,0,69713,4
Femida,,0,69711,2
Odrek,,0,69710,0
Tezas,,0,69708,2
Miva,,0,69707,0
Johe,,0,69704,4
Zezed,,0,69704,2
Juki,,0,69701,0
Ludi,,0,69700,2
Lucha,,0,69699,5
Zerze,,0,69694,2
Emily,,0,69691,2
April,,0,69689,2
Stabysteph,,0,69687,3
Ashumi,,0,69686,2
Isterica,,0,69681,5
Obas,,0,69681,1
Zare,,0,69680,0
Onuba,,0,69678,0
Desebi,,0,69667,1
Aveba,,0,69665,1
Zedi,,0,69663,2
Atez,,0,69659,3
Culle,,0,69657,2
Valline,,0,69646,2
Nardad,,0,69643,12
Zethis,,0,69641,2
Cime,,0,69640,2
Selitha,,0,69637,1
Emaki,,0,69637,4
Bises,,0,69634,2
Arinron,,0,69630,4
Valeriya,,0,69628,2
Bubes,,0,69622,6
Hurzi,,0,69621,2
Bane,,0,69620,5
Assclown,,0,69618,2
Komija,,0,69617,3
Agredrel,,0,69612,0
Ohet,,0,69607,1
Cath,,0,69607,2
Hocha,,0,69605,5
Rachel,,0,69598,0
Orgashus,,0,69583,3
Phony,,0,69581,3
Vocil,,0,69580,5
Esahin,,0,69577,4
Ziza,,0,69570,6
Mive,,0,69569,4
Ales,,0,69561,1
Atik,,0,69561,0
Echeha,,0,69550,2
Gigi,,0,69544,5
Igrafra,,0,69538,10
Hadi,,0,69532,1
Tauchid,,0,69529,4
Heryuu,,0,69527,0
Aravel,,0,69522,6
Uzayanb,,0,69520,2
Zadril,,0,69510,2
Legi,,0,69510,5
Trial,,0,69506,8
Akaloth,,0,69494,3
Miss,,0,69491,5
Anrorcos,,0,69481,4
Asala,,0,69479,5
Mundas,,0,69479,13
Azeka,,0,69475,5
Ntanos,,0,69472,6
Vesug,,0,69441,5
Arzirem,,0,69422,3
Defypoto,,0,69410,1
Erame,,0,59921,0
Bobbbb,,0,59916,0
Mccafferty,,0,59907,0
Gorile,,0,59907,0
Aruz,,0,59900,0
Morig,,0,59898,0
Degenerat,,0,59889,0
Aton,,0,59887,0
Otefrum,,0,59881,0
Dritz,,0,59879,0
Icusi,,0,59879,0
Ester,,0,59876,0
Xyzzix,,0,59872,0
Imis,,0,59870,0
Adodni,,0,59868,0
Sisa,,0,59867,0
Lorim,,0,59866,0
Poison,,0,59865,0
Teddy,,0,59862,0
Oruvrod,,0,59862,0
Anol,,0,59859,0
Hivi,,0,59859,0
Tarkel,,0,59854,0
Acasia,,0,59852,2
Zyzix,,0,59850,0
Nero,,0,59848,0
Runa,,0,59846,0
Thrash,,0,59844,0
Georgia,,0,59844,0
Evoded,,0,59843,0
Ovrabren,,0,59843,0
Ikrim,,0,59841,0
Zathik,,0,59837,0
Noob,,0,59837,0
Dude,,0,59836,0
Egrunol,,0,59832,0
Vetal,,0,59830,0
Pogi,,0,59828,0
Metronemi,,0,59825,0
Ibillig,,0,59825,0
Sirshrok,,0,59823,0
Orcinon,,0,59821,0
Driller,,0,59821,0
Edushe,,0,59814,1
Dace,,0,59813,0
Bodevri,,0,59810,0
Giri,,0,59808,0
Darkovra,,0,59808,0
Ligma,,0,59807,0
Rikad,,0,59805,0
Flipt,,0,59805,1
Sayiro,,0,59805,0
Balamut,,0,59804,1
Jazper,,0,59802,0
Tinova,,0,59801,0
Vakri,,0,59798,0
Mirdag,,0,59795,0
Queenyo,,0,59792,0
Bestia,,0,59791,0
Cuvi,,0,59789,0
Kanroze,,0,59787,0
Tofri,,0,59787,0
Biff,,0,59783,0
Bastien,,0,59783,0
Lisa,,0,59781,0
Ehol,,0,59776,0
Kokuba,,0,59775,3
Reaper,,0,59774,0
Izudes,,0,59763,1
Soda,,0,59761,0
Darkblade,,0,59760,0
Isis,,0,59758,0
Galithi,,0,59751,0
Ozuthas,,0,59741,0
Spiderss,,0,59739,0
Astryd,,0,59738,0
Nirde,,0,59738,0
Domina,,0,59737,0
Lucria,,0,59737,0
Narda,,0,59729,0
Soserga,,0,59716,0
Balazard,,0,59714,0
Defender,,0,59709,0
Velid,,0,59708,0
Lurdera,,0,59698,0
Orgeman,,0,59695,0
Santa,,0,59695,1
Derse,,0,59694,0
Ateg,,0,59680,1
Hokol,,0,59679,1
Tadnovi,,0,59676,0
Paris,,0,59667,0
Bishe,,0,59666,0
Theidan,,0,59660,0
Hidi,,0,59655,0
Zoka,,0,59652,0
Ativa,,0,59641,0
Rage,,0,59641,0
Zbir,,0,59634,0
Otie,,0,59615,0
Kaden,,0,59606,0
Illishem,,0,59602,0
Iverzi,,0,59565,0
Ennunan,,0,59501,0
Inok,,0,59471,0
Ragnar,,0,59468,0
Valikoos,,0,59456,2
Azel,,0,59450,0
Telok,,0,59445,0
Lerca,,0,59434,2
Rayn,,0,59412,0
Drake,,0,59400,10
Fleeb,,0,49928,0
Imithig,,0,49890,0
Grond,,0,49879,0
Orzathi,,0,49874,0
Sorkava,,0,49862,0
Ereka,,0,49854,0
Dirdi,,0,49851,0
Monit,,0,49850,1
Blackcage,,0,49846,0
Dinis,,0,49843,0
Ekrud,,0,49841,0
Zetha,,0,49840,0
Fournarist,,0,49836,0
Geson,,0,49835,0
Bevid,,0,49835,0
Jamill,,0,49834,0
Lacug,,0,49830,0
Asokrel,,0,49829,0
Ajoca,,0,49828,0
Orzoke,,0,49822,0
Joorheyy,,0,49821,0
Irzonnis,,0,49820,0
Lika,,0,49819,0
Jajenre,,0,49819,0
Ibitha,,0,49796,0
Buffy,,0,49794,0
Hothogre,,0,49793,1
Athel,,0,49788,0
Skyler,,0,49785,0
Anashe,,0,49775,0
Gezi,,0,49772,0
Pilipinas,,0,49771,0
Tuna,,0,49771,0
More,,0,49769,1
Durangha,,0,49765,0
Zoshi,,0,49764,0
Jobid,,0,49763,0
Dillaki,,0,49752,0
Timi,,0,49744,0
Rinrus,,0,49743,2
Dethova,,0,49742,1
Golden,,0,49738,0
Hathaja,,0,49732,0
Turkevra,,0,49725,0
Zogoca,,0,49722,0
Anbiatch,,0,49714,0
Nidna,,0,49713,0
Dednut,,0,49713,6
Buxy,,0,49707,0
Obefret,,0,49699,0
Sakura,,0,49693,0
Edrum,,0,49688,0
Zacol,,0,49684,0
Eric,,0,49681,0
Atetexe,,0,49679,3
Visa,,0,49676,9
Persey,,0,49673,2
Tagigri,,0,49665,2
Orohig,,0,49661,2
Zodorki,,0,49659,1
Erdirul,,0,49656,1
Kratos,,0,49654,1
Azadan,,0,49650,0
Onasha,,0,49643,0
Iluchak,,0,49641,8
Sivi,,0,49640,0
Adnifrak,,0,49638,1
Darksusi,,0,49630,0
Geze,,0,49627,1
Helmut,,0,49621,0
Sege,,0,49606,2
Hedre,,0,49605,4
Cargot,,0,49603,0
Bije,,0,49603,1
Irdem,,0,49594,2
Banrushi,,0,49593,0
Odije,,0,49585,3
Ruze,,0,49581,0
Kiga,,0,49572,0
Sedes,,0,49570,0
Natali,,0,49567,2
Knut,,0,49554,0
Warheart,,0,49546,0
Smashy,,0,49541,2
Cichag,,0,49537,1
Natalia,,0,49531,1
Jurdefri,,0,49520,0
Avuk,,0,49517,4
Rugra,,0,49495,1
Dosa,,0,49462,2
Dragonite,,0,49445,1
Tomo,,0,49430,1
Vurcasa,,0,49409,10
Arthas,,0,39901,0
Numbertwo,,0,39872,0
Lodrok,,0,39859,0
Hangtuah,,0,39858,0
Pally,,0,39852,1
Agaci,,0,39852,1
Tunatha,,0,39849,1
Aleexiss,,0,39847,1
Ircom,,0,39847,0
Goldviper,,0,39844,0
Aiel,,0,39841,0
Burnout,,0,39839,0
Tira,,0,39837,0
Brewox,,0,39830,0
Joshakre,,0,39829,0
Ivrim,,0,39826,0
Recach,,0,39825,2
Lyra,,0,39824,1
Bjerg,,0,39820,0
Diablo,,0,39820,2
Avrahag,,0,39817,0
Duterte,,0,39814,0
Edohum,,0,39811,1
Sekaze,,0,39810,0
Gabriel,,0,39807,0
Blayz,,0,39806,0
Omum,,0,39804,0
Gibel,,0,39803,1
Manzi,,0,39801,1
Ares,,0,39801,1
Edrerdi,,0,39800,0
Belladona,,0,39800,1
Lunonri,,0,39796,0
Ngocdiep,,0,39796,0
Eventheros,,0,39796,0
Othadis,,0,39795,1
Heavens,,0,39793,0
Rallugi,,0,39793,0
Hargam,,0,39789,2
Rigasi,,0,39786,0
English,,0,39786,0
Haho,,0,39785,1
Adadnal,,0,39781,0
Banana,,0,39779,1
Lilith,,0,39777,0
Eshema,,0,39777,0
Somami,,0,39775,0
Dabi,,0,39770,0
Tarmi,,0,39766,1
Becez,,0,39766,0
Irak,,0,39765,1
Rudland,,0,39753,0
Milaz,,0,39750,0
Thor,,0,39750,0
Moscalic,,0,39749,1
Odudroz,,0,39747,1
Dhamon,,0,39746,1
Evento,,0,39744,0
Zeus,,0,39741,4
Dudrucha,,0,39737,0
Arzod,,0,39737,0
Jika,,0,39732,2
Tarrou,,0,39731,0
Xixihaha,,0,39731,1
Olat,,0,39729,1
Araina,,0,39722,1
Nort,,0,39719,0
Beginner,,0,39718,1
Zach,,0,39718,2
Ikerdos,,0,39714,0
Galuva,,0,39714,0
Ikomi,,0,39710,0
Asher,,0,39705,0
Bigboyl,,0,39704,1
Eshor,,0,39693,1
Zutidre,,0,39693,1
Warrior,,0,39690,1
Psemek,,0,39689,0
Rhymes,,0,39681,0
Ckogann,,0,39677,0
Arigrod,,0,39677,2
Irdeva,,0,39672,2
Jodnak,,0,39670,0
Moji,,0,39669,2
Dindim,,0,39669,1
Sayakorz,,0,39664,1
Kika,,0,39663,2
Cagi,,0,39657,3
Vati,,0,39653,0
Fifi,,0,39653,1
Ahali,,0,39652,1
Rulul,,0,39649,1
Obone,,0,39643,2
Nurkad,,0,39636,1
Vedre,,0,39636,3
Lijunne,,0,39632,0
Garam,,0,39597,1
Dietrich,,0,39593,0
Tumi,,0,39592,4
Fogs,,0,39579,1
Vishi,,0,39568,1
Obutham,,0,39559,2
Jovik,,0,39549,8
Warriorai,,0,39532,6
Nunatha,,0,39526,0
Gloryhole,,0,39496,6
Azama,,0,39493,2
Kakove,,0,39488,0
Ertobam,,0,39483,1
Oshunus,,0,39480,7
Suvasa,,0,39480,0
Sadoek,,0,39466,0
Onda,,0,39454,2
Atos,,0,39431,8
Porin,,0,29945,0
Zabivnoy,,0,29908,0
Althecus,,0,29889,0
Lalle,,0,29884,0
Ojig,,0,29884,0
Rethis,,0,29879,0
Goshen,,0,29876,0
Cebri,,0,29874,0
Qianwei,,0,29872,0
Ethit,,0,29870,0
Daito,,0,29858,0
Arkus,,0,29849,0
Evreze,,0,29848,0
Ruse,,0,29847,0
Artis,,0,29842,0
Agemun,,0,29840,0
Ergase,,0,29839,0
Fair,,0,29836,0
Zhynjr,,0,29835,0
Elik,,0,29833,0
Orzomil,,0,29832,0
Gisella,,0,29830,0
Jaga,,0,29830,0
Candra,,0,29829,0
Irtargud,,0,29821,0
Vasik,,0,29819,0
Divri,,0,29819,0
Emide,,0,29814,0
Vivi,,0,29814,0
Gusi,,0,29814,0
Kemika,,0,29814,0
Badne,,0,29811,0
Dilidi,,0,29810,0
Sitha,,0,29803,0
Event,,0,29802,0
Adrithig,,0,29802,0
Dayliss,,0,29800,0
Hechuanmao,,0,29800,0
Amaduz,,0,29799,0
Beastly,,0,29798,0
Elejed,,0,29797,0
Edrukat,,0,29796,0
Hriver,,0,29795,0
Awruk,,0,29794,0
Akim,,0,29794,0
Ocuce,,0,29794,0
Mayalisa,,0,29793,0
Xardek,,0,29792,0
Modin,,0,29790,0
Huhuu,,0,29790,0
Dihost,,0,29790,0
Enidra,,0,29789,0
Fire,,0,29787,0
Nathyz,,0,29786,0
Longleg,,0,29785,0
Dreammmd,,0,29783,0
Sharky,,0,29780,0
Sirstev,,0,29778,0
Sector,,0,29776,0
Glivera,,0,29776,0
Emaz,,0,29775,0
Ibovim,,0,29773,0
Ecus,,0,29769,0
Blacktoe,,0,29767,0
Seth,,0,29767,0
Psayker,,0,29765,0
Nertisi,,0,29763,0
Jared,,0,29763,0
Nejarge,,0,29762,0
Evewar,,0,29757,0
Tioz,,0,29750,0
Hugo,,0,29747,0
Gurzos,,0,29747,0
Dhtting,,0,29746,0
Numa,,0,29746,0
Cerek,,0,29745,0
Salsari,,0,29745,0
Bobag,,0,29745,0
Sehuga,,0,29744,0
Luis,,0,29741,0
Makimbaboy,,0,29739,0
Mary,,0,29738,0
Lotoki,,0,29738,0
Jaguar,,0,29738,0
Aritha,,0,29737,0
Zumi,,0,29735,0
Ginruki,,0,29734,0
Ovashud,,0,29733,0
Guthiba,,0,29731,0
Okriba,,0,29729,0
Soni,,0,29729,0
Dakros,,0,29729,0
Lazini,,0,29727,0
Tije,,0,29723,0
Mojito,,0,29722,0
Hezi,,0,29719,0
Akira,,0,29718,0
Ehija,,0,29718,0
Arzises,,0,29718,0
Emuka,,0,29717,0
Ozot,,0,29716,0
Etikug,,0,29714,0
Glumba,,0,29714,0
Lesi,,0,29707,0
Gahi,,0,29703,0
Drisko,,0,29692,0
Imokre,,0,29689,0
Tergeva,,0,29686,0
Dororo,,0,29684,0
Vosorgi,,0,29683,0
Sarkini,,0,29683,0
Cyka,,0,29680,0
Olivia,,0,29679,0
Bandors,,0,29677,0
Eritrei,,0,29676,0
Vimul,,0,29676,0
Ijabi,,0,29671,0
Achoshin,,0,29669,0
Tenien,,0,29667,0
Maki,,0,29661,0
Miszka,,0,29660,0
Otora,,0,29653,0
Rasa,,0,29653,0
Cavuchi,,0,29646,0
Mekeba,,0,29643,0
Wikiz,,0,29640,2
Ochathem,,0,29637,0
Dracula,,0,29637,0
Kpoboctok,,0,29634,0
Fulgore,,0,29632,3
Turzivre,,0,29631,0
Bloodwars,,0,29630,0
Gese,,0,29629,0
Lajum,,0,29625,0
Ishulli,,0,29624,0
Zendai,,0,29621,0
Roland,,0,29615,0
Lyed,,0,29611,0
Skarbee,,0,29603,0
Gathin,,0,29593,0
Aragorn,,0,29592,1
Arorge,,0,29585,2
Ircerod,,0,29581,0
Kibinra,,0,29579,0
Wardog,,0,29572,0
Jeve,,0,29566,0
Test,,0,29563,5
Dezog,,0,29557,0
Dani,,0,29554,1
Dogtag,,0,29550,0
Erguthot,,0,29543,0
Sogebi,,0,29505,0
Oleli,,0,29502,0
Taci,,0,29499,0
Hurzot,,0,29492,0
Lifrirce,,0,29442,0
Here,,0,29437,0
Elal,,0,29436,0
Christiana,,0,29435,0
Cina,,0,29434,1
Ajisom,,0,29431,0
Poopstain,,0,29422,0
Eshetha,,0,29419,0
Alal,,0,29417,1
Sigurd,,0,29409,0
Juthug,,0,29408,5
Reba,,0,29407,0
Kauskaki,,0,19915,0
Sexly,,2,19912,0
Cohotha,,0,19886,0
Event,,0,19880,0
Oharkil,,0,19879,0
Fred,,0,19875,0
Oshuzi,,0,19869,0
Odisi,,0,19869,0
Crashpcg,,0,19865,0
Rovrit,,0,19862,0
Variana,,0,19860,0
Irtikra,,0,19859,0
Potato,,0,19857,0
Beaverla,,0,19855,0
Tabitha,,0,19854,0
Lubave,,0,19854,0
Giao,,0,19852,0
Ebravri,,0,19851,0
Bemi,,0,19848,0
Ashegog,,0,19847,0
Osurcun,,0,19844,0
Gosht,,0,19840,0
Irtukros,,0,19838,0
Guoo,,0,19837,0
Genialix,,0,19832,1
Ithem,,0,19831,0
Icedragon,,0,19829,0
Thresh,,0,19827,1
Ragnarok,,0,19827,0
Irgura,,0,19827,0
Evento,,0,19827,1
Jekri,,0,19826,0
Okruci,,0,19825,0
Kunai,,0,19824,0
Noze,,0,19824,1
Dinritha,,0,19822,0
Kathleen,,0,19821,0
Arkuzeg,,0,19820,0
Jonnitest,,0,19818,0
Hahi,,0,19818,0
Nadia,,0,19818,0
Drag,,0,19816,0
Zugele,,0,19816,0
Akfwlq,,0,19816,0
Virage,,0,19816,0
Efrotha,,0,19814,0
Bellatrix,,0,19809,0
Achilles,,0,19809,0
Ednit,,0,19808,0
Keli,,0,19806,0
Hithem,,0,19806,0
Barkan,,0,19805,0
Brianna,,0,19805,0
Jargen,,0,19805,0
Mira,,0,19805,0
Junnasse,,0,19803,0
Birdece,,0,19801,0
Diwak,,0,19800,0
Krystal,,0,19798,0
Mudwy,,0,19798,1
Zanus,,0,19796,0
Diana,,0,19796,0
Tzerwin,,0,19795,0
Viola,,0,19794,0
Monad,,0,19794,0
Roddimus,,0,19793,0
Erebus,,0,19792,0
Merede,,0,19791,0
Jurte,,0,19790,0
Ariadna,,0,19789,0
Irdega,,0,19789,0
Jinjin,,0,19789,0
Avile,,0,19786,1
Sakrez,,0,19786,0
Ethimeg,,0,19785,0
Larca,,0,19785,0
Vadek,,0,19785,0
Dima,,0,19784,0
Sakazuki,,0,19784,0
Akenrak,,0,19783,0
Hanatyan,,0,19782,0
Klapus,,0,19781,0
Kratos,,0,19780,0
Hoqqq,,0,19780,0
Numot,,0,19779,0
Kisek,,0,19778,0
Voca,,0,19778,0
Tumak,,0,19777,0
Tojuce,,0,19777,0
Boromir,,0,19775,0
Monkey,,0,19775,0
Ejozez,,0,19774,0
Gazlou,,0,19773,0
Dark,,0,19773,3
Carom,,0,19773,0
Durtot,,0,19772,0
Hestia,,0,19771,0
Greg,,0,19770,0
Alak,,0,19770,0
Alaha,,0,19769,1
Atti,,0,19768,0
Hellboy,,0,19765,0
Optix,,0,19764,0
Nuhes,,0,19764,0
Nonojam,,0,19764,0
Shadow,,0,19763,0
Jothag,,0,19761,0
Ethuhe,,0,19761,0
Hulere,,0,19760,0
Zeelliioo,,0,19758,0
Drider,,0,19756,0
Elcid,,0,19755,0
Juce,,0,19754,0
Johnny,,0,19752,0
Esherak,,0,19751,0
Zemol,,0,19751,0
Sinot,,0,19751,0
Gubet,,0,19750,0
Dujoji,,0,19750,0
Vagavre,,0,19748,0
Tempella,,0,19748,0
Buhala,,0,19748,1
Eduperrot,,0,19748,0
Bavri,,0,19746,0
Dishade,,0,19744,0
Avus,,0,19744,0
Zufron,,0,19744,0
Murda,,0,19741,0
Tega,,0,19740,0
Zodrivi,,0,19740,0
Igod,,0,19739,0
Ikuke,,0,19739,0
Momiji,,0,19738,0
Ocham,,0,19737,0
Sirtyrol,,0,19737,1
Skeleton,,0,19737,0
Pauzeris,,0,19736,0
Anthim,,0,19733,0
Sarzek,,0,19733,0
Loceri,,0,19732,0
Dosha,,0,19731,0
Eboz,,0,19731,0
Ezez,,0,19730,0
Maleficent,,0,19728,1
Berige,,0,19728,0
Mysteryy,,0,19727,0
Omghell,,0,19726,1
Cuvurda,,0,19725,0
Nurta,,0,19723,0
Zzlhslzz,,0,19719,0
Mevola,,0,19716,2
Mommi,,0,19713,0
Illak,,0,19713,0
Daresay,,0,19709,0
Emily,,0,19700,0
Ardurca,,0,19699,0
Jethos,,0,19697,0
Anus,,0,19695,0
Brianna,,0,19694,0
Veta,,0,19694,0
Lagre,,0,19694,0
Hadni,,0,19686,0
Zerg,,0,19683,0
Ikigi,,0,19683,0
Mohe,,0,19682,2
Bernd,,0,19682,0
Karl,,0,19681,0
Tempo,,0,19680,0
Bjorn,,0,19675,0
Vilok,,0,19673,0
Zdroj,,0,19666,0
Ishek,,0,19665,0
Zuthuk,,0,19665,0
Ijeva,,0,19664,2
Shank,,0,19663,0
Charley,,0,19662,0
Kikruni,,0,19659,0
Dunnne,,0,19658,0
Kane,,0,19658,0
Goldsword,,0,19651,0
Civre,,0,19648,1
Madirakshi,,0,19643,0
Enrusun,,0,19641,0
Rekiz,,0,19633,0
Cucabeluds,,0,19632,0
Ardil,,0,19632,0
Daniel,,0,19623,0
Liana,,0,19622,0
Cucahe,,0,19618,1
Dagguer,,0,19617,0
Ulfomat,,0,19612,0
Artofrig,,0,19608,0
Zamide,,0,19605,11
Irgorkom,,0,19603,0
Killakrow,,0,19587,0
Rialin,,0,19574,0
Novakiss,,0,19550,0
Hren,,0,19541,0
Kuthe,,0,19535,0
Mubel,,0,19532,0
Faitblack,,0,19517,0
Warriot,,0,19500,0
Blacknt,,0,19485,2
Steel,,0,19484,0
Ennas,,0,19469,0
Peypey,,0,19448,0
Eumesmo,,0,19425,0
