Korealati,,1764,1349491,3
Koreamrkim,,1354,1319503,0
Koreasano,,1850,1319430,3
Kbotloser,,1588,1309531,0
Meduddits,,1440,1309411,5
Arion,,1518,1289590,3
Chinawz,,1905,1289568,0
Russ,,1698,1289567,2
Uwin,,1611,1289554,1
Orion,,1626,1289510,1
Denf,,1677,1289479,3
Mirades,,1479,1289477,1
Korealove,,1593,1289473,1
Chinatw,,1971,1289432,0
Meraxes,,1406,1279494,2
Koreaeuin,,1454,1279487,4
Maki,,1851,1279451,1
Cereblon,,1274,1279415,1
Arezo,,1333,1269496,0
Sanctumaxe,,1469,1269482,1
Rumakc,,1384,1269459,3
Rubaka,,1756,1269414,5
Zartot,,1609,1239579,1
Azuti,,1218,1239571,3
Koreashong,,954,1239569,1
Retire,,1506,1239549,0
Clim,,1180,1239534,0
Warrior,,1605,1239523,1
Paladin,,1446,1239493,4
Arin,,1906,1239479,4
Barbarian,,1513,1239465,0
Apollo,,1564,1239459,3
Kora,,1402,1239454,3
Koreazone,,1844,1239423,4
Ruqazxc,,1150,1239413,2
Angelixl,,1286,1239407,1
Zabre,,1297,1229514,0
Lagrange,,1833,1229495,2
Rudeksing,,1566,1229427,2
Chinayana,,1112,1229411,1
Chinapla,,1624,1219581,1
Rutina,,1202,1219535,3
Aramon,,1261,1219510,2
Ruban,,1452,1219489,3
Runtaro,,1194,1209585,0
Chinamogu,,1233,1209519,2
Shilien,,1149,1209477,1
Usaspyclwn,,1016,1209468,2
Tempytemp,,1332,1209441,2
Ruxryaker,,1318,1189567,2
Sogrez,,1048,1189561,1
Maton,,1120,1189537,3
Draxt,,1035,1189504,7
Tgmken,,1389,1189497,2
Chinafly,,1248,1189430,3
Omen,,972,1189425,6
Donquixote,,1091,1189408,2
Dekay,,1537,1189400,5
Rubart,,1228,1179464,4
Mahara,,746,1179453,2
Ruben,,1567,1179453,6
Swifanasha,,821,1179442,5
Andrzej,,1433,1179423,1
Rogana,,1400,1179416,3
Koreajia,,1076,1179411,0
Krisia,,1210,1169575,3
Koreahotba,,941,1169509,1
Chinaliu,,1680,1159665,2
Bugzilla,,1239,1159636,0
Joan,,1088,1159603,0
Durzo,,897,1159539,0
Lboxback,,1154,1159509,1
Elonamusk,,1238,1139584,0
Rertuk,,778,1139581,1
Koreahanol,,1136,1139563,2
Majingis,,1012,1139562,3
Jaca,,890,1139529,0
Joel,,1259,1139523,0
Azuz,,1173,1139506,3
Razi,,988,1139503,2
Ennila,,1166,1139499,2
Niuroumian,,741,1139487,4
Schnelli,,809,1139484,1
Superdog,,806,1139465,2
Nirnrut,,1605,1139462,1
Atom,,994,1139458,4
Argent,,1169,1139430,2
Alice,,902,1129554,3
Chinaguca,,986,1129523,0
David,,1416,1129515,3
Cihug,,724,1129486,1
Sandaowan,,604,1129450,2
Ivesem,,1171,1129447,6
Hrco,,872,1129426,2
Spiders,,1150,1129407,1
Dozen,,811,1119523,1
Eshisheg,,1623,1119445,7
Nejit,,1152,1119429,4
Anrelon,,881,1109624,2
Vraith,,1426,1109606,2
Vakuma,,971,1109588,1
Koreamcode,,1007,1109554,2
Rudeeman,,1209,1109511,1
Tykje,,1047,1109506,1
Ortim,,833,1109464,2
Oros,,920,1109455,3
Speedy,,605,1089591,3
Ralang,,491,1089585,0
Leme,,1048,1089580,2
Berserk,,1326,1089579,3
Naves,,1227,1089579,1
Kaci,,880,1089575,3
Felmob,,916,1089547,1
Adidas,,640,1089542,0
Koreasjun,,957,1089535,2
Koreazorba,,1242,1089523,5
Organ,,1128,1089520,2
Hihihoho,,940,1089514,0
Coolnight,,495,1089507,3
Drabek,,592,1089499,6
Blazingkid,,962,1089485,2
Onres,,623,1089474,6
Hangry,,945,1089470,3
Sirzele,,902,1089457,3
Sima,,1219,1089453,1
Chinapsp,,987,1089436,2
Chainboos,,938,1089435,1
Lilith,,815,1089434,3
Undomiel,,598,1089410,5
Nova,,663,1089406,0
Koreano,,1043,1079520,2
Koreahuibi,,1239,1079470,5
Fendy,,1184,1079464,1
Zhangahby,,626,1079457,1
Tristan,,623,1079414,0
Khpaddy,,920,1069687,1
Habe,,618,1069602,3
Rudimedrol,,1183,1069538,4
Anum,,557,1069523,2
Majinwrath,,502,1069412,7
Bongsoon,,838,1059666,2
Rudron,,955,1059660,0
Ogoma,,502,1059656,0
Koreakata,,1062,1059636,5
Hebol,,528,1059613,0
Node,,903,1059603,1
Ozymandius,,552,1059596,0
Tomaxwzwz,,653,1059567,1
Kapirru,,854,1059553,3
Walrus,,658,1059527,7
Koreayoons,,883,1059497,1
Koreatrima,,929,1059459,0
King,,700,1059443,2
Softy,,1309,1049591,0
Renzhong,,786,1039607,2
Amal,,891,1039595,3
Nvzhan,,625,1039570,3
Rozny,,1056,1039561,2
Rucomrade,,958,1039548,0
Malik,,804,1039531,0
Qing,,620,1039509,3
Ebam,,712,1039507,1
Sugogre,,1009,1039507,8
Chinaxin,,989,1039495,5
Ruta,,795,1039490,3
Jomoz,,796,1039482,8
Koreahavi,,650,1039479,6
Chinahero,,1180,1039454,3
Rogrera,,439,1039443,3
Leve,,557,1039438,0
Grazzt,,581,1039436,3
Brutt,,648,1039427,10
Warrior,,937,1039420,4
Ejon,,870,1039419,0
Orus,,487,1039418,4
Ceali,,409,1039417,3
Vina,,737,1039416,1
Dillpickle,,584,1039405,2
Avritha,,884,1029619,0
Sultan,,1017,1029571,1
Lorkig,,775,1029563,0
Rofl,,628,1029476,1
Arya,,797,1029467,9
Rugreen,,680,1029425,6
Harda,,515,1029413,4
Kirgudur,,632,1029411,1
Lome,,625,1019637,0
Motal,,803,1019622,1
Chinamuyi,,606,1019541,5
Tunra,,429,1019436,3
Ophelia,,905,1019432,3
Lembast,,495,1019403,1
Zurike,,648,1009623,1
Osholi,,585,1009622,1
Valeria,,772,1009616,3
Ishichi,,655,1009607,2
Esag,,807,1009585,3
Jeffrey,,1213,1009585,3
Cutithi,,880,1009576,5
Baby,,532,1009574,2
Blot,,677,1009557,0
Ktaroi,,673,1009498,3
Farshik,,864,1009489,1
Erkemog,,646,1009463,6
Color,,780,1009440,0
Meatwall,,567,1009437,3
Gronkus,,634,999527,2
Arthas,,381,999503,1
Qwerty,,468,999406,2
Samiam,,742,989566,0
Lidy,,578,989562,4
Chel,,698,989561,1
Korqnfrk,,849,989560,2
Savagewar,,744,989544,1
Lulu,,409,989529,0
Redemption,,465,989528,6
Morculis,,644,989525,5
Ajus,,994,989513,1
Kratzke,,612,989496,3
Hutha,,702,989446,3
Belar,,777,989443,4
Ghost,,1055,989415,4
Virginia,,581,979650,1
Andrew,,399,979544,1
Rusziman,,777,979513,1
Kidpickles,,482,979482,1
Ruyurate,,616,979477,0
Habemuswar,,496,979456,5
Freya,,563,979455,1
Ychim,,607,979455,1
Koreawin,,918,979429,6
Siboti,,548,979405,0
Ithad,,635,979402,6
Iori,,430,969548,6
Artica,,744,969500,1
Ezare,,499,969423,4
Niko,,575,969413,1
Orurda,,1174,959609,0
Leke,,686,959581,1
Enezis,,690,959576,0
Verginella,,614,959572,2
Amboss,,692,959552,0
Zigman,,434,959529,0
Maestrapvm,,706,959524,0
Jaycee,,357,959500,1
Jhulia,,402,959479,0
Buba,,974,959472,1
Luja,,581,959459,3
Fenrir,,508,959428,0
Othishis,,992,949563,2
Cfbbuk,,635,949478,0
Nilss,,458,939599,2
Luhuji,,414,939597,2
Bgisa,,666,939596,0
Zukri,,445,939589,0
Fixet,,299,939588,0
Tyrian,,475,939578,1
Daegan,,875,939572,1
Chorny,,511,939562,12
Gtdeba,,390,939527,1
Ajaja,,393,939522,1
Mirten,,816,939495,2
Gitum,,652,939483,14
Babarian,,680,939455,4
Ragred,,694,939441,0
Xorus,,333,939430,1
Artakus,,723,939416,4
Ihehun,,512,929632,1
Togani,,454,929599,0
Dante,,473,929518,1
Agares,,468,929496,1
Agrad,,391,929458,5
Hongmui,,444,929452,2
Cacherin,,562,929450,1
Maria,,619,929438,1
Ithorge,,394,929423,3
Bulli,,356,929420,2
Obinoob,,688,929419,2
Mushmik,,686,919547,0
Korearyu,,425,919545,0
Loshim,,590,919527,0
Tasty,,290,919521,3
Obani,,663,919497,9
Otan,,815,919494,1
Iiiiiii,,656,919485,10
Matrempit,,816,919473,0
Woojoong,,439,919420,4
Vadie,,618,919418,0
Heli,,345,919405,2
Tohum,,525,909681,0
Alexrus,,662,909611,0
Danush,,478,909610,0
Sirda,,253,909588,2
Anthrax,,501,909588,0
Infected,,319,909570,0
Polter,,434,909541,0
Jacha,,754,909529,4
Larzi,,671,909524,0
Clamdip,,622,909515,0
Goze,,321,909472,13
Alkoholik,,283,909467,2
Dirzasha,,307,909459,1
Lothar,,325,909447,0
Harang,,574,909422,2
Chinamm,,916,899524,2
Etebos,,328,889587,2
Rubeer,,690,889573,0
Gollag,,484,889564,0
Zilir,,610,889537,0
Ihel,,371,889526,1
Iseg,,317,889523,1
Kuba,,429,889521,1
Mang,,264,889490,0
Kube,,441,889486,1
Misfit,,619,889481,2
Ishagraz,,360,889478,1
Akrevot,,422,889471,1
Defender,,356,889470,1
Gita,,546,889464,1
Baba,,317,889455,4
Orgyorgy,,692,889454,3
Lancelot,,761,889451,1
Ozug,,368,889450,1
Puta,,321,889443,1
Sirzor,,376,889442,9
Creablu,,613,889422,5
Joker,,327,889420,9
Koreakhaz,,668,889416,6
Altima,,597,889414,3
Cufre,,451,889412,0
Claire,,364,889409,4
Elan,,371,889408,0
Zenel,,330,879488,2
Shiban,,750,879439,3
Ogahi,,435,879437,8
Otamiz,,512,879432,2
Zetod,,349,879429,1
Ijad,,280,879414,4
Koreanoga,,677,879412,2
April,,577,879411,5
Kizum,,320,879401,3
Ancilla,,227,869646,5
Lodne,,548,869524,1
Chinafeng,,725,869515,5
Anyeyi,,567,869507,4
Gtsxts,,487,869487,0
Nivi,,263,869487,4
Alice,,369,869484,2
Boss,,249,869483,3
Bystander,,282,869406,1
Greta,,269,869405,10
Zorbborg,,459,869403,7
Serenity,,645,869402,4
Edraz,,481,869400,1
Fawkkorea,,641,869400,0
Tony,,779,859742,2
Leblanc,,780,859671,0
Korealulu,,292,859667,2
Zavi,,302,859638,0
Coda,,468,859620,0
Onulok,,321,859598,1
Homunculus,,376,859583,0
Mristerx,,254,859560,0
Ecod,,573,859558,0
Firax,,340,859558,0
Event,,355,859545,2
Batini,,316,859535,1
Ranger,,293,859526,2
Daregi,,381,859501,0
Squirly,,404,859496,2
Artos,,282,859475,2
Quarters,,632,859468,0
Caldo,,248,859455,0
Gargevi,,331,859451,3
Sucre,,445,849562,3
Lagraz,,478,849424,6
Lice,,369,849416,2
Warrior,,584,849412,2
Shadow,,470,849406,3
Koreachiwo,,669,839715,1
Toady,,250,839641,1
Lagra,,420,839594,0
Jori,,595,839592,1
Ohote,,301,839561,0
Moon,,290,839540,1
Amurce,,295,839525,4
Bedat,,229,839522,1
Nergal,,278,839492,2
Steakhouse,,384,839475,3
Zuli,,643,839474,3
Ccccccc,,488,839460,2
Nogi,,415,839458,1
Voda,,582,839455,2
Ohog,,386,839450,2
Kehun,,424,839449,0
Idrihe,,277,839448,2
Gedre,,325,839446,1
Lati,,282,839446,1
Testi,,233,839445,1
Boudica,,305,839441,10
Cavaja,,271,839439,1
Vufrarci,,339,839436,0
Vunat,,289,839434,1
Azeroth,,532,839433,3
Robevent,,257,839429,0
Pinktiger,,467,839421,1
Koreared,,630,839416,3
Zatig,,510,839413,3
Usagay,,292,839413,8
Temochin,,349,829654,3
Qnfrk,,435,829562,7
Dprueba,,539,829562,4
Silzin,,337,829556,1
Daluz,,426,829545,0
Sigurd,,273,829525,2
Exarkraft,,434,829483,1
Lance,,325,829462,3
Sekaha,,301,829436,0
Test,,223,829429,1
Greybert,,320,829416,3
Zerovar,,557,829405,6
Mangar,,331,819523,1
Cuva,,609,819460,3
Sarci,,277,819433,1
Kebbefika,,384,819423,5
Xena,,578,819421,1
Driftvil,,316,819402,1
Korde,,616,819401,4
Chinaone,,545,809789,0
Warriorvi,,3000,809787,1
Akon,,486,809736,0
Cycu,,459,809728,0
Squidward,,423,809697,0
Mudboy,,236,809692,3
Emily,,827,809689,2
Csillag,,525,809685,0
Ayaku,,306,809672,0
Arkijun,,404,809668,0
Purplexity,,450,809667,0
Aboarland,,290,809666,0
Azethom,,382,809652,2
Griever,,341,809652,0
Juniper,,641,809636,4
Jergusi,,365,809634,3
Gurtebi,,363,809634,2
Coast,,331,809634,0
Ragnarokph,,317,809630,0
Thor,,684,809624,3
Burger,,525,809623,0
Limei,,475,809621,0
Suzi,,398,809618,0
Mezit,,379,809612,2
Chris,,350,809605,0
Granis,,213,809594,2
Scroatle,,497,809589,0
Amnet,,503,809589,2
Ivus,,556,809587,0
Chaser,,308,809585,0
Ithethis,,345,809577,0
Orayt,,276,809573,1
Ithamez,,241,809557,1
Hami,,335,809542,0
Speedy,,238,809534,0
Ozednum,,624,809534,1
Dedman,,474,809533,2
Beldin,,624,809522,0
Aden,,588,809521,0
Demon,,379,809520,0
Sekini,,264,809500,1
Monday,,431,809497,0
Batato,,230,809496,4
Egun,,356,809494,1
Aleca,,391,809494,0
Legion,,382,809486,0
Test,,506,809485,0
Hoka,,261,809481,1
Cobra,,195,809479,0
Omak,,721,809467,3
Pearzz,,470,809466,2
Roland,,473,809466,1
Jezez,,449,809446,4
Arotha,,263,809437,4
Event,,239,809425,1
Dadim,,293,809424,2
Acimes,,318,809423,0
Cuzis,,360,809421,17
Aneg,,229,809413,0
Okay,,399,809413,3
Acunrat,,307,809409,0
Rela,,246,809408,1
Bovotteemo,,270,809406,5
Oket,,290,799656,0
Akeni,,357,799502,1
Icodnaz,,355,799432,1
Anon,,415,799417,0
Tess,,332,799413,1
Zhaoben,,378,799409,2
Kain,,364,789576,0
Rivrus,,285,789562,1
Tace,,204,789558,2
Ruyoda,,504,789544,0
Hippofart,,674,789544,0
Guche,,318,789538,4
Bosenri,,328,789526,0
Kunrit,,410,789518,2
Gian,,250,789515,0
Akuje,,729,789511,1
Warrior,,379,789508,0
Piska,,382,789492,2
Tobs,,324,789477,1
Christina,,250,789475,1
Lube,,288,789470,2
Ennuthos,,203,789468,0
Event,,262,789463,5
Gugi,,443,789462,2
Levi,,415,789460,1
Supergua,,223,789452,0
Neuralf,,250,789452,1
Vadene,,406,789452,2
Cuthuthe,,447,789450,2
Moni,,245,789449,5
Givedne,,268,789449,1
Sarthas,,244,789447,0
Athes,,539,789441,1
Otep,,656,789440,0
Tere,,269,789434,0
Moru,,269,789421,2
Guchita,,408,789419,6
Jiasiek,,247,789419,1
Izuja,,268,789418,2
Olod,,216,789415,8
Ogocoz,,430,789411,0
Akren,,392,789409,4
Booyah,,422,779642,0
Hivriz,,200,779629,0
Ititad,,398,779598,0
Omezid,,475,779577,0
Ishini,,459,779565,0
Atik,,209,779531,2
Rikuha,,222,779502,0
Eowynn,,256,779501,0
Tabezi,,398,779461,1
Amazona,,203,779460,1
Boge,,222,779457,6
Ojellok,,191,779454,2
Ying,,271,779448,17
Baba,,272,779434,1
Ruvar,,476,779432,1
Emil,,204,779427,4
Devarza,,321,779418,3
Gorcebi,,224,779414,0
Kunnis,,295,779414,0
Nacis,,227,779413,0
Bronz,,303,779408,2
Hakri,,234,779408,4
Bedod,,447,779402,2
Kejed,,457,769566,1
Altran,,230,769508,1
Sabissasix,,241,769481,2
Mirgum,,242,769470,0
Lertod,,470,769436,4
Good,,424,769435,1
Star,,343,769430,9
Ezamuz,,401,769415,0
Phio,,208,769414,0
Ozoz,,269,769408,2
Gomurka,,458,759691,0
Devourator,,560,759671,0
Spuds,,485,759665,1
Mize,,376,759651,0
Zero,,481,759621,0
Akibe,,337,759603,0
Koreabiz,,461,759590,1
Eckz,,512,759574,0
Kennad,,432,759557,0
Chinalerox,,386,759525,0
Boris,,304,759518,0
Laterza,,265,759517,1
Knoxalt,,491,759513,3
Ajisha,,225,759509,1
Pompeii,,319,759506,2
Cuza,,372,759502,4
Ertethe,,241,759498,0
Rufus,,234,759490,0
Calliope,,476,759490,3
Tosil,,485,759483,2
Tuva,,273,759480,6
Farmisuka,,333,759474,10
Ortek,,221,759467,0
Eureka,,427,759453,0
Assbeater,,223,759446,3
Aruji,,667,759427,3
Sula,,277,759419,3
Deletildo,,536,759407,0
Gago,,267,749584,3
Imok,,255,749551,5
Chivecajun,,312,749548,2
Rang,,494,749506,0
Obiva,,391,749501,2
Super,,266,749493,1
Liena,,255,749484,0
Blanket,,254,749460,2
Kogobe,,216,749460,3
Gosu,,272,749439,1
Intasa,,219,749422,2
Bboo,,169,749417,0
Merle,,352,749411,1
Dunnin,,230,749410,2
Valhalaa,,255,749404,7
Jinsomom,,392,739624,0
Orzuram,,207,739599,0
Nili,,203,739587,6
Idin,,310,739586,0
Ebul,,304,739573,0
Surdin,,578,739565,0
Event,,229,739544,0
Ggkao,,273,739543,3
Cebren,,396,739532,1
Foobar,,362,739529,6
Whanktank,,337,739526,0
Ivanok,,249,739521,2
Kunrirdi,,161,739520,3
Nepenthe,,223,739513,2
Alon,,305,739509,2
Nehurca,,402,739495,1
Imirdi,,196,739482,0
Ruavad,,333,739475,0
Jokra,,202,739474,0
Banana,,311,739468,4
Manza,,240,739466,3
Dojema,,216,739465,1
Popcorn,,414,739460,5
Zezivi,,349,739458,2
Certuli,,293,739456,5
Mtingw,,306,739456,0
Hammie,,224,739455,1
Zeke,,384,739453,1
Sasi,,235,739448,2
Luna,,296,739446,0
Dema,,299,739445,0
Grute,,330,739442,2
Nayomee,,227,739440,4
Logan,,268,739437,0
Izual,,483,739433,1
Dirkules,,269,739426,2
Zokra,,206,739422,2
Austin,,270,739420,2
Jytte,,287,739418,0
Vaze,,393,739417,3
Diha,,215,739414,1
Rachelll,,452,739409,1
Redsonyak,,236,739406,1
Ngaomeo,,205,729665,3
Ekrortos,,352,729605,0
Krokyc,,357,729549,0
Event,,236,729543,3
Ethek,,214,729518,0
Lune,,217,729506,0
Koreahoit,,509,729499,8
Gods,,475,729493,3
Hammerhead,,248,729480,4
Lafra,,504,729479,0
Brotha,,195,729477,0
Vagra,,246,729470,2
Mamlas,,369,729462,2
Galbinbin,,218,729460,3
Echit,,248,729458,1
Nova,,348,729447,1
Sebra,,284,729447,0
Fleks,,183,729446,0
Sansa,,328,729436,2
King,,221,729422,2
Eatadix,,493,729422,1
Drednaught,,335,729420,0
Besi,,199,729416,0
Begel,,418,729416,2
Sanchez,,306,729414,1
Enuk,,227,729400,1
Chrono,,312,719585,2
Dokre,,286,719575,2
Ojik,,354,719546,1
Ahad,,208,719530,1
Tuthe,,274,719523,4
Faramir,,288,719508,3
Okig,,279,719503,0
Snyder,,230,719501,2
Tempstress,,229,719493,1
Argora,,223,719489,1
Mozes,,284,719482,2
Nethe,,284,719480,0
Tamansa,,317,719463,2
Ekreha,,145,719455,2
Tudak,,388,719438,1
Vukorta,,257,719434,2
Anderkill,,186,719431,6
Elysiandyl,,231,719428,4
Valhalla,,261,719426,2
Dionevent,,340,719414,15
Knight,,433,719414,3
Bufaf,,350,709751,0
Korealaz,,374,709710,0
Vola,,284,709703,0
Richt,,295,709684,0
Xyuu,,239,709683,0
Fidolla,,267,709676,0
Iridian,,269,709665,0
Fragus,,500,709645,0
Zeelloo,,338,709634,2
Ilacut,,219,709633,1
Vezulli,,147,709619,0
Avrudod,,248,709619,3
Imibruk,,337,709605,0
Ahele,,204,709595,1
Spartan,,190,709583,1
Theth,,281,709582,0
Magandiya,,325,709577,0
Azosul,,171,709573,0
Amadar,,333,709569,0
Zilli,,185,709565,1
Lici,,251,709560,2
Onim,,321,709557,0
Ilet,,175,709550,0
Mazaa,,365,709541,8
Neuronius,,191,709539,0
Ogrocim,,169,709539,0
Othon,,191,709536,1
Mihishi,,256,709534,1
Enot,,149,709533,4
Ennog,,233,709532,1
Bica,,597,709530,2
Mage,,377,709525,0
Agrohun,,281,709519,1
Kathuge,,238,709516,0
Hoffman,,238,709510,0
Amoureux,,272,709508,2
Koreamk,,363,709505,0
Jonathan,,248,709485,1
Koreadk,,601,709480,0
Ethena,,278,709436,1
Fogu,,186,709428,1
Tihagri,,229,709403,1
Zong,,173,699510,5
Venera,,384,699501,3
Ajosid,,233,699493,1
Mithran,,164,699491,2
Drizzt,,263,699484,0
Ariam,,420,699461,1
Angua,,324,699449,3
Halon,,265,699410,4
Orzonna,,227,699400,0
Kebi,,247,689578,2
Ozedni,,185,689570,0
Bavre,,279,689568,3
Bekem,,494,689568,1
Dochi,,173,689563,0
Kiki,,219,689551,1
Johntesh,,326,689541,0
Kiroda,,377,689541,0
Raorohee,,253,689538,3
Ruromik,,247,689533,1
Volebe,,322,689533,7
Ibris,,139,689527,2
Nanre,,174,689526,0
Juca,,175,689522,1
Ithig,,267,689512,12
Adeluk,,290,689510,1
Farinel,,283,689507,0
Onnon,,131,689505,1
Doke,,150,689505,3
Franek,,175,689502,1
Defender,,508,689501,6
Victoria,,288,689498,1
Hozali,,438,689497,1
Kizuhx,,178,689490,5
Ishehom,,278,689489,0
Barkhan,,201,689488,0
Roalanna,,288,689482,1
Tela,,224,689479,1
Airmax,,248,689477,0
Berseker,,309,689475,2
Lucha,,301,689474,0
Zehek,,152,689473,2
Regina,,235,689469,0
Sovel,,334,689468,0
Adriel,,380,689466,2
Gmoney,,206,689465,1
Annechal,,288,689463,2
Cuhadi,,222,689458,1
Madmax,,415,689457,0
Agom,,278,689455,2
Iges,,230,689452,1
Grayback,,144,689450,1
Morkak,,345,689445,3
Grifenik,,426,689442,1
Venomdama,,269,689441,0
Svetin,,288,689435,2
Ciri,,222,689434,0
Tiri,,359,689434,3
Kratos,,188,689431,0
Kishe,,312,689429,0
Enedre,,140,689428,7
Babaca,,246,689426,0
Kimba,,320,689423,3
Bokad,,254,689422,3
Kroos,,183,689421,3
Leslie,,165,689414,3
Efimera,,410,689414,7
Rogim,,160,689413,1
Baturrico,,227,689411,6
Anrirgi,,212,689410,0
Chase,,404,689410,1
Ryujin,,240,689410,4
Dublesword,,300,689409,3
Esethem,,157,689409,4
Freeto,,296,689407,3
Rockwarr,,302,689407,0
Hman,,272,689406,7
Marcin,,250,689406,4
Adethul,,168,689405,3
Fury,,258,689405,4
Viktorian,,358,689402,7
Zippo,,209,689401,2
Kamaltoe,,356,679691,2
Durguk,,170,679586,1
Oton,,563,679585,1
Jajaja,,258,679565,0
Azazy,,196,679558,5
Tenebrala,,170,679548,1
Azakri,,193,679547,1
Koklen,,290,679521,1
Denver,,215,679517,2
Nishe,,415,679516,0
Romain,,306,679503,3
Acushon,,190,679499,1
Bonus,,184,679498,0
Mireta,,199,679484,0
Windpig,,239,679483,0
Sahil,,255,679482,0
Loshihi,,145,679479,2
Enoze,,185,679478,1
Goodspeed,,220,679475,0
Siled,,190,679472,1
Escudera,,198,679470,21
Sigrid,,261,679464,1
Ecusha,,365,679450,1
Myrka,,271,679449,1
Reya,,225,679448,0
Lorddragon,,336,679442,0
Veers,,201,679439,1
Fist,,257,679437,0
Arcon,,332,679432,2
Joanna,,353,679428,0
Vite,,272,679424,0
Hardcore,,195,679423,3
Oruk,,198,679423,5
Hesi,,267,679410,4
Bana,,409,679409,2
Pendulum,,283,679406,1
Pagani,,150,679400,1
Misteroov,,266,679400,1
Skarrro,,315,669586,0
Destroyer,,160,669569,3
Burner,,255,669522,6
David,,211,669510,0
Monri,,192,669500,5
Oshoma,,217,669489,3
Newdisp,,313,669477,5
Orit,,258,669472,3
Fighter,,200,669471,2
Araki,,381,669471,4
Rublin,,197,669464,1
Bisai,,159,669456,9
Araghorn,,215,669453,4
Hugaji,,215,669449,16
Diana,,194,669447,1
Nujidi,,175,669444,3
Teddy,,310,669442,1
Poukkie,,160,669437,5
Snipeweed,,292,669425,2
Exterita,,330,669424,5
Reva,,236,669421,2
Omirden,,290,669416,8
Arahan,,241,669413,1
Xenae,,237,659776,1
Oshoga,,171,659756,0
Miakawar,,280,659728,2
Zobi,,297,659725,0
Potatobear,,223,659722,0
Ethum,,155,659715,0
Soca,,188,659690,0
Mollypolly,,216,659671,2
Hijam,,280,659670,0
Lord,,149,659654,0
Reses,,438,659654,0
Vian,,252,659647,0
Rubin,,408,659637,0
Bloodwarss,,123,659633,0
Tibriha,,117,659629,0
Ligrirci,,414,659615,1
Conana,,172,659601,1
Trish,,180,659600,2
Zach,,257,659593,0
Ollat,,241,659589,2
Arianna,,245,659585,0
Zudal,,215,659582,0
Belfor,,234,659581,4
Sikevi,,275,659580,0
Efrit,,195,659579,0
Anniebee,,450,659579,6
Valen,,191,659577,3
Brie,,164,659576,0
Telopongo,,343,659568,0
Tarik,,283,659558,0
Doofus,,414,659557,0
Kizi,,192,659555,1
Allia,,382,659552,0
Methug,,239,659547,2
Hekal,,260,659547,0
Kirin,,207,659543,0
Vilit,,255,659536,0
Cage,,215,659535,0
Atavag,,168,659530,1
Quixina,,255,659525,0
Balthox,,176,659522,7
Zarrun,,307,659494,1
Rivri,,128,659485,3
Cirtok,,182,659483,2
Zorrofox,,221,659477,7
Sparhawk,,191,659461,0
Athozoz,,196,659459,0
Argores,,180,659454,1
Cinra,,219,659443,0
Evegrib,,325,659441,0
Jennifer,,362,659439,0
Xsiny,,232,659437,0
Narutovlad,,217,659433,0
Momide,,225,649628,0
Nnppc,,233,649601,1
Theo,,190,649558,1
Otheg,,236,649550,7
Scarlet,,164,649502,3
Godric,,171,649502,7
Sheriff,,287,649478,0
Gajega,,193,649476,3
Xfatale,,319,649475,4
Wolv,,311,649461,3
Kercusa,,255,649459,5
Nirzim,,248,649457,3
Kuthun,,198,649457,1
Didrickson,,197,649455,0
Ercem,,193,649433,0
Rasol,,108,649431,6
Soram,,157,649419,1
Ivom,,285,649416,5
Ddung,,385,649413,6
Abrusos,,250,649408,3
Cuka,,296,649404,2
Asidra,,397,639612,0
Eras,,282,639597,2
Atrus,,161,639589,2
Athufra,,258,639571,2
Zemese,,236,639564,0
Croteus,,198,639547,0
Tila,,238,639543,1
Coka,,222,639535,2
Polish,,153,639534,2
Dimon,,202,639525,1
Abotani,,329,639520,1
Zorro,,218,639518,1
Kara,,427,639511,2
Azun,,287,639509,2
Blackbeek,,161,639501,1
Blade,,297,639497,1
Artemisia,,329,639490,1
Afruz,,137,639486,7
Vargodi,,191,639481,0
Tochod,,213,639475,3
Isaja,,234,639470,2
Meategg,,279,639463,2
Ibuke,,149,639457,5
Lugavra,,168,639455,2
Ciri,,366,639451,2
Ataker,,186,639447,2
Tuduthe,,136,639445,1
Xocke,,217,639445,3
Grosgore,,260,639441,1
Ekruk,,179,639437,10
Tempdrag,,319,639433,5
Tristan,,368,639430,3
Chinahuha,,379,639428,3
Song,,291,639427,4
Feyfa,,167,639427,1
Gaka,,197,639426,5
Katita,,165,639420,2
Palix,,237,639418,5
Daffodil,,261,639417,1
Lujobi,,281,639415,4
Takek,,207,639410,3
Damek,,288,639408,1
Balu,,256,629650,2
Namenos,,267,629637,1
Hyung,,132,629630,0
Temper,,211,629606,1
Muva,,227,629605,2
Lednage,,246,629600,0
Buluthe,,237,629598,2
Kaimietis,,222,629593,0
Harargi,,454,629583,1
Hireg,,234,629580,0
Burza,,153,629572,1
Ovemaz,,436,629569,0
Itus,,322,629564,1
Havok,,206,629557,4
Goof,,120,629552,0
Youp,,352,629544,1
Juzz,,298,629543,0
Galborn,,209,629516,0
Otivre,,208,629511,0
Draga,,155,629510,1
Zork,,207,629507,1
Hahae,,237,629503,3
Werin,,171,629499,2
Vecuk,,273,629493,0
Gromm,,280,629489,9
Brienne,,310,629482,0
Jishi,,348,629473,3
Eroke,,238,629472,0
Anurzi,,265,629470,2
Elejuk,,172,629467,0
Kogit,,232,629464,1
Goblin,,127,629460,0
Onizan,,150,629458,4
Niki,,228,629457,0
Vusha,,164,629454,1
Mooggii,,405,629448,3
Hercik,,197,629439,0
Necron,,172,629439,1
Killa,,159,629436,2
Limi,,169,629424,3
Takade,,223,629424,0
Akez,,184,629420,3
Allmyfault,,346,629417,2
Love,,266,629416,6
James,,147,629414,5
Haplo,,220,629409,4
Cijike,,156,629406,1
Aehriem,,280,619664,0
Lagra,,264,619640,0
Mishoba,,186,619639,3
Amber,,168,619615,0
Alishe,,250,619568,1
Ruvoin,,282,619516,0
Killer,,222,619509,1
Zalasa,,259,619499,1
Azus,,175,619498,1
Gasek,,179,619493,1
Odizi,,239,619491,1
Chizuru,,167,619471,2
Iris,,177,619466,7
Etokre,,168,619464,5
Ifreg,,158,619462,5
Knoxx,,205,619461,5
Crowe,,280,619460,2
Busurca,,226,619460,8
Ruce,,179,619456,10
Junior,,246,619452,2
Caleb,,220,619452,5
Scarypoop,,195,619446,1
Naivasha,,225,619424,5
Osercos,,106,619424,20
Dodrokri,,129,619418,5
Yollo,,237,619415,4
Deliloy,,173,619414,1
Alcatraz,,158,619412,2
Vikami,,171,619412,2
Zedline,,356,619411,0
Mebuvra,,283,619407,7
Sollodre,,217,619404,8
Darkraven,,149,609798,0
Bija,,274,609747,0
Edneci,,128,609740,0
Gunemi,,195,609738,0
Guca,,202,609730,0
Koje,,155,609724,1
Tobivan,,235,609716,0
Pupsik,,183,609715,0
Freedom,,146,609701,0
Nuhile,,359,609695,0
Comam,,320,609692,0
Rucayo,,259,609683,0
Ilovel,,358,609662,1
Dnadnadna,,252,609629,0
Lobo,,253,609624,0
Ciiaei,,101,609619,1
Teranah,,137,609618,0
Innetha,,169,609615,1
Evem,,360,609613,0
Eladit,,289,609606,0
Icokak,,186,609606,0
Madjik,,249,609603,0
Chemchet,,355,609587,0
Shinys,,165,609586,1
Nive,,183,609585,0
James,,292,609584,1
Anon,,237,609584,0
Zodra,,143,609582,3
Hetha,,179,609578,2
Ovurkuz,,301,609576,0
Avarda,,209,609574,2
Gozag,,377,609559,0
Nani,,189,609555,0
Amfik,,215,609553,0
Zisuha,,229,609551,1
Sothi,,177,609544,0
Vodika,,318,609541,3
Modnik,,220,609539,1
Enruz,,165,609534,0
Toson,,374,609529,1
Sophia,,253,609528,0
Eventenica,,359,609523,0
Pako,,136,609516,0
Edirtut,,322,609510,0
Artem,,289,609505,0
Rinen,,190,609500,3
Robix,,233,609497,0
Gecuz,,275,609496,3
Oshuvre,,165,609494,0
Anravra,,294,609494,0
Calisto,,190,609494,0
Abez,,176,609492,2
Sekkkkk,,116,609492,7
Igarak,,354,609491,0
Rufan,,193,609472,0
Fusilia,,186,609466,2
Ambition,,421,609459,0
Aris,,194,609458,0
Xknight,,243,609458,0
Magusi,,151,609441,5
Osiris,,269,609410,0
Erza,,191,609406,0
Dorzi,,123,599696,2
Jayne,,257,599656,0
Nabra,,153,599576,0
Nelle,,221,599542,0
Feniks,,316,599533,0
Bolt,,179,599520,0
John,,185,599510,0
Pierre,,336,599507,4
Kriraffe,,184,599502,0
Votarte,,164,599486,5
Asura,,157,599424,2
Leze,,220,599419,2
Astral,,180,589674,2
Cohen,,183,589599,0
Jabrachi,,312,589596,1
Chinas,,131,589593,2
Victorf,,304,589593,1
Irzojik,,144,589583,0
Ayuder,,151,589565,0
Lidika,,195,589558,1
Nixara,,143,589551,1
Hippyton,,104,589548,2
Rexs,,144,589541,0
Serzi,,146,589534,0
Gotha,,122,589519,1
Etheran,,166,589514,3
Mespin,,180,589514,1
Abot,,212,589512,3
Ecazun,,311,589504,2
Jasmin,,256,589502,2
Ekun,,187,589501,1
Joon,,107,589498,2
Etora,,169,589494,0
Gladius,,413,589493,4
Adolin,,148,589488,3
Dandour,,168,589480,0
Ruzhadina,,311,589477,2
Ruins,,333,589472,0
Roronoa,,162,589471,3
Unum,,200,589469,0
Vega,,218,589467,3
Kobiza,,157,589465,3
Dusomen,,265,589461,0
Dolan,,286,589456,1
Jata,,216,589453,2
Akinrul,,161,589451,0
Zerion,,156,589450,2
Gabas,,152,589449,1
Gnoma,,128,589447,7
Horn,,107,589447,11
Nameless,,236,589447,1
Zofruk,,233,589446,1
Kundinka,,350,589436,1
Rasha,,210,589434,2
Zuji,,165,589427,5
Getha,,312,589427,2
Mezzog,,262,589423,4
Vesuvra,,140,589422,2
Sumoka,,132,589421,6
Aheci,,313,589419,1
Evronniz,,264,589418,12
Suhol,,434,589409,1
Annim,,234,589403,4
Orcifrez,,223,589402,1
Veche,,168,589400,7
Krusher,,82,579644,0
Akredos,,126,579642,0
Odinren,,393,579618,0
Slash,,187,579607,2
Abiki,,367,579607,0
Asqumm,,150,579573,0
Alexis,,148,579550,3
Ilya,,269,579541,0
Sunbin,,120,579515,0
Akos,,174,579513,2
Rumurka,,163,579510,0
Edugik,,226,579507,1
Doshog,,247,579505,2
Arzalez,,176,579503,4
Atama,,316,579494,1
Grinta,,132,579488,2
Egak,,181,579487,3
Ajos,,167,579487,0
Vani,,203,579479,1
Elevre,,175,579477,1
Ecini,,310,579471,0
Ogid,,178,579464,3
Ekruzi,,171,579461,0
Even,,166,579459,2
Vicuma,,107,579454,0
Konstantin,,190,579452,0
Vimad,,192,579435,4
Topas,,225,579420,1
Ulul,,246,579417,0
Erun,,371,579413,0
Woof,,220,579402,0
Garci,,126,579400,8
Ohollen,,237,569622,4
Sotha,,132,569619,1
Arudre,,88,569590,0
Zebb,,258,569575,0
Digre,,122,569571,4
Rugri,,157,569570,3
Buhume,,143,569542,2
Ledni,,260,569531,0
Kontol,,180,569510,2
Akidri,,122,569488,6
Itchi,,156,569479,4
Ejirdin,,168,569473,3
Irena,,243,569468,2
Luguthi,,156,569462,4
Cersei,,172,569460,0
Cizan,,344,569442,4
Feta,,305,569434,2
Ezedil,,220,569425,2
Hman,,151,559733,1
Kayla,,111,559725,0
Azurite,,209,559711,0
Nimal,,252,559709,0
Edeli,,208,559704,0
Jazz,,120,559685,0
Yumo,,206,559680,1
Koreaegul,,179,559679,0
Ogize,,147,559678,0
Bimmel,,322,559676,0
Jaycee,,257,559674,0
Ragi,,232,559671,0
Sovi,,156,559665,2
Metirti,,246,559662,0
Korealotto,,300,559659,0
Savinri,,103,559657,0
Oneking,,328,559651,0
Irzasos,,150,559648,0
Radil,,153,559648,0
Tronking,,344,559644,0
Adrem,,177,559637,0
Dobrizi,,128,559628,4
Alexa,,146,559627,0
Aragon,,150,559621,0
Jacob,,165,559620,2
Natasha,,210,559616,1
Ortukra,,106,559612,0
Demolay,,155,559606,0
Chinamm,,211,559599,0
Gnjida,,342,559585,0
Wykiwajdo,,270,559585,0
Artus,,178,559583,0
Zorro,,108,559577,6
Ichichik,,103,559575,2
Rolli,,60,559574,4
Idon,,140,559574,0
Jubileu,,134,559572,0
Orol,,192,559569,0
Rilel,,151,559562,0
Vint,,129,559560,0
Gooomby,,156,559556,0
Smoke,,100,559553,0
Gloria,,143,559551,0
Adrorkuz,,100,559549,0
Tatha,,141,559545,0
Aphrodiet,,148,559537,0
Rubros,,162,559520,0
Toro,,109,559519,1
Milil,,181,559518,0
Rorda,,222,559516,0
Ecinni,,385,559515,0
Eturol,,156,559511,0
Arya,,273,559507,0
Neli,,236,559505,0
Redky,,154,559481,0
Gameisdumb,,210,559467,0
Ojem,,169,559466,0
Georgia,,278,559465,0
Spurmgargl,,258,559450,0
Doodle,,232,559436,1
Smellyone,,137,559434,0
Mukoc,,219,559430,0
Saver,,158,559418,0
Emis,,116,559416,3
Dethe,,80,549645,4
Okrel,,185,549645,0
Esez,,73,549643,2
Even,,147,549631,0
Mone,,66,549625,3
Zenuz,,260,549588,1
Ethareg,,169,549572,1
Ozel,,156,549568,0
Eliz,,199,549537,3
Ishivi,,205,549536,3
Loje,,137,549533,1
Metece,,97,549530,9
Mahe,,248,549520,0
Ruhi,,264,549519,2
Irzukom,,253,549518,1
Zisha,,100,549496,1
Galgadot,,188,549494,3
Inasil,,146,549489,1
Ethiz,,111,549486,1
Oker,,125,549467,4
Nurtil,,159,549467,11
Giperion,,308,539725,0
Nice,,96,539672,1
Ircin,,165,539633,1
Suga,,108,539598,0
Sarcike,,71,539590,9
Zebra,,201,539590,2
Ibanom,,220,539586,0
Mizos,,119,539578,1
Vuha,,137,539576,1
Bellul,,78,539564,1
Numas,,164,539562,0
Aduk,,260,539560,3
Hela,,206,539560,0
Zeci,,109,539559,2
Lobrat,,146,539558,2
Betin,,191,539558,3
Imat,,103,539556,2
Lartica,,230,539551,3
Serah,,140,539544,2
Maximilian,,260,539542,4
Giga,,182,539535,0
Edom,,100,539525,1
Volla,,117,539506,4
Ahpuc,,128,539504,2
Agriluz,,128,539502,0
Dora,,143,539497,2
Ithes,,204,539493,2
Raphael,,154,539480,0
Sevim,,112,539468,1
Rammira,,269,539463,3
Lanne,,343,539462,1
Hothom,,114,539461,1
Zete,,82,539459,1
Cfibm,,137,539450,5
Marduk,,106,539446,1
Deathpoet,,134,539446,7
Darkside,,153,539446,4
Mumizi,,268,539441,1
Ogichi,,163,539438,0
Ivozom,,184,539438,1
Funny,,170,539437,0
Tocha,,234,539424,1
Empire,,103,539419,0
Halbgott,,145,539417,1
Numen,,200,539416,3
Osus,,186,539415,0
Warrior,,154,539414,2
Hovroz,,60,529718,0
Suhka,,130,529642,1
Kursad,,202,529641,0
Xenovia,,57,529638,0
Ilal,,138,529630,1
Krabe,,31,529619,0
Cunnorte,,100,529608,0
Tashod,,131,529601,0
Lollol,,81,529598,1
Idrirzol,,171,529597,0
Blissful,,178,529592,0
Othathek,,175,529586,2
Nisoha,,102,529585,0
Hanna,,137,529585,0
Agak,,177,529583,1
Warick,,257,529582,0
Eshivreg,,124,529555,1
Rumagrod,,330,529554,0
Acin,,154,529553,2
Obinni,,166,529549,0
Zahuki,,334,529549,1
Animore,,95,529547,2
Drickman,,350,529540,0
Hucis,,86,529536,4
Littlecar,,146,529533,1
Enigi,,213,529522,1
Rickles,,157,529522,2
Mrnice,,141,529520,0
Bron,,192,529511,3
Angel,,208,529493,3
Galahad,,197,529480,0
Jednut,,161,529475,0
Vege,,142,529471,0
Guanweny,,313,529460,1
Zuhaci,,155,529458,1
Gisya,,160,529453,1
Eden,,200,529450,0
Ithoka,,188,529441,5
Zerki,,120,529436,2
Hokire,,179,529426,0
Dukri,,113,529421,0
Nebek,,143,529413,2
Rihi,,64,519730,0
Vuthut,,80,519678,1
Akruz,,115,519654,1
Magni,,257,519633,0
Atreyuin,,226,519626,4
Luna,,160,519585,2
Naokuraman,,100,519573,1
Ardoshan,,116,519566,5
Ortala,,146,519554,2
Beatrix,,123,519553,3
Vutija,,161,519552,1
Ithit,,133,519549,3
Jade,,255,519525,5
Ivrovrel,,113,519522,6
Onez,,157,519511,2
Idiji,,227,519510,3
Gicu,,220,519495,7
Muthat,,196,519482,1
Dexx,,186,519475,3
Cigas,,209,519459,1
Akigra,,209,519449,1
Yesman,,264,519438,4
Gija,,186,519434,3
Ibusus,,151,519433,1
Pdbl,,198,519429,2
Yellboys,,113,519424,4
Mcmullet,,159,519413,2
Harryeee,,151,509801,0
Pariah,,168,509762,0
Asas,,62,509748,0
Stefan,,115,509745,2
Agren,,224,509736,0
Rascal,,300,509721,0
Lihe,,249,509720,0
Ices,,59,509713,0
Zize,,274,509711,0
Tige,,81,509710,0
Camet,,271,509707,0
Amuthe,,183,509706,0
Emica,,160,509705,0
Baelish,,82,509701,0
Minimax,,242,509693,0
Aipaipara,,324,509691,0
Katsuya,,154,509680,0
Kede,,215,509679,0
Akethi,,71,509677,1
Rilandra,,239,509672,0
Merik,,181,509671,0
Devri,,196,509670,0
Wiercik,,126,509670,0
Didis,,126,509667,0
Muti,,165,509663,0
Nana,,262,509662,0
Tathari,,243,509661,0
Irkoz,,95,509660,0
Bluntsteel,,189,509659,0
Amonun,,98,509658,0
Kassy,,126,509656,0
Goood,,203,509652,0
Layla,,212,509648,0
Gracian,,127,509647,0
Papilla,,126,509641,0
Dafrim,,122,509640,0
Mouser,,170,509636,0
Damaga,,215,509629,0
Kiriga,,200,509626,0
Somi,,222,509620,2
Notrial,,230,509619,0
Atos,,123,509608,0
Muzoni,,269,509602,0
Osiris,,103,509602,1
Enordin,,317,509595,0
Zesty,,132,509590,0
Korge,,97,509590,0
Mordhorst,,157,509588,0
Sabole,,187,509587,0
Elorza,,265,509585,0
Argotiz,,261,509583,0
Cave,,127,509577,0
Deve,,147,509573,0
Orut,,137,509566,0
Sylar,,85,509561,0
Virossa,,145,509559,0
Todiny,,223,509558,0
Leppdm,,110,509556,0
Saroya,,203,509554,0
Andragonz,,222,509552,0
Nabe,,185,509550,0
Eshom,,130,509526,0
Gedrage,,249,509515,0
Jared,,133,509508,0
Ecenol,,160,509507,0
Zero,,118,509507,0
Sabre,,200,509506,0
Ethan,,179,509504,0
Dukreshe,,311,509490,0
Simples,,338,509490,0
Asek,,108,509482,1
Lotuma,,94,509481,0
Arot,,171,509477,0
Ohunne,,131,509458,0
Ebal,,153,509441,0
Gargat,,76,499656,1
Crackie,,199,499629,2
Maharg,,204,499627,0
Skybluest,,155,499619,0
Burerci,,148,499597,7
Onneha,,86,499587,1
Otedak,,138,499559,0
Gallida,,174,499552,0
Zorul,,120,499546,6
Nolann,,175,499540,2
Ayla,,178,499539,0
Rivez,,147,499533,2
Ligra,,104,499513,1
Bades,,248,499504,2
Vardug,,177,499500,1
Ihil,,67,499490,3
Seguka,,88,499482,5
Ithine,,154,499476,0
Ohaba,,134,499473,4
Baltrom,,82,499431,0
Alunra,,217,499427,2
Ozusa,,181,499416,8
Ezarkuk,,260,499410,0
Karma,,84,489604,0
Zivi,,117,489597,7
Ruvi,,168,489586,5
Dragon,,139,489584,0
Nivre,,126,489582,1
Shadovv,,247,489568,1
Tazmania,,228,489553,2
Zigesi,,172,489549,3
Oshim,,146,489548,2
Chinalori,,144,489543,0
Kllkll,,199,489540,1
Alex,,123,489539,2
Highopei,,65,489534,5
Midnig,,125,489533,10
Rebekah,,128,489533,1
Alourea,,172,489529,3
Rubrit,,126,489527,1
Rujgth,,88,489526,7
Hogebe,,141,489525,0
Daaa,,245,489521,0
Esanag,,67,489508,4
Haldis,,126,489507,0
Arthur,,160,489497,0
Pigegg,,110,489495,1
Rorabi,,150,489491,0
Otheche,,221,489485,0
Phirs,,201,489483,1
Luzi,,219,489482,1
Vuthega,,66,489474,0
Jigsta,,250,489462,8
Teran,,162,489460,3
Nurcohe,,183,489451,1
Margo,,283,489450,5
Vagsiouou,,119,489445,2
Deeps,,164,489442,2
Bodders,,181,489441,1
Illummi,,161,489432,0
Slower,,150,489429,3
Killer,,120,489423,4
Shulk,,238,489417,2
Sinra,,25,479852,0
Narta,,68,479699,0
Ednevrad,,61,479697,1
Ired,,193,479674,0
Lazaiceze,,130,479672,0
Arthoria,,49,479658,1
Django,,31,479653,4
Evva,,261,479624,0
Ragnar,,107,479611,2
Love,,259,479596,0
Cuthi,,188,479587,0
Leonard,,224,479573,1
Reriki,,108,479573,1
Bumi,,122,479573,2
Ozufre,,123,479567,0
Abrhm,,133,479559,2
Heathcliff,,106,479558,2
Adeti,,211,479549,0
Novel,,122,479544,0
Lynn,,124,479534,0
Quietsche,,178,479516,0
Phbabi,,110,479512,1
Natusik,,181,479512,0
Klara,,114,479497,0
Promi,,89,479477,3
Artis,,134,479462,5
Eciz,,114,479449,1
Cokrome,,149,479437,0
Hghghg,,225,479431,4
Jishaz,,93,479413,0
Sheira,,101,469809,1
Atudne,,58,469638,7
Cume,,152,469619,3
Victorca,,130,469592,0
Seke,,196,469586,2
Groo,,101,469558,1
Jessyca,,124,469555,2
Shohaibah,,112,469552,1
Maverick,,190,469506,1
Orzen,,126,469478,4
Erdad,,119,469441,2
Lord,,147,469410,2
Gwar,,236,469403,6
Gobom,,77,459798,0
Rutanni,,267,459756,0
Kobred,,182,459741,0
Didi,,258,459702,0
Jalez,,92,459698,0
Gavrila,,163,459692,0
Cyndear,,197,459684,0
Malinka,,142,459683,0
Inishe,,137,459683,0
Waterhero,,118,459678,0
Thora,,346,459677,0
Brad,,106,459677,0
Ruti,,140,459675,0
Tevase,,263,459666,0
Chloe,,69,459664,0
Suka,,171,459663,0
Vizit,,80,459661,0
Viva,,49,459661,0
Sparhawk,,116,459659,0
Cheesebag,,113,459659,0
Strizina,,120,459654,0
Alluz,,130,459653,0
Zeldris,,72,459653,0
Barbarian,,145,459644,0
Queen,,159,459639,0
Brienne,,81,459631,0
Libaz,,86,459623,1
Ircod,,116,459610,0
Raharci,,115,459607,0
Hound,,222,459604,0
Ursshadow,,101,459602,0
Nushikra,,73,459601,0
Baltimore,,162,459600,0
Tusin,,146,459590,0
Numota,,55,459590,0
Calota,,99,459576,0
Wreckedum,,94,459567,0
Tuneg,,124,459550,0
Mercywins,,93,459537,0
Vekruje,,153,459527,0
Othishe,,103,459522,3
Aleksandr,,125,459519,1
Carina,,171,459516,0
Mortunne,,129,459493,2
Temid,,115,459459,0
Satan,,100,459428,0
Tojejedno,,87,449746,0
Ivar,,82,449647,0
Nill,,127,449637,0
Enave,,104,449634,2
Leka,,110,449621,0
Vioni,,219,449618,0
Bashel,,106,449602,2
Menge,,70,449593,1
Sarki,,168,449585,3
Romit,,130,449551,3
Troll,,93,449537,0
Mortom,,88,449497,3
Framed,,97,449450,2
Gajeel,,53,449424,4
Warboi,,165,449411,9
Trooper,,108,439691,1
Kitkat,,99,439678,2
Cicide,,90,439670,1
Nivigi,,63,439663,1
Jishafre,,76,439654,3
Akrus,,42,439637,2
Edik,,163,439635,1
Dromer,,79,439620,0
Payton,,175,439612,0
Tanker,,64,439606,2
Nurte,,88,439604,1
Tucaliel,,191,439602,0
Dises,,120,439595,3
Muky,,109,439594,5
Grunt,,101,439592,1
Hemalli,,103,439589,0
Rovros,,45,439585,4
Eshisis,,44,439576,1
Ruonebek,,149,439574,1
Kirzaka,,128,439558,3
Lutoze,,53,439533,5
Taria,,65,439498,3
Void,,136,439480,2
Sigi,,140,439480,1
Juzirk,,92,439459,4
Lucy,,73,439442,0
Mark,,94,439433,7
Azed,,96,439432,0
Mordecai,,186,439430,11
Annure,,115,439429,2
Gevrihe,,79,439424,3
Casca,,119,429752,0
Komag,,87,429681,3
Koreablue,,193,429679,0
Zesiz,,96,429635,0
Kine,,110,429625,2
Spudboy,,133,429618,2
Wakkaaaaa,,91,429618,0
Tirade,,144,429612,0
Jamal,,63,429611,0
Sergio,,97,429606,0
Zihin,,183,429597,0
Zirkoz,,121,429594,3
Gametoon,,136,429591,2
Vica,,86,429584,0
Slyna,,231,429579,0
Decace,,96,429571,0
Darius,,95,429567,0
Ashel,,117,429564,0
Kera,,71,429559,0
Nhostrab,,65,429530,0
Waditi,,158,429490,1
Katt,,160,429488,3
Husa,,137,429458,0
Lizzy,,145,429455,5
Somus,,151,429451,3
Nulluthe,,127,429447,0
Zodra,,152,429418,0
Vavi,,215,419785,1
Ednel,,94,419766,2
Taze,,172,419744,1
James,,154,419677,1
Mozi,,116,419675,3
Ragura,,54,419671,3
Anoshaboy,,111,419651,1
Ekrenrek,,88,419645,0
Echike,,91,419625,3
Viking,,188,419602,2
Itevod,,95,419592,3
Jubul,,49,419580,3
Hoge,,119,419569,3
Kili,,83,419562,1
Ebrug,,105,419548,1
Aseze,,60,419540,1
Jici,,185,419517,2
Jamie,,159,419496,2
Doizaa,,122,419483,5
Beken,,152,419458,7
Eved,,70,419410,6
Agarke,,108,409899,0
Crmgod,,53,409841,0
Mezoz,,64,409833,0
Qianqian,,78,409808,0
Mosa,,33,409796,1
Kisifri,,67,409773,0
Eluve,,134,409770,0
Vocot,,69,409770,0
Tester,,155,409765,0
Nhat,,201,409743,0
Negrus,,41,409739,0
Waroflucky,,36,409731,0
Saintor,,133,409730,0
Eiko,,44,409729,0
Vori,,153,409725,0
Zovi,,76,409723,0
Ledna,,192,409708,0
Ifrim,,89,409706,0
Enine,,102,409702,0
Mawaddah,,185,409702,0
Spikel,,170,409695,0
Talonia,,130,409692,0
Areus,,67,409690,0
Zirka,,110,409686,0
Vagrad,,43,409683,0
Esuja,,303,409680,0
Wart,,66,409680,0
Guji,,71,409676,0
Guchozi,,95,409671,0
Sercads,,88,409661,0
Jagim,,91,409660,0
Stavran,,67,409660,0
Huxiaoyang,,92,409655,0
Hrdlodus,,93,409643,0
Size,,103,409641,0
Arkaruk,,69,409641,0
Rubaka,,200,409628,0
Ijolla,,90,409627,0
Poet,,103,409621,0
Banban,,90,409615,0
Jergid,,73,409605,0
Kera,,60,409596,0
Slave,,115,409596,0
Ekidi,,109,409593,0
Cagavri,,85,409591,0
Hannsemann,,70,409585,0
Asinnol,,200,409582,0
Ejithi,,68,409581,0
Idishut,,146,409570,0
Keith,,111,409566,0
Kriss,,71,409555,1
Bifri,,120,409549,0
Zeus,,151,409549,0
Cecit,,208,409531,0
Nuke,,121,409507,0
Ogrudi,,47,399665,0
Alkyinar,,23,399592,1
Zisek,,81,399590,3
Zygfryd,,78,399587,1
Obonrez,,41,399586,0
Obinne,,75,399581,0
Sabugo,,100,399550,1
Zomun,,53,399496,0
Nerge,,97,399480,4
Magqq,,132,399437,0
Nalu,,60,389734,1
Xnxx,,26,389653,1
Gedeon,,102,389606,2
Xysim,,129,389594,5
Rula,,79,389581,0
Alice,,147,389576,1
Ahuve,,93,389576,1
Idokag,,35,389564,1
Sarah,,156,389532,5
Vize,,103,389530,6
Rorgi,,37,389530,0
Mura,,69,389527,0
Carcurce,,61,389515,1
Arcicel,,95,389504,1
Illit,,84,379756,1
Cuvera,,47,379727,0
Azuje,,124,379726,0
Slingblade,,300,379720,0
Ethuba,,75,379699,0
Zothi,,89,379612,1
Tishe,,104,379603,0
Arvena,,169,379596,0
Osita,,94,379595,0
Kobriji,,108,379594,0
Arzon,,72,379590,0
Kahi,,80,379588,1
Fokov,,81,379588,0
Jackloog,,112,379580,0
Ezuke,,108,379575,1
Baga,,48,379570,0
Anuzus,,159,379569,0
Captain,,105,379562,0
Kasi,,49,379553,0
Busagre,,80,379543,0
Sonja,,61,379541,0
Sabra,,108,379532,1
Zula,,116,379526,0
Poppy,,86,379501,0
Lepus,,66,379501,0
Oshona,,192,379497,4
Havra,,83,379497,0
Spinto,,59,379429,2
Hivus,,20,369722,1
Brienne,,127,369677,1
Izure,,75,369669,0
Crystal,,99,369663,0
Misant,,57,369628,1
Nabri,,23,369604,1
Xtlvnz,,86,369497,6
Koreamummy,,117,359769,0
Zonnag,,52,359753,0
Menasa,,83,359717,0
Ksenja,,161,359695,0
Cloudz,,92,359695,0
Duygu,,14,359694,0
Julle,,25,359675,0
Nanek,,106,359670,0
Nirtarge,,42,359669,0
Econre,,50,359663,0
Rynn,,165,359656,0
Ertaz,,51,359650,0
Dreghar,,61,359604,2
Ethethek,,129,359585,0
Behis,,115,359584,0
Hebrinet,,59,359552,0
Ruben,,130,349753,0
Ronja,,76,349736,0
Bobjones,,9,349709,0
Vivriki,,53,349669,1
Kevin,,81,349659,0
Blazor,,22,349638,0
Cirenni,,32,349632,4
Vale,,156,349630,0
Arthur,,43,349610,1
Ibozul,,102,349581,2
Radditz,,118,349572,2
Sikkmon,,99,349567,3
Microtemp,,39,349555,1
Lacan,,76,349477,3
Kaertesus,,66,349471,1
Cedric,,49,349455,8
Shanna,,171,339791,1
Mume,,22,339732,0
Reaper,,28,339706,1
Etaded,,94,339706,0
Nodi,,49,339685,0
Hodor,,133,339670,1
Dohhh,,117,339659,0
Kina,,77,339625,3
Pezzs,,112,339586,0
Akuse,,60,339582,3
Erzorus,,96,339576,4
Ejel,,215,339573,3
Ediluk,,116,339559,1
Vasoki,,122,339547,1
Vana,,119,339511,2
Nebole,,42,329733,0
Ocathi,,31,329732,0
Darthvader,,38,329709,0
Crixus,,76,329679,0
Sober,,115,329657,1
Luji,,101,329570,0
Ellena,,62,329480,0
Hoke,,110,329466,5
Kaifazhor,,108,319852,2
Siles,,12,319836,1
Yotata,,28,319760,1
Selbeat,,102,319724,0
Derin,,78,319709,0
Heisenberg,,32,319696,1
Kaci,,53,319665,0
Rudregra,,66,319656,4
Imola,,47,319655,2
Omeji,,129,319647,0
Icuje,,98,319639,1
Zumod,,43,319604,4
Dipstick,,139,319553,3
Annon,,47,319551,6
Savas,,33,309857,0
Ishim,,63,309833,0
Avrarzak,,157,309822,0
Karcovra,,147,309813,0
Dama,,102,309811,0
Caheda,,55,309809,0
Satin,,76,309778,0
Ayara,,28,309762,0
Mortinson,,14,309759,0
Codi,,57,309749,0
Ahol,,109,309740,0
Etner,,39,309734,0
Golgoth,,46,309733,0
Indeedra,,22,309726,0
Kashten,,88,309712,0
Miyabi,,176,309712,0
Panday,,88,309701,0
Adira,,88,309701,0
Stiw,,92,309684,0
Deidre,,193,309684,0
Baget,,73,309669,0
Nomercy,,29,309662,0
Jikri,,48,309641,0
Highwin,,33,299734,0
Latha,,69,299702,1
Merovin,,104,299626,1
Mabos,,16,299571,0
Ruenalesca,,111,299464,2
Delargo,,28,289795,0
Lexakon,,86,289638,2
Akad,,80,289635,1
Garen,,73,289589,0
Zarel,,85,289567,0
Risik,,31,279765,0
Ibini,,12,279750,0
Ladne,,13,279708,0
Numsix,,36,279696,0
Lathohe,,134,279691,0
Goddesshel,,14,279664,0
Xurriama,,93,279641,0
Thermy,,104,279515,1
Blarrgh,,81,269811,1
Siren,,22,269802,0
Vivi,,50,269758,0
Ezudi,,54,269752,1
Dragon,,36,269740,0
Terrian,,29,269734,0
Saphyre,,51,269692,4
Tara,,27,269552,6
Triatwo,,72,269475,6
Etermal,,13,259831,0
Koreadak,,93,259791,0
Ehen,,25,259780,0
Arzolle,,47,259668,0
Mage,,11,259652,2
Zidane,,157,259498,0
Toji,,135,249813,0
Padme,,100,249810,0
Lushas,,105,249762,0
Doci,,126,249757,0
Ikoba,,9,249741,0
Ehun,,7,249721,0
Morigan,,19,249714,1
Azurce,,71,249693,2
Zorich,,15,249664,0
Erzud,,30,239854,0
Ifrike,,40,239845,1
Storm,,0,239830,0
Edrudrog,,2,239774,1
Jikralli,,57,239773,1
Anissa,,0,239732,0
Murca,,21,239715,0
Tida,,0,239709,0
Iborok,,4,239696,0
Evermore,,124,239676,4
Rukrat,,55,239664,1
Rutelle,,40,239658,0
Thorky,,16,239614,3
Roza,,0,239609,2
Tankruzgar,,95,239603,4
Edrig,,131,229859,0
Artufrak,,52,229857,0
Nuhuja,,11,229821,0
Vahe,,11,229807,0
Irgicet,,2,229751,0
Annunil,,70,229740,1
Izirga,,0,229722,1
Zides,,66,229721,0
Irkezos,,14,229695,0
Rhayven,,165,229690,0
Ocean,,64,229575,0
Budrache,,3,219821,1
Gosus,,70,219801,0
Dison,,0,219794,0
Wickedmean,,85,219793,0
Vannim,,4,219760,1
Merca,,0,219754,0
Sugon,,0,219719,0
Kittiana,,8,219709,0
Ditykk,,9,219489,2
Ikruze,,10,209871,0
Tippito,,7,209835,0
Zizuk,,17,209816,0
Ardas,,22,209809,0
Mugetsu,,16,209802,0
Juliette,,29,209796,0
Boobs,,0,209794,0
Evom,,10,209790,0
Smokinjoe,,55,209789,0
Divra,,31,209777,0
Ayaya,,0,209775,0
Bingo,,67,209774,0
Pishaach,,0,209771,0
Rochada,,34,209770,0
Totadre,,17,209768,0
Bufroka,,0,209760,0
Sawyer,,53,209759,0
Okoye,,0,209752,0
Maze,,0,209748,0
Akus,,0,209743,0
Bianca,,98,209739,0
Bronk,,12,209726,0
Nashoja,,0,209722,0
Chrisy,,11,209720,0
Cedric,,0,209715,0
Daka,,0,209712,0
Akoz,,0,209709,1
Emid,,35,209708,0
Corde,,37,209700,0
Sasha,,32,209694,0
Tania,,21,209683,0
Velim,,0,209674,1
Alonso,,0,209600,0
Ennig,,0,199789,0
Jola,,130,199787,0
Dasi,,0,199774,0
Testq,,0,199770,0
Honnid,,3,199767,0
Mark,,0,199750,0
Susha,,86,199731,0
Ammebara,,0,199726,0
Ishem,,83,199643,0
Acahag,,0,199620,0
Himedea,,13,199608,1
Zurzut,,0,199565,2
Jezek,,9,189823,0
Fritz,,0,189601,2
Thor,,9,189567,5
Dhcho,,0,179819,1
Lonius,,93,179797,0
Event,,34,179774,0
Zothe,,0,179768,0
Ajomi,,14,169828,0
Nika,,0,169784,1
Loshaci,,0,169776,0
Chris,,0,169749,0
Onulla,,14,169747,1
Angle,,0,169708,0
Athenna,,0,169688,0
Getechi,,20,169653,2
Urushai,,0,159831,0
April,,0,159783,0
Strygwyr,,18,159779,0
Rambond,,0,159759,0
Bidra,,0,159704,0
Vorda,,4,159656,0
Athos,,0,159584,0
Esteris,,0,149808,0
Tiki,,0,149776,1
Bigbabe,,1,149758,0
Darizuul,,0,149754,1
Enuci,,0,149704,0
Jeffrey,,0,149700,0
Natusss,,0,149661,0
Greg,,0,149655,1
Thor,,0,149631,1
Rihi,,0,149611,1
Ageje,,0,139784,0
Xena,,0,139765,0
Ethoka,,0,139760,0
Artati,,0,139752,2
Hodat,,0,139750,0
Kibre,,0,139748,1
Fateeva,,0,139737,0
Wulan,,0,139713,0
Nianda,,0,139710,1
Korbin,,0,139705,1
Idargi,,0,139677,3
Tirita,,0,139628,3
Jonnun,,0,139600,6
Lunina,,0,139589,0
Huta,,0,139574,1
Idnig,,0,139533,2
Mabe,,0,139482,2
Ordas,,0,139418,3
Tobe,,0,129856,0
Markie,,0,129823,0
Rithija,,0,129807,0
Aeris,,0,129779,0
Hoca,,7,129763,0
Nali,,0,129761,0
Bobert,,0,129746,0
Rurki,,0,129706,0
Boyet,,0,129670,2
Hyuns,,0,129667,2
Evotha,,0,129655,0
Gusuz,,0,129628,0
Maddie,,0,129608,1
Bobble,,0,129602,0
Hobrog,,0,129593,2
Nami,,0,119875,0
Tute,,0,119827,0
Degres,,0,119823,0
Annabeth,,96,119799,0
Dobga,,0,119775,1
Anritheg,,0,119772,0
Kirdig,,0,119761,2
Warrior,,0,119761,2
Kratos,,0,119756,2
Akradi,,0,119745,0
Boki,,0,119733,0
Laci,,0,119705,1
Nigre,,0,119692,1
Drako,,0,119674,2
Thuglife,,0,119658,1
Onot,,2,119654,2
Ovecan,,0,119653,3
Vathedni,,0,119647,1
Azul,,0,119559,4
Heleshe,,0,109847,0
Ryba,,0,109838,0
Tannashe,,0,109811,0
Evilynn,,0,109803,0
Ovol,,0,109800,0
Avel,,0,109778,0
Lichi,,0,109770,0
Torr,,59,109768,0
Lole,,0,109763,0
Wiro,,0,109756,0
Trumpsux,,0,109745,0
Alirdad,,0,109743,0
Dibuse,,0,109739,0
Bananaro,,0,109725,0
Hopps,,0,109721,0
Almor,,0,109720,0
Dise,,0,109712,0
Kobe,,0,109710,0
Wideshot,,0,109710,0
Tekila,,0,109692,0
Senigal,,0,109686,0
Acteon,,0,109684,0
Ozuna,,0,109670,0
Jaytoo,,32,109666,0
Ekul,,0,109651,0
Granthil,,0,109641,0
Here,,0,109630,0
Conan,,0,109594,0
Luciferart,,0,99888,0
Cyuchul,,0,99870,0
Justin,,0,99829,0
Hene,,0,99821,0
Ivrim,,0,99820,0
Mappazzone,,0,99800,0
Rigrak,,0,99781,1
Miziki,,10,99780,0
Athan,,0,99761,0
Panter,,0,99749,1
Sureyya,,0,99737,2
Emam,,0,99703,1
Bula,,0,99695,1
Joshua,,0,99687,0
Athena,,0,99648,0
Luna,,0,99626,2
Ohez,,0,99594,0
Disin,,0,99588,1
Hudud,,0,99586,5
Xaxa,,0,99555,1
Tanredni,,0,99449,5
Araxe,,0,99448,9
Egoge,,0,99432,2
Arkiha,,0,99430,3
Roba,,0,89839,0
Itam,,9,89824,1
Arzuk,,0,89822,1
Yashiro,,0,89822,0
Eternium,,0,89816,0
Zarun,,0,89814,0
Soyeon,,0,89805,1
Zina,,0,89802,1
Karces,,0,89798,0
Vezze,,0,89793,2
Lune,,2,89791,3
Bertid,,14,89780,1
Kiler,,0,89770,3
Josi,,26,89769,0
Steelgirl,,0,89759,0
Huni,,0,89758,1
Goblin,,0,89756,0
Danch,,0,89747,0
Idazun,,0,89740,1
Soony,,0,89739,1
Ilot,,0,89736,0
Wanderer,,0,89735,0
Ruzat,,0,89728,1
Blackhole,,0,89724,1
Okuz,,0,89718,0
Atherde,,0,89707,2
Cuge,,0,89701,3
Hana,,0,89696,4
Nemon,,0,89694,1
Zarzudna,,0,89691,1
Rurcilla,,0,89685,2
Adnon,,0,89681,0
Sohunna,,0,89680,2
Dudriti,,0,89679,0
Sozase,,0,89671,4
Shredder,,0,89667,1
Venns,,0,89657,1
Mitherti,,12,89657,2
Meta,,0,89656,2
Frigg,,0,89646,0
Oballe,,0,89632,3
Kitiara,,0,89630,4
Gidas,,0,89625,0
Orkis,,0,89622,3
Eldrin,,0,89618,2
Alexander,,0,89610,2
Jurdem,,0,89605,2
Nithum,,0,89601,7
Vathen,,0,89583,5
Orkus,,0,89569,1
Ekrasi,,0,89566,3
Nejat,,0,89563,6
Anya,,0,89560,5
Kube,,0,89556,3
Ginnid,,0,89555,8
Atari,,0,89555,1
Sihaz,,0,89514,8
Aljasir,,0,89508,0
Brianna,,0,89504,5
Espartano,,0,89498,5
Jirte,,0,89495,3
Zenneze,,0,89481,3
Subsissy,,0,89477,7
Katana,,0,89463,2
Dekka,,0,89459,6
Bora,,0,89457,3
Arkiz,,0,89446,5
Ishavri,,0,89444,1
Artibois,,0,89414,2
Isokes,,0,89412,4
Ajita,,0,89409,8
Nivi,,0,79876,0
Zalluda,,48,79839,0
Esud,,0,79838,1
Enod,,6,79820,0
Valeski,,0,79812,0
Jorkod,,0,79808,0
Ennin,,0,79807,0
Duka,,10,79805,0
Gade,,0,79794,0
Arcog,,0,79786,0
Gaja,,0,79785,0
Berzerker,,0,79780,0
Arzud,,0,79779,0
Kapuk,,0,79775,0
Kabud,,0,79774,0
Athiz,,0,79770,3
Inel,,0,79765,0
Nasherza,,0,79759,0
Ethisit,,0,79757,0
Vina,,0,79753,0
Ikura,,0,79751,0
Dimurga,,0,79742,0
Ebris,,0,79741,0
Sandy,,0,79739,0
Kryptowolf,,0,79738,0
Motigi,,0,79729,0
Agretham,,0,79728,4
Wayne,,0,79728,1
Eowyn,,0,79728,0
Ihad,,0,79727,0
Akrulaz,,0,79724,0
Taria,,0,79724,0
Lordo,,0,79723,0
Betsy,,0,79722,0
Lejuk,,0,79720,3
Krklot,,0,79719,0
Mushova,,0,79716,1
Mukufre,,0,79715,2
Isata,,0,79710,1
Tertiz,,0,79705,0
Rahymbaevr,,0,79704,0
Rugosum,,0,79703,2
Adad,,0,79703,1
Beli,,0,79699,0
Lucy,,0,79698,0
Paulene,,0,79693,0
Zadri,,0,79693,0
Minnarta,,0,79692,0
Ovid,,0,79691,0
Yoonseo,,0,79688,1
Vamat,,0,79687,0
Majes,,0,79685,1
Musashi,,0,79684,0
Ally,,0,79682,1
Vodriti,,0,79677,1
Janra,,0,79676,0
Mong,,0,79673,2
Idin,,0,79664,3
Veje,,0,79663,1
Claudio,,0,79661,0
Rasheri,,0,79660,1
Nina,,0,79658,2
Zoro,,0,79657,0
Bula,,0,79657,0
Kabri,,0,79654,0
Ayrya,,0,79653,4
Goci,,0,79652,0
Areh,,0,79651,0
Koreassuny,,0,79650,0
Meridian,,0,79645,1
Egut,,0,79644,1
Hungryme,,0,79643,6
Anirab,,0,79642,2
Rethi,,0,79642,2
Korak,,0,79642,0
Illam,,0,79641,2
Kathuk,,0,79631,0
Murattttt,,0,79630,3
Tibor,,0,79630,0
Ochahi,,0,79630,1
Dijus,,0,79629,0
Lithad,,0,79627,0
Nebi,,0,79625,7
Pennywise,,0,79622,0
Inakul,,0,79619,0
Meveg,,0,79619,0
Billy,,0,79619,1
Agos,,0,79614,3
Slayhawk,,0,79613,2
Zena,,0,79610,0
Thanos,,0,79609,3
Ezerze,,0,79609,1
Inofri,,0,79608,1
Sothe,,0,79608,1
Iacul,,0,79608,0
Bondage,,0,79604,1
Futjoblovr,,0,79603,0
Itak,,0,79599,4
Icom,,0,79598,2
Shanks,,0,79597,1
Egrumek,,0,79596,1
Pizduylina,,0,79595,3
Xuanmo,,0,79590,0
Ehofra,,0,79588,0
Pednol,,0,79587,5
Alekc,,0,79586,0
Marcus,,0,79584,2
Ogircak,,0,79581,0
Ovredna,,0,79573,4
Spectre,,0,79571,2
Horgat,,0,79569,2
Gedri,,0,79565,0
Aleanto,,0,79564,3
Azora,,0,79561,2
Vwxyz,,0,79559,2
Superman,,0,79559,1
Steve,,0,79559,0
Haran,,0,79556,1
Robron,,0,79555,0
Samul,,0,79548,1
Hibifra,,0,79546,0
Sabiutila,,0,79546,2
Argostra,,0,79546,1
Nazrat,,0,79544,0
Triss,,0,79541,1
Annobe,,0,79540,1
Havil,,0,79540,1
Elle,,0,79540,0
Ogrik,,0,79533,0
Corkscrew,,0,79533,0
Wazzapp,,0,79532,4
Killerboy,,0,79531,4
Isaz,,0,79531,5
Donre,,0,79528,2
Pedra,,0,79526,1
Edak,,0,79525,1
Mmmm,,597,79522,4
Odroz,,0,79522,0
Agni,,0,79522,10
Exit,,0,79520,1
Arya,,0,79517,8
Ludri,,0,79515,1
Mithicana,,0,79514,0
Ashe,,0,79512,1
Xavier,,0,79511,2
Brennan,,0,79510,2
Tyrion,,0,79506,18
Huca,,0,79506,3
Cariboulh,,0,79496,1
Cushik,,0,79496,0
Cihabra,,0,79493,5
Aton,,0,79493,0
Ludizi,,0,79493,5
Ehave,,0,79487,2
Sirkora,,0,79485,4
Lolwut,,0,79484,0
Bear,,0,79479,1
Ichugid,,0,79478,0
Jogan,,0,79477,2
Orech,,0,79476,5
Vethaka,,0,79472,1
Sorbi,,0,79468,3
Akrak,,0,79464,3
Cete,,0,79461,5
Bobbash,,0,79453,3
Azes,,0,79450,11
Zallok,,0,79449,7
Jetom,,0,79448,8
Yohanuois,,0,79447,3
Remon,,0,79446,2
Roni,,0,79440,2
Sfatto,,0,79439,3
Laura,,0,79434,1
Arez,,0,79433,3
Macarond,,0,79432,1
Asshat,,0,79424,1
Gagille,,0,79424,4
Faustin,,0,79421,7
Serhio,,0,79417,1
Arimbi,,0,79415,3
Timalot,,0,79415,2
Bobra,,0,79414,1
Kodri,,0,79412,11
Nice,,0,79410,5
Alucard,,0,79408,6
Nizavi,,0,79405,1
Firulais,,0,79402,1
Dovretha,,0,79402,0
Ludi,,0,69890,0
Zete,,0,69885,0
Illocok,,0,69883,0
Wakka,,0,69877,0
Enrak,,0,69874,0
Zari,,0,69867,0
Rhea,,0,69867,0
Sven,,0,69866,1
Robiza,,0,69860,0
Haruru,,0,69858,0
Tibra,,0,69858,0
Obiz,,0,69856,0
Eshothuz,,0,69855,0
Rertug,,0,69855,0
Nume,,0,69855,0
Zule,,0,69855,1
Yuki,,0,69849,0
Sece,,0,69843,0
Bedivere,,0,69843,0
Olas,,0,69841,0
Tydae,,0,69837,0
Kulla,,0,69836,0
Nare,,0,69836,0
Leewon,,0,69835,0
Hyoeun,,0,69834,0
Sovarka,,0,69832,0
Crockblind,,0,69829,3
Dara,,0,69828,0
Vinag,,0,69826,0
Loha,,0,69826,1
Nushe,,0,69825,0
Nedeshe,,0,69825,1
Kije,,0,69824,0
Vonre,,0,69822,2
Rorzis,,0,69820,0
Etari,,0,69819,0
Ekena,,0,69818,0
Egaz,,0,69818,1
Mirtiji,,0,69816,0
Argos,,0,69815,1
Esema,,0,69813,0
Zeri,,0,69813,1
Ivol,,0,69812,1
Osok,,0,69811,1
Thor,,0,69811,0
Otona,,0,69808,1
Vethoke,,0,69808,1
Arschi,,0,69806,1
Aurey,,0,69806,1
Samel,,0,69802,1
Yeah,,0,69802,2
Tyhranis,,0,69799,1
Liensunrag,,0,69799,0
Jimuga,,0,69799,1
Sambooka,,0,69799,0
Razak,,0,69798,1
Tanker,,0,69793,0
Vuzidra,,0,69792,0
Haudrauf,,0,69792,0
Tarporal,,0,69791,0
Zijak,,0,69791,1
Ocas,,0,69790,0
Koshi,,0,69790,0
Sibe,,0,69788,1
Lkjknight,,0,69787,0
Romna,,0,69787,1
Shiya,,0,69786,0
Bjorn,,0,69785,0
Ragre,,0,69785,1
Rehe,,0,69784,1
Dumbass,,0,69784,0
Trying,,0,69784,0
Korte,,0,69783,0
Vurdi,,0,69783,0
Derkuce,,0,69782,2
Skangella,,0,69781,1
Hydrosmoke,,0,69780,2
Gunninion,,0,69779,3
Tagol,,0,69779,0
Nizufra,,0,69777,0
Alucin,,0,69776,1
Remel,,0,69776,0
Sexking,,0,69776,0
Licot,,0,69775,0
Skullsin,,0,69775,0
Veni,,0,69774,0
Kolaja,,0,69771,1
Enzo,,0,69771,0
Junrerge,,0,69770,3
Hapucybah,,0,69768,3
Xiaobuliu,,0,69768,0
Amut,,0,69767,0
Floki,,0,69767,1
Larcut,,0,69767,0
Madron,,0,69766,0
Carikre,,0,69765,1
Azum,,0,69765,1
Erkabad,,0,69765,0
Ekus,,0,69765,0
Svinjar,,0,69764,0
Jasha,,0,69763,0
Behada,,0,69763,2
Sinfull,,0,69762,0
Slasher,,0,69759,0
Likrurta,,0,69759,4
Jacat,,0,69759,1
Demoniaco,,0,69757,1
Teshera,,0,69755,0
Ajez,,0,69755,4
Rahule,,0,69754,2
Lucy,,0,69754,1
Sheik,,0,69753,1
Oshas,,0,69752,1
Plasticman,,0,69751,0
Mike,,0,69751,0
Guzi,,0,69749,1
Cachi,,0,69748,0
Dinne,,0,69748,1
Herbert,,0,69748,0
Azacek,,0,69746,1
Yuta,,0,69746,2
Goca,,0,69746,1
Attilla,,0,69745,0
Virgil,,0,69742,0
Erograd,,0,69742,1
Cetus,,0,69741,0
Laen,,0,69741,1
Oshwell,,0,69741,0
Nutte,,0,69741,0
Babai,,0,69740,3
Sorgira,,0,69740,0
Barbar,,0,69737,1
Afrel,,0,69737,2
Gameon,,0,69737,0
Tertem,,0,69736,1
Noenemy,,0,69736,0
Ednas,,0,69735,1
Athena,,0,69734,0
Tashot,,0,69734,3
Noibai,,0,69733,1
Ethol,,0,69733,2
Gejira,,0,69732,0
Yosemite,,0,69731,2
Heggie,,0,69731,0
Nirdi,,0,69730,1
Eleanor,,0,69729,0
Piax,,0,69727,0
Icorka,,0,69726,4
Polusantus,,0,69725,0
Olline,,0,69725,1
Tola,,0,69724,3
Soystar,,0,69723,1
Zafrige,,0,69722,0
Lubi,,0,69722,0
Cehure,,0,69719,5
Rodi,,0,69719,2
Meram,,0,69718,0
Arcubris,,0,69718,2
Ovon,,0,69716,2
Bantay,,0,69715,1
Ragnas,,0,69714,1
Tilemi,,0,69713,1
Ssski,,0,69713,0
Helyria,,0,69713,0
Adela,,0,69711,1
Gudra,,0,69710,1
Jiboze,,0,69708,0
Aneji,,0,69708,1
Lehaz,,0,69708,2
Schmobie,,0,69708,3
Bebong,,0,69707,1
Rutagor,,0,69707,1
Hateyou,,0,69705,1
Illil,,0,69704,0
Jarog,,0,69703,0
Irevek,,0,69703,0
Tomboy,,0,69702,1
Arya,,0,69702,0
Jurge,,0,69700,9
Hila,,0,69699,2
Avim,,0,69699,1
Ingstad,,0,69698,1
Akrin,,0,69698,0
Atez,,0,69698,3
Eshok,,0,69697,1
Aegon,,0,69695,0
Anit,,0,69694,2
Colonel,,0,69694,1
Kozonre,,0,69693,0
Vorzet,,0,69690,0
Liliana,,0,69688,0
Apokalypto,,0,69688,1
Idine,,0,69687,1
Zaja,,0,69687,6
Kate,,0,69686,1
Idron,,0,69685,2
Odil,,0,69684,0
Wreker,,0,69680,1
Odasha,,0,69678,1
Cdvip,,0,69676,0
Viltteri,,0,69675,1
Gywne,,0,69675,1
Kuthin,,0,69674,3
Davez,,0,69673,2
Teen,,0,69672,1
Tudos,,0,69671,1
Tormund,,0,69671,0
Ezuhe,,0,69669,1
Onreca,,0,69665,1
Reong,,0,69664,3
Ikradnun,,0,69663,1
Erkadra,,0,69662,2
Caoa,,0,69662,0
Zani,,0,69659,6
Eturce,,0,69657,1
Voce,,0,69657,3
Irzuk,,0,69656,1
Boadicea,,0,69656,4
Przemo,,0,69655,2
Karcete,,0,69655,3
Vibisi,,0,69655,2
Tsect,,0,69655,3
Niygron,,0,69655,2
Ocukas,,0,69654,1
Potito,,0,69654,1
Achevi,,0,69654,1
Icad,,0,69651,2
Iranek,,0,69651,1
Mithi,,0,69650,2
Gimig,,0,69650,7
Foshan,,0,69649,4
Dean,,0,69649,2
Hebod,,0,69648,0
Honky,,0,69648,4
Salisi,,0,69646,0
Roland,,0,69646,2
Drizzt,,0,69646,1
Terim,,0,69645,3
Mako,,0,69645,1
Pumpkeule,,0,69642,2
Jorah,,0,69641,3
Terik,,0,69641,3
Burguna,,0,69640,0
Swaphore,,0,69640,2
Aela,,0,69637,1
Sorvag,,0,69636,1
Zuna,,0,69634,3
Ithoci,,0,69633,2
Ojecuz,,0,69633,1
Kesi,,0,69632,1
Loca,,0,69632,1
Atan,,0,69631,4
Efreja,,0,69630,5
Kaziris,,0,69626,1
Talome,,0,69625,4
Ambertwo,,0,69624,6
Zulurti,,0,69623,2
Sahak,,0,69619,0
Boytoy,,0,69617,3
Scarlet,,0,69616,2
Sira,,0,69613,5
Sadna,,0,69613,5
Zusiz,,0,69611,3
Toti,,0,69611,5
Idrufra,,0,69610,1
Zirte,,0,69610,1
Ivrathi,,0,69608,1
Warrios,,0,69607,3
Rathas,,0,69607,2
Clarissa,,0,69606,4
Leeo,,0,69606,7
Tess,,0,69605,5
Luisa,,0,69603,0
Riongc,,0,69600,0
Artuthis,,0,69600,4
Bacha,,0,69596,1
Kace,,0,69594,0
Rimba,,0,69591,1
Adudnem,,0,69590,2
Evis,,0,69588,1
Jehi,,0,69583,1
Mefri,,0,69582,4
Ilek,,0,69581,3
Iveg,,0,69580,3
Sujifra,,0,69579,1
Edon,,0,69577,2
Aken,,0,69571,2
Orten,,0,69568,0
Durza,,0,69565,3
Markus,,0,69565,7
Sovruk,,0,69562,2
Lunogi,,0,69560,3
Kirsdark,,0,69559,3
Negeg,,0,69559,4
Brenadudi,,0,69556,1
Utah,,0,69554,2
Yuna,,0,69553,8
Moon,,0,69547,1
Theogorath,,0,69540,3
Hise,,0,69538,3
Korkaza,,0,69535,5
Zetha,,0,69535,5
Lerochka,,0,69534,0
Lena,,0,69534,0
Georg,,0,69534,6
Shama,,0,69533,4
King,,0,69527,19
Buhid,,0,69526,5
Cithe,,0,69526,3
Nela,,0,69521,0
Daniel,,0,69518,3
Kardik,,0,69518,6
Mogrus,,0,69515,4
Joja,,0,69514,6
Rertana,,0,69511,1
Kogoma,,0,69511,3
Larki,,0,69508,6
Anuthi,,0,69507,6
Juja,,0,69506,2
Khonan,,0,69503,4
Gnom,,0,69501,3
Avril,,0,69499,2
Okit,,0,69499,1
Ragnar,,0,69491,3
Rives,,0,69491,3
Neba,,0,69487,12
Kami,,0,69486,5
Betiz,,0,69483,0
Jiha,,0,69482,5
Azuha,,0,69481,5
Darkdeath,,0,69476,3
Zejis,,0,69475,2
Zirdit,,0,69474,5
Miha,,0,69474,12
Anna,,0,69473,7
Tama,,0,69469,3
Aegon,,0,69468,2
Orzasi,,0,69466,14
Nidram,,0,69463,3
Gasik,,0,69462,7
Woluk,,0,69461,6
Nikasio,,0,69460,11
Pass,,0,69459,4
Havek,,0,69458,7
Racha,,0,69453,4
Ejas,,0,69447,10
Adrosa,,0,69444,2
Hashe,,0,69436,5
Ivim,,0,69434,8
Aaargh,,0,69429,13
Alex,,0,69420,10
Ednishe,,0,69418,4
Isum,,0,69418,0
Ajun,,0,69415,8
Testicle,,0,69408,9
Next,,0,69406,10
Uuuuu,,0,59902,0
Steven,,0,59882,0
Suya,,0,59882,0
Iroluk,,0,59875,0
Sirgad,,0,59874,0
Warrior,,0,59871,1
Zothore,,0,59868,0
Iban,,0,59867,0
Jazak,,0,59866,0
Vivi,,0,59865,0
Callet,,0,59861,0
Ekrircem,,0,59855,0
Ococa,,0,59846,0
Mindkindz,,0,59844,0
Somin,,0,59837,0
Nenrel,,0,59834,0
Laril,,0,59827,0
Aneba,,0,59826,1
Sija,,0,59826,0
Erzerzul,,0,59825,0
Ercotha,,0,59825,0
Rukra,,0,59825,0
Bizemi,,0,59824,0
Czeczen,,0,59823,0
Mierra,,0,59822,0
Pops,,0,59822,0
Ekok,,0,59821,0
Ovanag,,0,59821,0
Kashak,,0,59821,0
Enran,,0,59820,0
Doom,,0,59819,0
Racig,,0,59819,0
Ogabrak,,0,59818,0
Tylah,,0,59818,0
Norag,,0,59817,0
Steinart,,0,59816,0
Cebi,,0,59815,0
Ibredna,,0,59815,0
Bons,,0,59815,0
Nime,,0,59815,0
Dianna,,0,59813,0
Angiff,,0,59813,0
Power,,0,59813,0
Suvem,,0,59813,0
Vithis,,0,59813,0
Orkuk,,0,59813,0
Arksis,,0,59812,0
Sirkemi,,0,59811,0
Agraz,,0,59811,0
Zigeti,,0,59810,0
Vugore,,0,59810,0
Cantinflas,,0,59809,0
Coha,,0,59809,0
Taga,,0,59808,0
Onug,,0,59807,0
Annalena,,0,59805,0
Five,,0,59805,0
Schnupper,,0,59805,0
Vubesi,,0,59804,0
Vlto,,0,59802,0
Zazus,,0,59801,0
Kratosa,,0,59800,0
Ming,,0,59800,0
Shadow,,0,59799,0
Bronze,,0,59797,0
Lulok,,0,59797,0
Hirga,,0,59796,0
Vuthes,,0,59795,0
Blooo,,0,59795,0
Turtle,,0,59794,0
Katia,,0,59791,0
Resha,,0,59790,0
Acira,,0,59790,0
Kebubi,,0,59787,0
Derius,,0,59786,0
Brunhild,,0,59786,0
Amarok,,0,59786,0
Malc,,0,59785,0
Maddy,,0,59784,0
Valdes,,0,59783,1
Alena,,0,59781,0
Locorene,,0,59778,0
Temp,,0,59778,0
Chace,,0,59778,0
Endi,,0,59777,0
Kaji,,0,59775,0
Calovi,,0,59774,0
Vita,,0,59773,0
Vovon,,0,59773,0
Jaxle,,0,59772,0
Azezel,,0,59770,0
Mama,,0,59769,0
Aael,,0,59769,0
Shepard,,0,59768,1
Gonek,,0,59767,0
Acethe,,0,59766,0
Creygav,,0,59765,2
Ashrynn,,0,59763,0
Ecal,,0,59762,0
Zama,,0,59762,0
Funnyfear,,0,59762,0
Analle,,0,59761,0
Azura,,0,59761,0
Ruwar,,0,59759,1
Orgel,,0,59758,0
Moni,,0,59756,0
Hitman,,0,59756,0
Wendolene,,0,59755,0
Lorti,,0,59754,0
Borta,,0,59753,0
Ssong,,0,59753,0
Arthus,,0,59752,0
Ilolu,,0,59751,0
Lagertha,,0,59749,0
Edravaz,,0,59749,0
Antonius,,0,59747,0
Vothi,,0,59746,0
Godne,,0,59745,0
Sevata,,0,59744,0
Nbeg,,0,59737,0
Rome,,0,59736,0
Phob,,0,59735,0
Suvvanna,,0,59734,0
Bilbo,,0,59733,0
Neresota,,0,59733,0
Nomas,,0,59730,0
Druse,,0,59730,0
Gaji,,0,59728,0
Thunder,,0,59727,0
Speede,,0,59727,1
Isel,,0,59724,0
Lige,,0,59724,0
Vokarze,,0,59723,0
Igeti,,0,59723,0
Athorzet,,0,59721,1
Girzam,,0,59721,0
Guoan,,0,59721,0
Maia,,0,59720,0
Ecime,,0,59717,0
Enem,,0,59716,0
Ironlady,,0,59716,0
Gurzin,,0,59714,0
Tuva,,0,59713,0
Besa,,0,59713,0
Ograbun,,0,59709,0
Laci,,0,59707,0
Anrod,,0,59707,0
Ergeni,,0,59707,0
Elanig,,0,59703,0
Obigos,,0,59701,0
Ishud,,0,59700,0
Abrejed,,0,59695,0
Bakodri,,0,59693,0
Cencioz,,0,59691,0
Malicia,,0,59689,2
Ahin,,0,59687,0
Vithos,,0,59687,0
Demi,,0,59684,0
Azirzum,,0,59684,0
Brando,,0,59683,0
Shaine,,0,59681,0
Athen,,0,59680,0
Roland,,0,59680,0
Katie,,0,59679,6
Burces,,0,59678,4
Navrivi,,0,59678,0
Tuheg,,0,59677,0
Bowelshout,,0,59676,0
Pest,,0,59676,0
Lars,,0,59675,0
Banuz,,0,59671,3
Kraken,,0,59671,0
Kosaka,,0,59670,0
Canra,,0,59669,1
Nojulli,,0,59666,0
Emilia,,0,59665,0
Ilarzi,,0,59663,3
Homi,,0,59660,0
Movit,,0,59660,0
Junior,,0,59659,1
Illura,,0,59652,4
Xanes,,0,59652,0
Darksouls,,0,59649,0
Edrutha,,0,59648,0
Toro,,0,59647,0
Ednak,,0,59646,0
Ikrik,,0,59645,0
Colbead,,0,59643,0
Sakresha,,0,59642,3
Captain,,0,59638,0
Bronzy,,0,59631,0
Ikag,,0,59631,0
Poli,,0,59630,0
Ifrera,,0,59630,0
Tivuchi,,0,59629,0
Shadow,,0,59624,0
Anevim,,0,59623,0
Peep,,0,59623,0
Bilakilla,,0,59618,0
Azurda,,0,59617,0
Star,,0,59617,0
Jiva,,0,59617,0
Judez,,0,59616,0
Borul,,0,59614,0
Arel,,0,59611,1
Breanne,,0,59609,9
Sutati,,0,59607,0
Ekraz,,0,59606,0
Murik,,0,59606,0
Metall,,0,59600,0
Aleksei,,0,59600,5
Zzzzz,,0,59598,0
Will,,0,59598,0
Dorothy,,0,59597,3
Warru,,0,59596,2
Cachik,,0,59588,1
Zese,,0,59587,8
Nati,,0,59587,1
Ajahig,,0,59587,3
Nasa,,0,59585,1
Llewellyn,,0,59585,0
Sunoka,,0,59577,0
Dalla,,0,59574,0
Irdos,,0,59573,1
Veterok,,0,59570,0
Anog,,0,59567,0
Jubbes,,0,59558,0
Fanista,,0,59557,2
Ishoki,,0,59553,0
Quazami,,0,59553,0
Tatig,,0,59551,0
Nasad,,0,59548,0
Solaris,,0,59539,0
Ekabe,,0,59534,0
Birduze,,0,59528,0
Bechi,,0,59516,0
Muckmuck,,0,59514,0
Ocus,,0,59514,5
Cema,,0,59513,0
Vobraka,,0,59512,0
Erzardil,,0,59507,17
Alinova,,0,59506,4
Meme,,0,59498,1
Imili,,0,59495,1
Nosifra,,0,59495,0
Enrurte,,0,59483,0
Ogrod,,0,59482,0
Egramon,,0,59481,10
Amazonas,,0,59481,2
Narturgi,,0,59481,2
Cazes,,0,59475,9
Azarka,,0,59464,0
Ashley,,0,59464,0
Joker,,0,59461,3
Redra,,0,59443,0
Miel,,0,59435,6
Eros,,0,59433,6
Akit,,0,59432,10
Etitha,,0,59432,1
Coatlicue,,0,59431,1
Malenton,,0,59429,16
Jebrot,,0,59419,0
Sorgune,,0,59417,1
Balatikan,,0,59413,0
Zohas,,0,59412,2
Nerorke,,0,59411,0
Mirra,,0,59410,3
Mocere,,0,59405,19
Esum,,0,49865,0
Logrenna,,0,49860,0
Odaba,,0,49857,0
Catherine,,0,49853,0
Bromo,,0,49851,0
Victoria,,0,49843,0
Dinrig,,0,49842,0
Film,,0,49839,0
Ehug,,0,49838,0
Koguma,,0,49833,0
Merduk,,0,49832,0
Tavak,,0,49832,0
Govrami,,0,49832,0
Megun,,0,49829,0
Aravar,,0,49829,0
Isaja,,0,49825,0
Ajkh,,0,49823,0
Imesal,,0,49822,0
Silas,,0,49821,0
Nagri,,0,49821,0
Niharte,,0,49820,0
Arom,,0,49818,0
Rabege,,0,49817,0
Bimi,,0,49810,0
Vachidi,,0,49808,0
Passion,,0,49808,0
Hirude,,0,49807,0
Kisi,,0,49806,0
Mucita,,0,49805,0
Pooooq,,0,49804,0
Olura,,0,49803,0
Jecok,,0,49802,0
Ogre,,0,49799,0
Rudiment,,0,49798,0
Bane,,0,49793,0
Ivylovecat,,0,49793,0
Ozogas,,0,49791,0
Firestorm,,0,49790,0
Blighted,,0,49789,0
Mourning,,0,49786,0
Egrabil,,0,49786,0
Ellela,,0,49785,0
Adnas,,0,49783,0
Roduk,,0,49781,0
Asha,,0,49780,1
Oniz,,0,49779,0
What,,0,49776,0
Tila,,0,49774,0
Durakan,,0,49773,0
Halali,,0,49772,0
Swir,,0,49771,0
Vuthin,,0,49770,1
Obol,,0,49766,0
Huli,,0,49766,0
Vimoz,,0,49766,0
Vehemence,,0,49762,0
Zaken,,0,49762,1
Akacz,,0,49761,1
Jashudri,,0,49756,0
Dantheman,,0,49756,0
Celine,,0,49755,0
Ejam,,0,49755,0
Arya,,0,49751,0
Ikraded,,0,49751,0
Ishanra,,0,49749,0
Bono,,0,49748,1
Haja,,0,49748,0
Hakutha,,0,49748,0
Aragi,,0,49747,0
Azoshin,,0,49744,1
Nanri,,0,49743,0
Kuca,,0,49743,1
Smike,,0,49742,0
Jisa,,0,49740,1
Malfesant,,0,49740,0
Vade,,0,49734,0
Ednona,,0,49733,0
Lngd,,0,49732,0
Darzos,,0,49732,0
Cihashe,,0,49730,0
Bestium,,0,49729,0
Oketid,,0,49726,0
Turist,,0,49719,0
Anrerka,,0,49718,0
Elibad,,0,49718,1
Esheze,,0,49715,0
Cirze,,0,49713,1
Crudcifer,,0,49713,0
Berthos,,0,49713,0
Aldebaran,,0,49711,0
Emivrik,,0,49710,0
Akumes,,0,49709,1
Melisa,,0,49709,0
Bavad,,0,49708,0
Joke,,0,49708,0
Sivars,,0,49708,0
Conan,,0,49708,0
Abrarun,,0,49706,0
Graeme,,0,49705,0
Ihudra,,0,49703,0
Drago,,0,49701,0
Huang,,0,49699,2
Adehe,,0,49697,0
Masha,,0,49696,0
Miza,,0,49696,0
Grrr,,0,49695,1
Kevi,,0,49693,0
Xluffy,,0,49691,0
Erst,,0,49691,2
Quntarrhea,,0,49691,1
Wangzhen,,0,49688,1
Dreedy,,0,49688,2
Hidnehe,,0,49688,0
Murde,,0,49685,0
Bailix,,0,49685,0
Ohilek,,0,49681,0
Jeremy,,0,49680,1
Gajot,,0,49677,0
Lartosha,,0,49677,0
Alphh,,0,49676,0
Zazall,,0,49676,0
Jeze,,0,49672,0
Akris,,0,49672,1
Marcia,,0,49670,2
Alexgr,,0,49670,1
Ptkkk,,0,49670,1
Ivanhoe,,0,49669,0
Ikaw,,0,49668,0
Znatok,,0,49664,0
Vilanova,,0,49663,0
Azriella,,0,49657,0
Karga,,0,49657,3
Rafael,,0,49656,1
Paladin,,0,49656,1
Zocker,,0,49656,0
Berserk,,0,49655,2
Zinri,,0,49654,1
Klause,,0,49654,2
Vitiz,,0,49653,0
Begrini,,0,49653,8
Michoma,,0,49653,3
Bada,,0,49651,4
Zuze,,0,49650,0
Hacita,,0,49649,1
Muloji,,0,49649,0
Nichog,,0,49649,0
Provien,,0,49648,1
Hecet,,0,49643,0
Bihurke,,0,49639,0
Ayoline,,0,49638,1
Afruti,,0,49638,5
Arthur,,0,49635,4
Irten,,0,49634,0
Mezove,,0,49632,3
Terke,,0,49630,0
Esigat,,0,49628,3
Zashe,,0,49624,3
Audrina,,0,49618,0
Gustav,,0,49614,0
Lokia,,0,49613,0
Tyra,,0,49612,2
Jolle,,0,49611,2
Eventlog,,0,49609,0
Odivuk,,0,49607,0
Ceja,,0,49605,2
Rudri,,0,49605,9
Thor,,0,49605,0
Chvs,,0,49604,3
Jogodi,,0,49603,1
Teshe,,0,49602,3
Odenna,,0,49600,0
Newbie,,0,49597,1
Eziva,,0,49597,0
Moon,,0,49596,1
Jatag,,0,49595,1
Ecakri,,0,49594,2
Hakoman,,0,49593,0
Abogri,,0,49591,2
Gogroz,,0,49590,6
Irene,,0,49587,2
Ragnor,,0,49586,0
Gogo,,0,49582,2
Azelon,,0,49581,3
Sheril,,0,49579,0
Agetut,,0,49577,2
Chocho,,0,49572,2
Ruin,,0,49571,1
Runa,,0,49569,3
Kukim,,0,49568,10
Azed,,0,49562,6
Korge,,0,49561,3
Morrigan,,0,49558,0
Veera,,0,49555,8
Phyxin,,0,49555,0
Wrath,,0,49552,0
Mesake,,0,49552,2
Ecojaz,,0,49545,1
Herrman,,0,49545,0
Astaroth,,0,49542,1
Nell,,0,49542,1
Sihak,,0,49541,14
Hgjchd,,0,49539,1
Thomson,,0,49531,0
Erdirk,,0,49526,3
Adonol,,0,49524,9
Shera,,0,49523,3
Athez,,0,49523,0
Gans,,0,49523,6
Cuchulain,,0,49519,0
Morgan,,0,49514,9
Mordet,,0,49513,7
Ambrozyus,,0,49512,1
Tedrag,,0,49504,1
Blueblood,,0,49504,4
Zakudne,,0,49500,0
Kingpuma,,0,49500,4
Agnes,,0,49497,2
Anrukim,,0,49485,5
Mile,,0,49468,1
Ikril,,0,49466,0
King,,0,49466,2
Jovey,,0,49463,6
Megamente,,0,49463,4
Jutha,,0,49461,2
Iriz,,0,49454,1
Gekin,,0,49437,5
Hafuch,,0,49436,1
Cikom,,0,49431,3
Kozethi,,0,49419,0
Murdoch,,0,49416,0
Aria,,0,49412,5
Tank,,0,49408,7
Otoda,,0,49406,1
Obrimiz,,0,39891,0
Akavad,,0,39886,0
Piczka,,0,39864,0
Nubycakes,,0,39863,0
Ricimer,,0,39853,0
Juthe,,0,39852,0
Tahik,,0,39851,1
Boruga,,1,39847,0
Joma,,0,39843,0
Zamee,,0,39841,0
Arcishel,,0,39836,1
Ikordun,,0,39836,1
Diablo,,0,39836,0
Tieuson,,0,39835,0
Cira,,0,39834,0
Erul,,0,39833,0
Ashen,,0,39833,0
Tomyris,,0,39828,0
Hero,,0,39827,0
Ragnarak,,0,39827,0
Veza,,0,39827,1
Ateca,,0,39823,1
Vladimir,,0,39822,0
Astus,,0,39820,3
Evol,,0,39819,0
Rirga,,0,39817,2
Kimp,,0,39817,1
Enet,,0,39817,1
Shannon,,0,39815,1
Nomorka,,0,39815,0
Memig,,0,39815,1
Waganda,,0,39814,0
Gefrade,,0,39813,0
Meiyonie,,0,39813,0
Ollum,,0,39805,0
Dagromi,,0,39805,1
Serabi,,0,39805,2
Lilith,,0,39804,0
Timo,,0,39804,1
Annasa,,0,39802,0
Mejas,,0,39799,0
Tatusa,,0,39798,0
Osug,,0,39797,1
Bongbongb,,0,39796,0
Loki,,0,39796,1
Ojethem,,0,39796,0
Johi,,0,39795,0
Arzarum,,0,39794,0
Linothe,,0,39794,0
Codos,,0,39791,2
Eventowy,,0,39789,0
Mistress,,0,39789,0
Lark,,0,39789,1
Caha,,0,39787,2
Hugrus,,0,39787,0
Tise,,0,39785,1
Egras,,0,39783,1
Moshaza,,0,39783,0
Lecig,,0,39782,0
Okros,,0,39781,0
Bivite,,0,39781,1
Jeht,,0,39780,0
Siegfried,,0,39779,0
Teebee,,0,39779,1
Wilgotnyn,,0,39779,0
Tinnene,,0,39779,2
Vilem,,0,39778,1
Ovrirgus,,0,39776,0
Toja,,0,39776,0
Jitom,,0,39775,2
Remnant,,0,39775,0
Erdeve,,0,39775,0
Blade,,0,39774,1
Ragadame,,0,39772,0
Zunarzi,,0,39772,2
Curi,,0,39772,0
Athek,,0,39772,0
Sialiii,,0,39771,0
Nathiz,,0,39771,1
Horcaz,,0,39770,1
Dayyyy,,0,39770,3
Labor,,0,39768,1
Doca,,0,39767,0
Arkal,,0,39767,0
Persone,,0,39767,0
Vathucha,,0,39765,1
Hikrat,,0,39764,0
Arad,,0,39764,0
Arkanos,,0,39763,0
Lare,,0,39763,0
Dziva,,0,39763,0
Miroluba,,0,39763,1
Kyvy,,0,39762,0
Novi,,0,39759,0
Zoom,,0,39758,0
Idnethum,,0,39758,0
Bannor,,0,39758,0
Orzakud,,0,39756,1
Ebras,,0,39755,1
Cobe,,0,39755,0
Ohin,,0,39755,0
Odig,,0,39754,2
Might,,0,39754,1
Dega,,0,39753,1
Athodas,,0,39753,1
Agmennoon,,0,39751,0
Ehonne,,0,39749,2
Mavis,,0,39747,0
Femfem,,0,39747,0
Raizin,,0,39746,0
Ijakat,,0,39746,0
Zudi,,0,39746,0
Ethun,,0,39745,1
Koriann,,0,39745,1
Ahmann,,0,39745,1
Ivrod,,0,39745,0
Moli,,0,39745,2
Event,,0,39744,0
Jorkol,,0,39743,1
Irtenrek,,0,39743,0
Bulli,,0,39742,1
Lidere,,0,39741,0
Tomcatt,,0,39740,1
Luthel,,0,39739,0
Elem,,0,39739,3
Sejode,,0,39738,0
Andrey,,0,39736,2
Kukisi,,0,39735,0
Yang,,0,39731,1
Imojuk,,0,39730,2
Vierchius,,0,39730,0
Lorna,,0,39728,0
Imat,,0,39727,0
Licog,,0,39726,1
Mezi,,0,39725,0
Alone,,0,39723,0
Onetime,,0,39723,1
Sajo,,0,39723,1
Ekol,,0,39722,1
Ichus,,0,39722,1
Edirgi,,0,39722,1
Gitul,,0,39722,0
Ryangoblin,,0,39721,1
Dziad,,0,39720,1
Athike,,0,39719,3
Aragorn,,0,39717,0
Vudrodna,,0,39717,1
Dazadre,,0,39716,0
Cirkita,,0,39715,1
Zoim,,0,39714,1
Nellaz,,0,39711,3
Uncle,,0,39709,3
Dordethi,,0,39709,2
Odnog,,0,39708,2
Memen,,0,39705,0
Madelina,,0,39705,0
Otovak,,0,39702,1
Lochothi,,0,39702,0
Warla,,0,39701,0
Keishan,,0,39698,8
Arkava,,0,39698,1
Tatilda,,0,39697,0
Sahe,,0,39695,1
Necsus,,0,39695,0
Vade,,0,39695,0
Blackcrow,,0,39695,2
Katarina,,0,39694,2
Sovuli,,0,39692,1
Hirasaka,,0,39689,1
Larsvib,,0,39688,2
Alum,,0,39686,0
Lallire,,0,39686,1
Rodi,,0,39686,1
Hithat,,0,39683,3
Erus,,0,39682,0
Muthi,,0,39682,1
Oguthi,,0,39681,1
Izuz,,0,39680,2
Abhorson,,0,39680,0
Vuzok,,0,39680,0
Secheda,,0,39680,3
Oxana,,0,39680,3
Tigisa,,0,39678,1
Gerdidni,,0,39673,0
Masirka,,0,39673,1
Mirka,,0,39670,0
Conkata,,0,39669,2
Gece,,0,39668,1
Taras,,0,39667,4
Second,,0,39667,1
Gimek,,0,39666,0
Nihilar,,0,39665,1
Wonkjowo,,0,39664,0
Torgosha,,0,39662,1
Odnorcum,,0,39658,3
Catalaeya,,0,39657,1
Arzus,,0,39657,1
Ajoun,,0,39656,1
Meca,,0,39655,4
Porla,,0,39654,3
Tennirga,,0,39654,3
Canrug,,0,39651,1
Teptep,,0,39650,5
Oguzi,,0,39649,2
Kaliestro,,0,39646,1
Killahll,,0,39645,3
Avom,,0,39643,0
Queen,,0,39643,0
Leacar,,0,39642,2
Ohik,,0,39640,2
Maks,,0,39639,1
Havi,,0,39638,5
Meldred,,0,39638,6
Zdorovaya,,0,39636,3
Gokusan,,0,39635,0
Modna,,0,39635,1
Thekid,,0,39635,0
Xena,,0,39634,5
Vigor,,0,39633,2
Itadni,,0,39632,1
Moke,,0,39631,0
Ogom,,0,39629,4
Longus,,0,39629,4
Crittot,,0,39629,2
Cute,,0,39629,2
Mmeddler,,0,39627,0
Frty,,0,39625,2
Greto,,0,39623,2
Dothad,,0,39623,2
Sleezy,,0,39622,0
Beelix,,0,39618,1
Veneg,,0,39616,0
Geeno,,0,39615,1
Kodek,,0,39615,1
Apocalipse,,0,39614,2
Chinaibir,,0,39614,3
Lidi,,0,39614,7
Frank,,0,39612,4
Awkan,,0,39609,0
Ferda,,0,39609,2
Teresa,,0,39606,1
Casserole,,0,39605,4
Lannister,,0,39605,3
Gekuza,,0,39601,3
Testsub,,0,39598,1
Sansa,,0,39598,1
Alby,,0,39597,1
Ripper,,0,39594,9
Difrim,,0,39590,3
Ogarim,,0,39589,3
Abana,,0,39583,6
Mops,,0,39581,1
Saxie,,0,39580,3
Lojud,,0,39576,0
Tozegra,,0,39576,6
Kunat,,0,39573,3
Vurkavi,,0,39573,2
Inez,,0,39573,3
Avisa,,0,39571,2
Victoria,,0,39567,1
Jadril,,0,39565,3
Abes,,0,39564,2
Tamara,,0,39563,1
Jack,,0,39562,1
Blackhawk,,0,39562,3
Mejul,,0,39561,1
Ramiel,,0,39561,4
Logrod,,0,39559,1
Lota,,0,39558,1
Game,,0,39558,7
Cacime,,0,39551,1
Ruvictor,,0,39549,6
Kete,,0,39546,6
Onnok,,0,39544,5
Zarot,,0,39543,3
Ishonna,,0,39542,4
Ajwarrior,,0,39541,3
Zivrel,,0,39540,5
Zorcarza,,0,39539,3
Ethabre,,0,39537,4
Lili,,0,39537,1
Ated,,0,39537,2
Itet,,0,39533,8
Lunneth,,0,39533,1
Sipa,,0,39529,2
Trik,,0,39528,0
Noheart,,0,39527,0
Elem,,0,39524,3
Ocomun,,0,39522,10
Melovin,,0,39521,8
Grizel,,0,39517,0
Wang,,0,39517,9
Miakoda,,0,39516,1
Aryana,,0,39516,4
Oddjob,,0,39516,2
Ronja,,0,39514,5
Cheb,,0,39514,1
Ejarcug,,0,39514,1
Getha,,0,39510,0
Vaza,,0,39509,2
Nathaniel,,0,39496,3
Ocas,,0,39491,2
Tuzik,,0,39487,0
Gugra,,0,39485,6
Werety,,0,39482,3
Dansee,,0,39481,3
Gese,,0,39480,4
Iran,,0,39477,3
Caramon,,0,39475,4
Nariz,,0,39474,4
Scatha,,0,39469,2
Nudre,,0,39463,4
Sisqi,,0,39461,7
Isharen,,0,39450,4
Taja,,0,39449,1
Irehas,,0,39440,10
Zircon,,0,39439,5
Toki,,0,39435,6
Ollune,,0,39430,5
Ekrathi,,0,39428,4
Moheg,,0,39427,4
Auron,,0,39426,14
Reem,,0,39424,4
Bicher,,0,39419,11
Anabolik,,0,39419,4
Nirgi,,0,39413,7
Etiz,,0,39412,3
Naofumi,,0,39410,7
Gabin,,0,39410,7
Kadrom,,0,39409,4
Gahalla,,0,39405,2
Sreyeok,,0,39405,3
Dasen,,0,39404,1
Event,,0,29892,0
Nadnas,,0,29887,0
Dudi,,0,29882,0
Cassandra,,0,29878,0
Dudufu,,0,29872,0
Cash,,0,29870,0
Nisha,,0,29869,0
Abriha,,0,29864,0
Tove,,0,29859,0
Cikije,,0,29858,0
Avresog,,0,29857,0
Fucccccck,,0,29856,0
Luhudne,,0,29854,0
Odezud,,0,29851,0
Iledid,,0,29851,0
Lexa,,0,29851,0
Jurgarda,,0,29850,0
Repata,,0,29849,0
Lubugi,,0,29848,0
Goji,,0,29848,0
Bavul,,0,29848,0
Zeiker,,0,29847,0
Miles,,0,29847,0
Help,,0,29847,0
Onrud,,0,29847,0
Jarzat,,0,29846,0
Murog,,0,29844,0
Steelmike,,0,29843,0
Avinri,,0,29843,0
Nonir,,0,29842,0
Catherine,,0,29842,0
Lube,,0,29842,0
Pariah,,0,29840,0
Freak,,0,29839,0
Oreo,,0,29839,0
Zallreymi,,0,29838,0
Orzel,,0,29838,0
Kegerator,,0,29838,0
Malibu,,0,29838,0
Juce,,0,29837,0
Idrerda,,0,29834,0
Avesal,,0,29834,0
Burninrt,,0,29833,0
Babi,,0,29832,0
Zade,,0,29832,0
Icgnosi,,0,29831,0
Ikenrud,,0,29831,0
Surted,,0,29831,0
Cutha,,0,29828,0
Cigan,,0,29827,0
Agug,,0,29827,0
Eventguy,,0,29827,0
Boss,,0,29826,0
Gadnorki,,0,29826,0
Anere,,0,29826,0
Abrik,,0,29825,0
Asije,,0,29823,0
Verza,,0,29823,0
Martigan,,0,29823,0
Linnira,,0,29822,0
Dohivre,,0,29822,0
Ledana,,0,29821,0
Nirvania,,0,29821,0
Vushi,,0,29821,0
Marleena,,0,29820,0
Idnothi,,0,29820,0
Gingercut,,0,29820,0
Merguta,,0,29819,0
Nevrerzi,,0,29819,0
Selune,,0,29819,0
Titanasaur,,0,29818,0
Khaldrogo,,0,29817,0
Ogon,,0,29816,0
Kucha,,0,29816,0
Beefcake,,0,29815,0
Enki,,0,29815,0
Elos,,0,29815,0
Ratoborets,,0,29814,0
Iryzwar,,0,29814,0
Izelam,,0,29813,0
Ceje,,0,29812,0
Gloubh,,0,29812,0
Suve,,0,29812,0
Lethul,,0,29812,0
Zena,,0,29811,0
Ffhhjjg,,0,29811,0
Alluta,,0,29809,0
Caotica,,0,29809,0
Longrectum,,0,29808,0
Trinity,,0,29808,0
Szymson,,0,29808,0
Elullol,,0,29807,0
Beakfist,,0,29806,0
Milhal,,0,29806,0
Egom,,0,29805,0
Mujuli,,0,29805,0
Kidrak,,0,29805,0
Cherlin,,0,29804,0
Jamieeeee,,0,29804,0
Chema,,0,29804,0
Othon,,0,29804,0
Babedaisy,,0,29804,0
Thetylery,,0,29803,0
Assasin,,0,29802,0
Ston,,0,29802,0
Atam,,0,29802,0
Siri,,0,29802,0
Frank,,0,29802,0
Renuk,,0,29801,0
Joan,,0,29800,0
Matachulos,,0,29800,0
Kahi,,0,29799,0
Drigmal,,0,29798,0
Artahom,,0,29797,0
King,,0,29795,0
Igrunnim,,0,29795,0
Zetri,,0,29794,0
Sebak,,0,29793,0
Fatima,,0,29793,0
Vida,,0,29793,0
Binche,,0,29793,0
Ordem,,0,29793,0
Lizi,,0,29792,0
Naturgi,,0,29792,0
Stan,,0,29791,0
Nenehe,,0,29791,0
Fronyc,,0,29791,0
Vroc,,0,29790,0
Ergami,,0,29789,0
Theokales,,0,29789,0
Shambala,,0,29789,0
Kanpajl,,0,29787,0
Headjob,,0,29785,0
Killswitch,,0,29783,0
Itorge,,0,29782,0
Jima,,0,29782,0
Zarcene,,0,29781,0
Lose,,0,29780,0
Certan,,0,29780,0
Sara,,0,29780,0
Rardel,,0,29780,0
Pipa,,0,29780,0
Cutag,,0,29779,0
Sanray,,0,29779,0
Mellitha,,0,29779,0
Htull,,0,29779,0
Tigra,,0,29779,0
Avale,,0,29778,0
Blade,,0,29778,0
Lardom,,0,29778,0
Mazel,,0,29777,0
Hyse,,0,29776,0
Anti,,0,29776,0
Hamol,,0,29776,0
Tilsden,,0,29774,0
Ejorgan,,0,29773,0
Vibrave,,0,29773,0
Sexyass,,0,29772,0
Esivin,,0,29772,0
Ehod,,0,29772,0
Maxpayload,,0,29772,0
Heinbloed,,0,29770,0
Athena,,0,29770,0
Bemez,,0,29770,0
Felion,,0,29769,0
Vevi,,0,29769,0
Cimed,,0,29768,0
Teta,,0,29768,0
Simet,,0,29768,0
Camazotz,,0,29768,0
Natasha,,0,29767,0
Dushom,,0,29767,0
Sogog,,0,29766,0
Tkbtoda,,0,29766,0
Marcusbca,,0,29766,0
Ezihas,,0,29765,0
Gisoon,,0,29765,0
Ogrode,,0,29765,0
Anoca,,0,29764,0
Usamix,,0,29764,0
Dallashe,,0,29763,0
Dirdiha,,0,29763,0
Tathis,,0,29763,0
Wyatt,,0,29762,0
Osurzid,,0,29762,0
Gofra,,0,29761,0
Killua,,0,29761,0
Alaza,,0,29761,0
Aleytys,,0,29760,0
Kexin,,0,29759,0
Ethim,,0,29759,0
Edraces,,0,29759,0
Cabag,,0,29759,0
Ivila,,0,29759,0
Athena,,0,29758,0
Zevrum,,0,29758,0
Rugrol,,0,29756,0
Odunna,,0,29756,0
Bukez,,0,29756,0
Ookimune,,0,29755,0
Defender,,0,29755,0
Willhelm,,0,29755,0
Nisul,,0,29755,0
Bemi,,0,29754,0
Dagede,,0,29754,0
Onuhi,,0,29754,0
Jate,,0,29753,0
Nije,,0,29753,0
Stahldorn,,0,29752,0
Hurcothe,,0,29752,0
Lukior,,0,29752,0
Odazom,,0,29752,0
Erduris,,0,29752,0
Vombat,,0,29751,0
Gucug,,0,29751,0
Hukrad,,0,29750,0
Lishodi,,0,29750,0
Vycha,,0,29749,0
Sothe,,0,29749,0
Zatoitchi,,0,29749,0
Tivuche,,0,29748,0
Ircorges,,0,29748,0
Catha,,0,29748,0
Ehavri,,0,29748,0
Jaxston,,0,29747,0
Odin,,0,29747,0
Bane,,0,29747,0
Sevulle,,0,29747,0
Acton,,0,29747,0
Ilogra,,0,29747,0
Niandong,,0,29747,0
Evrim,,0,29746,0
Jukila,,0,29746,0
Icot,,0,29746,0
Canenas,,0,29745,0
Argek,,0,29745,0
Akagrem,,0,29744,0
Falstaff,,0,29744,0
Nikon,,0,29744,0
Yona,,0,29744,0
Bame,,0,29744,0
Obras,,0,29744,0
Elysion,,0,29743,0
Dirk,,0,29743,0
Malvelli,,0,29743,0
Okrukok,,0,29743,0
Orguve,,0,29742,0
Sfiktis,,0,29742,0
Zovak,,0,29742,0
Ivrahel,,0,29742,0
Adam,,0,29741,0
Asag,,0,29741,0
Ikun,,0,29740,1
Gizmo,,0,29740,0
Gamilli,,0,29739,0
Afravri,,0,29739,0
Orit,,0,29739,0
Irug,,0,29738,0
Nuvog,,0,29738,0
Ikoril,,0,29738,0
Oves,,0,29738,0
Nairdac,,0,29738,0
Ijati,,0,29737,0
Calvin,,0,29737,0
Vericena,,0,29736,0
Rotha,,0,29736,0
Donire,,0,29735,0
Oteg,,0,29735,0
Stobrys,,0,29733,0
Ogrel,,0,29732,0
Dupek,,0,29732,0
Hrorek,,0,29732,0
Lothar,,0,29732,0
Risha,,0,29731,0
Mercis,,0,29731,0
Misugi,,0,29731,0
Drax,,0,29730,0
Kevaz,,0,29730,0
Kamurke,,0,29730,0
Zuluse,,0,29729,0
Lucifer,,0,29729,0
Casherw,,0,29728,0
Shaniaq,,0,29728,0
Thuy,,0,29728,0
Saligaros,,0,29727,0
Killersam,,0,29727,0
Joan,,0,29727,0
Aleka,,0,29727,0
Ruma,,0,29727,0
Julibi,,0,29727,0
Linwe,,0,29726,0
Tenrik,,0,29726,0
Sirius,,0,29726,0
Vebroz,,0,29725,0
Edrkor,,0,29725,0
Obam,,0,29725,0
Orkusol,,0,29724,0
Medra,,0,29724,0
Irtuka,,0,29723,0
Ozilli,,0,29723,0
Jigre,,0,29722,0
Kashed,,0,29722,0
Zivadne,,0,29722,0
Zihe,,0,29721,0
Turmowind,,0,29720,0
Deli,,0,29719,0
Dgrt,,0,29718,0
Nalla,,0,29717,0
Daraiannet,,0,29716,0
Raoul,,0,29716,0
Koreamicro,,0,29715,0
Arconoz,,0,29714,0
Okam,,0,29714,0
Migurti,,0,29713,0
Azan,,0,29713,0
Ollibe,,0,29712,0
Augdog,,0,29711,0
Ohiz,,0,29711,0
Jacobus,,0,29710,0
Katalina,,0,29710,0
Barbapappa,,0,29709,0
Nuja,,0,29709,0
Versiontwo,,0,29708,0
Amie,,0,29707,0
Ckck,,0,29707,0
Javeg,,0,29707,0
Arkadia,,0,29706,0
Ovrugud,,0,29705,0
Bogri,,0,29705,0
Jhericho,,0,29704,0
Girunri,,0,29704,0
Anna,,0,29703,0
Merim,,0,29703,0
Orzik,,0,29703,0
Kovol,,0,29703,0
Santikrak,,0,29702,0
Joer,,0,29701,0
Shiro,,0,29701,0
Sarzuhi,,0,29701,0
Turke,,0,29700,0
Mauser,,0,29699,0
Thorgal,,0,29699,0
Anore,,0,29698,0
Anak,,0,29698,0
Lilles,,0,29698,0
Tehon,,0,29697,0
Zalizzz,,0,29697,0
Digrashe,,0,29697,0
Baga,,0,29696,0
Laura,,0,29696,0
Edule,,0,29695,0
Daedric,,0,29693,0
Avea,,0,29693,0
Rachel,,0,29693,0
Aneze,,0,29692,0
Conan,,0,29692,0
Black,,0,29691,0
Ojam,,0,29691,1
Oradek,,0,29690,0
Dohe,,0,29689,0
Tempora,,0,29689,0
Legion,,0,29689,0
Kituz,,0,29688,0
Othen,,0,29688,0
Sucara,,0,29687,0
Leoger,,0,29686,0
Ashika,,0,29686,0
Eomer,,0,29686,0
Peter,,0,29685,0
Atera,,0,29685,0
Xatilla,,0,29684,0
Killall,,0,29683,0
Eset,,0,29683,0
Asoze,,0,29682,1
Vesa,,0,29681,0
Hugotw,,0,29681,0
Erim,,0,29681,0
Doca,,0,29681,0
Vele,,0,29679,0
Irkurkul,,0,29678,0
Tonum,,0,29678,0
Twisted,,0,29678,0
Beshudne,,0,29678,0
Dokument,,0,29677,0
Sithe,,0,29676,0
Illal,,0,29676,0
Nofre,,0,29676,0
Nedimhi,,0,29675,0
Alvur,,0,29675,0
Trano,,0,29675,0
Mohade,,0,29675,0
Gunni,,0,29674,0
Irun,,0,29673,0
Southx,,0,29671,0
Darktaz,,0,29670,0
Merhoc,,0,29670,0
Slasher,,0,29666,0
Vevog,,0,29665,0
Bote,,0,29664,0
Bodudi,,0,29664,0
Acom,,0,29664,0
Azoran,,0,29663,0
Vugeke,,0,29663,0
Rugathe,,0,29662,0
Yazar,,0,29662,1
Lusilia,,0,29662,0
Echica,,0,29662,0
Wargod,,0,29660,0
Warlord,,0,29660,0
Belerdi,,0,29658,0
Duziri,,0,29656,0
Fighty,,0,29656,0
Ordok,,0,29656,0
Qidongfish,,0,29655,0
Phucker,,0,29654,0
Phqdaddy,,0,29653,0
Coba,,0,29650,1
Echon,,0,29650,0
Soma,,0,29649,0
Ezorkam,,0,29649,0
Girlfriend,,0,29648,0
Viktor,,0,29647,0
Zoti,,0,29647,0
Gebiz,,0,29645,0
Arzon,,0,29645,0
Rile,,0,29644,0
Regina,,0,29644,0
Ultor,,0,29644,0
Bordi,,0,29644,0
Renee,,0,29643,1
Tekog,,0,29642,0
Kimon,,0,29642,1
Phantom,,0,29641,0
Itok,,0,29641,0
Zvaw,,0,29640,0
Aninni,,0,29640,1
Biichface,,0,29638,1
Shurini,,0,29637,1
Musky,,0,29636,0
Bruzer,,0,29635,0
Eshut,,0,29635,3
Caper,,0,29634,1
Ssddffgghh,,0,29633,0
Kojas,,0,29632,0
Lecom,,0,29632,0
Diablo,,0,29631,0
Sellone,,0,29631,0
Jores,,0,29629,0
Mira,,0,29627,0
Ecit,,0,29625,0
Chochee,,0,29624,2
Stelba,,0,29624,0
Live,,0,29624,2
Cascah,,0,29621,0
Sacker,,0,29621,0
Sucha,,0,29619,1
Enugi,,0,29619,1
Otari,,0,29619,0
Durze,,0,29617,1
Kaveg,,0,29617,0
Sabaha,,0,29617,0
Lidi,,0,29615,4
Etok,,0,29615,0
Leelee,,0,29614,0
Ebrig,,0,29613,0
Garcuse,,0,29613,0
Ithak,,0,29612,0
Igor,,0,29609,0
Juri,,0,29607,0
Korsik,,0,29607,0
Nakula,,0,29607,0
Mapy,,0,29606,6
Annez,,0,29606,3
Ordeze,,0,29605,0
Kila,,0,29604,0
Kinger,,0,29604,0
Irkize,,0,29604,2
Rokrebe,,0,29604,0
Trolololo,,0,29604,1
Edek,,0,29604,0
Jenefer,,0,29603,0
Doret,,0,29603,0
Volle,,0,29602,0
Orgirzat,,0,29601,0
Fortifess,,0,29601,2
Druzztm,,0,29601,0
Zaphod,,0,29600,0
Rerenrus,,0,29600,0
Subethi,,0,29599,0
Eyesight,,0,29598,0
Stronger,,0,29596,4
Bente,,0,29596,0
Asege,,0,29594,1
Marley,,0,29592,1
Lilya,,0,29592,0
Doke,,0,29592,4
Julia,,0,29588,0
Blechfrau,,0,29585,0
Kritongarl,,0,29584,0
Jorgemag,,0,29584,4
Angkoloy,,0,29579,3
Marzipan,,0,29579,0
Imin,,0,29578,0
Oraba,,0,29576,3
Kara,,0,29576,0
Bikrak,,0,29575,2
Budweiser,,0,29575,0
Question,,0,29574,0
Raci,,0,29572,0
Luse,,0,29569,0
Caramon,,0,29568,1
Jack,,0,29567,0
Ozuje,,0,29565,0
Warrion,,0,29564,0
Cashe,,0,29563,0
Park,,0,29562,0
Wojo,,0,29557,0
Christan,,0,29557,4
Jethele,,0,29555,0
Vume,,0,29553,0
Major,,0,29553,0
Ashel,,0,29551,2
Rage,,0,29549,5
Kidnat,,0,29549,0
Elam,,0,29545,0
Redrum,,0,29543,0
Hushad,,0,29542,0
Mezi,,0,29541,0
Ronra,,0,29539,0
Rahuka,,0,29537,0
Skoi,,0,29536,0
Atethuk,,0,29535,0
Mace,,0,29533,0
Pitbull,,0,29531,0
Pringles,,0,29529,0
Pewpew,,0,29529,1
Limuba,,0,29527,0
Sonja,,0,29526,0
Kanada,,0,29519,10
Ohfurz,,0,29519,0
Eventos,,0,29513,4
Alfonz,,0,29511,7
Moonpie,,0,29510,0
Tota,,0,29503,0
Kikikill,,0,29503,3
Vanyel,,0,29502,0
Larrette,,0,29498,0
Nametolong,,0,29498,4
Fonsimrcia,,0,29496,0
Soldier,,0,29495,1
Hehekri,,0,29492,0
Deathgrip,,0,29492,0
Kannaz,,0,29492,1
Tari,,0,29486,1
Delylah,,0,29483,0
Okruze,,0,29480,5
Subici,,0,29480,0
Mije,,0,29480,0
Bumi,,0,29476,2
Baken,,0,29470,0
Emokul,,0,29462,1
Davichon,,0,29458,1
Orda,,0,29454,1
Mudis,,0,29431,0
Beibei,,0,29427,0
Osakem,,0,29425,0
Egut,,0,29424,0
Sertag,,0,29420,1
Zeki,,0,29419,3
Soti,,0,29413,4
Ikrichug,,0,29412,0
Harlech,,0,19890,0
Nasrat,,0,19877,0
Caytien,,0,19874,0
Lovni,,0,19869,0
Gava,,0,19869,0
Zenok,,0,19868,0
Gubrega,,0,19867,0
Bruun,,0,19859,0
Bedum,,0,19857,0
Wolverine,,0,19856,0
Tatara,,0,19852,0
Ritoz,,0,19849,0
Larayana,,0,19846,0
Jigaboo,,0,19845,0
Dumi,,0,19845,0
Jujunna,,0,19844,0
Okul,,0,19843,0
Carbo,,0,19842,0
Dohez,,0,19840,0
Anase,,0,19838,0
Vina,,0,19837,0
Korgala,,0,19833,0
Edot,,0,19832,0
Loki,,0,19830,0
Elud,,0,19829,0
Isug,,0,19827,0
Zallurda,,0,19825,0
Zima,,0,19825,0
Lashag,,0,19824,0
Vude,,0,19824,0
Irez,,0,19824,0
Ochel,,0,19823,0
Rhiannon,,0,19823,0
Zero,,0,19823,0
Kyrie,,0,19822,0
Gurel,,0,19822,0
Okule,,0,19821,0
Amet,,0,19821,0
Okuthe,,0,19821,0
Aragorn,,0,19821,0
Govol,,0,19820,0
Hatha,,0,19819,0
Hohenhiem,,0,19818,0
Loki,,0,19816,0
Kifri,,0,19814,0
Hubra,,0,19814,0
Likehe,,0,19814,0
Mirin,,0,19813,0
Daddy,,0,19812,0
Bono,,0,19811,0
Kzpray,,0,19811,0
Ronnes,,0,19811,0
Adruz,,0,19810,1
Kanoto,,0,19810,0
Dice,,0,19810,0
Irona,,0,19809,0
Bastard,,0,19809,0
Igece,,0,19807,0
Zinred,,0,19807,0
Ojami,,0,19806,0
Leana,,0,19806,0
Tortorus,,0,19805,0
Vazen,,0,19804,0
Tank,,0,19803,0
Sede,,0,19803,0
Ashumi,,0,19803,0
Acocad,,0,19803,0
Dominguero,,0,19802,0
Zorkiba,,0,19802,0
Obes,,0,19801,0
Olochis,,0,19801,0
Kreifear,,0,19801,0
Maik,,0,19801,0
Zuul,,0,19801,0
Desaza,,0,19800,0
Keshachi,,0,19800,0
Tulus,,0,19800,0
Gretchen,,0,19800,0
Irziran,,0,19799,0
Phwarrior,,0,19799,0
Jeduha,,0,19798,0
Ogitut,,0,19797,0
Diceroll,,0,19796,0
Anug,,0,19796,0
Alyssa,,0,19796,0
Ellogri,,0,19794,0
Glave,,0,19793,0
Roxxette,,0,19792,0
Rabun,,0,19792,0
Roshos,,0,19791,0
Keks,,0,19790,0
Tate,,0,19790,0
Davuhi,,0,19789,0
Irzus,,0,19789,0
Zawisza,,0,19788,0
Jettay,,0,19788,0
Ziny,,0,19787,0
Mugrisha,,0,19787,0
Dara,,0,19787,0
Itiz,,0,19786,0
Zirka,,0,19786,0
Loca,,0,19785,0
Gitisa,,0,19785,0
Nooooooooo,,0,19785,0
Ageu,,0,19785,0
Zorga,,0,19784,0
Abris,,0,19783,0
Birtaz,,0,19783,0
Garthoc,,0,19783,0
Dizacha,,0,19782,0
Nonon,,0,19782,0
Alas,,0,19781,0
Elez,,0,19781,0
Xiaoxin,,0,19780,0
Ohut,,0,19780,0
Imog,,0,19780,1
Calia,,0,19780,0
Masy,,0,19779,0
Chalex,,0,19779,0
Cecoka,,0,19779,0
Nanikoa,,0,19778,0
Zeloz,,0,19777,0
Sujicha,,0,19777,0
Nele,,0,19776,0
Killim,,0,19776,0
Ojuba,,0,19776,0
Gigifre,,0,19776,0
Ravre,,0,19776,0
Eventonp,,0,19775,0
Baram,,0,19775,0
Asula,,0,19774,0
Zorute,,0,19774,0
Rigreda,,0,19773,0
Tahmina,,0,19772,0
Ingrim,,0,19772,0
Daguozhier,,0,19771,0
Yelol,,0,19771,0
Marsha,,0,19770,0
Ajus,,0,19770,0
Hrist,,0,19769,0
Ganog,,0,19769,0
Duke,,0,19768,0
Ototez,,0,19768,0
Nila,,0,19768,0
Evgengoup,,0,19768,1
Alana,,0,19768,0
Ekut,,0,19766,0
Gutzmomo,,0,19766,0
Athot,,0,19766,1
Eventw,,0,19765,1
Sini,,0,19764,0
Ithohig,,0,19764,0
Tidaji,,0,19764,0
Nonrak,,0,19764,0
Aegon,,0,19764,0
Idake,,0,19764,1
Apofis,,0,19763,0
Jianingbba,,0,19762,0
Argove,,0,19761,1
Zulumea,,0,19761,0
Dimanus,,0,19760,0
Akuma,,0,19759,0
Stormrider,,0,19758,0
Alluda,,0,19757,1
Ovuri,,0,19757,0
Mcbro,,0,19757,0
Egruz,,0,19756,0
Rirdi,,0,19756,0
Danon,,0,19755,0
Akaz,,0,19755,0
Vald,,0,19754,0
Test,,0,19754,0
Figaro,,0,19754,0
Sathe,,0,19753,0
Tashi,,0,19753,1
Lovod,,0,19753,0
Avoce,,0,19752,0
Lachadra,,0,19751,0
Idrathi,,0,19751,0
Bloodnbone,,0,19751,0
Sirris,,0,19751,0
Korti,,0,19750,0
Macelli,,0,19750,0
Erinia,,0,19750,0
Ruja,,0,19750,0
Leela,,0,19750,0
Honathe,,0,19748,0
Orged,,0,19748,1
Vujel,,0,19747,0
Gerge,,0,19747,1
Jekrose,,0,19747,0
Tuthem,,0,19746,0
Sturm,,0,19746,0
Bekrol,,0,19746,0
Zakuz,,0,19745,0
Ashakut,,0,19745,0
Ktak,,0,19745,0
Suthes,,0,19744,0
Jubrarda,,0,19744,0
Tony,,0,19744,0
Gulajn,,0,19744,0
Dova,,0,19743,0
Cotet,,0,19743,0
Alufri,,0,19742,0
Twisted,,0,19741,0
Guns,,0,19741,0
Azoz,,0,19740,0
Zima,,0,19740,0
Velkator,,0,19739,0
Mubrud,,0,19739,0
Hannika,,0,19739,1
Innokil,,0,19738,0
Ecevi,,0,19738,0
Wupp,,0,19738,0
Tdawg,,0,19737,0
Taff,,0,19737,0
Becks,,0,19737,0
Nuzum,,0,19736,0
Zucha,,0,19735,0
Carlo,,0,19735,0
Brienne,,0,19735,0
Erzel,,0,19734,0
Freya,,0,19734,0
Guhiji,,0,19734,0
Thorsen,,0,19733,0
Ezaz,,0,19733,0
Serge,,0,19733,0
Neshi,,0,19733,0
Jeca,,0,19733,0
Bulkathos,,0,19731,1
Emima,,0,19731,0
Jecerza,,0,19731,0
Ishole,,0,19730,0
Jafrari,,0,19729,0
Adis,,0,19729,0
Rudemon,,0,19728,0
Amedrud,,0,19728,1
Ohison,,0,19727,1
Orud,,0,19726,0
Hazzza,,0,19726,0
Ivica,,0,19726,0
Ivim,,0,19726,0
Sedrik,,0,19726,0
Ozid,,0,19726,0
Nurdun,,0,19725,0
Ertenen,,0,19724,0
Tadon,,0,19723,0
Ortarel,,0,19723,0
Efrahan,,0,19723,0
Activity,,0,19723,0
Hevek,,0,19722,0
Echuces,,0,19721,0
Tilot,,0,19721,0
Dastan,,0,19721,0
Volcania,,0,19720,0
Vandal,,0,19720,1
Fawah,,0,19720,0
Alita,,0,19719,1
Javri,,0,19719,0
Vobis,,0,19718,0
Avronim,,0,19717,0
Jebri,,0,19717,0
Grendel,,0,19715,0
Risa,,0,19713,0
Givula,,0,19713,0
Donot,,0,19713,0
Azamel,,0,19711,0
Hambez,,0,19711,0
Gara,,0,19710,0
Oshoka,,0,19709,0
Biirl,,0,19709,0
Veriwave,,0,19709,0
Sandra,,0,19708,0
Seksyality,,0,19708,0
Ocag,,0,19708,0
Ojiva,,0,19706,0
Lobrod,,0,19706,0
Kodorci,,0,19706,0
Kariik,,0,19705,0
Kasp,,0,19704,0
Dednide,,0,19704,0
Llunagemo,,0,19704,0
Lartal,,0,19704,0
Tamuk,,0,19703,1
Erza,,0,19703,0
Michal,,0,19703,0
Shield,,0,19703,0
Korus,,0,19703,1
Goku,,0,19701,0
Irzam,,0,19700,0
Teci,,0,19700,0
Meshan,,0,19699,0
Fhokias,,0,19699,0
Thorvald,,0,19699,0
Ndhsu,,0,19699,0
Moonss,,0,19698,0
Jiniya,,0,19697,0
Vigre,,0,19697,0
Nirdas,,0,19695,2
Jibos,,0,19694,0
Athulli,,0,19693,0
Boomy,,0,19692,0
Egrethid,,0,19691,0
Ecan,,0,19690,0
Mars,,0,19690,1
Ahug,,0,19690,1
Ironboob,,0,19690,0
Rida,,0,19688,0
Taze,,0,19687,0
Majo,,0,19687,0
Zushukri,,0,19686,0
Enugi,,0,19686,0
Virta,,0,19685,0
Agotha,,0,19684,1
Buckyy,,0,19683,0
Jake,,0,19683,1
Alaric,,0,19683,0
Harkid,,0,19682,0
Conan,,0,19680,0
Hanokra,,0,19680,0
Zoka,,0,19680,0
Mule,,0,19679,0
Hachevento,,0,19678,0
Yhanss,,0,19678,0
Suke,,0,19678,0
Nallille,,0,19677,0
Igrin,,0,19677,0
Hozuz,,0,19676,0
Topchik,,0,19675,1
Zinna,,0,19675,1
Falicia,,0,19675,1
Hulil,,0,19675,0
Riran,,0,19674,0
Olat,,0,19674,0
Sedi,,0,19672,1
Vartovij,,0,19672,0
Bobat,,0,19672,1
Kane,,0,19671,0
Tesha,,0,19670,0
Rahana,,0,19670,0
Kesha,,0,19670,1
Sunirde,,0,19670,0
Dedni,,0,19668,0
Javi,,0,19668,0
Ekodad,,0,19667,1
Nakazy,,0,19667,0
Quench,,0,19663,0
Mufre,,0,19663,1
Suke,,0,19660,0
Hitul,,0,19659,0
Edresa,,0,19659,1
Oganga,,0,19658,0
Allayne,,0,19657,0
Acijok,,0,19657,0
Ikudad,,0,19656,3
Vashog,,0,19655,0
Arthas,,0,19654,0
Sorzi,,0,19654,1
Ewelinka,,0,19653,0
Chewon,,0,19652,3
Glgo,,0,19652,0
Nehi,,0,19651,0
Pektuz,,0,19650,0
Semen,,0,19650,0
Ehuseg,,0,19648,2
Raven,,0,19648,0
Dellez,,0,19648,0
Jeppe,,0,19647,0
Sara,,0,19646,1
Vopiso,,0,19645,4
Pollo,,0,19645,0
Otto,,0,19639,0
Vada,,0,19638,0
Arcol,,0,19638,1
Vampe,,0,19638,0
Danucke,,0,19636,0
Tizuz,,0,19634,0
Jalad,,0,19634,0
Deithre,,0,19633,0
Luvori,,0,19630,0
Elladnuk,,0,19628,0
Borzorde,,0,19627,0
Haha,,0,19627,0
Sheila,,0,19622,0
Pahoho,,0,19622,0
Koda,,0,19621,0
Floyd,,0,19620,0
Ebrad,,0,19620,0
Sawborg,,0,19617,0
Otufra,,0,19614,2
Evrollil,,0,19614,0
Achusa,,0,19614,0
Etun,,0,19608,1
Aten,,0,19606,0
Rembo,,0,19605,0
Lurut,,0,19604,1
Leah,,0,19604,0
Rodran,,0,19601,4
Irene,,0,19600,0
Athala,,0,19599,0
Irva,,0,19599,0
Michal,,0,19597,0
Ethon,,0,19597,0
Nufrog,,0,19594,0
Arakel,,0,19592,1
Grunch,,0,19591,0
Jotom,,0,19589,1
Imorda,,0,19586,0
Tothel,,0,19584,0
Asafrin,,0,19583,0
Joze,,0,19577,2
Nudra,,0,19577,0
Lilith,,0,19572,0
Burce,,0,19567,0
Oidarel,,0,19565,0
Wreckior,,0,19565,0
Anima,,0,19561,0
Yunofox,,0,19553,3
Deathbiach,,0,19553,0
Ogerta,,0,19542,0
Imho,,0,19541,1
Artet,,0,19535,0
Dumil,,0,19520,0
Bwaya,,0,19520,0
Killer,,0,19519,1
Adrian,,0,19518,0
Adarat,,0,19514,1
Crimson,,0,19497,2
Majeranek,,0,19495,0
Erikwallar,,0,19493,1
Ithul,,0,19488,3
Alan,,0,19486,0
Kaceci,,0,19484,0
Hordi,,0,19481,0
Onnol,,0,19455,0
Gumos,,0,19454,3
Inim,,0,19453,0
Makal,,0,19441,2
Cethirke,,0,19441,0
Joshua,,0,19434,5
Ishes,,0,19430,3
