Regalia,,2004,1549426,0
Korllvovll,,2007,1529471,2
Korggagga,,2079,1529440,2
Anba,,2040,1519452,0
Sierra,,2031,1519412,2
Kornigimi,,2080,1509536,0
Wwwwwispy,,2001,1509438,0
Chinaccc,,2061,1499493,2
Chinaps,,2005,1489567,0
Sunshine,,2031,1489436,4
Samchoggik,,2011,1489430,2
Gordi,,2004,1469422,0
Chinacrazy,,2001,1459566,2
Etetha,,1919,1459542,7
Korgwaja,,1839,1449582,1
Kormansaok,Centurion,2006,1449474,4
Chinaxin,,2035,1439664,1
Korjune,,2050,1439609,1
Kordok,,1965,1439543,0
Ashica,,1905,1439465,1
Korean,,2007,1439452,5
Slam,,1909,1439403,2
Bombera,,2056,1429591,3
Craftlover,Centurion,2012,1429585,0
Sauzer,,2038,1429578,2
Korggolcho,,1615,1429490,4
Sijorki,,2014,1429418,3
Canadalala,Centurion,1977,1419430,2
Tayschrenn,,1856,1419417,5
Koryalacha,,2011,1409745,3
Nelliel,,1706,1409633,1
Asamoz,,2001,1409512,2
Telari,,1581,1409508,1
Orirzi,,1922,1409489,4
Thegoat,,1943,1399523,0
Rasta,,1930,1399493,7
Limai,,1991,1389694,0
Athomek,,1997,1389606,1
Korsoonja,,1918,1389585,2
Korv,,1808,1389581,1
Chinagushu,,1917,1389556,1
Morgull,,2021,1389551,3
Korjotto,,1656,1389543,1
Kituvri,,1907,1389536,1
Dona,,1441,1389536,0
Hishra,,1973,1389535,3
Chinaseven,,2019,1389530,7
Ardos,,1813,1389525,0
Erzaph,,1745,1389520,1
Kormystguy,,1806,1389497,1
Korcapaci,,1944,1389487,5
Ziha,,1952,1389436,4
Azerothv,,1864,1389421,1
Scuba,,1811,1379524,2
Anbonbudgt,Challenger,1251,1379523,1
Eturza,Centurion,1684,1369609,1
Ladydee,,1789,1369471,2
Mandy,,1911,1369414,8
Imagen,,1948,1359517,3
Sideact,,1857,1349519,1
Foxqt,,1647,1349489,0
Death,,1509,1339659,0
Mobyrory,,1965,1339620,0
Hoho,,1720,1339596,3
Zhendiao,,1872,1339591,4
Kordust,,1720,1339569,0
Ivega,,1780,1339543,3
Rugrom,,1805,1339539,3
Divinely,,1349,1339536,4
Biloute,,1844,1339529,2
Alora,Challenger,1904,1339528,1
Iicastl,Challenger,1647,1339524,1
Sauzer,,1349,1339522,3
Korteach,,1567,1339510,1
Ohmygirl,,1616,1339508,3
Onnet,,1610,1339503,0
Whyme,,1494,1339503,2
Lufia,,1318,1339487,0
Crkbronze,,1666,1339477,1
Koreasy,,1758,1339474,3
Sasha,,1641,1339460,2
Rincewind,,2009,1339446,5
Reta,,1815,1339419,6
Medusa,,1645,1329542,5
Chinani,,1678,1329519,1
Delphy,,1839,1329481,1
Kbot,,1784,1329477,2
Montresor,,1790,1329468,3
Huni,,1867,1329444,3
Lufia,,1346,1329409,2
Ruzlata,,1708,1319627,3
Idealone,,2003,1319544,4
Ellelle,,1915,1319529,2
Ojeon,,1597,1319463,6
Rylie,,1748,1319459,2
Elsaki,,1663,1319454,0
Yersinia,,1649,1319417,9
Maya,,1805,1319410,0
Icedin,Challenger,1720,1309761,0
Dirdebe,,1709,1309743,1
Lillith,,1503,1309681,1
Frostfire,Challenger,1974,1309672,4
Gandalf,,1912,1309666,1
Qpzl,,1526,1309662,1
Ziyi,,1741,1309604,6
Yalevi,,1422,1309470,15
Kinnu,,1344,1309429,4
Korkorando,,1618,1289684,0
Artemis,,1574,1289589,2
Xardas,,1216,1289566,4
Infiniti,,1770,1289564,4
Phoenix,,1434,1289552,5
Guci,,1501,1289535,1
Nami,,1613,1289517,2
Kitku,,1368,1289509,1
Evelynn,,1412,1289496,4
Afragruz,,1362,1289476,0
Sansa,,1505,1289468,3
Kornull,,1224,1289462,3
Perfexion,,1618,1289438,2
Bossua,Centurion,1360,1289431,2
Ethumem,,1163,1289426,5
Kela,,1510,1289403,5
Zuset,,893,1279553,1
Ecobi,,1412,1279483,2
Adnube,Challenger,1529,1279458,6
Jane,,1886,1269689,2
Levistus,,1956,1269643,4
Sivas,,1207,1269479,2
Onnege,,1580,1269463,3
Broziaerea,,1105,1269436,4
Weras,,1327,1259759,0
Korpposasi,,1424,1259708,1
Croon,,889,1259693,3
Khorasan,,1560,1259640,4
Korbegi,,1467,1259632,5
Aaaaaa,,1948,1259569,3
Korlili,,1598,1259523,4
Hera,,1796,1259412,5
Nonames,Challenger,1459,1249482,5
Nekhri,,1185,1239586,0
Abaris,Challenger,1861,1239582,2
Pipka,,1007,1239516,4
Kynd,,1663,1239506,2
Maldae,,769,1239475,2
Cavon,,1474,1239473,4
Icis,,1329,1239466,2
Pugg,,1095,1239461,2
Davinci,,1398,1239446,1
Narya,,586,1239445,2
Hexa,,1419,1239422,0
Magadar,Challenger,1709,1239415,2
Garlic,,1944,1239412,7
Azera,,827,1239411,0
Jzaz,,1690,1239407,1
Realfive,,1060,1239401,12
Tagtraum,Challenger,1397,1229436,6
Trapper,,1419,1229435,1
Simbul,,643,1229431,2
Pucovka,,675,1229425,4
Ejet,,1349,1229421,3
Tuvot,,1614,1219636,2
Megumin,,1470,1219572,2
Rutagan,Challenger,1474,1219522,4
Acidfreeze,,1077,1219513,3
Mage,,1489,1219499,1
Petrel,,1548,1219493,3
Nobmaster,,1540,1219477,3
Wxwsh,,813,1219460,1
Ziteza,,567,1219423,3
Mehud,,1710,1209805,0
Ladygrey,,1315,1209796,1
Zutan,,1265,1209674,0
Letha,,1188,1209670,0
Rwubaby,,1397,1209650,0
Carla,,1793,1209637,2
Ashakov,,1176,1209606,5
Evillady,,1490,1209601,2
Kaboom,,1118,1209588,0
Luobo,,1487,1209579,0
Test,,1479,1209546,1
Kreuz,,556,1209520,2
Fenrir,,890,1209510,2
Lodret,,1240,1209476,5
Erim,,913,1209468,4
Ivechom,,1057,1209466,6
Hagate,,1055,1209458,5
Korearim,,650,1209450,5
Shadowanb,,1604,1209446,10
Boda,,1723,1209435,0
Leah,,744,1209414,1
Deleteme,,1490,1199498,3
Cisi,,1387,1199438,2
Banana,,1213,1189613,0
Calize,,1429,1189604,2
Near,Challenger,1216,1189585,3
Afratas,,1207,1189585,4
Analsex,,1267,1189578,0
Enul,,1332,1189576,4
Ikut,,1335,1189571,3
Ednun,,424,1189514,3
Jothud,,869,1189513,3
Krusty,,1251,1189512,0
Adannim,,1531,1189507,5
Chebs,,653,1189477,0
Timejun,,1351,1189469,5
Isabuz,,1485,1189463,0
Luthon,,1240,1189453,2
Zuvrol,,588,1189452,5
Athera,,1060,1189451,4
Snooooopi,,1269,1189424,3
Garp,,830,1179593,2
Korssdark,,1530,1179559,2
Deccased,,1141,1179543,1
Telo,,1227,1179517,6
Kokrhel,,1323,1179504,0
Ashum,,1131,1179501,0
Charlie,,1470,1179499,0
Hebezi,,1867,1179470,0
Kithig,,1164,1179420,12
Orik,,979,1179415,1
Octopusis,,1325,1169599,0
Ivreji,,682,1169567,5
Rivel,,1136,1169560,2
Orgil,,562,1169431,2
Bronzems,,739,1169411,2
Adikil,,995,1159750,0
Cemi,,1313,1159742,2
Bronxbronx,,1552,1159709,1
Burat,,818,1159685,1
Sarzock,Challenger,815,1159680,0
Saza,,1512,1159660,2
Teshot,,1040,1159640,8
Xantria,,1040,1159633,0
Kadik,,738,1159620,1
Icer,,1115,1159541,3
Runsk,,1561,1159539,1
Chinanet,,956,1159524,4
Risa,,1478,1159508,8
Mizi,,898,1159463,4
Fridane,,1405,1159455,14
Dado,,715,1159418,1
Sven,,946,1149644,1
Emma,,1388,1149582,2
Onog,,1103,1149504,7
Mandy,,807,1149492,4
Starburst,,1182,1149406,3
Kelathi,,1527,1139720,1
Zushet,,1217,1139620,3
Dallet,,1174,1139603,2
Prove,,825,1139584,0
Lvjunfei,,1281,1139567,4
Jitim,,1453,1139564,0
Ejuhas,,913,1139563,1
Berserker,,1041,1139557,1
Mike,,735,1139556,2
Gimi,,1579,1139535,0
Ochova,,975,1139515,2
Deepblue,,866,1139502,6
Godric,Challenger,608,1139487,3
Kororng,,1003,1139482,8
Jenny,,1564,1139481,8
Oshat,,617,1139475,2
Nicus,,1308,1139473,0
Xtcfans,,564,1139467,2
Tmpjohnson,,852,1139467,4
Wharton,,635,1139449,2
Asdasd,,508,1139431,5
Oled,,745,1139430,1
Beci,,848,1139429,3
Ekun,,687,1139415,1
Lilith,,1387,1129762,2
Mitersly,,617,1129653,2
Ivreva,,933,1129559,1
Jela,,599,1129534,1
Chinaup,,1237,1129515,2
Ginnyyyy,,984,1129483,1
Zollad,,698,1129481,3
Byron,,992,1129475,1
Sabri,,957,1129475,0
Pewpew,,923,1129474,2
Zadi,,913,1129463,2
Virtas,,590,1129462,8
Liza,Challenger,1173,1129449,0
Mails,,775,1129441,3
Beanboo,,1242,1129440,10
Turcuz,,1212,1129420,4
Azithi,,1258,1129413,1
Nikzork,,934,1129407,3
Xander,,604,1129407,1
Sigrut,,463,1129404,3
Sabrina,,913,1119657,4
Ahos,,869,1119618,4
Ororosso,,1136,1119536,5
Zdzislaw,,1102,1119535,1
Arcelum,,1060,1119503,12
Azabri,Challenger,602,1119495,0
Daniela,,669,1119495,1
Rady,,648,1119478,2
Lgmage,,608,1119474,0
Kirito,,817,1119432,1
Next,,1092,1119426,6
Murtagh,,869,1119418,3
Xrzi,,743,1119409,4
Onrete,,1732,1109885,0
Zhavia,,1386,1109751,1
Chaplin,,1128,1109728,0
Kormin,,771,1109727,0
Ulmer,Challenger,1068,1109723,0
Moonsky,,1150,1109700,2
Arcoshat,,454,1109680,0
Goldie,,1294,1109678,1
Bigrooster,,1151,1109669,1
Segra,,668,1109642,1
Irkaga,,1112,1109627,1
Omicronbob,,987,1109610,3
Fenix,,552,1109602,4
Azuha,,817,1109600,2
Magisteve,,1139,1109584,0
Enreci,,541,1109579,2
Kordongja,,885,1109571,3
Jamdxyz,,1364,1109569,1
Nomatter,,1177,1109561,2
Zizi,,873,1109551,1
Acemage,,1263,1109536,2
Saitama,,831,1109509,1
Jeca,,800,1109507,0
Sata,,529,1109469,2
Golder,,562,1109467,0
Peggy,,467,1109462,3
Kenne,,643,1109460,5
Hamboly,,1014,1109456,3
Moldrek,,595,1109441,4
Ignis,,941,1109428,10
Monag,,1124,1109425,13
Vqwed,,471,1109402,7
Zuda,,1098,1089624,1
Risure,,461,1089616,1
Holina,,971,1089609,0
Erzimel,,781,1089568,3
Anemi,,554,1089545,0
Flaps,,567,1089544,2
Akuna,,553,1089528,2
Ishinga,,1015,1089507,5
Kirgudur,,1223,1089505,4
Farmatodo,,811,1089495,2
Lorziz,,665,1089488,2
Ococ,,946,1089481,1
Ozeneg,,585,1089477,2
Ruma,,692,1089469,3
Amun,,453,1089463,0
Neka,,771,1089443,8
Evez,,807,1089437,12
Ramzi,,915,1089429,2
Aceji,,1270,1089413,1
Piruja,,958,1089412,3
Achucoz,,458,1089409,2
Gorbycz,,646,1089407,8
Gandalf,,1508,1089407,3
Loyola,,1248,1079594,1
Ezake,,983,1079562,0
Saltymage,,1115,1079496,7
Orzenas,,1088,1079488,1
Noname,,608,1079484,3
Vevade,,462,1079448,3
Bloodbendr,,465,1079446,1
Zefyr,,675,1079424,5
Wilk,,864,1079410,8
Oversider,,926,1069649,3
Site,,536,1069603,1
Sathirti,,628,1069560,0
Argora,,1050,1069543,4
Xiera,,464,1069539,3
Laja,,825,1069530,2
Zuje,,968,1069522,6
Elona,,488,1069408,8
Lordhelmet,,816,1069401,9
Hita,,780,1059744,0
Tashi,,1152,1059611,4
Kujan,,1361,1059592,1
Rada,,1233,1059567,5
Jarlaxle,,601,1059517,1
Zeus,,574,1059483,1
Ishesa,,479,1059460,3
Lili,,832,1059420,7
Alno,,863,1049716,1
Ashil,,1006,1049638,3
Bluballs,,564,1049529,1
Muci,,1445,1049509,4
Malyho,,732,1049465,4
Korpolll,,593,1049462,0
Sevavi,,1019,1049408,1
Kablama,,719,1049401,7
Anubok,,800,1039634,1
Dute,,1022,1039628,3
Kushi,,519,1039596,3
Doudou,,883,1039578,5
Lueze,,385,1039575,2
Jirca,,510,1039570,1
Liszt,,497,1039569,4
Dive,,900,1039557,0
Fate,,455,1039529,4
Kinnovi,,1131,1039522,2
Maxi,,590,1039454,1
Emot,,490,1039449,4
Linnosha,,431,1039436,2
Gandolf,,404,1039435,5
Dash,,933,1039430,2
Berindor,,1224,1029602,3
Tutan,,568,1029540,0
Pangklin,,514,1029502,7
Jimmybiggs,,1041,1029499,3
Vldmrtv,,856,1029484,1
Wishka,,494,1029482,2
Isayah,,437,1029470,12
Zurick,,460,1029459,2
Alonen,,787,1029437,3
Noka,,643,1029430,2
Trinity,,652,1029429,0
Kagi,,1169,1029420,1
Atom,,274,1019682,1
Zosem,,382,1019610,2
Worm,,639,1019572,0
Rendhar,,589,1019558,2
Rigel,,401,1019532,0
Ricin,,775,1019519,5
Korwj,,836,1019515,5
Leekc,,604,1019491,0
Ydorbl,,466,1019485,0
Akanz,,355,1019483,4
Novitoo,Challenger,429,1019475,4
Adreres,,426,1019459,2
Trulla,,680,1019455,12
Korhunhun,,484,1019450,1
Stefan,,1041,1019445,3
Imugi,,340,1019445,0
Zuvet,,365,1019443,1
Otabi,,1123,1019442,4
Ajax,,1341,1019441,1
Demonlight,,464,1019426,1
Bode,,650,1019421,5
Aeris,,1037,1019413,5
Aelita,,690,1019400,0
Aqiao,,813,1009808,0
Luck,,618,1009804,0
Ovanra,Challenger,1481,1009788,1
Otherge,,441,1009781,0
Kinnu,,821,1009770,1
Hello,,625,1009750,1
Nitone,,837,1009700,2
Agnes,,755,1009692,0
Mehbe,,402,1009663,1
Badass,,525,1009656,6
Shinigami,,1038,1009654,1
Zazisi,,298,1009651,3
Magus,,867,1009650,1
Adogra,,584,1009635,0
Veridian,,939,1009632,1
Dokrak,,1171,1009621,0
Kkirts,,995,1009616,0
Vazag,,1210,1009611,13
Hishot,,820,1009596,0
Vati,,389,1009562,0
Goves,,660,1009552,2
Mati,,338,1009550,0
Acon,,375,1009547,1
Chinayoyo,,864,1009546,4
Magenta,,1363,1009524,0
Sydlyn,,701,1009516,4
Sakruzi,,582,1009513,0
Chagasse,,720,1009511,1
Nukka,,616,1009510,1
Bamona,Challenger,561,1009501,3
Nirgova,,642,1009497,0
Irunna,,812,1009495,0
Squeekers,,510,1009481,2
Yubaba,,1104,1009479,12
Egrorti,,472,1009464,13
Fasdx,,438,1009458,3
Anna,,482,1009457,8
Alnitak,,503,1009432,3
Sigraga,,859,1009421,8
Loscil,,988,1009415,5
Aronsin,,617,1009408,1
Ruse,,309,999524,3
Jinks,,383,999520,0
Nuka,,1291,999517,5
Cthunter,,483,999479,0
Sabertoth,,452,999474,6
Imoreg,,489,999425,1
Acanna,,936,999417,9
Aragorn,,1046,989618,2
Rusyulat,,902,989602,1
Orcuda,,665,989601,0
Majkl,,1044,989601,3
Elinim,,572,989579,1
Miyabi,,559,989557,1
Boli,,350,989532,1
Elon,,901,989509,0
Saben,,330,989484,3
Evudi,,473,989472,1
Kimimaro,,287,989466,1
Anna,,1073,989457,3
Asivoz,,521,989450,1
Anthoras,,358,989434,2
Skass,,494,989424,3
Thorson,,546,989422,6
Dana,,738,989410,4
Rusag,,680,989405,4
Adelicia,,735,989401,5
Aveshi,,961,979617,2
Lurcili,,539,979549,5
Rara,,891,979545,1
Phuquetoo,,496,979542,0
Nida,,523,979528,8
Mephis,,382,979486,2
Honkeytonk,,514,979478,7
Idobus,,310,979464,2
Osen,,705,979434,6
Juccy,,375,979430,4
Bazuka,,1088,979427,3
Acathi,,458,979426,4
Laffcarla,,948,979402,9
Atam,,870,969676,2
Aloysius,,364,969549,5
Ivol,,373,969503,1
Enehi,,348,969451,0
Avensis,,491,969421,0
Korgarge,,641,969406,6
Wanda,,981,959873,0
Azeg,,655,959725,1
Ruimba,,855,959724,1
Ayalla,,1047,959662,0
Lisehe,,626,959657,1
Arkad,,729,959639,1
Alire,,465,959626,0
Bulgartemp,,322,959625,0
Bluesori,,563,959589,0
Deka,,383,959534,0
Rudebwoy,,382,959529,3
Herd,,820,959527,0
Tinuviel,,302,959509,0
Vodram,,780,959509,9
Tegurgi,,317,959503,15
Lodor,,677,959492,1
Hesed,,300,959491,5
Sailove,,301,959486,8
Jack,,387,959484,1
Arcis,,291,959472,1
Elom,,698,959465,0
Orukid,,794,949646,0
Ehezuk,,548,949586,2
Vorzibra,,338,949581,0
Sera,,296,949533,1
Xziz,,475,949526,1
Firstna,,399,949513,1
Nevegi,,304,949449,1
Myah,,214,939768,0
Atellul,,618,939575,1
Rainbowdog,,512,939551,1
Winter,,629,939549,1
Fortis,,664,939533,2
Htmjkor,,292,939532,0
Innuva,,604,939530,3
Athille,,410,939512,2
Nitheema,,377,939486,0
Love,,310,939456,1
Miranda,,431,939452,1
Goodtea,,524,939449,1
Ejul,,446,939448,3
Jobi,,346,939426,12
Raleigh,,457,939422,4
Elza,,356,939419,1
Divi,,683,939417,7
Ahohe,,381,939413,6
Pentecost,,591,939411,5
Magic,,329,939405,0
Kollin,,373,929641,0
Sarah,,742,929589,1
Chinayu,,885,929565,0
Efrula,,418,929550,2
Hutegre,,339,929525,0
Anbiii,,809,929498,2
Ribra,,345,929488,0
Ahat,,331,929475,2
Codarte,,1004,929474,4
Kura,,362,929472,1
Osso,,326,929466,0
Vunenri,,466,929460,0
Psyphen,,588,929456,5
Britbrit,,496,929430,0
Farmer,,303,929427,8
Ateme,,351,929411,3
Vlad,,408,919685,0
Maestro,,266,919676,1
Oseda,,689,919670,0
Rina,,310,919655,0
Athujik,,355,919648,1
Valk,,593,919583,0
Ishedri,,434,919569,0
Agorgud,,323,919532,0
Jorkal,,306,919512,6
Okriki,,461,919495,1
Meukcte,,427,919473,2
Nemazme,,377,919458,3
Jopa,,537,919455,2
Muta,,842,919449,0
Soza,,263,919432,7
Raka,,386,919423,4
Gandalf,,511,909782,1
Zuul,,434,909771,1
Nyaka,,576,909738,2
Vitik,,678,909737,0
Steck,,503,909723,0
Vazani,,867,909723,0
Chinali,,984,909719,0
Elli,,640,909708,2
Vonok,,516,909699,0
Erkukra,,489,909693,2
Ecudi,,301,909690,1
Joli,,612,909689,2
Mushuk,,439,909686,1
Roro,,793,909686,5
Jcbb,,252,909677,3
Orez,,744,909665,0
Merlin,,484,909661,4
Renlix,,704,909654,4
Hurcoza,,336,909651,1
Sushe,,479,909649,5
Raia,,748,909632,8
Changals,,438,909622,0
Vula,,656,909616,1
Artemida,,245,909607,1
Jibe,,541,909603,3
Gasi,,468,909599,2
Ezoves,,539,909590,0
Cinder,,608,909588,2
Hana,,350,909579,4
Kirde,,622,909564,0
Philis,,362,909546,0
Eleksia,,592,909541,0
Onnasi,,348,909540,0
Sova,,319,909531,1
Buki,,320,909526,0
Onimes,,683,909511,3
Lily,,995,909510,6
Editi,,323,909509,1
Bangarang,,291,909502,2
Zakal,,424,909492,4
Babamage,,508,909476,2
Ducktape,,306,909471,3
Athimin,,320,909467,0
Moviz,,431,909460,3
Emot,,443,909459,2
Ashishum,,331,909433,1
Kadini,,372,909431,0
Aerith,,288,909431,3
Myhv,,579,909420,9
Tookgada,,403,909406,2
Gerald,,319,899492,6
Lajivre,,374,899457,2
Jugra,,553,899430,2
Ilak,,427,899408,0
Queen,,343,889609,0
Annurdul,,272,889599,0
Girl,,351,889535,1
Balto,,295,889522,0
Hema,,543,889519,5
Roguca,,335,889501,0
Asefra,,324,889478,0
Aicico,,283,889461,2
Ijet,,257,889458,4
Kordolphin,,1025,889448,1
Maamaa,,335,889432,0
Daga,,297,889428,0
Myalgia,,346,889416,11
Hikaria,,302,889416,3
Mosami,,424,889415,6
Lorak,,336,889409,3
Ishishi,,477,889405,7
Dusig,,497,879649,1
Russo,,413,879550,3
Super,,856,879522,0
Rush,,266,879516,3
Oshad,,441,879513,0
Larudi,,835,879508,1
Imtest,,326,879501,0
Maggy,,747,879471,0
Karki,,296,879460,3
Anasha,,699,879452,3
Nighthawk,,458,879444,4
Tinravi,,302,879436,3
Bossx,,240,869663,5
Starr,,332,869598,2
Bertrand,,581,869589,1
Artuce,,335,869541,4
Oyyy,,349,869516,8
Micore,,273,869488,0
Socurti,,331,869482,2
Toph,,606,869480,0
Seashore,,347,869467,3
Motis,,343,869465,0
Daza,,919,869463,0
Jodulan,,510,869449,3
Bryarkun,,648,869447,5
Danni,,299,869434,8
Dita,,752,869414,8
Hetheka,,312,859762,1
Koreasss,,725,859713,0
Ojbk,,569,859711,2
Bobo,,459,859698,0
Colono,,512,859682,0
Seson,,290,859667,0
Tela,,282,859653,0
Orceshil,,608,859637,0
Ydmir,,265,859629,0
Ezebun,,318,859576,4
Ingo,,376,859541,2
Freefree,,226,859528,0
Imore,,287,859525,3
Lunna,,285,859511,0
Hobos,,601,859509,2
Letitgo,,513,859489,0
Davil,,549,859482,0
Bombaclot,,322,859479,0
Sute,,314,859460,8
Bora,,405,859458,0
Eces,,559,859454,1
Idit,,522,859444,7
Icam,,387,849577,1
Agraza,,249,849459,1
Yetta,,548,849442,4
Dort,,418,849435,6
Eheja,,405,849406,0
Inrume,,265,839603,1
Zarga,,335,839568,0
Raynman,,406,839567,5
Ikoshi,,310,839565,1
Masi,,576,839520,1
Surda,,393,839512,4
Gooberone,,243,839509,1
Mage,,266,839498,1
Venus,,596,839490,2
Rijefri,,236,839488,6
Captin,,335,839473,2
Boris,,557,839451,8
Ades,,252,839414,8
Morzot,,248,829634,3
Ebaleg,,256,829562,2
Thewitcher,,280,829531,2
Fartmaster,,612,829520,1
Stormlight,,236,829504,1
Idise,,288,829500,7
Bitcoin,,193,829500,7
Eregre,,386,829485,5
Jakjs,,277,829482,1
Athozem,,560,829480,2
Kraykor,,428,829479,9
Bolez,,277,829472,2
Ifrabet,,547,829463,2
Chad,,439,829457,8
Maclar,,441,829457,0
Orule,,290,829435,7
Anrena,,324,829427,10
Hehl,,284,829417,3
Geshe,,271,829416,0
Manhongg,,289,829408,1
Neki,,323,829404,7
Isorze,,241,829403,5
Ardicen,,240,819689,1
Chandra,,866,819671,6
Adnel,,609,819602,1
Mabra,,455,819600,3
Harbinger,,288,819576,3
Jasus,,317,819505,2
Nova,,367,819495,5
Kenal,,434,819491,0
Fkfly,,335,819446,6
Cage,,174,819435,2
Cirgot,,243,819425,1
Forceuser,,428,809769,2
Cavrene,,257,809759,0
Caster,,683,809727,0
Turca,,523,809725,0
Elderado,,341,809709,0
Faelau,,502,809704,2
Illas,,263,809692,0
Evela,,320,809670,0
Milena,,681,809660,1
Brigid,,641,809657,1
Ridnocha,,240,809646,1
Greener,,446,809641,1
Agrinel,,361,809633,2
Ashotha,,550,809623,0
Five,,470,809620,2
Memave,,398,809596,2
Nidnaha,,343,809586,0
Marlyn,,627,809583,9
Weymarn,,607,809575,0
Ercale,,367,809575,3
Okak,,579,809564,2
Kkan,,350,809564,3
Dohi,,390,809562,1
Salitos,,241,809560,0
Caster,,259,809544,6
Iliri,,426,809542,1
Enif,,444,809535,0
Okrashan,,347,809530,0
Roselia,,244,809528,1
Doomsec,,316,809518,0
Aphrodite,,575,809517,7
Racare,,595,809512,4
Puppy,,481,809511,2
Atuvre,,296,809505,0
Flibblepop,,801,809497,17
Efrilli,,283,809495,1
Mdcube,,563,809484,2
Jevirgi,,299,809478,0
Channi,,384,809473,5
Vefrihaaah,,299,809453,11
Lines,,255,809450,3
Ecenok,,373,809449,1
Kidri,,517,809429,3
Shroooooom,,267,809427,1
Tempest,,267,809426,0
Zune,,490,809425,0
Durcus,,259,809420,3
Omez,,501,809407,0
Imit,,327,799640,4
Oroshi,,367,799585,1
Helael,,308,799568,3
Dini,,462,799531,5
Chani,,456,799408,0
Lashes,,306,789618,0
Ekrase,,529,789611,0
Biggles,,278,789572,1
Hadeda,,207,789552,8
Okule,,308,789529,17
Irma,,294,789509,0
Hogere,,229,789503,1
Pootytang,,193,789502,4
Cubique,,405,789500,3
Bbin,,625,789493,1
Asathus,,262,789490,1
Methrosa,,313,789487,2
Asolol,,277,789479,1
Bava,,283,789471,2
Fnmp,,358,789467,9
Raminna,,187,789449,1
Ojove,,264,789433,0
Avuni,,308,789429,1
Duca,,238,789427,4
Hello,,367,789427,0
Riga,,395,789425,1
Hiruka,,301,789416,6
Isuvraz,,346,789408,4
Rujarl,,277,789403,3
Lotus,,399,789400,1
Eventmagee,,260,789400,7
Axis,,267,779616,4
Aldaer,,357,779611,14
Rille,,186,779595,3
Athaka,,251,779560,4
Butize,,454,779548,1
Silver,,283,779535,4
Gonni,,236,779463,4
Lucie,,718,779451,5
Mlangha,,461,779441,3
Priscillia,,282,779434,2
Cimella,,302,769593,0
Tebi,,349,769578,1
Lookam,,296,769528,0
Jale,,238,769514,10
Rekal,,207,769503,10
Rozalie,,238,769481,3
Merlin,,296,769459,4
Hagrid,,484,769454,2
Raven,,258,769448,9
Vasa,,382,769447,9
Sera,,406,769442,8
Getha,,610,769440,6
Gabriel,,269,769439,3
Elillil,,348,769417,3
Vothez,,419,769405,6
Elijah,,593,759809,2
Nekus,,829,759752,1
Tetha,,179,759719,4
Aier,,364,759683,0
Vuhe,,284,759682,1
Gushi,,314,759674,0
Eventbronz,,358,759674,1
Sleddge,,292,759650,0
Bithok,,305,759631,0
Mora,,386,759585,3
Poseidon,,324,759578,6
Emom,,369,759560,3
Misty,,318,759555,1
Sosi,,333,759546,1
Gujid,,216,759532,1
Levra,,364,759490,0
Hellmaker,,160,759486,8
Igiga,,232,759476,1
Obese,,352,759460,1
Skye,,435,759432,6
Jejuga,,253,749676,3
Abbadon,,436,749644,1
Zahizi,,222,749623,1
Tita,,462,749577,2
Auweiaduda,,248,749503,2
Moshi,,223,749468,1
Zabusi,,480,749446,4
Ednurza,,423,749414,0
Idned,,210,749402,0
Requiller,,361,739723,1
Wowowow,,273,739722,0
Ootoo,,487,739696,1
Atem,,284,739620,1
Emig,,551,739584,1
Mubode,,351,739561,6
Rivuza,,314,739551,5
Mufdragon,,216,739518,0
Evibra,,174,739515,3
Silvermoon,,234,739506,1
Sway,,255,739480,0
Vashesha,,227,739476,1
Keanm,,451,739471,4
Edaname,,230,739466,0
Tarmal,,272,739460,2
Connie,,218,739441,2
Hoshe,,237,739428,0
Egum,,453,739425,2
Kithirce,,246,739422,2
Rando,,310,739412,3
Lenahe,,266,739409,3
Athicig,,403,739407,4
Cinun,,197,729636,0
Odahx,,306,729613,1
Ojos,,435,729600,1
Hjki,,246,729574,2
Pipzam,,224,729533,1
Equinox,,426,729533,1
Oroki,,501,729527,0
Azutaz,,226,729527,1
Melida,,449,729522,1
Event,,252,729480,0
Sovi,,183,729469,5
Ozajet,,274,729460,3
Nojunghyun,,222,729443,9
Pitufo,,274,729434,3
Eranra,,247,729419,7
Lurdi,,330,719756,2
Hada,,409,719697,3
Cerove,,142,719688,1
Borgud,,365,719663,2
Akus,,231,719595,0
Jasleh,,197,719582,23
Vordos,,226,719570,0
Ehiton,,172,719547,3
Daninmag,,160,719538,0
Ejez,,289,719519,6
Ifruz,,355,719517,4
Merlin,,223,719505,13
Cerace,,237,719500,7
Ikros,,190,719432,1
Eralium,,517,719431,9
Kanuck,,303,719425,2
Corda,,274,719421,7
Ziva,,344,709842,0
Harte,,629,709828,0
Fenja,,198,709818,1
Esat,,136,709814,1
Chinahero,,765,709796,2
Sooter,,560,709762,4
Grapeape,,437,709761,0
Lili,,121,709750,0
Guge,,319,709747,0
Chupa,,536,709741,0
Onriva,,515,709728,0
Nisha,,412,709725,0
Asama,,328,709714,0
Adochil,,750,709698,2
Ilem,,337,709671,4
Rainbow,,344,709669,0
Doomsday,,355,709651,0
Ironman,,253,709651,2
Balqis,,272,709651,0
Leah,,320,709639,2
Betishi,,354,709628,0
Aras,,557,709626,0
Bikrera,,346,709596,2
Jill,,278,709534,4
Imenne,,163,709514,7
Caji,,452,709502,5
Nagaba,,372,709493,0
Aris,,266,709460,4
Tagake,,274,709457,9
Ahera,,343,709453,2
Ytoxic,,281,709452,0
Jebuk,,232,709449,4
Kakatha,,234,709412,6
Jenara,,140,699733,0
Fiumfium,,165,699610,2
Nejak,,136,699578,2
Gale,,491,699553,0
Silverfox,,488,699548,0
Ocimez,,301,699516,2
Nine,,196,699487,4
Serenity,,226,699428,3
Tinmar,,206,699426,2
Aurora,,229,699424,3
Jarvy,,213,699423,6
Kyrie,,280,699415,13
Firejune,,284,699405,2
Obel,,206,689622,2
Ozudan,,246,689584,3
Tempy,,211,689582,1
Osun,,115,689579,0
Ikezak,,453,689559,0
Ezog,,248,689544,1
Goban,,213,689532,12
Tick,,216,689529,2
Tete,,182,689512,1
Dora,,238,689481,10
Bghwqudxz,,294,689454,3
Yagami,,225,689439,1
Lasat,,167,689434,1
Dubathe,,294,689428,2
Nice,,244,689403,0
Rodrilli,,263,689402,5
Zorcuka,,257,679733,4
Zicahi,,213,679588,0
Bobette,,238,679570,3
Obut,,230,679526,0
Agnes,,145,679520,11
Kidnot,,213,679480,3
Orange,,242,679460,2
Jegrit,,214,679456,1
Deguk,,356,679451,2
Vacham,,207,679442,2
Ehekek,,252,679431,0
Ozannez,,215,679403,2
Zomog,,208,669634,8
Pyro,,158,669592,3
Vergi,,324,669586,0
Mage,,167,669569,1
Sandin,,368,669537,1
Lorenzoone,,282,669521,5
Hajon,,278,669483,0
Nono,,186,669476,6
Artuhen,,168,669475,2
Billiri,,181,669470,7
Vuhi,,145,669463,3
Dozdoz,,184,669461,3
Morin,,209,669459,5
Dune,,263,669456,4
Escanor,,336,669450,3
Zenni,,289,669446,4
Kuruhi,,462,669429,7
Lecel,,344,669417,1
Ditha,,282,669415,7
Terryypoto,,285,669411,8
Ttojuma,,188,669408,1
Kircodre,,289,669406,1
Kirce,,190,669403,5
Rigi,,175,659760,0
Jehudni,,177,659755,0
Tihe,,542,659730,1
Osase,,422,659713,0
Kekoza,,285,659712,0
Osudre,,206,659704,1
Seke,,147,659701,0
Kusethe,,285,659690,7
Victorino,,172,659688,3
Soarn,,237,659679,0
Durion,,402,659678,0
Ajunne,,215,659676,2
Erkethet,,205,659674,0
Adiza,,194,659671,3
Jasat,,217,659659,1
Zadire,,188,659631,1
Jota,,126,659628,2
Pesel,,404,659626,0
Wrts,,171,659616,0
Magico,,267,659612,2
Ahivel,,129,659607,0
Rutoni,,381,659603,2
Zuna,,268,659591,0
Bird,,198,659586,3
Siar,,210,659584,4
Vibak,,193,659579,2
Razimuth,,220,659572,1
Riley,,199,659565,2
Cege,,223,659563,0
Cnnone,,497,659560,1
Caceza,,144,659534,10
Ivallen,,153,659525,0
Reha,,217,659524,2
Maluza,,344,659523,1
Ozicul,,151,659515,19
Manna,,430,659511,4
Enranea,,177,659508,0
Vicake,,222,659503,1
Agapua,,186,659503,0
Arnold,,200,659485,0
Meho,,362,659482,1
Ecevi,,310,659427,3
Mistique,,174,659414,10
Ruja,,185,659414,0
Elive,,316,649762,3
Weeha,,300,649628,0
Tacuz,,159,649605,2
Kyla,,290,649581,4
Ejome,,234,649562,5
Athuci,,228,649553,1
Dedre,,193,649513,5
Erok,,312,649485,1
Ariman,,232,649457,2
Zasha,,271,649452,2
Newhero,,190,649449,1
Ekek,,243,649443,4
Zara,,260,649410,1
Huja,,193,649408,0
Jiaobaba,,326,639687,5
Idravrem,,335,639679,0
Menoly,,193,639610,1
Hillog,,324,639607,0
Accashtwa,,163,639591,3
Eshiki,,132,639582,5
Eshet,,306,639575,2
Emmy,,315,639572,2
Suczii,,108,639571,10
Shendy,,133,639559,3
Zelle,,134,639541,3
Azodrad,,209,639540,2
Liselotte,,236,639539,1
Asis,,340,639538,8
Cycolina,,406,639538,4
Hybryda,,226,639538,0
Irin,,251,639522,0
Zodniri,,230,639515,1
Erile,,163,639492,1
Diablo,,154,639486,2
Swepi,,227,639482,7
Gandalf,,172,639481,4
Ardul,,231,639470,17
Obrane,,208,639448,1
Adros,,205,639433,13
Zoba,,185,639422,0
Pain,,179,639414,1
Nekal,,627,639408,2
Ozarde,,179,629683,0
Uriko,,464,629670,3
Ethat,,191,629666,0
Anun,,131,629653,1
Gurin,,218,629637,2
Ithom,,191,629636,8
Idorzi,,270,629636,0
Osuja,,468,629630,4
Durak,,191,629615,3
Sevas,,275,629565,0
Deges,,251,629562,0
Rijoje,,132,629561,3
Tiger,,174,629532,0
Amortis,,306,629506,0
Sixxxx,,325,629504,0
Thuy,,270,629503,1
Luna,,260,629501,1
Erahos,,164,629492,0
Piper,,188,629491,2
Naluli,,178,629477,4
Berny,,411,629451,0
Theboss,,162,629439,0
Inrukre,,221,629409,4
Nojit,,225,619713,2
Siti,,159,619696,1
Lochonna,,123,619624,2
Jediknigh,,207,619598,1
Obros,,190,619569,4
Orcovrul,,138,619513,3
Agrada,,165,619501,6
Czika,,200,619496,4
Bokok,,365,619478,3
Dorota,,285,619474,11
Davinci,,357,619471,2
Susok,,270,619470,4
Kithez,,239,619460,1
Hesperos,,188,619453,4
Aaaaaa,,160,619452,1
Duga,,304,619451,0
Ercethoz,,242,619438,4
Nacaraxou,,217,619431,0
Izzy,,210,619428,2
Pijalo,,162,619427,0
Voidweller,,535,619426,0
Vyoung,,378,619420,1
Makrili,,227,619415,4
Enigma,,224,609787,0
Jolledi,,108,609769,0
Lizzy,,192,609764,0
Orara,,206,609755,1
Nali,,181,609740,1
Mimi,,325,609725,0
Safra,,236,609724,0
Dobere,,106,609719,0
Milali,,353,609715,1
Sigmund,,320,609714,0
Darkwaltz,,403,609705,3
Cira,,141,609702,4
Avroni,,135,609701,4
Loheg,,191,609698,1
Enrose,,180,609685,0
Olora,,205,609684,0
Lupin,,122,609683,2
Oteci,,129,609676,1
Amofris,,110,609671,3
Merfil,,220,609666,3
Alufel,,216,609659,2
Besa,,165,609647,1
Tabitha,,403,609644,1
Ated,,237,609643,2
Cumage,,402,609632,2
Otedna,,353,609625,0
Rava,,234,609617,0
Magichew,,297,609604,0
Fulan,,372,609603,4
Avejun,,194,609602,0
Alel,,317,609599,1
Veges,,150,609593,1
Sethi,,251,609592,4
Zafrilla,,155,609561,0
Acuji,,249,609561,14
Anrava,,229,609561,0
Rude,,187,609558,0
Wyczesave,,230,609546,7
Arcazin,,151,609529,0
Vuragri,,407,609520,0
Gooso,,123,609494,2
Florian,,162,609488,0
Hiri,,163,609487,0
Ollavra,,153,609483,0
Solli,,192,609469,0
Qqbobo,,254,609467,2
Obarka,,160,609464,0
Emiz,,187,609460,0
Lina,,174,609410,1
Zama,,305,599657,3
Darki,,187,599619,1
Meshad,,157,599544,0
Xampa,,199,599481,3
Kukens,,280,599480,11
Agwynn,,179,599477,4
Alleg,,183,599465,15
Negra,,164,599436,0
Elpeanor,,168,599435,2
Ohoce,,184,589751,0
Othuge,,149,589712,0
Rhob,,268,589698,1
Ejan,,208,589628,2
Ozos,,174,589615,4
Tocache,,309,589600,0
Ecenna,,192,589568,0
Asan,,220,589558,4
Izocaz,,146,589558,0
Silvus,,139,589549,0
Derbi,,186,589527,7
Enrik,,227,589526,5
Bolunri,,197,589519,1
Pokus,,108,589511,6
Sajuucore,,209,589495,4
Nuba,,184,589478,0
Liam,,209,589475,3
Goldy,,150,589469,4
Onnova,,222,589466,1
Fire,,144,589465,1
Irkuta,,182,589421,0
Ahushe,,214,589409,0
Mars,,138,589408,6
Sibra,,327,589404,0
Zadiris,,239,579690,1
Regaa,,109,579688,1
Blackmetal,,154,579663,0
Athumen,,208,579649,1
Juliusfour,,178,579627,6
Rash,,158,579614,4
Avukam,,166,579601,0
Varene,,116,579592,0
Locefre,,110,579583,3
Zaebumba,,289,579483,2
Zenriz,,156,579465,14
Frost,,214,579436,3
Kuchal,,163,579411,1
Magic,,296,569724,0
Kayt,,227,569710,1
Esherde,,153,569658,0
Okral,,178,569646,3
Elijah,,229,569623,0
Oreg,,101,569582,0
Egrizas,,256,569568,2
Cirie,,112,569558,3
Bigon,,229,569556,0
Baba,,260,569548,10
Dracula,,198,569518,2
Kinara,,219,569492,5
Nezha,,178,569427,9
Bsmash,,381,569416,0
Onube,,230,559864,0
Ikrifre,,243,559785,1
Akenri,,158,559766,0
Sarang,,347,559760,2
Idin,,164,559756,0
Spazz,,393,559746,0
Berkovi,,293,559719,1
Baron,,206,559700,0
Dude,,122,559698,4
Memi,,128,559698,3
Celluk,,283,559695,0
Artas,,208,559681,0
Hero,,57,559676,0
Zera,,167,559667,0
Koshot,,133,559662,0
Licha,,152,559645,1
Sonpiuuu,,89,559630,0
Jithud,,186,559624,1
Dechode,,77,559621,0
Izam,,196,559619,0
Saya,,91,559616,17
Mikron,,168,559606,1
Cuci,,249,559604,0
Rianna,,185,559600,0
Baran,,147,559592,1
Igavod,,171,559586,2
Temp,,165,559582,0
Arzuna,,249,559579,0
Vandili,,283,559565,1
Kloppina,,133,559561,1
Murgele,,363,559555,0
Zephyrah,,303,559531,0
Megril,,176,559511,0
Dolivi,,332,559505,18
Gfyuyg,,190,559505,0
Hohi,,160,559497,3
Faker,,234,559497,11
Robra,,207,559493,0
Cyrax,,138,559488,0
Muje,,242,559453,0
Ebik,,213,559452,7
Cachi,,223,559429,1
Sellig,,199,559420,4
Megumin,,188,559404,5
Oshogi,,84,549708,4
Jojo,,259,549698,0
Nisi,,387,549698,1
Loshiva,,172,549636,3
Dead,,168,549628,5
Edom,,91,549617,2
Fortune,,273,549610,2
Rike,,175,549609,2
Angelababy,,136,549608,0
Cushad,,128,549543,1
Lily,,227,549538,2
Muja,,228,549493,1
Ohurzos,,174,549485,1
Wizzalot,,211,549484,2
Michelle,,152,549480,0
Mlgb,,1730,539868,0
Ihis,,220,539788,1
Ajive,,183,539780,0
Iciz,,128,539750,4
Cirgan,,154,539694,0
Vanral,,157,539691,0
Enneje,,138,539672,1
Tegrurte,,230,539666,1
Tolovra,,84,539663,2
Vipssss,,237,539656,2
Anamocity,,187,539642,2
Nesha,,206,539634,0
Ajazeg,,148,539591,5
Sepiarose,,162,539574,0
Isheduz,,138,539525,2
Ruodrik,,129,539524,6
Loup,,178,539522,7
Jore,,220,539495,3
Lessi,,383,539493,2
Ithinre,,376,539481,0
Corona,,137,539473,0
Bobbert,,244,539467,4
Morganna,,181,539464,4
Magic,,225,539456,3
Asidri,,116,539454,11
Ditet,,245,539437,2
Magie,,165,539423,0
Odilos,,110,539421,5
Sparx,,178,529774,0
Ebug,,119,529762,0
Afroz,,127,529757,0
Event,,111,529701,0
Keshorza,,76,529679,3
Edrabog,,159,529669,0
Kormagic,,249,529662,3
Seroja,,203,529654,0
Badrethi,,193,529640,0
Acudis,,125,529612,3
Cohave,,203,529610,0
Dirzel,,120,529596,0
Mozad,,164,529580,2
Zivrahi,,129,529554,1
Mabubsa,,202,529552,0
Turd,,80,529536,6
Mtgnome,,260,529534,0
Nostalgy,,99,529528,0
Lisha,,178,529517,2
Arcana,,142,529513,2
Rize,,176,529502,1
Emily,,238,529488,2
Merlinius,,171,529485,3
Pooper,,213,529483,0
Zeshed,,321,529478,2
Metha,,182,529473,0
Megawatt,,131,529473,1
Lexus,,188,529441,0
Areceus,,150,529429,11
Ilis,,148,529414,1
Salok,,86,529405,12
Alyanna,,141,519760,1
Kakash,,166,519741,0
Muta,,136,519708,0
Imit,,300,519701,1
Angel,,92,519681,1
Badi,,188,519673,4
Sophie,,126,519671,2
Anna,,160,519646,0
Jariz,,151,519642,2
Sure,,165,519635,0
Egruve,,163,519632,2
Annakik,,193,519606,6
Puki,,270,519600,1
Tonoz,,150,519591,1
Gasigre,,177,519577,3
Vaca,,194,519567,7
Zoji,,97,519562,4
Killos,,240,519562,3
Oduvred,,223,519550,3
Gunreg,,122,519548,0
Rokk,,299,519547,1
Ellodrag,,153,519529,6
Esara,,246,519529,0
Jonus,,144,519512,3
Borkon,,179,519506,4
Ruragri,,200,519504,2
Emehat,,108,519500,0
Klacid,,123,519497,3
Flatburro,,94,519483,7
Iwantyou,,91,519477,6
Gerde,,92,519473,0
Zode,,115,519469,3
Sarcesi,,223,519454,2
Keshe,,128,519447,0
Laya,,218,519436,2
Hartesha,,130,519432,3
Melascula,,143,519416,6
Rusi,,189,519404,3
Buboo,,164,509878,0
Masiakoxx,,332,509830,0
Mahi,,122,509825,4
Sooyawiz,,156,509812,0
Skooze,,176,509810,0
Azicak,,155,509797,0
Wemmage,,114,509781,0
Irtisa,,179,509778,0
Temp,,373,509775,0
Relus,,178,509774,0
Zennesa,,367,509763,0
Huaihua,,142,509761,1
Eissej,,157,509761,0
Vozora,,128,509757,4
Hadriel,,139,509754,0
Viole,,224,509750,0
Vurtagri,,122,509746,0
Zoki,,103,509738,0
Matty,,154,509736,0
Nozzle,,147,509732,0
Tinevre,,120,509731,0
Nero,,163,509724,0
Wassereis,,201,509721,0
Cadgar,,155,509709,15
Suke,,95,509708,1
Edcagaga,,135,509707,0
Erut,,108,509707,3
Otsugua,,177,509703,0
Vovufra,,111,509695,3
Bitud,,240,509694,1
Cekal,,147,509687,3
Lipton,,186,509685,2
Gazi,,90,509680,1
Sala,,184,509679,0
Wexel,,109,509670,3
Stardust,,118,509665,5
Toterca,,267,509665,0
Ybrjxg,,129,509661,1
Emma,,136,509660,0
Tipok,,91,509658,0
Evugig,,146,509649,0
Mabid,,148,509646,0
Nemes,,124,509644,1
Gunrol,,81,509643,0
Denoll,,144,509642,0
Timmy,,187,509642,0
Stolas,,290,509641,5
Prcinka,,97,509639,1
Othethin,,263,509638,0
Dime,,90,509636,0
Ojeze,,111,509634,1
Erzena,,119,509633,2
Govoz,,505,509629,0
Vako,,159,509626,4
Dams,,104,509626,0
Katog,,115,509625,0
Icathad,,146,509624,1
Magicanb,,106,509623,0
Cibim,,137,509610,0
Valot,,298,509606,0
Tyry,,92,509602,0
Lilith,,150,509601,0
Erezem,,261,509601,5
Kifrane,,121,509592,0
Omurci,,100,509592,0
Zeus,,172,509591,0
Suhuha,,370,509591,0
Toohot,,194,509589,0
Taskis,,312,509586,1
Vathohi,,136,509583,3
Lonni,,264,509575,0
Irus,,235,509574,2
Kukol,,111,509573,6
Imithe,,149,509571,1
Goldrausch,,111,509571,0
Senaz,,141,509570,0
Smarti,,143,509566,1
Manutd,,291,509543,0
Ticug,,216,509530,0
Neferata,,195,509530,2
Acithe,,97,509529,2
Myth,,144,509528,3
Ladyfab,,88,509525,0
Jannus,,128,509523,4
Maha,,95,509521,1
Omirkem,,130,509514,3
Emuthi,,133,509506,0
Zorg,,210,509505,3
Kajuthi,,200,509504,0
Papapa,,139,509485,3
Lazisha,,147,509485,0
Cvntkiller,,195,509482,1
Jetudra,,132,509470,2
Sitha,,115,509459,0
Obate,,94,509446,1
Jarod,,115,509428,0
Sazella,,198,509426,0
Shangrilaa,,204,509423,0
Ezat,,227,499761,1
Lora,,185,499713,6
Skylark,,229,499652,4
Shadow,,176,499651,1
Ohudit,,250,499635,4
Hungsolo,,121,499589,2
Nervil,,116,499576,1
Ikarus,,115,499576,10
Ovrus,,128,499574,5
Gullen,,166,499570,4
Goleka,,155,499530,2
Zivz,,85,499516,4
Raven,,115,499515,5
Nadne,,132,499512,6
Ilutha,,239,499483,2
Ochivot,,293,499422,0
Ocal,,113,489677,0
Hetan,,196,489651,3
Cugos,,264,489645,0
Event,,144,489640,4
Shazmage,,139,489589,1
Eshoz,,97,489572,4
Shaopluto,,163,489570,2
Keja,,123,489563,1
Orime,,138,489560,0
Tethili,,172,489557,0
Cigam,,159,489527,2
Hortaha,,100,489519,0
Ookura,,221,489489,5
Monnunna,,76,489484,1
Hocukra,,164,489469,2
Viktr,,88,489455,4
Mund,,162,489439,5
Hethi,,110,489431,2
Bazinga,,158,489417,3
Auto,,152,489416,3
Mafra,,128,489413,8
Obus,,110,489401,2
Momo,,80,479732,0
Monoyaoii,,260,479648,2
Enorciz,,166,479646,2
Otheca,,139,479646,2
Zota,,208,479623,0
Xcxc,,131,479613,1
Surdethi,,93,479603,6
Morrigan,,137,479597,0
Murder,,86,479587,1
Danenna,,93,479570,1
Tenik,,66,479569,0
Agrit,,197,479567,3
Blasey,,120,479556,0
Sovati,,152,479534,1
Buzzed,,134,479529,0
Jachom,,92,479522,1
Tabche,,78,479507,0
Glesinda,,105,479505,0
Adenul,,191,479482,6
Ihevul,,129,479472,5
Vunumi,,240,479460,3
Lablab,,105,479420,2
Uncomage,,86,469778,0
Manwell,,116,469732,0
Kudnog,,170,469690,1
Alisa,,157,469688,2
Damodar,,91,469681,3
Myrig,,98,469654,2
Renre,,161,469636,1
Kannod,,250,469629,2
Ffsatzi,,128,469622,1
Vurtidre,,115,469597,1
Huda,,201,469575,1
Anal,,131,469572,1
Egris,,186,469572,4
Hilok,,148,469534,1
Ozud,,242,469522,4
Pepina,,109,469515,2
Scarlet,,262,469504,10
Dijet,,194,469447,3
Akad,,131,469407,3
Cetug,,201,459844,3
Cowgirl,,192,459829,0
Misiek,,190,459810,0
Oniki,,158,459802,0
Brenagio,,250,459783,5
Rija,,88,459778,0
Yuny,,110,459777,0
Ahug,,296,459769,0
Runa,,196,459764,0
Edrovrez,,206,459762,3
Dukran,,129,459732,0
Mirke,,88,459729,0
Konnunna,,80,459725,0
Ruchica,,178,459720,0
Lolkz,,141,459714,0
Blak,,105,459711,0
Leona,,118,459711,0
Arrr,,104,459705,0
Joshua,,91,459699,0
Cilode,,109,459693,1
Athet,,45,459686,0
Cikroke,,125,459680,1
Gashine,,198,459679,1
Pennyy,,105,459678,0
Hornet,,125,459670,0
Consider,,126,459663,0
Elon,,101,459661,0
Lithoz,,111,459661,0
Dirdi,,98,459648,2
Nokis,,115,459623,0
Bahuthe,,164,459621,0
Spud,,217,459620,0
Mebrinri,,229,459610,0
Rollet,,102,459609,0
Siobhan,,237,459605,0
Frau,,166,459600,1
Booger,,126,459573,0
Summer,,134,459551,0
Aburem,,163,459543,0
Rine,,120,459538,0
Ebacoz,,200,459533,2
Zusuci,,127,459488,0
Kirito,,162,459482,0
Athas,,119,459479,0
Nojud,,74,459469,0
Setit,,217,449886,0
Celeste,,91,449759,2
Zotam,,63,449759,0
Stupide,,161,449747,0
Zogrodne,,98,449734,0
Bormahu,,132,449731,1
Ruanamage,,57,449725,0
Nagisa,,73,449706,1
Idan,,108,449666,0
Lathander,,124,449660,0
Zenra,,112,449648,2
Hibudni,,74,449642,1
Hoshi,,61,449627,2
Phear,,102,449625,3
Melons,,127,449624,6
Zahubi,,199,449595,2
Mirturci,,136,449579,0
Evog,,185,449533,7
Kivren,,322,449532,2
Zarini,,126,449526,2
Sarabhesh,,89,449521,6
Gwzelda,,128,449456,0
Iris,,135,449420,1
Bronzviper,,115,439782,0
Xian,,71,439751,1
Adorzi,,92,439722,3
Lugness,,103,439721,0
Rikini,,174,439717,4
Jarka,,193,439705,1
Claire,,65,439677,0
Rithe,,159,439670,0
Anyways,,101,439660,0
Omire,,73,439652,2
Odonus,,69,439623,0
Meti,,123,439615,1
Osehad,,75,439594,2
Anak,,110,439583,2
Naha,,213,439571,2
Senna,,138,439557,3
Unice,,169,439550,1
Mashod,,135,439549,0
Bronze,,142,439533,1
Nizoral,,91,439504,1
Orgelis,,203,439488,4
Gilda,,150,439486,1
Hawgod,,101,439483,0
Blaze,,251,439477,3
Steenerico,,150,439452,0
Dani,,123,439445,1
Ruhorde,,90,439417,1
Ecise,,265,429750,1
Yarrr,,91,429720,1
Diri,,144,429719,0
Koots,,110,429711,1
Cevre,,152,429696,1
Azriel,,141,429638,2
Nazeli,,56,429637,0
Atlantis,,166,429636,0
Vutha,,197,429631,0
Lauwie,,102,429631,12
Limem,,195,429628,0
Jaruce,,61,429608,3
Ergira,,50,429579,0
Lagrit,,94,429560,2
Demion,,167,429559,0
Emmie,,70,429555,2
Nushes,,96,429531,1
Xoxoxoooo,,71,429528,1
Ikurki,,126,429516,0
Balera,,83,429507,2
Alori,,138,429505,0
Ragna,,177,429491,2
Edrig,,180,429483,1
Anreme,,85,429426,1
Gaka,,118,419795,0
Nafron,,68,419768,0
Ashot,,195,419760,2
Sagrad,,76,419737,1
Mudnek,,66,419732,0
Libeca,,119,419724,1
Sula,,55,419704,4
Yyoo,,41,419697,1
Death,,93,419695,1
Looser,,111,419683,0
Jagra,,212,419677,2
Zose,,129,419671,0
Elerena,,98,419666,2
Cinoba,,110,419661,2
Nuthet,,52,419660,1
Lonna,,89,419657,2
Cefre,,92,419657,4
Magi,,86,419651,0
Odessa,,195,419641,1
Hope,,146,419639,2
Lame,,132,419630,1
Dichegre,,78,419621,3
Ashaci,,155,419607,2
Githa,,80,419599,0
Othoran,,149,419589,3
Hiza,,78,419583,6
Zikri,,128,419563,0
Kosa,,172,419518,2
Winter,,67,419509,2
Deydey,,116,419494,8
Youyou,,94,419450,1
Rori,,262,409850,0
Merlin,,161,409820,0
Sorka,,119,409816,0
Czaruszek,,86,409810,0
Hofnarr,,198,409789,0
Domod,,133,409782,1
Ikavam,,71,409779,1
Serden,,195,409753,0
Hejat,,105,409743,0
Jule,,302,409736,0
Senaya,,28,409717,0
Jini,,143,409716,0
Senre,,44,409712,0
Zeek,,65,409711,0
Ozin,,113,409708,3
Bege,,100,409704,0
Rortas,,165,409700,1
Ezod,,173,409694,0
Rorgi,,56,409693,0
Phuckme,,114,409693,0
Jetod,,60,409690,1
Malkar,,220,409690,0
Memale,,111,409683,0
Mututa,,59,409682,0
Cidri,,103,409682,0
Sinani,,161,409682,0
Yujiohj,,116,409668,0
Innami,,96,409665,0
Matheka,,164,409661,1
Arkale,,73,409659,0
Geseg,,117,409630,0
Lolol,,43,409595,7
Cenadria,,165,409594,7
Ezin,,96,409594,0
Zztop,,92,409587,0
Merlin,,119,409583,0
Dolores,,151,409582,0
Pironii,,89,409573,0
Grey,,99,409565,0
Onas,,41,409561,2
Magick,,58,409553,0
Aichitan,,68,409553,0
Annul,,93,409545,0
Aladrielle,,88,409533,0
Ocuthan,,169,409530,1
Dirdal,,182,409526,0
Ardra,,95,409525,0
Ohaz,,113,409522,1
Caster,,144,409517,0
Krueger,,86,409511,8
Orugre,,66,409496,0
Rudet,,134,409488,0
Magic,,116,409482,6
Maveriki,,111,409446,1
Cedra,,81,399852,0
Sozer,,146,399768,3
Avudrel,,64,399766,0
Ales,,40,399706,1
Angelababy,,43,399685,2
Cristal,,71,399637,1
Obroza,,141,399607,2
Meschach,,125,399591,2
Ikesha,,171,399576,0
Russian,,116,399552,2
Ajikes,,96,399548,5
Ebren,,149,399514,0
Potskie,,160,399503,5
Nuloma,,25,389832,1
Tuti,,51,389729,1
Soleil,,51,389663,2
Cathi,,65,389661,1
Blacktoe,,61,389658,2
Heroina,,49,389658,0
Dawnbridge,,73,389628,1
Hocha,,66,389605,3
Gotha,,127,389602,2
Amarrine,,87,389600,4
Ennis,,232,389597,2
Calista,,62,389568,2
Mollicaci,,97,389566,1
Adreze,,175,389565,0
Othihuda,,250,389497,3
Laji,,55,389489,1
Ashabog,,180,389486,0
Thedug,,113,389465,0
Tifa,,168,389461,5
Tudin,,92,389443,2
Nibil,,127,389436,4
Ator,,94,389427,2
Copper,,83,389417,6
Henesi,,139,379797,0
Danai,,174,379759,0
Amanda,,102,379677,0
Pooja,,190,379663,1
Aruhi,,37,379661,0
Ayano,,118,379642,0
Izutad,,33,379641,3
Orgom,,71,379637,2
Merlin,,161,379629,0
Irizul,,54,379614,0
Alexb,,103,379612,1
Taba,,84,379603,2
Tomas,,118,379596,2
Halleda,,100,379594,0
Ocushi,,88,379569,5
Mtagcastr,,50,379564,4
Xanadu,,83,379560,9
Rahuk,,104,379547,2
Kirito,,128,379543,1
Carkag,,116,379530,0
Zaca,,63,379521,2
Zeca,,87,379520,7
Sado,,78,379520,0
Elem,,243,379510,0
Ijanrut,,123,379467,2
Eliteg,,137,369854,1
Balrothi,,57,369806,1
Olinell,,42,369742,2
Ahomog,,118,369714,2
Fengjiu,,53,369709,1
Avuna,,85,369705,3
Ojug,,128,369695,1
Paja,,226,369691,0
Ezesud,,87,369662,3
Ajaja,,106,369642,1
Odiga,,78,369624,0
Ozusha,,133,369601,3
Edezi,,33,369591,1
Mashorca,,55,369589,2
Aresok,,162,369571,5
Neci,,91,369478,3
Etiza,,111,369469,3
Kanten,,66,369458,8
Amara,,135,369404,7
Sort,,114,359857,0
Jaze,,111,359801,0
Innovi,,80,359782,0
Eladria,,51,359776,0
Chanmizu,,93,359772,0
Harulepe,,48,359771,0
Node,,62,359764,0
Give,,101,359760,0
Dlwlrma,,209,359750,0
Legevi,,132,359736,0
Akrice,,80,359723,0
Morug,,87,359713,0
Huongduong,,39,359704,0
Wizzid,,113,359687,0
Onrova,,93,359684,0
Zyzox,,143,359681,0
Night,,27,359650,0
Evok,,82,359645,1
Hana,,59,359644,2
Cuicui,,125,359624,0
Socite,,42,359609,1
Siza,,98,359562,0
Javeshi,,94,359544,0
Tempo,,60,359490,0
Ardem,,108,349831,1
Semrumo,,116,349816,0
Bomber,,97,349793,1
Anrufrus,,10,349792,1
Lakece,,82,349772,0
Metronox,,93,349741,0
Mezes,,92,349699,1
Edrus,,37,349674,0
Doleda,,145,349674,0
Jiki,,45,349615,0
Freakyone,,29,349607,2
Dozum,,107,349605,4
Elena,,41,349602,2
Orcednon,,38,349593,3
Vensajji,,74,349579,1
Zlodey,,63,349564,1
Black,,10,339831,0
Jeci,,115,339787,0
Hodaz,,310,339774,0
Wynona,,85,339721,0
Neverwhere,,14,339718,2
Muka,,65,339716,0
Rera,,133,339712,3
Igisaz,,21,339692,0
Cori,,73,339689,0
Nekri,,59,339675,0
Helligerl,,160,339659,2
Feri,,126,339644,1
Starfire,,48,339627,2
Lerdi,,54,339612,2
Bubule,,165,339605,0
Gilli,,200,339563,0
Sasi,,66,339560,1
Sabril,,81,339556,1
Lerul,,130,339446,4
Dukuva,,213,339430,2
Kkkk,,39,329844,0
Dejah,,105,329780,1
Omivri,,53,329770,0
Beta,,87,329755,0
Cela,,137,329745,0
Mubreja,,21,329727,0
Ivent,,74,329711,0
Ethon,,66,329702,1
Arihel,,83,329682,0
Pyaka,,35,329643,0
Ohonrel,,15,329638,2
Monja,,91,329629,0
Knobby,,10,329623,0
Ethushi,,35,329617,0
Tikon,,25,329597,3
Mary,,40,329594,0
Raba,,111,329575,1
Asamora,,53,329517,1
Inovam,,182,319805,0
Oborne,,90,319802,0
Eliye,,110,319795,2
Nazik,,150,319793,2
Alex,,73,319780,0
Point,,75,319752,1
Alecis,,39,319737,1
Osedan,,113,319733,1
Clown,,10,319722,1
Athivoz,,23,319700,0
Zseniz,,35,319698,1
Enubrit,,62,319682,4
Denre,,37,319642,1
Stardust,,20,319641,4
Lithi,,97,319628,1
Tiger,,66,319618,3
Onuna,,58,319617,7
Ishella,,58,319590,5
Laidback,,52,319580,1
Bathi,,145,319508,14
Joom,,129,309868,0
Narza,,126,309841,0
Merlin,,61,309841,0
Vangcc,,153,309826,0
Ojusa,,46,309821,1
Rathi,,18,309800,0
Ketha,,143,309799,6
Izusi,,98,309795,0
Lynn,,29,309787,0
Irkeshe,,108,309784,0
Terdana,,110,309779,0
Nofri,,119,309778,0
Phrozzen,,24,309777,0
Zashez,,130,309773,0
Nasha,,55,309773,0
Mirge,,91,309768,0
Phemur,,46,309759,2
Orora,,84,309750,0
Hhhhhp,,68,309744,0
Obrined,,107,309742,0
Dargoon,,50,309736,0
Hero,,37,309732,0
Ricathe,,21,309695,0
Olan,,105,309694,0
Patrunjel,,197,309653,0
Inal,,12,309649,0
Litha,,98,309592,0
Redlew,,64,299802,0
Michal,,150,299797,0
Jara,,61,299779,0
Kobe,,60,299770,0
Marigold,,67,299719,0
Haarallad,,33,299717,0
Eula,,74,299716,1
Well,,85,299688,0
Esadi,,45,299687,1
Sanirda,,53,299663,2
Mage,,52,299657,1
Doomfuss,,184,289794,0
Irebre,,137,289758,0
Erfolunius,,73,289740,1
Samara,,32,289701,1
Erdez,,9,289690,0
Orkidus,,15,289688,1
Thaerin,,27,289677,0
Jjaing,,10,289670,4
Athiki,,80,289588,2
Avrobrin,,23,279791,0
Coroge,,64,279786,0
Erhorn,,15,279779,0
Shin,,84,279778,0
Hela,,10,279723,0
Karma,,209,279712,0
Ecifri,,105,279672,0
Evilynn,,25,279669,0
Oberon,,158,279645,0
Imem,,205,279629,11
Itan,,3,279615,0
Esmerelda,,63,279602,1
Naholling,,32,279596,0
Fudge,,120,269809,1
Rerobre,,50,269805,1
Erosa,,46,269784,1
Civeti,,55,269749,3
Cushas,,32,269625,2
Schmerzel,,289,259875,0
Runike,,48,259839,0
Zakaba,,2,259824,0
Alala,,16,259799,0
Melosong,,37,259796,0
Ives,,71,259781,1
Nefre,,46,259772,0
Inikiz,,0,259660,0
Orkage,,40,259533,0
Ephir,,55,249779,0
Zeti,,12,249778,0
Jenne,,101,249758,0
Nimeway,,128,249689,1
Efral,,13,239802,0
Twtwtw,,43,239782,0
Dazal,,38,239762,1
Ezuz,,30,239646,0
Zorca,,118,239585,4
Luna,,29,229835,0
Livalilly,,16,229814,0
Innam,,23,229801,0
Abcchoco,,197,229800,1
Asot,,4,229797,0
Bachan,,10,229794,0
Ashozoz,,27,229696,3
Vicky,,77,219885,0
Valeria,,44,219823,0
Nana,,136,219798,1
Ochoja,,66,219793,1
Pape,,6,219787,0
Synder,,59,219782,1
Deadlysin,,96,219771,0
Arkel,,30,219757,1
Dufus,,66,219426,3
Arin,,63,209904,0
Suri,,67,209897,0
Tuga,,44,209886,0
Laladui,,44,209881,1
Ekek,,75,209873,0
Huruda,,2,209871,0
Firebrand,,140,209871,0
Agrun,,4,209871,0
Araevin,,21,209867,0
Kazore,,0,209859,0
Susig,,80,209858,0
Citi,,106,209857,0
Morigan,,0,209853,1
Malin,,47,209831,0
Nikki,,73,209808,0
Rerci,,37,209796,0
Basiliy,,17,209748,0
Nikra,,40,209737,0
Kishem,,0,209672,0
Ohigre,,118,209664,0
Henni,,28,199886,0
Hithid,,4,199868,0
Hamagic,,0,189872,0
Iets,,21,189823,0
Carmen,,45,189735,1
Jerge,,0,189505,13
Idus,,0,179862,0
Maggie,,0,179645,0
Dereva,,0,179499,1
Rice,,6,169841,0
Judasz,,7,169819,0
Kerdabe,,0,169802,2
Nobom,,95,159888,1
Otun,,0,159873,0
Nobrat,,101,159851,0
Agrena,,118,159850,0
Hame,,0,159842,0
Estnudum,,0,159827,0
Vharl,,0,159783,0
Oskar,,46,159719,0
Rikredra,,0,149899,0
Myway,,94,149848,0
Jothuhe,,37,149846,0
Mazinhotwo,,21,149835,0
Sizos,,0,149802,0
Yuki,,60,149785,2
Magezilla,,0,139870,0
Baba,,0,139865,1
Muttiaia,,34,139860,0
Jede,,11,139847,0
Iket,,0,139832,0
Dila,,0,139826,0
Toli,,3,139825,2
Ivrod,,0,139820,0
Artaz,,0,139815,1
Vivreri,,0,139788,1
Nikolay,,0,139774,1
Arkim,,0,139733,0
Mubre,,0,139733,0
Kake,,28,139732,0
Vubra,,0,139681,0
Mezore,,2,129920,0
Zoee,,129,129852,0
Liena,,89,129845,0
Anova,,0,129843,0
Orkehi,,98,129827,0
Ethuthas,,0,129723,1
Vonas,,0,119902,0
Lucknut,,0,119871,0
Cachubre,,0,119867,0
Llou,,0,119866,1
Helmut,,0,119860,1
Kadnin,,0,119858,0
Tekrolex,,0,119840,0
Winter,,0,119833,0
Bilbo,,0,119832,1
Seleena,,0,119829,0
Medera,,0,119822,1
Sappho,,0,119821,0
Escapegoat,,0,119799,0
Shodaime,,0,119759,1
Zack,,40,119732,0
Namie,,0,119719,1
Ojog,,0,119674,6
Zecore,,68,109917,0
Obis,,34,109885,0
Ticel,,0,109872,0
Gazeve,,0,109868,0
Okral,,0,109867,0
Juhirzi,,0,109859,0
Ivibre,,0,109854,0
Morgana,,0,109850,0
Hata,,0,109844,0
Esazas,,0,109839,0
Legionis,,0,109838,0
Mage,,0,109828,0
Illuvatar,,0,109820,0
Kebele,,0,109804,0
Juja,,0,109792,0
Kaci,,10,109776,0
Meisa,,0,109771,0
Cunroz,,0,109767,0
Primative,,0,109763,0
Arzemagic,,0,109749,1
Ibelil,,0,109746,0
Kasas,,0,109737,0
Ennik,,0,109729,0
Javabe,,4,109728,0
Ocuma,,82,109653,0
Okinre,,0,99894,0
Icota,,0,99887,0
Gunan,,0,99882,0
Inrinos,,1,99837,0
Jaina,,0,99835,0
Hmmmmmh,,0,99831,0
Argisan,,0,99818,0
Ladneni,,0,99806,0
Luthus,,0,99795,0
Ratzfatz,,0,99789,0
Hjwsijeh,,158,99778,0
Morrigan,,0,99767,0
Tilera,,0,99717,0
Ashel,,0,99715,2
Belldandy,,0,99674,3
Nuhamsyar,,0,99657,0
Vujivra,,0,99640,0
Tyrun,,0,99595,0
Jubit,,0,89871,0
Ibrug,,0,89860,0
Jota,,0,89857,0
Milelli,,0,89854,0
Soki,,0,89847,0
Maheshwara,,0,89838,1
Mommy,,0,89804,1
Artel,,0,89804,1
Osiris,,0,89793,0
Cejasha,,0,89766,1
Kellie,,0,89764,1
Zutuze,,0,89755,1
Movok,,0,89754,0
Zajebista,,0,89749,0
Erziri,,0,89749,3
Brienna,,0,89747,0
Indri,,0,89713,1
Onokra,,0,89670,0
Bice,,0,89665,1
Drugsroses,,0,89649,2
Jika,,0,89648,2
Marko,,0,89640,0
Nufri,,0,89610,2
Tensi,,0,89604,0
Keyoxx,,0,89594,2
Maelstrom,,0,89550,6
Alatha,,0,89509,1
Selle,,0,89502,5
Annella,,0,89500,5
Beardolf,,0,89446,6
Cegim,,18,79913,0
Osek,,0,79911,0
Tasa,,1,79900,0
Descario,,0,79892,0
Burnyoface,,0,79880,0
Orkaka,,25,79877,0
Flashbang,,0,79875,0
Albanec,,0,79864,0
Lebre,,105,79864,0
Cusekre,,72,79860,0
Kiupi,,0,79860,1
Ehisi,,55,79860,0
Shadowmage,,63,79850,0
Maga,,0,79848,0
Aburti,,115,79846,0
Korc,,2,79839,0
Titharka,,0,79837,1
Nomud,,0,79833,0
Kishe,,0,79832,1
Lases,,0,79831,1
Nuge,,0,79825,0
Jane,,4,79819,0
Kastor,,0,79818,0
Hethi,,0,79817,0
Kimyshen,,0,79809,0
Ladyd,,3,79805,0
Vaum,,0,79799,0
Hubrasha,,0,79797,0
Toki,,0,79795,0
Ajig,,0,79792,2
Oxykfp,,10,79791,0
Ebrirtat,,0,79787,0
Chinacoc,,0,79786,3
Enrasul,,0,79783,4
Vabe,,5,79783,0
Roterengel,,0,79772,0
Boureka,,0,79769,0
Heohm,,0,79768,0
Mary,,0,79765,0
Azzenka,,0,79764,3
Bure,,0,79755,0
Bethe,,0,79748,0
Sucavra,,0,79738,4
Emike,,0,79734,1
Janghanse,,0,79728,3
Ramontemp,,0,79721,0
Klava,,0,79717,0
Pixis,,0,79707,2
Conny,,0,79705,2
Zarlak,,0,79701,2
Crypt,,0,79697,0
Wilercane,,0,79695,1
Ishos,,0,79686,1
Hafra,,0,79684,0
Dimon,,0,79681,0
Burce,,0,79679,1
Borju,,0,79677,1
Berci,,0,79668,1
Zabrud,,0,79665,4
Karen,,0,79664,4
Ises,,0,79659,3
Exel,,0,79659,2
Minna,,0,79656,6
Okorde,,0,79656,1
Joanna,,0,79648,0
Slime,,0,79647,0
Imzadi,,0,79640,1
Otheca,,0,79629,1
Bubreg,,0,79626,6
Ochorde,,0,79610,9
Ared,,0,79609,3
Sexbombe,,0,79581,6
Assattack,,0,79565,2
Inil,,0,79560,10
Ystrupycyu,,0,79555,2
Bakodra,,0,79541,3
Asha,,0,79541,1
Paranoid,,0,79530,4
Ajorce,,0,79504,4
Kochanski,,0,79502,6
Amum,,0,79483,6
Tecek,,0,79468,8
Juheke,,0,79456,2
Idarzem,,0,79454,30
Moon,,0,79450,7
Lovekandy,,0,79450,4
Dmbdob,,0,79436,4
Mandu,,0,79424,5
Zerkenni,,0,79416,4
Kovuca,,0,69921,0
Munok,,0,69916,1
Fxmerlin,,0,69914,0
Magic,,0,69909,0
Econ,,0,69906,0
Murtuk,,15,69903,0
Sooa,,0,69897,0
Dresden,,0,69897,0
Hardermom,,0,69896,0
Casper,,0,69889,0
Yuriko,,112,69888,0
Othollad,,0,69887,0
Helobre,,0,69884,0
Odathuz,,0,69884,1
Zera,,0,69882,0
Saden,,0,69880,0
Domini,,0,69879,0
Tempot,,0,69879,0
Ikeda,,0,69878,0
Natoze,,0,69878,0
Coduz,,0,69878,0
Isaac,,0,69877,0
Jill,,0,69876,0
Keke,,0,69872,0
Vero,,0,69870,0
Feiyu,,0,69867,0
Sierra,,0,69864,0
Osuta,,0,69863,1
Vode,,0,69860,0
Gogi,,0,69860,0
Vali,,0,69858,0
Casit,,0,69858,0
Lebod,,0,69853,0
Danybanany,,0,69853,0
Angelutus,,0,69853,1
Ruche,,0,69852,0
Staggerlee,,0,69851,0
Orzisha,,0,69848,0
Irkara,,0,69848,0
Jiki,,0,69846,0
Fifi,,0,69841,0
Fortyseven,,0,69840,1
Ovrargi,,0,69840,2
Zuthi,,0,69839,0
Heki,,0,69836,0
Chezzz,,0,69835,1
Puupon,,0,69835,1
Nefer,,0,69834,0
Iomticia,,0,69834,0
Padla,,0,69831,0
Jadi,,0,69830,1
Kuhe,,0,69827,0
Cumi,,0,69825,0
Arizen,,0,69819,1
Ociha,,0,69816,1
Kavuvre,,0,69806,1
Keister,,0,69805,2
Bosos,,0,69803,0
Irteshe,,0,69801,0
Ramses,,0,69801,3
Dinri,,0,69800,0
Pastelka,,0,69799,1
Dehusi,,0,69798,0
Godaahz,,0,69791,0
Tumama,,0,69781,1
Evima,,0,69780,1
Raistlin,,0,69780,0
Lark,,0,69774,5
Alphys,,0,69770,1
Akoz,,0,69768,0
Notgod,,0,69757,3
Gezat,,0,69754,1
Leblanc,,0,69753,0
Eugeo,,0,69744,2
Bbbbb,,0,69743,2
Ahan,,0,69743,0
Dunuze,,0,69741,1
Darude,,0,69739,0
Kiti,,0,69734,0
Gemm,,0,69733,0
Demonkid,,0,69729,2
Efrid,,0,69726,1
Hugra,,0,69722,2
Park,,0,69721,2
Gruffo,,0,69720,1
Zune,,0,69716,3
Ameve,,0,69714,1
Baba,,0,69713,1
Tivi,,0,69711,0
Enai,,0,69705,0
Zabrog,,0,69702,1
Evus,,0,69699,8
Tutu,,0,69695,0
Young,,0,69692,1
Zokale,,0,69689,7
Tinka,,0,69683,2
Soli,,0,69672,6
Magus,,0,69666,3
Uglyw,,0,69664,4
Dalamar,,0,69663,0
Domize,,0,69661,2
Juuuuk,,0,69660,1
Karl,,0,69657,6
Karen,,0,69649,2
Adnorde,,0,69644,1
Isol,,0,69641,2
Arcum,,0,69640,3
Euge,,0,69633,5
Atis,,0,69625,1
Kimmorais,,0,69622,9
Ejeba,,0,69617,3
Tomoca,,0,69616,5
Svartz,,0,69600,1
Jill,,0,69598,4
Ethelaz,,0,69594,3
Zordoki,,0,69591,6
Santiago,,0,69578,4
Gezum,,0,69565,13
Twister,,0,69562,8
Oliwka,,0,69552,4
Rarcozi,,0,69543,9
Meoji,,0,69540,0
Jova,,0,69529,1
Bakalan,,0,69525,3
Carape,,0,69514,4
Cafra,,0,69511,4
Zizasi,,0,69499,5
Radni,,0,69492,2
Hurzi,,0,69485,0
Revaz,,0,69462,7
Bechan,,0,59922,0
Nakida,,0,59919,0
Azadnid,,0,59919,0
Bukroli,,0,59902,0
Gorasix,,0,59895,0
Sahi,,0,59895,0
Hehishi,,0,59894,0
Rithtousin,,0,59893,0
Enebril,,0,59891,0
Eshuga,,0,59887,0
Olala,,0,59887,0
Izosik,,0,59884,0
Elodi,,0,59879,0
Zinra,,0,59877,0
Janaetha,,0,59875,0
Caduja,,0,59875,0
Noli,,0,59874,0
Hyvyu,,0,59865,0
Jimera,,0,59864,0
Sizok,,0,59861,0
Quyo,,0,59861,0
Suze,,0,59861,0
Jurage,,0,59860,0
Luna,,0,59859,0
Vera,,0,59859,0
Heka,,0,59857,0
Nenam,,0,59844,0
Kuhad,,0,59843,0
Tidra,,0,59843,0
Ekaga,,0,59842,0
Arya,,0,59841,0
Peruanita,,0,59841,0
Busha,,0,59839,0
Tarlly,,0,59838,0
Kircedna,,0,59837,0
Billin,,0,59834,0
Cilol,,0,59831,0
Hallune,,0,59831,0
Voha,,0,59826,0
Okasroos,,0,59824,0
Nallinna,,0,59821,0
Karci,,0,59811,0
Onnetha,,0,59811,0
Ejares,,0,59809,0
Cezoge,,0,59807,0
Xoxo,,0,59802,0
Lucifer,,0,59796,0
Tony,,0,59795,0
Magalee,,0,59793,0
Deedee,,0,59791,0
Vegrugi,,0,59789,0
Donag,,0,59789,0
Izam,,0,59788,0
Athanaxa,,0,59788,0
Orun,,0,59787,0
Ovrug,,0,59785,1
Dovra,,0,59785,1
Litha,,0,59784,0
Eros,,0,59778,0
Coje,,0,59778,0
Xxxx,,0,59777,2
Jezi,,0,59773,0
Cetheba,,0,59769,0
Athoma,,0,59769,0
Eagleyes,,0,59763,0
Irgeka,,0,59761,0
Modonri,,0,59761,0
Magnus,,0,59760,0
Assplody,,0,59759,0
Higivra,,0,59758,1
Roja,,0,59757,0
Yanzi,,0,59757,1
Lalaevent,,0,59749,0
Dalem,,0,59748,3
Fluzzie,,0,59746,4
Vesaji,,0,59744,0
Sushel,,0,59738,3
Irin,,0,59736,0
Bronz,,0,59733,0
Mika,,0,59727,0
Jessi,,0,59705,0
Dinoboom,,0,59705,0
Ilez,,0,59703,4
Nole,,0,59698,1
Caosshin,,0,59686,0
Ishan,,0,59683,7
Zathige,,0,59680,4
Lionmagic,,0,59665,0
Mitha,,0,59658,0
Avama,,0,59654,0
Matias,,0,59651,0
Nile,,0,59638,0
Asuna,,0,59637,0
Ohajug,,0,59606,0
Mardume,,0,59555,7
Sadne,,0,59550,4
Evram,,0,59547,0
Nagrathe,,0,59544,0
Ethetim,,0,59544,0
Ircabre,,0,59513,1
Ohik,,0,59513,4
Cini,,0,59509,0
Orashog,,0,59500,1
Minimi,,0,59498,0
Vidne,,0,59478,1
Airan,,0,59452,9
Moga,,0,59423,6
Devi,,0,59416,1
Sithenna,,0,49904,0
Artollim,,0,49890,0
Cellez,,0,49879,0
Rika,,0,49874,0
Osabra,,0,49869,0
Elena,,0,49868,0
Nuzede,,0,49866,0
Femboy,,0,49866,0
Enrune,,0,49866,0
Tijathe,,0,49864,0
Varzum,,0,49861,0
Sira,,0,49853,0
Kartaviy,,0,49846,0
Meshele,,0,49845,0
Leblanc,,0,49840,0
Litham,,0,49838,0
Autumn,,0,49835,0
Celluka,,0,49831,1
Myth,,0,49829,0
Aaaang,,0,49823,0
Sudalin,,0,49821,0
Zathiza,,0,49819,0
Greldif,,0,49818,0
Damian,,0,49818,0
Khora,,0,49811,0
Infinito,,0,49806,0
Susu,,0,49806,0
Proto,,0,49803,0
Mmcat,,0,49803,0
Ogula,,0,49803,0
Avetha,,0,49800,0
Jacynthe,,0,49799,0
Godiz,,0,49798,0
Muha,,0,49791,1
Event,,0,49789,0
Ahak,,0,49789,0
Losa,,0,49786,0
Aaroneous,,0,49784,0
Mimmy,,0,49784,0
Ejedut,,0,49782,0
Juma,,0,49781,0
Nogame,,0,49775,0
Minahe,,0,49770,1
Orconre,,0,49768,0
Igrin,,0,49768,0
Keith,,0,49768,0
Tasa,,0,49767,0
Mooddrink,,0,49766,0
Zidra,,0,49762,0
Gednam,,0,49761,2
Soshatha,,0,49757,0
Moha,,0,49757,0
Sone,,0,49754,0
Grotis,,0,49748,0
Pirata,,0,49743,0
Suraj,,0,49742,0
Goti,,0,49742,1
Egal,,0,49730,0
Tikraha,,0,49730,0
Danredi,,0,49729,0
Blackjoker,,0,49724,1
Herobrine,,0,49720,0
Poshi,,0,49717,1
Tari,,0,49715,0
Dofri,,0,49714,0
Alyssajean,,0,49705,0
Hiwaga,,0,49704,0
Nadrom,,0,49703,2
Morgana,,0,49702,4
Donthave,,0,49698,1
Lothilli,,0,49694,0
Talisien,,0,49690,0
Etnica,,0,49684,0
Braveheart,,0,49682,0
Dasa,,0,49678,1
Kikruni,,0,49674,0
Iludus,,0,49668,1
Solomon,,0,49668,0
Zojim,,0,49668,0
Tuta,,0,49666,3
Nurcak,,0,49658,0
Agafri,,0,49654,2
Jopek,,0,49637,2
Notahacker,,0,49624,1
Husaja,,0,49608,4
Kura,,0,49599,3
Ithodi,,0,49569,2
Jugod,,0,49565,0
Cherchil,,0,49562,2
Bayka,,0,49553,5
Fenice,,0,49543,7
Jonuk,,0,49541,1
Dake,,0,49531,1
Zionus,,0,49522,2
Senna,,0,49505,4
Tevudi,,0,49482,4
Midigra,,0,49473,4
Negan,,0,49466,2
Arum,,0,49462,4
Aninok,,0,49456,4
Lubi,,0,49435,1
Hirce,,0,49435,3
Esaz,,0,39925,0
Panjinlian,,0,39914,0
Vednot,,0,39891,0
Zappa,,0,39886,0
Kormusat,,0,39885,0
Vocakri,,0,39880,0
Besa,,0,39874,0
Ketil,,0,39871,1
Jojije,,0,39866,0
Anritil,,0,39858,0
Harbinger,,0,39857,1
Onidnas,,0,39856,1
Nelad,,0,39855,1
Hatuze,,0,39855,1
Olel,,0,39854,0
Seption,,0,39852,0
Rirka,,0,39847,1
Jotita,,0,39845,0
Cabi,,0,39844,1
Wolf,,0,39842,0
Durgal,,0,39842,0
Godstar,,0,39842,0
Luhit,,0,39840,0
Piston,,0,39840,0
Ruki,,0,39835,1
Ashohe,,0,39832,0
Akovra,,0,39823,1
Anrosa,,0,39822,1
Beshin,,0,39821,0
Tutine,,0,39821,1
Ahomug,,0,39819,1
Pandemic,,0,39818,0
Habi,,0,39813,1
Megi,,0,39810,0
Nekra,,0,39809,0
Cishe,,0,39809,0
Maconheiro,,0,39809,0
Onoze,,0,39806,2
Diva,,0,39805,0
Onlyme,,0,39805,1
Tegra,,0,39805,0
Sekra,,0,39802,0
Siza,,0,39801,1
Xpnew,,0,39799,0
Kili,,0,39799,1
Leena,,0,39797,0
Blznissue,,0,39791,0
Browneye,,0,39789,1
Tyrus,,0,39789,1
Cargorde,,0,39787,0
Janin,,0,39787,1
Athiz,,0,39779,0
Zose,,0,39778,1
Ibrugi,,0,39778,0
Akrol,,0,39775,1
Elava,,0,39774,1
Babradni,,0,39773,0
Verta,,0,39772,2
Yshayadank,,0,39772,1
Veka,,0,39771,2
Lakoze,,0,39770,1
Tugi,,0,39769,2
Aced,,0,39766,2
Jurta,,0,39764,1
Charlesx,,0,39762,2
Arczibalda,,0,39762,0
Magg,,0,39755,0
Ehana,,0,39754,2
Ozathi,,0,39751,3
Ogurka,,0,39750,0
Davos,,0,39748,1
Sergij,,0,39745,1
Idathud,,0,39743,1
Koni,,0,39742,0
Ennaraz,,0,39732,1
Athek,,0,39728,0
Koliki,,0,39727,0
Sarfaraz,,0,39725,1
Ozadrus,,0,39725,2
Irdetot,,0,39723,1
Warrick,,0,39718,2
Range,,0,39715,0
Zobre,,0,39713,1
Nograbe,,0,39711,2
Zotat,,0,39709,3
Zidig,,0,39705,2
Takos,,0,39705,4
Darka,,0,39703,1
Deadpool,,0,39697,0
Ercon,,0,39697,0
Flossmill,,0,39696,0
Ivana,,0,39695,1
Tishi,,0,39694,2
Roca,,0,39694,0
Ishehi,,0,39693,2
Frostnova,,0,39693,1
Izol,,0,39692,0
Tatanya,,0,39691,0
Event,,0,39689,2
Toamna,,0,39687,2
Logre,,0,39687,1
Kilumii,,0,39684,1
Itatchi,,0,39684,0
Aion,,0,39681,0
Zofra,,0,39675,0
Chriscas,,0,39670,0
Avrez,,0,39669,4
Sofaya,,0,39669,1
Ladne,,0,39668,0
Kozaczka,,0,39668,3
Seka,,0,39667,0
Dulcs,,0,39666,1
Vozera,,0,39655,1
Azurdad,,0,39644,1
Nijaz,,0,39643,0
Totini,,0,39641,0
Omazam,,0,39639,1
Nemo,,0,39637,1
Evimalb,,0,39629,0
Caycee,,0,39626,4
Odan,,0,39623,1
Alara,,0,39612,2
Surte,,0,39608,1
Zomachi,,0,39607,0
Sodeti,,0,39604,3
Yofto,,0,39596,0
Dali,,0,39589,1
Zikushi,,0,39588,2
Ronne,,0,39587,3
Koki,,0,39587,0
Edneci,,0,39582,0
Tempilina,,0,39582,3
Leabba,,0,39577,1
Zargud,,0,39577,0
Adrakros,,0,39575,1
Akciaaaa,,0,39559,3
Gube,,0,39555,1
Darki,,0,39555,2
Fufuna,,0,39551,0
Wilowstein,,0,39546,1
Zaubernix,,0,39543,1
Mejala,,0,39538,2
Curtut,,0,39531,3
Ovaba,,0,39530,3
Ednazi,,0,39519,2
Mirai,,0,39508,2
Gargamel,,0,39497,6
Oreza,,0,39494,0
Korivra,,0,39493,1
Odicek,,0,39492,4
Meztli,,0,39492,2
Ceph,,0,39475,2
Tulun,,0,39470,3
Basha,,0,39469,2
Stella,,0,39468,8
Gage,,0,39458,1
Ennevun,,0,39450,3
Deri,,0,39432,0
Cuthico,,0,39414,2
Arurgi,,0,39407,1
Amun,,0,39407,3
Agatha,,0,29938,0
Izitoz,,0,29907,0
Vahi,,0,29902,0
Acid,,8,29900,0
Ejesha,,0,29887,0
Tuvera,,0,29878,0
Egul,,0,29875,0
Marisa,,0,29875,0
Erkircik,,0,29874,0
Enigma,,0,29873,0
Bogue,,0,29872,0
Eaglex,,0,29864,0
Kilaza,,0,29864,0
Gaje,,0,29864,0
Rhenus,,0,29863,0
Ecug,,0,29860,0
Eladrin,,0,29858,0
Otabe,,0,29858,0
Jessie,,0,29858,0
Buhi,,0,29857,0
Hinrahe,,0,29855,0
Aarina,,0,29853,0
Aicharlie,,0,29847,0
Taka,,0,29843,0
Ertube,,0,29842,1
Itintheass,,0,29841,0
Ihisus,,0,29838,0
Babare,,0,29838,0
Zboj,,0,29838,0
Autumn,,0,29837,0
Sidre,,0,29836,0
Vuthive,,0,29836,0
Erok,,0,29833,0
Evaelfie,,0,29829,0
Lottava,,0,29828,0
Todri,,0,29827,0
Dabol,,0,29824,0
Ajakrak,,0,29820,0
Regeta,,0,29820,5
Arrobar,,0,29820,0
Ogokra,,0,29819,0
Zothek,,0,29818,0
Galle,,0,29818,0
Shinji,,0,29817,0
Oten,,0,29814,0
Sammie,,0,29811,0
Essraelin,,0,29810,0
Arkim,,0,29805,0
Kuthiz,,0,29802,0
Rudeed,,0,29802,0
Jethe,,0,29801,0
Zugra,,0,29800,0
Jafar,,0,29800,0
Tonini,,0,29798,0
Xena,,0,29797,0
Adrona,,0,29794,0
Hermione,,0,29793,0
Eshen,,0,29792,0
Fufik,,0,29791,0
Amaraa,,0,29787,0
Iben,,0,29786,0
Mellow,,0,29785,0
Tolomey,,0,29783,0
Loco,,0,29782,0
Mugil,,0,29779,0
Zava,,0,29779,0
Abragak,,0,29778,0
Mithrandir,,0,29776,0
Jubirta,,0,29776,0
Zodos,,0,29775,0
Osumi,,0,29774,0
Onramuk,,0,29774,0
Vinpin,,0,29774,0
Hanna,,0,29773,0
Nahevi,,0,29770,0
Tara,,0,29769,0
Surte,,0,29768,0
Siska,,0,29767,0
Kronos,,0,29766,0
Lethe,,0,29765,0
Cuvosi,,0,29763,0
Odara,,0,29760,0
Nucude,,0,29756,0
Veshun,,0,29755,0
Ergihig,,0,29752,0
Romjik,,0,29751,0
Anatha,,0,29750,0
Rirdunna,,0,29750,0
Marcom,,0,29749,0
Enikra,,0,29749,0
Mini,,0,29745,0
Goje,,0,29745,0
Sovrud,,0,29745,0
Asadi,,0,29744,0
Esinum,,0,29742,0
Wizard,,0,29742,0
Jega,,0,29741,0
Synacker,,0,29740,0
Othud,,0,29740,0
Eventer,,0,29739,0
Obrak,,0,29734,0
Mibrihe,,0,29734,0
Tyona,,0,29734,0
Miam,,0,29732,0
Tomurgi,,0,29731,0
Ejil,,0,29728,0
Novatzio,,0,29728,0
Ednad,,0,29724,0
Vajim,,0,29724,0
Test,,0,29723,1
Eburza,,0,29717,0
Agorte,,0,29717,0
Arkere,,0,29717,0
Nosleep,,0,29714,0
Mcdg,,0,29711,1
Banek,,0,29710,0
Aaaa,,0,29708,0
Xares,,0,29708,0
Osunid,,0,29702,0
Akute,,0,29701,0
Ebil,,0,29700,0
Trix,,0,29697,0
Athot,,0,29680,0
Kila,,0,29677,0
Luha,,0,29670,1
Ithibra,,0,29666,0
Nalla,,0,29658,0
Ishez,,0,29658,0
Gunak,,0,29657,0
Arhas,,0,29652,1
Ebohog,,0,29651,0
Jovid,,0,29651,0
Gura,,0,29642,0
Pvigner,,0,29642,0
Eson,,0,29638,0
Holli,,0,29638,0
Casare,,0,29630,0
Dvidomag,,0,29627,0
Manre,,0,29624,0
Sethun,,0,29620,0
Ashinok,,0,29614,0
Achidog,,0,29610,0
Tenre,,0,29609,0
Ogat,,0,29606,1
Karryn,,0,29591,0
Ithokis,,0,29587,0
Olel,,0,29578,0
Willdeboa,,0,29539,0
Ensh,,0,29537,0
Deki,,0,29527,0
Junes,,0,29525,0
Ivimol,,0,29523,1
Onnuse,,0,29523,4
Ezuva,,0,29518,0
Vutha,,0,29518,0
Mogrek,,0,29515,0
Rasputin,,0,29478,0
Ednez,,0,29463,0
Ludne,,0,29457,1
Evriel,,0,29455,2
Loona,,0,29446,0
Ishivot,,0,29432,0
Hirkidi,,0,29427,0
Birevri,,0,29423,0
Imabe,,0,19928,0
Bobim,,10,19906,0
Odnanruz,,0,19905,0
Arcene,,0,19897,0
Arkevrim,,0,19887,0
Merlin,,0,19884,0
Irel,,0,19880,0
Berki,,0,19877,0
Titha,,0,19874,0
Arum,,0,19871,0
Kedota,,0,19869,0
Nirge,,0,19868,0
Buzzy,,0,19861,0
Deke,,0,19859,0
Artami,,0,19857,0
Gisen,,0,19853,0
Tiana,,0,19846,0
Obemi,,0,19845,0
Rese,,0,19845,0
Elil,,0,19842,0
Sevi,,145,19836,0
Madil,,0,19834,0
Hahud,,0,19834,0
Noweed,,0,19833,0
Erore,,0,19830,0
Raiven,,0,19830,0
Idurgas,,0,19829,0
Samwise,,0,19826,0
Ryann,,0,19826,0
Ruka,,0,19825,1
Libbb,,0,19823,0
Saboka,,0,19823,0
Orkan,,0,19819,0
Vofram,,0,19816,0
Hurum,,0,19815,0
Ecani,,0,19813,0
Bogaje,,0,19812,0
Denne,,0,19811,0
Atuhe,,0,19811,0
Yolomooa,,0,19807,0
Illoz,,0,19807,0
Tertorki,,0,19807,0
Ashoz,,0,19806,0
Banak,,0,19803,0
Ohumul,,0,19798,0
Shorty,,0,19798,0
Sakurafish,,0,19794,0
Sfida,,0,19793,0
Merry,,0,19793,0
Zusi,,0,19793,0
Tobik,,0,19792,0
Zora,,0,19792,1
Blackmage,,0,19791,1
Ednoshas,,0,19790,0
Elog,,0,19790,0
Ihute,,0,19789,1
Tansreleap,,0,19787,0
King,,0,19787,0
Igura,,0,19786,0
Juan,,0,19784,0
Bonnie,,0,19782,0
Ennora,,0,19779,0
Faitx,,0,19778,0
Spiritus,,0,19777,0
Movros,,0,19777,0
Samantha,,0,19776,0
Comoz,,0,19776,0
Widden,,0,19775,0
Kdevil,,0,19774,0
Tosik,,0,19774,0
Magic,,0,19770,0
Koret,,0,19769,0
Taccos,,0,19768,0
Shin,,0,19767,0
Imug,,0,19766,0
Jite,,0,19766,0
String,,0,19764,0
Kali,,0,19764,0
Kobebusan,,0,19763,0
Klakier,,0,19761,0
Kirtaba,,0,19760,0
Igevum,,0,19759,1
Rarkavri,,0,19759,0
Terry,,0,19758,0
Lyndana,,0,19757,0
Masflam,,0,19755,0
Jume,,0,19755,1
Mimsy,,0,19754,0
Ocevan,,0,19753,0
Cassandra,,0,19751,0
Nicklaus,,0,19751,0
Mazed,,0,19749,0
Roslyn,,0,19749,0
Ilicas,,0,19749,0
Buster,,0,19749,0
Saya,,0,19747,0
Sabon,,0,19747,0
Widow,,0,19747,0
Nachal,,0,19743,0
Vekuz,,0,19741,0
Ajit,,0,19740,0
Vihi,,0,19740,2
Ratha,,0,19739,0
Ecadram,,0,19738,0
Eshothi,,0,19737,0
Ojorci,,0,19735,0
Kirrk,,0,19735,0
Mysteria,,0,19735,0
Oshad,,0,19734,0
Portia,,0,19733,0
Ergut,,0,19728,1
Titan,,0,19726,0
Datksoul,,0,19724,0
Omircis,,0,19723,0
Okut,,0,19722,0
Imus,,0,19722,0
Fashi,,0,19717,2
Sarahun,,0,19716,4
Azadrom,,0,19716,1
Vathal,,0,19715,0
Miakhalifa,,0,19713,0
Michula,,0,19713,0
Lisa,,0,19712,3
Cushcraft,,0,19711,0
Anistar,,0,19710,1
Ulidurin,,0,19709,0
Zirug,,0,19706,0
Deathwing,,0,19705,0
Corgez,,0,19705,0
Kakukaio,,0,19700,0
Oruti,,0,19700,2
Othoze,,0,19699,0
Morka,,0,19698,0
Huri,,0,19697,0
Atenul,,0,19697,0
Donil,,0,19692,0
Rutag,,0,19689,0
Agrarce,,0,19688,2
Cuciz,,0,19688,0
Well,,0,19687,1
Anny,,0,19686,1
Lillet,,0,19686,0
Greta,,0,19685,0
Mirdagi,,0,19685,0
Ithila,,0,19684,0
Seja,,0,19680,0
Crystal,,0,19680,0
Ahet,,0,19679,0
Dodik,,0,19679,0
Esokol,,0,19672,1
Icade,,0,19672,0
Borte,,0,19672,1
Kimjin,,0,19671,0
Ahmya,,0,19670,0
Juuu,,0,19668,0
Lunanera,,0,19666,0
Imorga,,0,19665,0
Zenas,,0,19661,0
Rhyxie,,0,19660,0
Asisa,,0,19657,2
Kucoji,,0,19653,1
Ivrid,,0,19652,0
Vifre,,0,19650,0
Corzona,,0,19645,0
Anildada,,0,19644,2
Magic,,0,19638,1
Irzirdak,,0,19638,1
Iris,,0,19636,4
Ibug,,0,19636,1
Flashfyre,,0,19635,0
Erabri,,0,19634,1
Vina,,0,19623,0
Dozi,,0,19623,2
Rajda,,0,19622,0
Merlin,,0,19621,0
Juzot,,0,19617,0
Onem,,0,19616,0
Inrez,,0,19615,0
Wizzzard,,0,19613,1
Mysin,,0,19613,2
Rudraz,,0,19611,1
Lilly,,0,19610,1
Albedo,,0,19610,0
Arcirzel,,0,19609,0
Rioko,,0,19605,0
Serg,,0,19595,0
Trevictum,,0,19595,1
Nukugri,,0,19595,0
Arlesienne,,0,19581,4
Titan,,0,19557,0
Toki,,0,19542,1
Siana,,0,19532,1
Shanoa,,0,19526,0
Elaine,,0,19510,0
Ilesis,,0,19486,0
Tize,,0,19479,0
Odnez,,0,19477,0
Civi,,0,19469,1
Keira,,0,19454,4
Seven,,0,19444,2
Guba,,0,19425,3
Hada,,0,19421,0
Eilran,,0,19419,3
Mozan,,0,19401,1
