Wllly,,2000,1339400,1
Willy,,1951,1329403,1
Chinacloud,,1902,1319402,1
Wllly,,1921,1309434,1
Wuming,,1901,1299468,4
Chinacctv,,1805,1299448,2
Koryallac,,1874,1299417,3
Rucovid,,1808,1289448,1
Kungpaogao,,1771,1289431,1
Sauzer,,1824,1279476,1
Radz,,1952,1279457,6
Willy,,1797,1279431,1
Skylina,,1761,1279419,6
Wllly,,1784,1279415,3
Willy,,1501,1249558,2
Willy,,1662,1249475,4
Erzaph,,1705,1239475,1
Cinghialot,,1674,1239427,2
Mahara,Challenger,1215,1219410,2
Hekateii,,1411,1209431,7
Korzzang,,1465,1209420,5
Fkindianfk,,1317,1209404,6
Camellia,,1403,1199483,5
Koreaone,,1334,1199469,3
Rusyulat,,1324,1199401,1
Korsoso,,1474,1189595,4
Croon,,1477,1189498,3
Wispyyyy,,1853,1189441,0
Movilidad,,1468,1189428,1
Symbul,,1324,1189424,3
Ltlbtch,,1328,1189412,6
Adex,,1426,1179514,5
Sauzer,,1216,1179455,7
Marialupa,Centurion,1698,1179454,0
Loshata,,1671,1179415,5
Database,,1331,1169533,8
Korjune,,1567,1169531,1
Persephone,,1506,1169448,6
Kordoir,,1137,1159637,4
Athera,,1441,1159627,2
Free,,1023,1159505,6
Chinaking,,1591,1159472,4
Elinor,,1347,1159470,4
Kormansaok,,1235,1159467,9
Aurora,,1369,1159448,7
Mongu,,1466,1159443,6
Avatar,,1424,1159409,9
Velassyn,,1396,1149473,3
Kormse,,1408,1149451,1
Kavrardi,Centurion,1180,1139482,7
Cereblon,,1319,1139479,4
Vuki,,1562,1139465,3
Rani,,1272,1139423,6
Bubu,,1450,1129515,2
Dohetha,Centurion,866,1129513,2
Dembo,,952,1129490,3
Icedin,,1240,1129468,0
Opthimus,,1446,1129439,3
Kordiablo,Challenger,1260,1129429,3
Artas,,1452,1129413,2
Rusalochka,,1390,1119510,4
Chinaxixi,,1129,1119494,4
Shiymmas,Centurion,1172,1109641,1
Mogull,,1385,1109592,1
Gekko,,1105,1109550,0
Grymsch,,1049,1109512,9
Mahara,,997,1109508,0
Limai,,1172,1109505,5
Submarcos,,1013,1109458,7
Fire,,1019,1109457,5
Craftlover,,1368,1089564,4
Agroshan,,1510,1089539,4
Magadar,Challenger,1230,1089451,1
Tiger,,1335,1089417,11
Mizi,,978,1089414,6
Minaras,Challenger,937,1079472,1
Reje,,1157,1079441,3
Jeff,,1086,1079440,4
Suje,,1090,1079431,7
Hera,,1397,1079427,6
Richie,,903,1079421,0
Ceka,,1485,1069598,6
Drstrange,,1038,1069592,3
Shewalk,,474,1069483,14
Mikezwei,,922,1069455,6
Eons,,1092,1069447,5
Talrasha,,961,1069427,5
Coincoin,,990,1069423,4
Rakii,,995,1069415,10
Helyans,,999,1069413,5
Crkhere,,818,1069406,9
Lanfear,,1218,1059630,3
Doshobi,,1138,1059597,6
Ibol,,1243,1059494,0
Xeqtr,,1063,1059489,1
Berdy,Challenger,850,1059470,5
Ziki,,1034,1059456,1
Jumper,,955,1059454,5
Realfour,,889,1059452,10
Korgaejot,,942,1049613,6
Ladyvin,,936,1049610,4
Illas,,1339,1049556,9
Galadriel,,1036,1049547,6
Alador,,526,1049485,8
Cory,,1077,1039587,3
Honeybee,,1047,1039576,2
Mystica,,1178,1039519,7
Narff,,883,1039516,0
Near,,422,1039506,4
Yujawang,,1037,1039495,9
Tirol,,578,1039493,3
Broken,Centurion,1138,1039488,1
Worst,,1277,1039487,1
Okdog,,1020,1039466,1
Rapala,,1223,1039463,2
Liow,Challenger,584,1039452,2
Celine,,862,1039451,4
Wowser,,1140,1039427,11
Kormana,,1149,1039423,1
Gandalf,,598,1039421,5
Botanical,Centurion,642,1039407,8
Omujod,,477,1039405,11
Ertogod,,705,1029501,6
Neran,,968,1029492,1
Magda,,1198,1029424,2
Linbbb,,937,1029411,6
Rundle,,940,1029400,0
Siri,,930,1019538,7
Bishel,,1063,1019537,3
Atin,,1203,1019473,1
Amigo,,1068,1019472,2
Kumbert,,716,1019469,6
Alithana,,711,1019466,3
Acyonyx,,831,1019443,9
Jevi,,555,1019429,5
Crystal,,1108,1019427,0
Aditha,,782,1019416,8
Obakos,,639,1019410,16
Senip,,632,1019400,1
Chinaboy,,1141,1009757,2
Wdnmdfs,,879,1009743,4
Ocam,,1215,1009685,3
Persephone,,1115,1009656,6
Qehrz,,1037,1009636,3
Kayla,,961,1009633,1
Esme,,933,1009610,1
Ircosig,,922,1009603,4
Ochos,,1014,1009585,3
Zakaw,,1175,1009552,2
Dexter,,977,1009545,8
Zove,,582,1009540,3
Fate,,897,1009520,3
Bava,,561,1009512,10
Jose,,1038,1009508,5
Chinamei,,928,1009499,6
Xiaofashi,,887,1009482,3
Cqnf,,627,1009481,5
Zoke,Challenger,659,1009476,5
Zitage,,1003,1009467,4
Mibam,,707,1009458,3
Syndicate,,779,1009458,7
Qatjana,,941,1009450,3
Chinastar,,1141,1009439,7
Etida,,448,1009433,6
Kyra,,667,1009423,0
Korkey,,706,1009422,8
Vynvyn,,460,1009405,10
Sibyl,,496,999589,1
Helllilmt,,998,999449,7
Weera,,771,999444,0
Prime,,524,999407,6
Atom,,593,999401,4
Ruchiksa,,656,989575,2
Kevinmax,,934,989546,5
Inabi,,756,989512,5
Anba,,596,989445,5
Eviji,,888,989440,3
Ovaz,,394,989437,3
Dezez,,807,989424,2
Mythrodiin,,500,989403,12
Inifi,,847,979642,4
Olushi,Centurion,853,979605,0
Dastanbs,,767,979520,5
Lingmeng,,827,979517,7
Ethednik,,1112,979503,3
Boss,,668,979472,1
Igos,,690,979448,1
Kareem,,964,979425,4
Rothe,,600,969542,6
Nergathe,,963,969521,2
Judala,,915,969468,6
Damnit,,952,969439,1
Iced,,697,969424,7
Gatidra,,884,969423,4
Sandi,Centurion,812,969423,9
Elakra,,369,969422,3
Maldae,,386,969411,15
Anal,,972,959673,0
Qmage,,924,959624,2
Rurulla,,760,959583,1
Simi,,731,959555,6
Jadot,,603,959550,3
Ziwen,,754,959537,7
Season,,761,959501,1
Maquak,,783,959495,3
Nahis,,447,959489,4
Elduki,,821,959474,0
Lionheart,,691,959468,3
Agni,,701,959461,7
Cesirca,,943,959429,7
Asprika,,608,959427,7
Hoshida,,440,959405,11
Herd,,716,949594,5
Venna,,511,949544,9
Cynful,,574,949511,13
Gashe,,459,949505,6
Janus,,715,949489,7
Mymo,,771,949463,6
Nortik,,529,949462,11
Shatora,,521,949435,6
Eventh,,352,949426,3
Rive,,483,949421,1
Mama,,586,949405,3
Chinafmp,,430,939655,8
Albu,,839,939625,5
Shinigami,,581,939600,0
Runsk,,977,939584,5
Orcutus,,1026,939564,4
Malya,,576,939553,7
Otije,,581,939548,2
Dere,,777,939548,3
Kinnu,,909,939518,0
Riza,,625,939515,1
Izaga,,383,939498,3
Master,Challenger,559,939471,0
Zari,,622,939458,4
Amak,,589,939445,5
Abaris,,1023,939428,0
Rublade,,799,939427,1
Plague,,571,939420,10
Vivi,,896,939417,1
Boojyong,,632,939413,1
Yogurt,,953,939410,3
Sacowea,,612,939406,2
Esunraz,,656,939405,1
Irkol,,651,929567,5
Cerga,,661,929566,6
Lira,,523,929531,1
Cmasks,,742,929526,6
Abydos,,763,929518,0
Janjohnson,,340,929502,3
Poopster,Challenger,503,929501,7
Anna,,500,929494,15
Zeus,,476,929448,3
Ashezis,,1034,929446,3
Kuwait,,409,929435,1
Skywizard,,639,929418,1
Pacek,,633,929415,6
Rargaha,,442,929409,12
Omecat,,403,929402,9
Misfire,,878,919479,9
Ividneg,,361,919464,5
Flaska,,351,919461,1
Darkness,,501,919458,3
Vada,,326,919433,5
Ikok,,521,919432,1
Lana,,747,919422,4
Kokim,,512,919420,0
Bedira,,599,919412,13
Xiran,,586,919406,2
Rivel,,752,909733,1
Space,,988,909708,0
Neoooooo,,978,909684,0
Exine,,817,909641,3
Linrazi,,621,909624,4
Ruja,,628,909597,3
Prasofrk,,771,909596,2
Idam,,651,909590,7
Tengss,,627,909578,0
Orcigim,,574,909544,4
Helado,,865,909533,12
Artek,,259,909531,3
Dream,,818,909527,3
Tari,,538,909522,2
Karma,,476,909519,0
Borobri,,787,909516,2
Candy,,348,909510,3
Shadow,,373,909505,1
Yunim,,734,909503,1
Shewolf,,341,909494,15
Arkani,,738,909490,0
Sarang,,579,909469,0
Qeenmaker,,867,909459,3
Korlovely,,647,909442,9
Limwen,,487,909440,5
Ricin,,428,909430,16
Annabelle,,809,909427,9
Realmage,,590,909400,5
Azee,,443,899555,3
Eventia,,625,899519,2
Syndra,,768,899477,1
Reshi,,644,899471,3
Dlalilith,,469,899464,3
Nileen,,857,899451,10
Silver,,299,899446,4
Vorzumi,,347,899425,4
Legomenon,,569,899416,4
Conduta,,823,889656,1
Ladydee,,730,889572,7
Sokar,,305,889548,1
Cercag,,708,889534,1
Dinni,,548,889518,2
Boysue,,392,889505,1
Harde,,317,889503,3
Rokesi,,526,889500,4
Stanya,,684,889498,6
Leemie,,751,889475,9
Hothi,,444,889474,6
Thunder,,332,889462,7
Blackmagic,,549,889460,13
Hertit,,384,889439,2
Ason,,339,889423,2
Cindy,,463,889418,0
Ecuk,,665,889417,1
Love,,304,889413,0
Magi,,727,889409,9
Ivigi,,665,889403,4
Burnette,,626,879656,2
Vucha,,566,879534,3
Hina,,309,879515,3
Deja,,378,879515,2
Wilk,,643,879505,0
Telerdi,,602,879490,1
Alnitak,,379,879482,0
Agis,,575,879469,2
Patty,,268,879463,12
Zakug,,304,879460,2
Roha,,367,879458,4
Mageman,,427,879430,1
Ahelle,,280,879429,1
Gadni,,496,879426,10
Czarymary,,432,879422,6
Anndrose,,355,879407,5
Voziz,,784,869578,1
Abhyaas,,793,869538,5
Agis,,504,869534,3
Esevra,,545,869512,8
Totoro,,346,869507,15
Aisina,,537,869499,11
Inin,,554,869494,3
Doomsday,,666,869484,3
Frosty,,721,869479,14
Zeka,,354,869477,1
Ezel,,831,869476,3
Gimi,,419,869460,5
Asiva,,365,869454,6
Zoci,,315,869444,10
Akin,,291,869444,2
Fontas,,278,869442,4
Todra,,291,869440,4
Mysti,,523,869438,2
Deidra,,334,869423,1
Nephillim,,308,869414,9
Idlecloud,,391,859718,0
Lugra,,319,859704,5
Jashonra,,333,859699,3
Vorza,,654,859689,1
Chinamabs,,835,859654,1
Chinaprot,,843,859651,2
Pensero,,590,859650,0
Aruve,,547,859644,2
Sole,,667,859611,0
Ibuk,,438,859582,2
Alis,,844,859566,0
Ruben,,375,859566,8
Zdzisio,,762,859556,4
Onnishe,,499,859555,1
Rokra,,697,859546,3
Ozele,,217,859526,7
Ybranoob,,523,859522,0
Mina,,416,859521,0
Gokrol,,375,859521,0
Siusiak,,693,859514,5
Zala,,427,859506,1
Zethin,,296,859474,7
Kosaha,,244,859450,3
Flavioluiz,,399,859444,5
Otot,,508,859444,7
Balvenie,,443,859436,7
Zujeda,,415,859428,0
Mamumuke,,517,859428,7
Qiaozhi,,302,859427,19
Kerta,,258,859427,5
Edwina,,292,859417,2
Arcille,,294,859416,11
Itad,,493,859407,7
Akredis,,306,859401,0
Cazi,,275,849689,1
Chinall,,759,849649,1
Wizardly,,362,849481,9
Rachim,,510,849475,2
Wizzit,,643,849472,2
Fireball,,454,849466,2
Ecudrul,,298,849450,1
Olebis,,305,849441,4
Egrat,,253,849423,1
Mephis,,269,849416,5
Groot,,235,849411,3
Cuvea,,649,839617,2
Rezi,,236,839595,1
Perkytyts,,318,839585,1
Isirke,,524,839552,0
Emilia,,405,839528,7
Jorik,,238,839505,4
Logar,,741,839496,2
Cuvebra,,574,839489,6
Stoka,,602,839489,0
Arzam,,817,839487,3
Arcelum,,523,839470,7
Freyr,,497,839468,4
Alirke,,389,839456,2
Urania,,222,839456,4
Jynt,,373,839453,1
Elaz,,266,839451,3
Masyanya,,288,839450,2
Valkris,,362,839426,2
Dizachi,,344,839416,1
Vefrema,,349,839414,2
Mucia,,222,839411,1
Bella,,351,839410,3
Nick,,447,839408,1
Moldrek,,339,839406,0
Nakrel,,642,839404,8
Baduk,,306,839404,2
Celia,,640,839402,3
Choogun,,757,839400,9
Zivedi,,354,829568,0
Magisteve,,735,829556,4
Morgan,,491,829550,2
Geli,,320,829547,4
Leila,,457,829541,4
Cindy,,579,829523,1
Sunraki,Challenger,478,829520,2
Ochuka,,651,829507,5
Storm,,233,829506,2
Vabrum,,274,829498,1
Zerocool,,344,829491,5
Grandalf,,237,829490,1
Maxilein,,254,829488,1
Enik,,265,829477,1
Vori,,610,829475,6
Etoba,,532,829472,4
Uithrtyfor,,400,829468,12
Jinks,,285,829467,0
Lydia,,245,829463,3
Kedri,,357,829459,3
Hotoring,,361,829448,2
Raskor,,225,829425,4
Ojirtot,,493,829423,2
Icarius,,304,829420,2
Ahita,,446,829401,10
Jate,,256,819608,3
Argeda,,583,819568,2
Othaza,,351,819558,4
Rona,,465,819552,5
Tvink,,732,819542,9
Ruspisec,,229,819536,1
Ocuci,,605,819534,11
Cuki,,254,819526,3
Greendale,,689,819525,1
Avene,,476,819524,3
Nobrand,,554,819519,4
Zenmage,,470,819504,7
Isethe,,227,819496,0
Honkytonk,,238,819465,4
Alaca,,242,819461,20
Elile,,438,819459,5
Athorson,,321,819455,2
Avamom,,279,819452,1
Scycolo,,537,819433,1
Arkikid,,289,819432,2
Eventxmage,,208,819415,8
Ekecios,,236,819412,6
Silber,,468,819406,4
Acarti,,777,809773,4
Mandrake,Challenger,597,809716,4
Redgreen,,378,809712,7
Sunshine,,629,809700,3
Bivrol,,412,809693,0
Knumskull,,465,809683,1
Fonix,,551,809672,0
Ifryou,,634,809666,1
Notoss,,440,809661,1
Duvel,,391,809655,2
Gtoa,,310,809648,0
Ahik,,384,809637,0
Eridre,,335,809628,0
Gunt,,339,809623,1
Tegegri,,291,809610,0
Lumoca,,759,809598,2
Tori,,580,809597,4
Ahot,,791,809595,4
Sebre,,572,809589,1
Anqnf,,408,809587,1
Chinanb,,535,809586,2
Merlin,,209,809579,3
Makdoongi,,495,809569,2
Obrijek,,208,809569,5
Echici,,633,809548,5
Sivi,,445,809548,1
Vonra,,440,809537,3
Shazxul,,314,809536,0
Sena,,297,809535,2
Sefrim,,413,809527,5
Forneus,,547,809521,3
Akoha,,210,809518,2
Evthr,,238,809513,1
Tiva,,283,809512,5
Idud,,585,809504,0
Dragon,,398,809500,3
Gendalf,,252,809494,2
Chenonet,,283,809490,1
Violentia,,277,809486,0
Bakedaf,,321,809483,2
Morisha,,279,809483,16
Curry,,556,809469,14
Sithis,,272,809462,1
Enide,,397,809461,3
Megahatti,,561,809460,1
Bubi,,248,809457,5
Coca,,479,809457,3
Edricat,,539,809448,1
Duke,,262,809446,3
Jafri,,223,809441,2
Jojofe,,308,809441,0
Imidy,,498,809438,17
Ashis,,489,809438,2
Joly,,543,809435,3
Alul,,228,809426,10
Aged,,376,809424,4
Zero,,232,809412,9
Neris,,469,809412,0
Shuying,,626,799615,1
Erzudnun,,261,799556,2
Raistlin,,238,799544,0
Dema,,656,799539,3
Gedosa,,265,799457,4
Drozik,,449,799404,15
Event,,307,799403,8
Natasha,,495,789590,1
Khxilli,,390,789514,5
Jesa,,291,789495,0
Orcin,,270,789474,15
Paraethia,,295,789473,1
Rustbucket,,466,789466,8
Esharda,,281,789464,8
Osuda,,237,789458,2
Jora,,452,789457,2
Magnus,,316,789455,0
Junnani,,408,789441,4
Vivela,,245,789438,1
Ozoje,,338,789429,10
Evez,,326,789417,3
Horo,,623,789414,1
Damnafah,,240,789414,4
Saithailan,,193,779578,2
Cejim,,718,779568,4
Flagratio,,449,779541,1
Merlin,,471,779540,1
Myalgia,,331,779526,13
Sannik,,336,779487,5
Pina,,205,779479,2
Chaplin,,724,779466,3
Ligoki,,308,779451,1
Asihag,,263,779449,13
Majkl,,253,779448,3
Zarcol,,201,779435,11
Acharze,,331,779433,4
Aawsm,,524,779421,6
Lodni,,336,779417,6
Avise,,447,779405,0
Ones,,204,779404,1
Paige,,192,769661,12
Arzurus,,241,769613,1
Mica,,243,769592,3
Catherine,,505,769564,11
Chaos,,254,769563,1
Gegi,,397,769542,4
Godric,,293,769506,2
Anrod,,208,769505,1
Dzmao,,478,769503,7
Kiklet,,219,769471,4
Ibrara,,273,769466,9
Even,,638,769466,2
Leni,,417,769453,1
Modas,,538,769439,8
Tere,,695,769415,20
Dugada,,294,769409,2
Buman,,309,769408,3
Hary,,208,769405,7
Mara,,393,759764,6
Uisi,,496,759735,4
Green,,774,759735,0
Akrez,,463,759691,2
Noah,,700,759682,2
Rada,,651,759656,1
Jinadre,,244,759655,0
Chihuahua,,362,759620,2
Ifruli,,222,759603,0
Gorci,,295,759593,5
Sonia,,242,759565,9
Bukfudder,,235,759541,4
Ogrizit,,191,759531,0
Gazta,,183,759512,5
Hida,,295,759512,0
Forester,,325,759495,4
Izek,,461,759467,5
Scot,,380,759439,4
Khalessi,,203,759404,5
Katehannon,,415,749672,5
Kibobri,,210,749593,2
Hawki,,208,749588,0
Sarah,,253,749584,1
Irabrak,,239,749547,1
Morgana,,240,749528,8
Temptress,,209,749522,9
Echijog,,250,749495,3
Wazard,,202,749486,3
Jatha,,422,749475,4
Othavum,,224,749471,5
Obifri,,234,749467,0
Lijal,,334,749465,9
Blue,,195,749464,5
Suthaci,,417,749439,2
Jock,,551,749437,5
Ludela,,192,749424,1
Taja,,460,749423,0
Icunol,,413,749416,5
Ochezid,,381,749406,1
Senordi,,526,739732,0
Erulel,,512,739646,3
Krakatau,,442,739641,0
Memo,,447,739622,2
Kellen,,547,739614,0
Ehog,,180,739590,3
Rumarygold,,486,739577,10
Eventgg,,247,739575,4
Pokgai,,467,739573,5
Ruhroh,,281,739564,7
Wolfstar,,377,739517,0
Kuthulu,,453,739508,2
Mizun,,328,739485,1
Felix,,346,739464,3
Surza,,211,739462,1
Tormenta,,339,739450,1
Chaceym,,176,739423,1
Site,,617,739416,1
Luis,,468,739402,3
Olefrag,,298,729715,1
Whitemag,,336,729685,3
Botin,,277,729670,0
Adori,,229,729634,0
Sosofra,,311,729558,2
Ezili,,278,729547,3
Allycat,,382,729533,0
Vadusa,,278,729517,0
Atevra,,527,729512,6
Covid,,283,729486,1
Dimat,,282,729476,3
Bunny,,266,729474,1
Boyka,,208,729466,4
Alvin,,430,729408,6
Event,,330,729400,5
Otothom,,220,719614,8
Cavrosha,,247,719613,7
Bajaina,,262,719608,2
Ruchupa,,528,719546,5
Ellie,,310,719517,0
Robyn,,252,719488,7
Zircugi,,218,719485,1
Skywalker,,500,719475,9
Keshi,,230,719473,2
Ajak,,334,719452,2
Tinna,,205,719448,2
Nuke,,205,719436,5
Ezot,,208,719429,10
Guna,,301,719404,1
Lanna,,249,709726,1
June,,257,709718,2
Esifre,,300,709682,0
Oviri,,501,709643,0
Tirut,,170,709630,0
Ennuvri,,241,709616,0
Levias,,246,709597,0
Mrli,,206,709593,4
Desha,,246,709589,6
Cetholi,,187,709576,11
Tavaresh,,424,709570,0
Isildur,,255,709565,6
Manafeast,,420,709558,1
Irili,,255,709548,0
Mystik,,345,709514,10
Kifri,,362,709501,9
Numovri,,176,709485,0
Hokul,,289,709482,0
Agiti,,152,709480,2
Azata,,225,709469,10
Kiki,,198,709460,13
Bombo,,350,709421,3
Zjmp,,415,699541,5
Slobada,,498,699535,1
Event,,203,699533,8
Misiu,,247,699519,16
Ifruz,,191,699517,6
Meecheenyo,,199,699509,6
Ashera,,230,699502,1
Tucharze,,212,699479,1
Adorzol,,232,699461,5
Evrin,,251,699455,1
Tikrat,,221,699440,1
Daha,,310,699439,4
Atelit,,185,699431,1
Hogul,,255,699416,3
Urtho,,489,689674,1
Zeni,,249,689606,0
Huze,,457,689551,2
Chronic,Challenger,336,689502,0
Avotaz,,237,689483,13
Goba,,355,689479,3
Xiera,,167,689450,2
Rebecca,,177,689448,2
Yuka,,241,689446,1
Yenn,,295,689438,4
Frostmage,,294,689436,1
Solla,,238,689424,17
Adname,,209,689423,7
Bhairava,,282,689417,8
Ecal,,433,689415,5
Katieki,,268,679760,0
Arcs,,296,679681,2
Avertim,,241,679571,2
Tugra,,285,679561,3
Kodas,,239,679540,3
Bagi,,187,679514,4
Bryarkuun,,386,679487,1
Adon,,277,679485,1
Adrore,,218,679470,15
Meda,,296,679468,2
Hise,,260,679467,2
Jejom,,192,679465,0
Firecat,,313,679463,5
Cimella,,274,679455,5
Sevotha,,184,679455,0
Gogyogyi,,195,679442,8
Gadovra,,209,679431,2
Kizi,,175,679430,1
Alexander,,172,679426,2
Hell,,226,679408,3
Arathan,,225,669554,5
Cova,,329,669551,3
Hocanni,,396,669526,2
Ecpanb,,306,669516,4
Balthazar,,158,669515,24
Kortoto,,295,669511,0
Ithothun,,293,669509,2
Ladder,,504,669505,8
Tudral,,493,669477,0
Levy,,168,669473,13
Zenan,,190,669466,6
Athum,,322,669466,5
Djevelz,,154,669463,1
Pisi,,203,669457,3
Sing,,173,669457,5
Hexer,,373,669440,9
Maui,,179,669437,15
Nola,,418,669423,1
Tovid,,249,669420,1
Ehathos,,257,669412,14
Silvertmp,,257,669406,5
Czarotekk,,225,669404,1
Eshal,,469,659755,0
Derkera,,205,659686,4
Dagem,,340,659681,2
Kusiti,,144,659674,0
Merara,,483,659636,0
Merez,,281,659635,3
Avothan,,302,659635,1
Luja,,201,659633,0
Ephirus,,362,659625,3
Reshurke,,499,659623,3
Circe,,203,659621,0
Mavrol,,261,659619,1
Lobal,,166,659619,3
Koban,,426,659615,0
Polymorph,,431,659614,0
Aditih,,304,659613,8
Bosam,,201,659612,2
Zarzak,,144,659603,1
Zerenimo,,162,659596,3
Stompy,,160,659596,0
Kakamega,,245,659591,0
Opaland,,284,659587,1
Gelfran,,417,659570,5
Yangbo,,191,659567,3
Chantilly,,210,659566,0
Sesa,,355,659565,3
Maple,,162,659560,3
Hegemony,,247,659549,2
Athel,,346,659549,5
Nacija,,296,659547,4
Avid,,188,659544,2
Hifrem,,131,659535,1
Jodram,,208,659531,4
Todi,,469,659527,5
Fullmoon,,159,659525,3
Osebus,,244,659522,1
Argonak,,187,659515,5
Nethed,,253,659503,2
Phoebee,,318,659489,0
Baobaomiao,,176,659488,9
Beme,,246,659487,4
Vena,,164,659481,2
Casca,,237,659467,1
Bromomento,,490,659460,7
Eshases,,231,659451,5
Ircolut,,187,659442,0
Batenre,,220,659439,7
Cinra,,177,659434,11
Dodnun,,222,659430,5
Fangem,,193,659424,2
Cricket,,168,659424,0
Tasslenuts,,187,659404,16
Hobo,,353,659403,5
Tusa,,253,649679,3
Sahruuh,,177,649665,0
Cerkez,,342,649615,1
Kaba,,175,649580,8
Viscara,,222,649511,3
Hivraga,,208,649511,1
Winnie,,356,649510,1
Ogeki,,196,649499,1
Omega,,163,649491,1
Saaa,,237,649485,8
Serena,,184,649482,1
Mordudri,,365,649469,7
Money,,314,649452,8
Bargas,,172,649451,3
Rumi,,194,649442,3
Efram,,197,649440,0
Jopo,,463,649438,2
Abroda,,192,649415,0
Mese,,181,649413,7
Bebrorzi,,269,649410,8
Valli,,259,649405,2
Kurdenri,,142,639692,0
Zaradoz,,167,639680,1
Edruve,,210,639658,0
Egade,,188,639569,4
Omon,,192,639556,2
Misia,,323,639540,0
Kanne,,189,639537,6
Thundercat,,456,639526,1
Zethus,,137,639523,16
Janedomo,,180,639517,1
Megapihar,,256,639494,1
Gucci,,308,639477,1
Ozume,,180,639477,9
Zurde,,291,639475,0
Cassius,,199,639470,0
Taxus,,169,639462,0
Newty,,186,639457,10
Dorian,,228,639451,8
Corca,,182,639451,0
Zird,,402,639449,4
Bifrinna,,142,639408,7
Booboo,,385,639408,20
Ahera,,302,639407,0
Dura,,254,629760,3
Bubblebash,,251,629759,0
Mictlaz,,172,629759,5
Nojimi,,143,629680,1
Hulle,,177,629673,2
Ezota,,243,629622,0
Erica,,203,629602,8
Dianthus,,285,629598,2
Yoonsfafa,,221,629595,0
Vincysing,,323,629593,4
Cakun,,245,629588,0
Mongsri,,352,629580,4
Extwo,,162,629562,0
Lishi,,243,629556,1
Ekoze,,291,629542,1
Eliva,,159,629524,3
Lilli,,129,629522,9
Mega,,198,629516,5
Yang,,172,629495,7
Zullokre,,231,629480,2
Gathon,,157,629437,10
Zaza,,211,629437,0
Athig,,229,629436,1
Ares,,141,629415,0
Etot,,498,629414,4
Argetha,,416,629410,0
Ator,,370,619713,3
Mithille,,178,619685,4
Titties,,249,619654,4
Kedra,,338,619647,5
Happy,,160,619640,7
Gasoce,,190,619637,11
Eshamam,,164,619621,8
Mura,,165,619602,1
Redon,,146,619602,10
Vuloz,,269,619599,0
Mathovi,,204,619598,1
Marianne,,254,619597,2
Cuta,,197,619592,2
Monnira,,233,619558,14
Jochuk,,191,619552,0
Juduki,,299,619521,4
Meki,,217,619497,5
Zini,,151,619496,16
Ajali,,402,619477,6
Runfanta,,237,619464,3
Erzez,,316,619463,4
Borelle,,125,619463,5
Merzedi,,167,619443,1
Samite,,212,619441,3
Rekaz,,124,619440,2
Koca,,247,619430,4
Rain,,210,619424,7
Moja,,147,619421,8
Obrese,,175,619411,20
Lelut,,383,619406,2
Cithe,,151,619406,4
Carlie,,323,609838,1
Veka,,619,609835,1
Ecathel,,435,609763,1
Cothuz,,316,609754,1
Abyss,,363,609728,0
Helda,,195,609715,4
Egim,,173,609714,7
Miza,,141,609698,1
Idarget,,192,609697,0
Icethe,,216,609697,5
Falafnuts,,314,609674,1
Arzat,,215,609653,3
Elica,,281,609627,3
Mucize,,179,609624,2
Zooks,,167,609617,1
Ezoti,,96,609613,2
Babadni,,160,609612,2
Vazobe,,282,609608,1
Tonywing,,182,609603,0
Ihek,,327,609582,0
Inirgi,,162,609573,4
Kjhj,,265,609562,5
Remi,,154,609553,3
Edez,,156,609553,0
Melvyra,,189,609549,0
Volkere,,157,609549,0
Ergos,,156,609546,1
Arid,,340,609534,0
Laladjay,,265,609532,1
Labus,,151,609528,0
Nefrul,,130,609527,1
Bojichi,,398,609526,4
Benamoooo,,202,609522,13
Nurzunre,,262,609511,1
Tamkhung,,170,609477,3
Ogekri,,166,609476,0
Killer,,133,609472,17
Ochabaz,,159,609471,0
Chinajing,,500,609467,20
Vicora,,145,609466,9
Veda,,160,609463,4
Thulani,,190,609460,6
Ninriz,,130,609434,2
Meni,,209,609426,1
Jaina,,193,609402,2
Sososososo,,363,609400,6
Revatio,,238,599730,3
Priam,,364,599606,4
Rodtherock,,181,599603,2
Aragrit,,201,599590,1
Aliciakeys,,214,599589,4
Megruma,,162,599588,3
Virus,,187,599586,6
Athat,,204,599580,6
Dove,,305,599575,4
Athasha,,244,599571,13
Dachuna,,174,599570,0
Isul,,136,599556,10
Galu,,285,599549,4
Koshiji,,168,599532,3
Ecivre,,297,599525,8
Sorceress,,160,599504,6
Aceng,,155,599480,10
Cedenne,,202,599478,0
Ikok,,161,599470,3
Mehman,,168,599463,2
Keboje,,207,599421,2
Albert,,146,599413,2
Othika,,149,599404,3
Renni,,426,589782,0
Vihit,,103,589657,10
Otun,,207,589611,1
Holi,,185,589586,0
Linda,,239,589580,0
Oshube,,173,589573,1
Dove,,199,589568,0
Flutterby,,170,589565,1
Jacksonb,,154,589554,3
Keute,,303,589536,2
Ninechan,,162,589531,1
Itulil,,230,589516,2
Tasha,,297,589498,3
Alex,,242,589491,0
Izbivatel,,174,589450,7
Imertoz,,114,589448,2
Sove,,279,589448,0
Queen,,138,589443,6
Jathe,,185,589434,3
Coca,,322,589432,1
Silona,,178,589432,1
Vetha,,170,589422,5
Izile,,157,589415,7
Arurde,,237,589401,2
Retor,,116,579695,0
Eventim,,272,579675,1
Iris,,160,579666,7
Yeet,,159,579648,1
Virte,,181,579646,0
Omas,,181,579604,0
Ivik,,170,579583,0
Irdocul,,192,579572,1
Itch,,271,579537,0
Ermene,,206,579513,0
Lagertha,,153,579497,4
Katrina,,206,579477,11
Atute,,198,579469,0
Raze,,315,579450,7
Minnin,,181,579438,1
Pedrito,,297,579412,6
Gurzore,,167,569643,0
Cancel,,235,569629,7
Emovus,,141,569598,1
Derzi,,153,569552,0
Critia,,254,569551,6
Ajim,,162,569541,0
Event,,147,569531,2
Mitsos,,183,569529,2
Asura,,161,569522,1
Artat,,156,569521,0
Cherrco,,170,569517,2
Varcat,,166,569514,6
Arduk,,105,569471,3
Jora,,226,569454,1
Zapem,,155,569441,5
Pechen,,147,569432,6
Cuce,,153,569417,3
Tuvre,,335,559798,6
Jamdxyz,,482,559784,1
Jennad,,189,559781,1
Nerzot,,219,559768,1
Cellusha,,145,559740,4
Santafe,,323,559731,0
Nostradam,,190,559728,0
Lunafide,,290,559725,0
Temperara,,159,559717,0
Vicky,,217,559715,0
Odesha,,159,559708,1
Zava,,182,559701,0
Yuyu,,195,559698,3
Limi,,133,559696,2
Inan,,157,559674,5
Zokak,,210,559667,1
Jadra,,163,559659,1
Cururgi,,283,559646,1
Lors,,145,559640,1
Ehorziz,,231,559625,0
Gucol,,180,559614,2
Silverhawk,,197,559608,0
Heze,,240,559606,4
Ordon,,209,559594,0
Ruje,,136,559565,3
Ihulluz,,212,559564,2
Merde,,147,559563,7
Coldi,,125,559546,3
Dohi,,165,559544,5
Igrenat,,163,559541,2
Onrek,,147,559538,2
Velana,,93,559522,5
Sase,,155,559503,6
Alilit,,134,559500,3
Igurcem,,182,559490,3
Gadi,,228,559470,0
Ithuza,,193,559461,2
Bothi,,315,559444,1
Nahi,,234,559440,0
Efrain,,277,559418,6
Eril,,207,559406,1
Mcmath,,285,549671,6
Neyney,,220,549666,0
Amik,,138,549633,1
Jorci,,175,549630,0
Rennena,,166,549612,3
Tonnel,,131,549595,2
Mafre,,113,549582,14
Kokone,,122,549572,1
Zubram,,146,549543,3
Zizum,,130,549520,12
Ithocaz,,174,549498,1
Ajom,,183,549496,10
Nerce,,249,549482,0
Sohini,,241,549475,2
Egit,,193,549406,5
Avasak,,181,549400,4
Zauberer,,248,539624,2
Badi,,94,539616,2
Pang,,163,539578,4
Orcez,,129,539577,0
Pangpang,,97,539571,3
Midrote,,160,539543,1
Pong,,152,539541,0
Veseta,,176,539530,5
Huva,,197,539526,3
Huaxianyi,,134,539518,1
Ridnage,,148,539510,0
Inniri,,195,539509,0
Prymaster,,138,539504,8
Havoc,,170,539500,2
Rola,,171,539498,0
Ezithi,,216,539489,0
Cova,,239,539488,2
Akrabe,,200,539483,3
Okiz,,168,539477,1
Imul,,226,539471,9
Blake,,248,539470,10
Enifer,,149,539468,5
Typhoid,,82,539455,2
Ithim,,287,539455,7
Azami,,192,539453,0
Ircuthe,,154,539448,1
Ashel,,185,539447,1
Runraz,,267,539445,2
Gibi,,244,539444,0
Rosa,,283,539441,11
Odun,,123,539438,1
Merker,,174,539430,2
Icag,,302,539414,4
Mobrim,,98,539407,11
Hermione,,158,539406,3
Ashaga,,104,529813,4
Kerka,,127,529703,3
Daan,,265,529665,4
Agrithod,,124,529642,2
Redom,,247,529630,3
Evik,,222,529624,7
Norci,,148,529603,3
Ojik,,219,529585,10
Sledge,,148,529570,1
Lujuria,,360,529565,4
King,,146,529549,4
Egag,,121,529544,6
Oskar,,161,529541,7
Cinnes,,157,529534,1
Nico,,131,529520,5
Zardug,,106,529517,5
Enekrem,,147,529514,1
Anun,,109,529513,2
Ades,,276,529510,6
Buzaz,,359,529509,0
Berdil,,108,529497,2
Ccpvirus,,222,529495,6
Kacus,,311,529494,0
Digitalis,,276,529488,2
Maik,,166,529486,2
Sofia,,93,529441,0
Kyana,,128,529439,0
Acab,,250,529432,4
Aborza,,137,529427,0
Universe,,131,529405,3
Zigg,,107,519800,3
Zaps,,232,519700,0
Emes,,201,519697,3
Cirgi,,152,519676,0
Ekan,,154,519658,2
Onetum,,105,519643,7
Rincewind,,99,519612,1
Sacha,,122,519594,3
Rula,,87,519591,3
Marunare,,164,519584,3
Fxiixx,,125,519582,4
Allaja,,148,519582,0
Subi,,112,519574,7
Kazi,,244,519558,3
Eventia,,110,519539,5
Enak,,205,519530,17
Macrophage,,198,519526,3
Natalia,,150,519519,4
Anresun,,97,519513,3
Maji,,232,519511,1
Kili,,96,519504,1
Okrirki,,115,519491,4
Movud,,124,519483,0
Venroki,,221,519482,1
Ijikri,,230,519475,0
Ezida,,160,519473,3
Lord,,116,519468,15
Osusa,,147,519465,0
Itezi,,123,519464,10
Dideti,,145,519462,3
Vanrok,,122,519460,22
Surin,,151,519456,5
Mesopwny,,127,519436,1
Zalli,,189,519433,1
Dadre,,144,519421,11
Aarya,,134,519404,3
Nerci,,158,519403,8
Kota,,196,509786,5
Jurzum,,105,509773,0
Hentai,,187,509761,0
Iton,,155,509745,3
Mahmat,,347,509745,0
Iheli,,175,509735,0
Haydyn,,185,509731,0
Asirel,,116,509723,2
Ikogot,,224,509719,5
Madonna,,138,509712,0
Lomi,,110,509698,1
Ibedna,,259,509691,1
Isitid,,79,509691,9
Ellama,,128,509689,0
Necipusta,,234,509687,9
Ebrale,,144,509685,0
Cirilla,,147,509685,1
Bobb,,170,509682,1
Magotex,,149,509681,1
Kalyana,,100,509679,0
Inrogad,,167,509675,0
Gothes,,135,509663,0
Wenger,,118,509662,0
Joquia,,112,509654,1
Kerok,,182,509650,1
Gregarius,,230,509644,2
Sagul,,119,509642,5
Steveng,,184,509641,0
Haba,,152,509640,1
Tobithe,,128,509638,4
Guca,,107,509637,0
Vonnal,,102,509634,2
Varcin,,243,509630,1
Maze,,178,509628,0
Vonuk,,165,509627,3
Shazbot,,105,509625,1
Vikabi,,105,509625,0
Maleficent,,400,509624,8
Odin,,254,509623,0
Kacudre,,169,509623,2
Marin,,203,509620,4
Oreze,,161,509619,2
Temporary,,134,509611,3
Zuga,,68,509609,5
Kiera,,127,509608,4
Agehi,,190,509601,2
Corcek,,91,509600,1
Gogeti,,119,509599,1
Hymnia,,149,509598,6
Gingsumiu,,123,509589,0
Aceron,,229,509589,1
Gwaphoe,,163,509587,2
Teche,,145,509587,0
Orduba,,122,509582,3
Horuz,,150,509578,0
Zecid,,167,509577,0
Virgushe,,146,509576,2
Avidi,,274,509570,0
Odrina,,126,509569,0
Kthulu,,110,509566,0
Fangmin,,226,509564,5
Gandalf,,123,509562,6
Dennina,,192,509561,3
Yuuuu,,121,509560,1
Idniz,,180,509558,0
Mike,,201,509557,1
Sibom,,119,509556,0
Ovis,,125,509553,0
Voja,,200,509552,7
Tirgi,,138,509551,3
Sevanna,,194,509547,1
Joker,,121,509545,0
Tempto,,228,509542,6
Ztack,,117,509542,3
Nobrezi,,125,509538,2
Darang,,200,509526,4
Zenas,,261,509517,7
Rudantex,,105,509517,0
Nanuti,,140,509515,1
Auslaug,,125,509512,3
Vamet,,94,509511,2
Ilata,,130,509509,0
Roka,,190,509489,0
Rora,,208,509487,5
Avride,,94,509485,6
Season,,119,509474,0
Raven,,123,509473,1
Gersohard,,247,509471,0
Moulzor,,103,509465,5
Ozarkin,,113,509445,2
Teresa,,93,509430,4
Azedaz,,183,509414,1
Sita,,92,509400,0
Vuzug,,268,499703,0
Aridra,,142,499662,10
Ordashe,,103,499653,10
Remmidemmi,,122,499610,7
Testpilot,,197,499594,2
Amond,,139,499573,2
Irit,,80,499571,1
Psycho,,118,499570,10
Aruz,,87,499557,4
Gildarts,,83,499521,9
Ephemera,,107,499518,0
Infratest,,156,499506,0
Suvarge,,169,499492,0
Dumura,,62,499484,3
Omod,,97,499468,2
Antonin,,87,499452,4
Logras,,138,499432,3
Annawrexit,,177,499430,5
Tumuz,,131,499413,2
Kurt,,84,489686,7
Agebe,,115,489681,1
Tisser,,115,489645,1
Nucedne,,120,489639,0
Dabobo,,212,489626,1
Rincewind,,158,489620,0
Adnoses,,151,489608,2
Goochum,,109,489591,1
Miku,,206,489576,0
Aira,,125,489558,3
Rerek,,212,489554,2
Ghandalf,,80,489538,4
Ashan,,137,489534,0
Dulez,,204,489534,2
Jicod,,139,489531,0
Coba,,148,489514,1
Lushgo,,206,489498,3
Kiria,,131,489497,0
Kurzolli,,190,489495,1
Irina,,168,489491,4
Rostik,,109,489482,11
Elevin,,122,489476,0
Erosindula,,177,489452,0
Ingram,,131,489445,7
Ethilli,,172,489443,0
Kudo,,92,489438,1
Kathryn,,139,489435,1
Dotf,,162,489414,0
Alligas,,121,489412,0
Vanish,,95,489411,9
Avebe,,128,489407,1
Mikayli,,150,489407,1
Azadna,,133,489404,3
Vnzolana,,274,479854,1
Evrin,,146,479742,1
Barde,,78,479723,1
Jasmine,,79,479691,3
Sunfire,,89,479650,2
Kethe,,137,479648,3
Bearing,,169,479645,1
Goto,,197,479639,1
Adnen,,81,479630,3
Rustyhook,,212,479630,1
Koshi,,160,479626,6
Sunae,,147,479610,1
Carga,,150,479609,1
Beck,,138,479584,1
Cethag,,197,479583,1
Qsilver,,149,479579,0
Radrenna,,115,479566,0
Rothod,,110,479562,3
Cona,,177,479560,0
Ezen,,112,479546,0
Jessixa,,133,479533,1
Ovafre,,189,479528,0
Ertim,,99,479509,0
Anorce,,130,479502,2
Cassandra,,138,479494,0
Nana,,222,479494,0
Aceja,,155,479493,0
Mathudi,,171,479480,4
Vekfeeder,,135,479475,4
Andersrum,,102,479473,2
Mathi,,125,479470,4
Rivroca,,143,479467,2
Gormogon,,328,479461,6
Gisebe,,99,479460,2
Jabuze,,119,479455,0
Tashos,,164,479432,2
Tate,,119,479422,1
Micis,,251,479419,5
Rasuk,,126,479416,1
Brucewong,,170,479415,18
Hermes,,142,469786,1
Poggers,,99,469715,2
Kothi,,87,469674,3
Aloz,,96,469673,5
Ocosim,,135,469631,6
Houk,,64,469575,3
Maria,,137,469558,6
Hosad,,202,469556,0
Muthume,,150,469553,3
Ivol,,167,469537,1
Imaron,,98,469533,0
Avent,,321,469514,7
Sevriba,,221,469482,6
Ansanr,,132,469474,5
Tokyo,,78,469464,0
Kane,,176,469451,4
Marximana,,133,469433,7
Denin,,171,469430,2
Azallin,,238,469418,3
Mullet,,91,469411,1
Elurion,,128,469406,2
Ghosti,,233,459829,1
Onid,,147,459813,1
Lordgamboa,,126,459801,0
Jurgen,,158,459780,0
Eshoni,,170,459775,0
Erzela,,150,459767,1
Frclopir,,202,459765,0
Riha,,149,459763,1
Cerke,,117,459754,0
Ishtar,,107,459718,0
Cune,,140,459718,2
Airel,,78,459698,0
Dozen,,141,459692,0
Sacuvre,,129,459680,2
Peetunia,,258,459680,0
Vesi,,104,459679,1
Sabra,,189,459676,0
Irinnul,,59,459675,7
Nucetha,,128,459675,1
Juzoz,,83,459674,0
Kavri,,203,459673,2
Cigi,,124,459673,0
Dachetha,,106,459661,0
Novi,,153,459657,6
Tsunade,,121,459651,0
Orangutan,,292,459645,7
Maggie,,198,459638,1
Zeta,,103,459638,1
Maverick,,107,459633,1
Siherza,,141,459632,4
Teti,,102,459629,0
Mistra,,128,459627,0
Silence,,113,459621,0
Zesa,,120,459617,9
Lini,,293,459615,2
Zekruk,,104,459614,1
Golit,,79,459609,1
Tusuba,,138,459608,6
Rukradni,,256,459607,0
Jaina,,175,459607,10
Bolen,,113,459606,1
Brzeszczot,,144,459604,0
Mirce,,154,459603,0
Zoza,,140,459600,3
Lime,,107,459597,0
Agorti,,91,459588,5
Impyronia,,144,459576,7
Zevin,,67,459553,1
Seza,,121,459549,0
Otsasamba,,69,459546,0
Ashbri,,90,459543,10
Empress,,103,459538,3
Manson,,154,459524,4
Phantomwar,,68,459489,0
Kuge,,104,459469,4
Maggie,,145,459465,9
Krngmatias,,92,459453,3
Aurora,,157,459439,0
Obamin,,204,459424,1
Tinerain,,156,459418,0
Vileka,,108,459407,0
Ikrohin,,118,449730,8
Frozen,,292,449723,2
Baileys,,40,449704,0
Ayoe,,73,449676,1
Toter,,175,449665,2
Kubrasa,,150,449662,0
Odnurgot,,65,449650,1
Buneg,,81,449647,3
Kaka,,116,449631,5
Arzen,,149,449621,4
Gethotha,,130,449616,5
Egrol,,141,449593,3
Othisad,,95,449573,2
Gina,,97,449572,1
Sandin,,130,449550,2
Hermiona,,127,449544,1
Girlie,,165,449527,2
Babra,,156,449470,9
Heti,,82,449446,1
Kobe,,197,449436,3
Zoshim,,95,449421,17
Rajik,,192,439769,4
Chilena,,62,439739,0
Ohathez,,109,439697,0
Kirzi,,105,439697,0
Fvsilver,,213,439696,0
Events,,151,439681,0
Lizbeth,,55,439663,0
Rere,,82,439640,5
Huang,,151,439626,0
Duder,,78,439610,0
Hethuha,,76,439606,3
Naasone,,110,439605,3
Mumuz,,168,439600,2
Achom,,154,439594,2
Sarah,,194,439585,0
Flash,,156,439584,2
Dican,,67,439578,0
Okiga,,93,439567,0
Ercacan,,123,439561,0
Guthal,,38,439536,5
Joshoba,,76,439534,0
Alat,,137,439530,2
Cimik,,76,439524,0
Nuvi,,216,439521,0
Gretta,,81,439516,1
Nevermore,,351,439508,4
Nadel,,110,439493,1
Ortene,,124,439492,2
Meladne,,85,439463,3
Erdil,,121,439445,2
Onis,,143,439442,0
Reirei,,106,439434,1
Okale,,163,439414,0
Kassia,,109,429774,1
Bogas,,24,429758,1
Gunnordi,,123,429747,1
Sirope,,95,429726,0
Julela,,52,429639,2
Witchhhh,,54,429638,6
Maloy,,98,429636,0
Tetemi,,199,429599,0
Gmtt,,38,429593,4
Love,,66,429583,3
Flashi,,223,429578,1
Zore,,55,429565,3
Etugrin,,74,429556,3
Ofrerda,,96,429549,10
Alis,,62,429540,0
Ovrola,,46,429526,1
Warlock,,111,429526,0
Chloe,,134,429515,3
Rakana,,78,429513,2
Tenathe,,49,429488,0
Virgola,,118,429446,6
Ednut,,78,429435,1
Hilleba,,67,429433,0
Kashola,,106,429413,0
Mine,,116,429408,4
Kisurge,,140,419813,1
Okebra,,127,419791,0
Effort,,46,419761,0
Baroo,,62,419750,2
Luce,,81,419715,0
Cempaka,,203,419706,4
Omobre,,48,419644,0
Ssangnyeon,,110,419642,0
Anidnim,,36,419641,1
Maya,,91,419639,0
Btmwlsr,,97,419623,3
Enamal,,41,419623,1
Andy,,138,419614,3
Dara,,141,419614,1
Obes,,100,419606,1
Evit,,67,419603,0
Teriga,,45,419586,3
Agove,,69,419577,1
Dakude,,110,419574,1
Vita,,75,419570,1
Sorcaja,,44,419565,0
Aminri,,70,419564,1
Odem,,153,419561,4
Dumbledore,,161,419547,5
Acolek,,117,419543,0
Kscho,,99,419531,1
Niccc,,183,419531,0
Nurtok,,96,419511,3
Zojira,,102,419472,5
Nagil,,39,409835,0
Barc,,192,409812,5
Kozes,,156,409804,2
Ekanri,,35,409798,0
Colim,,152,409791,0
Junluv,,69,409786,0
Ebrerda,,172,409785,0
Ibricha,,186,409781,0
Koget,,217,409762,0
Luna,,163,409747,0
Ecoti,,39,409746,5
Litha,,193,409732,0
Emanne,,270,409732,1
Zaraz,,131,409723,0
Sothem,,64,409719,2
Imirci,,119,409704,0
Haria,,94,409699,2
Oriret,,224,409698,1
Erkez,,94,409693,0
Mystie,,93,409680,1
Amilli,,67,409678,1
Stikks,,110,409676,1
Soshuk,,270,409675,3
Lemi,,137,409662,3
Aria,,112,409661,2
Gremlin,,113,409661,0
Oshon,,93,409660,0
Brutal,,88,409657,2
Johi,,91,409653,0
Macaje,,45,409645,0
Dannuce,,144,409638,0
Deluxia,,85,409636,0
Oooo,,48,409633,2
Wolf,,83,409631,0
Losiun,,119,409608,0
Royziv,,82,409608,2
Asdf,,137,409593,3
Orarka,,95,409590,0
Jayjay,,114,409588,1
Aurelia,,103,409587,0
Godogri,,120,409582,4
Dante,,152,409577,0
Vese,,153,409568,0
Vick,,123,409567,4
Leni,,129,409565,0
Mikrethi,,66,409558,0
Merlin,,140,409555,0
Arosa,,87,409552,4
Ithemon,,89,409550,0
Eguk,,47,409549,0
Martzeki,,20,409548,10
Tubret,,124,409544,0
Borcuvra,,64,409536,0
Alexo,,166,409530,0
Jikasi,,55,409528,3
Viti,,233,409526,1
Danug,,120,409524,2
Echo,,115,409522,0
Tezez,,146,409520,5
Sichi,,53,409513,0
Kira,,89,409512,1
Omud,,46,409511,13
Rogega,,73,409505,1
Tempus,,78,409484,0
Tenbyten,,63,409471,6
Kryo,,119,409466,11
Eventhans,,46,409466,1
Dekrane,,242,409458,2
Adega,,64,409456,0
Bebuki,,89,409455,3
Kunarti,,137,409414,1
Racodne,,154,399736,2
Ekrided,,131,399731,3
Moorwein,,101,399725,0
Hurge,,140,399694,0
Birgit,,152,399655,1
Lillith,,30,399647,3
Abcd,,144,399644,0
Hekut,,56,399617,7
Solstice,,76,399586,0
Acosim,,76,399561,0
Viky,,90,399539,3
Mali,,81,399538,0
Feniks,,65,399500,2
Oborzis,,109,399474,6
Magika,,82,399468,6
Overlord,,76,399404,3
Event,,148,389847,0
Heat,,85,389733,1
Silver,,249,389679,2
Wizard,,51,389679,1
Nula,,51,389675,3
Deka,,48,389666,1
Abyss,,74,389654,2
Flatburro,,99,389654,1
Egoz,,57,389639,3
Hari,,34,389633,3
Persa,,60,389628,2
Destiny,,150,389619,5
Papachin,,13,389618,0
Maggie,,56,389573,0
Vodoz,,122,389558,0
Etod,,72,389555,1
Naretha,,97,389553,0
Cotama,,67,389547,3
Sana,,102,389523,0
Ogrellig,,227,389517,7
Phoebe,,58,389517,2
Hacal,,67,389509,2
Hushas,,78,389496,1
Tekhi,,115,389478,0
Hadak,,61,389474,3
Anoba,,49,389464,2
Ihodad,,78,389459,1
Drakula,,65,389457,0
Erin,,56,389457,3
Gulapasir,,45,389445,0
Ercithuz,,127,389438,4
Geodesic,,75,389432,2
Doni,,180,389424,2
Avrovri,,264,379697,2
Sani,,83,379697,1
Zusithe,,47,379696,1
Cccy,,95,379686,0
Moja,,105,379665,1
Isachi,,69,379650,1
Ariel,,47,379625,0
Gefrik,,79,379607,2
Xenedra,,99,379593,2
Jameson,,117,379592,0
Calum,,245,379589,1
Ortasi,,101,379564,0
Millum,,172,379564,8
Zaver,,66,379557,1
Nefelin,,50,379553,0
Evlbich,,60,379545,0
Ollit,,60,379545,5
Vizatha,,100,379536,0
Ortos,,35,379522,3
Minerva,,196,379518,1
Magmage,,91,379518,1
Arnata,,45,379476,1
Ozil,,71,379473,0
Geshogri,,90,379429,3
Brisk,,162,369842,1
Odis,,90,369734,1
Ebuna,,109,369722,2
Sertuva,,16,369704,0
Bogruk,,55,369688,2
Ashes,,90,369683,1
Odace,,62,369681,0
Matilda,,40,369675,1
Luhik,,69,369669,2
Tike,,78,369653,0
Zivrig,,150,369651,1
Tartach,,57,369650,1
Tompio,,29,369646,1
Gurog,,83,369609,0
Badwizzard,,101,369585,2
Jashi,,36,369580,0
Perolinha,,49,369575,0
Freyja,,152,369575,3
Overdi,,28,369573,2
Compost,,151,369565,1
Targerce,,91,369559,3
Woskiq,,52,369527,3
Silva,,179,369522,9
Dega,,101,369513,5
Alirdi,,47,369508,5
Crono,,107,369504,2
Asaz,,47,369440,3
Melenia,,44,369437,2
Eses,,89,369435,1
Cosa,,211,359859,0
Bujuzi,,149,359808,0
Lafressa,,219,359792,6
Lelo,,97,359778,1
Ogom,,39,359772,1
Etogos,,92,359761,0
Seely,,104,359743,0
Okredra,,53,359736,0
Onican,,93,359728,0
Cuha,,141,359719,0
Ljuco,,62,359709,0
Tymczasowa,,49,359709,2
Ottomaddox,,108,359702,0
Aseka,,93,359681,0
Kega,,47,359681,0
Douglas,,44,359675,0
Bigon,,101,359672,1
Khaleesi,,161,359670,2
Linainin,,77,359634,9
Karoti,,29,359630,1
Storna,,32,359627,1
Numbtwo,,23,359626,0
Storm,,54,359625,0
Avengers,,172,359623,7
Zisarius,,79,359620,0
Megumin,,63,359614,6
Konne,,57,359613,0
Mika,,50,359602,1
Chinaj,,151,359598,5
Hufre,,128,359590,0
Jeburci,,45,359568,2
Nemo,,39,359566,1
Erkil,,54,359566,0
Draclaw,,35,359561,3
Zaakirah,,42,359534,1
Velah,,115,359500,0
Margarito,,80,359497,0
Denota,,82,359455,4
Mangtaz,,103,359441,0
Alayah,,65,359432,1
Ashe,,141,359415,0
Guvrergi,,60,349792,0
Lenalee,,104,349788,0
Fockedup,,152,349768,2
Airah,,68,349766,0
Emmm,,62,349750,0
Isis,,66,349741,0
Rofrana,,78,349735,1
Nellun,,49,349735,2
Caba,,69,349732,1
Aprilrose,,46,349715,0
Hemaje,,41,349712,0
Name,,31,349703,3
Risunni,,86,349685,0
Vitha,,75,349681,2
Hishili,,95,349678,4
Sitha,,35,349673,7
Ital,,36,349666,1
Nakrohe,,17,349663,3
Sofie,,122,349658,5
Arisa,,16,349657,1
Lufret,,229,349654,0
Atona,,96,349618,0
Victor,,92,349610,2
Celine,,94,349607,0
Kudega,,62,349582,1
Ishili,,37,349575,5
Idirta,,20,349573,2
Narcirdi,,55,349565,0
Seva,,74,349561,1
Marsof,,182,349538,12
Cives,,64,349506,5
Vavran,,105,349500,5
Azoz,,157,349496,4
Garota,,45,349455,8
Ozonos,,123,349435,1
Merlin,,40,349407,7
Vodre,,31,339738,0
Aris,,34,339733,1
Ronja,,93,339728,1
Ozoba,,89,339714,0
Holicguy,,11,339713,1
Odnuz,,43,339704,0
Ollivi,,62,339702,0
Cobenri,,8,339696,1
Arwen,,16,339694,1
Cinder,,46,339694,0
Jace,,26,339675,0
Olloni,,106,339658,0
Ivrry,,112,339651,1
Huvi,,86,339650,1
Izel,,28,339635,1
Levraja,,83,339614,1
Tiger,,20,339612,4
Miranda,,94,339591,0
Irdagan,,137,339591,0
Lanid,,53,339579,1
Fashi,,155,339562,2
Cehes,,29,339504,2
Dizeze,,29,339452,6
Vinedni,,99,339439,10
Vorkake,,23,329805,0
Ethol,,47,329804,4
Shadow,,60,329778,2
Cyrannah,,57,329777,0
Someone,,27,329752,0
Positrox,,47,329715,1
Lasosi,,46,329710,3
Wizzy,,82,329707,2
Rari,,45,329699,0
Vekra,,122,329698,1
Nata,,26,329689,1
Ijojud,,97,329682,1
Pewpew,,98,329676,1
Ishid,,52,329675,7
Niduni,,87,329662,0
Failout,,53,329661,2
Mikaela,,31,329648,3
Bananna,,70,329647,0
Sulphur,,70,329635,0
Noname,,47,329617,2
Croupzilla,,73,329608,0
Anege,,72,329605,6
Event,,44,329599,2
Toast,,110,329577,1
Delacega,,78,329565,1
Schneider,,63,329556,2
Sgfear,,57,329554,7
Neoboy,,63,329517,5
Chicabay,,35,329499,3
Erem,,52,329486,1
Vilol,,93,329483,3
Jace,,136,329435,1
Rahahi,,61,319819,0
Dddsssd,,22,319781,2
Raret,,98,319772,0
Gibrifra,,71,319756,0
Bling,,53,319748,2
Meliodas,,23,319747,1
Charlie,,171,319746,3
Esitel,,13,319723,0
Stormi,,94,319683,0
Emuz,,51,319673,6
Indah,,49,319669,0
Suhe,,28,319609,4
Hyojung,,28,319606,3
Atashi,,27,319602,0
Zilot,,28,319554,2
Mollun,,45,319525,3
Irid,,85,319488,5
Ixiboss,,47,319472,2
Kiret,,143,309884,0
Nanaya,,209,309836,1
Aral,,73,309832,0
Alex,,119,309822,0
Jukode,,56,309821,0
Hollek,,94,309807,0
Olga,,52,309795,2
Ergeg,,40,309793,0
Kuga,,47,309778,0
Quintana,,154,309771,0
Giblits,,15,309769,0
Veje,,31,309766,1
Silver,,103,309751,1
Zileg,,63,309750,0
Nightchill,,74,309747,0
Vagra,,32,309747,0
Ezem,,46,309740,0
Knowhow,,20,309733,0
Nobody,,206,309732,0
Cugole,,147,309731,1
Agreza,,46,309730,0
Allosi,,65,309730,0
Talle,,112,309718,0
Apink,,10,309717,1
Tessy,,34,309716,0
Falcon,,97,309707,2
Zarzi,,130,309699,0
Imore,,138,309692,0
Lord,,24,309690,0
Hadni,,124,309689,0
Selfchou,,102,309685,4
Kali,,60,309682,0
Wolfdoom,,13,309668,1
Nobloody,,118,309657,0
Nekoyanagi,,48,309656,0
Kines,,35,309643,0
Toru,,96,309636,0
Lihi,,54,309634,0
Ahebit,,58,309612,0
Shrexylady,,8,309576,0
Erirzis,,107,309560,0
Orcuha,,22,299901,0
Nappelia,,21,299895,0
Amazed,,91,299818,0
Azera,,105,299816,0
Freya,,5,299794,0
Taffy,,70,299778,0
Magri,,93,299773,0
Gavinus,,86,299758,1
Apple,,37,299716,1
Bethi,,8,299705,1
Ortavi,,45,299673,2
Susha,,73,299662,3
Padlinek,,70,299662,3
Adud,,40,299642,0
Ifrim,,72,299616,0
Casol,,83,299577,3
Vice,,45,299509,1
Iplier,,54,289856,0
Kakarot,,40,289824,0
Ahokre,,8,289740,0
Ivrolla,,59,289717,0
Borgini,,66,289692,2
Caci,,20,289689,3
Angela,,73,289685,0
Ochita,,23,289647,1
Rincewind,,33,289565,2
Ekruci,,84,289564,3
Adrige,,63,289479,4
Deses,,58,289473,3
Cofrive,,65,279746,0
Horgevi,,27,279739,0
Egela,,50,279629,2
Twinkle,,53,279569,2
Anas,,53,279549,0
Lola,,34,279518,2
Foxcrazy,,84,279507,1
Monna,,77,279497,1
Leeta,,5,269815,0
Koko,,146,269800,0
Zhiyefashi,,47,269756,0
Nevros,,19,269691,1
Vuca,,85,269661,2
Osace,,62,269652,1
Zege,,20,269629,3
Blondyna,,33,269601,6
Sota,,65,269544,6
Jean,,103,269502,0
Mora,,32,269496,1
Sara,,91,259849,0
Juice,,40,259821,0
Cija,,118,259807,0
Mali,,28,259803,0
Nasekomoe,,81,259803,0
Njord,,36,259781,0
Jonathin,,78,259774,7
Ciluzi,,19,259772,0
Ikrenuk,,26,259750,0
Evrunna,,18,259725,0
Nefri,,19,259716,0
Oled,,31,259706,3
Netarze,,28,259665,8
Bedothi,,68,259642,5
Humda,,23,259637,0
Odnusik,,85,259637,0
Harry,,124,259611,0
Loshere,,17,249818,0
Koni,,43,249814,1
Igada,,44,249783,0
Samantha,,50,249776,0
Iuguy,,115,249773,0
Etan,,31,249764,1
Athoshag,,28,249736,1
Omtoke,,41,249734,0
Enigma,,9,249734,0
Tigresa,,6,249629,1
Zedder,,27,239852,0
Robe,,0,239832,1
Amenra,,6,239832,0
Janid,,695,239788,0
Orel,,11,239760,2
Olactus,,22,239726,0
Hodiva,,18,239700,0
Puente,,32,239581,3
Fhcp,,47,239516,4
Egel,,24,229845,0
Ordon,,46,229840,0
Zore,,93,229830,0
Ozma,,4,229816,1
Cbong,,19,229806,0
Ekuje,,19,229801,0
Erin,,0,229767,0
Keres,,149,229764,0
Miteshe,,5,229754,1
Missworld,,50,229743,0
Erliola,,0,229718,0
Azathi,,0,229624,0
Nuga,,49,229579,0
Gosha,,39,219856,0
Cama,,33,219846,0
Lastmyth,,3,219835,0
Obrut,,55,219817,0
Odriot,,39,219785,1
Kirdod,,110,219774,1
Tarkatha,,125,219707,5
Onepiece,,77,209912,0
Keziba,,53,209875,0
Prism,,15,209865,0
Artibrom,,4,209854,0
Jirgi,,22,209853,0
Hirzevra,,38,209851,0
Ecathal,,12,209850,0
Domi,,3,209847,2
Gurca,,37,209846,0
Salem,,11,209835,0
Hotifete,,7,209830,0
Itidna,,9,209823,0
Deanna,,117,209806,0
Nicege,,23,209786,1
Egruri,,30,209786,0
Ikozi,,62,209751,0
Zola,,58,209747,0
Orkit,,2,209747,0
Cardi,,4,209729,0
Illat,,22,209719,0
Jackraven,,45,209685,0
Bolla,,90,209684,0
Kerani,,3,199851,0
Queen,,105,199827,0
Magel,,0,199799,0
Windows,,5,199697,0
Bitanga,,30,199663,1
Bakruk,,1,189823,0
Avatom,,30,189801,1
Wotit,,0,179884,0
Bikri,,0,179870,0
Dimwit,,0,179844,0
Duzuma,,0,179831,0
Morgana,,0,179794,0
Sahima,,0,179741,2
Taktakxd,,3,179711,0
Charyevent,,35,169890,0
Caca,,0,169853,0
Kevas,,0,169776,0
Okem,,0,169775,2
Suzavri,,0,169710,2
Mothigi,,0,169573,1
Daseda,,5,159845,0
Noke,,0,159816,0
Ordes,,0,159809,0
Mikik,,0,159784,0
Magicpuce,,6,159781,0
Ginger,,0,159776,0
Maline,,0,159743,0
Yennefer,,31,159697,1
Etudes,,0,149854,1
Ecos,,6,149836,0
Tess,,0,149829,0
Lagriti,,2,149818,0
Bannici,,0,149753,2
Technooo,,0,149746,0
Kakandel,,0,149717,2
Vanen,,0,149705,5
Girdogri,,0,139916,0
Rangkanka,,0,139864,1
Kani,,26,139829,0
Edethen,,0,139812,2
Gandalf,,0,139798,0
Kizok,,0,139793,0
Irdos,,0,139768,0
Omeman,,0,139752,1
Deathmage,,0,139714,0
Artur,,0,139603,2
Kendra,,0,139570,2
Tuscolum,,0,129847,0
Jota,,0,129827,1
Rilla,,0,129821,0
Celim,,0,129809,1
Sansa,,0,129785,1
Romm,,0,129761,1
Angela,,0,129751,0
Gorze,,0,129734,0
Gamez,,0,129734,0
Onuca,,0,129660,1
Anisa,,0,129613,2
Bosan,,103,119931,0
Dinglebury,,37,119888,0
Avrez,,0,119841,0
Mondado,,0,119838,2
Ennel,,67,119832,0
Hardassia,,38,119827,0
Event,,0,119824,0
Larda,,0,119812,0
Abel,,0,119811,0
Mousi,,0,119806,0
Wolf,,0,119799,0
Dollek,,0,119799,2
Krypl,,0,119781,0
Azellala,,0,119767,0
Suzirta,,0,119726,0
Kiera,,73,119718,0
Fannyflap,,0,119669,0
Gandalf,,0,119423,1
Nolt,,0,109932,0
Chosenone,,0,109885,0
Brom,,0,109881,0
Detuvra,,0,109880,0
Amom,,0,109867,0
Ikan,,0,109856,1
Bemida,,0,109856,0
Pretty,,0,109851,0
Phoebe,,96,109849,0
Promobear,,0,109849,0
Giza,,16,109798,0
Sunny,,0,109780,0
Athikot,,0,109765,0
Ezem,,0,109760,0
Ovel,,0,109750,1
Miki,,0,109727,1
Zavras,,0,109716,4
Okerces,,0,109667,0
Heretic,,0,99915,0
Idema,,116,99896,0
Kula,,0,99872,0
Bishi,,0,99866,0
Vuza,,0,99853,0
Jill,,0,99850,0
Tebra,,0,99846,0
Senpai,,74,99832,0
Isolina,,0,99829,0
Azetha,,0,99791,0
Rtfm,,0,99789,0
Eventeter,,0,99777,0
Rathela,,0,99769,1
Allava,,0,99752,0
Bada,,0,99732,2
Milena,,0,99726,0
Cyzel,,0,99723,1
Bumm,,0,99719,1
Gigino,,0,99717,1
Iluma,,0,99675,1
Pitermago,,0,99637,0
Evag,,0,99621,5
Zasaz,,0,99608,2
Evrase,,0,99537,2
Wartigua,,0,99521,2
Ezul,,77,89887,1
Gozi,,0,89880,1
Resus,,0,89875,0
Laburne,,0,89872,1
Nugrefri,,0,89872,0
Avral,,0,89866,0
Vithut,,0,89854,1
Kigendeng,,0,89848,0
Giamarie,,0,89841,0
Gabal,,0,89840,1
Dianna,,0,89833,0
Szerszen,,0,89818,2
Tukrulli,,0,89814,0
Loja,,0,89813,1
Evunnus,,0,89812,2
Jihez,,0,89811,1
Gishod,,0,89810,0
Acidez,,0,89808,1
Oholon,,0,89805,0
Maximus,,0,89793,1
Arathuz,,0,89788,4
Kathi,,0,89784,0
Ives,,44,89778,1
Icon,,0,89753,8
Basyim,,0,89743,2
Socket,,0,89741,1
Anthrax,,0,89727,1
Vunnen,,32,89725,1
Orcavri,,0,89723,0
Zeri,,0,89707,0
Dithica,,0,89669,2
Cilez,,0,89636,2
Etag,,0,89626,5
Komarr,,0,89616,5
Liana,,0,89610,0
Adad,,0,89604,4
Aoife,,0,89554,5
Menevre,,0,89546,9
Ongbak,,0,89543,2
Kothem,,0,89533,7
Event,,0,89526,5
Emove,,0,89481,2
Agal,,0,89428,4
Ograda,,0,79918,0
Merlin,,5,79914,0
Tova,,35,79909,0
Nixa,,0,79908,0
Kulan,,49,79900,0
Mike,,0,79893,0
Ebrehis,,64,79892,0
Ogethoz,,16,79891,0
Ashes,,8,79890,0
Corona,,69,79887,0
Pannipa,,56,79886,0
Efran,,0,79884,0
Suus,,0,79882,0
Osidnus,,0,79882,0
Lowiely,,12,79881,0
Hitide,,0,79877,0
Ibreg,,0,79858,1
Meme,,0,79855,0
Terex,,0,79850,1
Bogyo,,24,79848,0
Ebag,,0,79842,0
Jaaaa,,0,79842,0
Vesocha,,68,79839,0
Mohi,,71,79836,0
Zuzia,,0,79836,1
Alen,,54,79834,0
Sabrema,,0,79833,4
Oshat,,0,79833,0
Hawkins,,0,79829,0
Gusha,,0,79824,1
Hishushi,,0,79818,3
Tarki,,0,79813,0
Emphan,,0,79809,0
Jojokra,,0,79806,2
Abros,,0,79798,0
Lercia,,0,79794,0
Veza,,0,79790,1
Goldmoon,,0,79785,1
Vaga,,0,79778,1
Avrem,,0,79775,2
Avel,,0,79775,0
Venuji,,0,79766,0
Luna,,0,79759,1
Gakumi,,0,79755,1
Argika,,0,79753,0
Jokod,,0,79744,0
Romas,,0,79742,1
Ethidod,,0,79740,1
Kate,,0,79736,2
Vomi,,0,79734,3
Mokre,,0,79732,5
Deth,,0,79730,0
Athasel,,0,79730,0
Ojid,,0,79729,10
Coronar,,0,79728,1
Kutusa,,0,79728,3
Anna,,0,79725,1
Zuli,,0,79722,4
Artodramax,,0,79718,0
Rargije,,0,79715,4
Leks,,0,79714,1
Darkunna,,0,79710,4
Omnigul,,6,79706,0
Nanina,,0,79700,1
Gedad,,0,79700,3
Rigrit,,0,79697,13
Olig,,0,79697,4
Cusaz,,0,79695,7
Moto,,0,79684,13
Lejike,,0,79676,0
Avro,,0,79674,1
Norton,,0,79666,8
Erole,,0,79666,8
Omuka,,0,79665,2
Aldebaraan,,0,79658,2
Harali,,0,79653,1
Kardi,,0,79651,6
Squirtle,,0,79650,0
Erona,,0,79635,2
Arditi,,0,79629,2
Rishe,,0,79623,3
Suji,,0,79621,3
Tokbomoh,,0,79608,1
Shaman,,0,79605,9
Jafre,,0,79602,0
Orima,,0,79600,4
Murong,,0,79597,6
Vamuca,,0,79582,2
Mroops,,0,79580,2
Otus,,0,79569,14
Monvip,,0,79564,17
Eshira,,0,79563,2
Over,,0,79543,4
Jogok,,0,79540,1
Zosa,,0,79536,1
Asika,,0,79523,1
Hillorza,,0,79523,8
Qwer,,0,79514,3
Ibroga,,0,79502,0
Boshi,,0,79497,25
Sordim,,0,79497,5
Orkak,,0,79496,1
Brak,,0,79487,6
Melina,,0,79477,7
Ruga,,0,79477,11
Circe,,0,79432,7
Jora,,0,69902,0
Ikalan,,0,69900,1
Chemele,,0,69899,0
Gagi,,0,69893,0
Rebecca,,0,69892,0
Idrevron,,0,69888,0
Taze,,0,69887,0
Darkmagic,,0,69886,0
Crous,,0,69882,0
Cebene,,0,69872,0
Migi,,0,69868,0
Dank,,0,69867,0
Seri,,0,69866,0
Triss,,0,69864,0
Souleater,,0,69862,0
Stevinne,,0,69859,0
Irgug,,0,69857,0
Lucifer,,0,69856,0
Rorik,,0,69854,0
Naken,,0,69854,1
Bloodhound,,0,69851,0
Cannata,,0,69846,0
Ezet,,0,69845,0
Vucan,,0,69844,0
Ogak,,0,69843,0
Evacorvo,,0,69842,0
Valei,,0,69841,1
Luci,,0,69837,1
Tikosin,,0,69836,0
Jerdug,,0,69832,0
Echos,,0,69832,1
Mawa,,0,69830,1
Quest,,0,69827,3
Sirce,,0,69821,0
Hovord,,0,69821,2
Youmz,,0,69821,1
Tonridra,,0,69818,0
Athodnel,,0,69811,3
Larorte,,0,69811,0
Akreja,,0,69811,1
Neda,,0,69811,1
Susi,,0,69810,0
Flix,,0,69810,2
Ecune,,0,69810,1
Amet,,0,69809,0
Zmrdecek,,0,69808,1
Ilus,,0,69806,0
Azad,,0,69806,0
Ifrufrez,,0,69805,1
Machoda,,0,69805,0
Kingerip,,0,69804,0
Arul,,0,69803,0
Sememmon,,0,69802,0
Enuthe,,0,69802,3
Aciji,,0,69799,0
Delaney,,0,69799,0
Temp,,0,69799,1
Pendragon,,0,69798,0
Myname,,0,69798,1
Jasonmai,,0,69798,3
Zennin,,0,69797,0
Mici,,0,69797,0
Shelspell,,0,69795,0
Bokuk,,0,69795,1
Barterca,,0,69793,1
Hadran,,0,69792,1
Gerig,,0,69791,2
Johnny,,0,69791,5
Gajiss,,0,69788,0
Stiles,,0,69785,0
Marven,,0,69784,0
Athebe,,0,69783,2
Zesok,,0,69783,0
Taves,,0,69782,2
Adale,,0,69781,0
Ehesi,,0,69778,1
Puck,,0,69775,0
Iheba,,0,69775,9
Arciz,,0,69773,0
Corzothe,,0,69772,4
Obcur,,0,69772,0
Alistair,,0,69771,0
Paprika,,0,69770,2
Ihaz,,0,69770,1
Zegiha,,0,69768,0
Nasuk,,0,69767,0
Zitni,,0,69767,1
Corvin,,0,69766,1
Avrere,,0,69766,5
Orus,,0,69764,3
Matuz,,0,69763,2
Lothon,,0,69761,2
Merkota,,0,69761,1
Mudda,,0,69760,0
Heculesa,,0,69755,1
Indra,,0,69749,2
Dueba,,0,69743,1
Ojoza,,0,69739,1
Oserca,,0,69739,2
Gisha,,0,69735,0
Gufi,,0,69735,1
Dhgm,,0,69733,2
Ithel,,0,69732,1
Areba,,0,69730,1
Aldurana,,0,69730,1
Kidnati,,0,69728,1
Andareal,,0,69728,0
Vuge,,0,69728,1
Evishod,,0,69727,0
Signore,,0,69726,5
Sagrad,,0,69719,4
Jugritha,,0,69717,1
Sezon,,0,69716,6
Iverdod,,0,69715,4
Ahava,,0,69713,1
Taquin,,0,69711,3
Denoviski,,0,69709,4
Imarul,,0,69708,0
Sosoroo,,0,69707,0
Sula,,0,69704,2
Celil,,0,69703,1
Hevoga,,0,69700,2
Kili,,0,69698,2
Maral,,0,69696,0
Revenant,,0,69694,2
Ortat,,0,69693,2
Egaran,,0,69692,0
Joheg,,0,69688,4
Utimal,,0,69687,1
Sore,,0,69684,2
Erena,,0,69680,1
Jackeychun,,0,69679,8
Jesha,,0,69673,1
Exlon,,0,69673,5
Temad,,0,69672,4
Bella,,0,69672,1
Ladyx,,0,69671,4
Ujang,,0,69669,0
Verity,,0,69668,2
Tellus,,0,69668,4
Limidne,,0,69665,1
Vova,,0,69663,0
Jefrod,,0,69656,3
Bonnie,,0,69654,5
Sude,,0,69652,0
Arum,,0,69648,3
Ecanna,,0,69644,2
Duthi,,0,69641,2
Rane,,0,69630,4
Acures,,0,69630,0
Miranda,,0,69628,11
Covid,,0,69620,11
Zhephyroth,,0,69608,12
Brumblebum,,0,69607,4
Otabe,,0,69606,3
Kitan,,0,69605,1
Zifred,,0,69605,0
Ishad,,0,69604,1
Vodnuha,,0,69604,1
Arzid,,0,69598,7
Ajaz,,0,69596,5
Anhet,,0,69594,4
Isom,,0,69590,10
Omenud,,0,69586,5
Lidogre,,0,69586,0
Nothushe,,0,69579,3
Zigis,,0,69573,5
Hinirte,,0,69549,2
Gevrul,,0,69548,3
Idril,,0,69544,3
Avram,,0,69536,6
Nijeyoh,,0,69534,4
Fifa,,0,69528,9
Busi,,0,69525,14
Anora,,0,69525,4
Artaci,,0,69520,2
Tertoz,,0,69515,4
Junvile,,0,69514,4
Cednica,,0,69511,2
Stronggirl,,0,69499,13
Arzas,,0,69475,2
Saris,,0,69469,4
Ithoz,,0,69455,17
Jjang,,0,69452,6
Vokaze,,0,69426,6
Zeus,,0,59935,0
Raven,,0,59915,0
Jemi,,0,59913,0
Alannak,,0,59913,0
Yamliha,,0,59911,0
Mama,,0,59906,0
Anticovid,,0,59904,0
Zoomd,,0,59902,0
Jidnozi,,0,59900,0
Enduro,,0,59899,0
Legend,,0,59895,0
Kvote,,0,59892,0
Felyn,,0,59890,0
Mami,,0,59886,0
Sebis,,0,59882,0
Heroin,,0,59882,0
Torzan,,0,59882,0
Givani,,0,59881,0
Obruza,,0,59879,0
Mera,,0,59879,0
Ruffy,,0,59878,0
Asmir,,0,59877,0
Kibrunra,,0,59875,0
Lakrok,,0,59875,0
Isirzuk,,0,59874,0
Ojaka,,0,59873,0
Frangot,,0,59869,0
Triss,,0,59869,0
Akrat,,0,59867,0
Zinal,,0,59866,1
Edena,,0,59864,0
Nehiti,,0,59862,0
Zuci,,0,59860,0
Vinrana,,0,59860,0
Tokreg,,0,59859,0
Mary,,0,59858,0
Tumeja,,0,59857,0
Behil,,0,59856,0
Good,,0,59854,0
Vufrili,,0,59854,0
Selene,,0,59852,0
Ivos,,0,59852,0
Borzesi,,0,59852,0
Anturion,,0,59851,0
Event,,0,59851,0
Kuduk,,0,59851,0
Seti,,0,59849,0
Allon,,0,59849,0
Ikkon,,0,59847,0
Thibe,,0,59847,0
Efridre,,0,59847,0
Chiaec,,0,59845,0
Magania,,0,59844,0
Dake,,0,59842,0
Boshuva,,0,59841,0
Rhiannon,,0,59841,0
Zudad,,0,59838,0
Onnici,,0,59836,0
Onregon,,0,59836,0
Arunna,,0,59834,0
Gindalph,,0,59829,0
Edrethos,,0,59827,0
Anika,,0,59825,0
Gabrielle,,0,59824,0
Deles,,0,59823,0
Eirika,,0,59821,0
Reaper,,0,59818,0
Jaina,,0,59818,0
Malefi,,0,59816,0
Mushusa,,0,59810,0
Hifros,,0,59810,0
Vuvrona,,0,59804,0
Voma,,0,59804,0
Ivan,,0,59803,1
Karjaolia,,0,59803,0
Ordan,,0,59802,0
Enos,,0,59797,0
Adrian,,0,59794,1
Ecohas,,0,59794,0
Czyraki,,0,59791,0
Luje,,0,59790,0
Odrod,,0,59787,1
Evad,,0,59780,0
Kentar,,0,59780,0
Nubicha,,0,59779,0
Ethanna,,0,59779,0
Durdohi,,0,59777,0
Olive,,0,59777,0
Dingding,,0,59774,1
Ogochid,,0,59772,0
Jebribra,,0,59770,0
Guvorte,,0,59767,0
Ogion,,0,59764,0
Esothud,,0,59764,0
Cavodra,,0,59759,0
Tharnax,,0,59755,0
Timi,,0,59754,0
Houk,,0,59754,0
Sikosiko,,0,59751,0
Blackmage,,0,59749,0
Jelles,,0,59745,0
Nashandra,,0,59744,1
Nallerca,,0,59743,0
Gosimber,,0,59739,0
Ahadaz,,0,59739,0
Idate,,0,59735,0
Tudot,,0,59735,0
Mmmm,,0,59730,0
Vate,,0,59729,2
Ejel,,0,59728,0
Sire,,0,59721,2
Izirgez,,0,59720,1
Sota,,0,59716,0
Kednuje,,0,59715,0
Usani,,0,59710,1
Cithoga,,0,59708,0
Rexor,,0,59707,0
Votha,,0,59704,1
Odesug,,0,59699,0
Etochi,,0,59697,1
Razael,,0,59696,0
Meeetoo,,0,59691,0
Mimsy,,0,59688,0
Sasha,,0,59686,0
Echadri,,0,59683,0
Athis,,0,59678,1
Acarkem,,0,59645,4
Becky,,0,59636,6
Vukod,,0,59634,0
Celstia,,0,59633,0
Egenaz,,0,59611,2
Erusha,,0,59607,1
Erdit,,0,59597,2
Zosha,,0,59596,14
Evednol,,0,59573,0
Gandalf,,0,59573,6
Nidimi,,0,59564,2
Zasomi,,0,59547,2
Vigi,,0,59543,6
Silver,,0,59528,0
Agomis,,0,59527,0
Lijuthi,,0,59521,1
Geshenri,,0,59518,3
Rakras,,0,59513,5
Bellend,,0,59511,3
Raka,,0,59482,9
Thursday,,0,59446,11
Honimir,,0,59438,8
Jurkus,,0,59432,1
Leya,,0,59431,1
Ashlyne,,0,59430,1
Helika,,0,59416,2
Oded,,0,49912,0
Darga,,29,49907,0
Zioporcone,,0,49893,0
Regami,,0,49887,0
Baku,,0,49882,0
Morgana,,0,49880,0
Frosty,,0,49879,0
Babynad,,0,49876,0
Ebon,,0,49875,0
Hullothi,,0,49875,0
Nugek,,0,49874,0
Redek,,0,49870,0
Socarka,,0,49870,0
Vipirion,,0,49869,0
Juzefa,,0,49868,0
Ririca,,0,49864,0
Eleje,,0,49863,0
Ochirde,,0,49862,0
Averze,,0,49857,0
Rithat,,0,49856,0
Artak,,0,49855,0
Wrath,,0,49854,0
Iniba,,0,49853,0
Ebes,,0,49845,0
Medea,,0,49839,0
Lafre,,0,49838,0
Cuzas,,0,49837,0
Ecohi,,0,49836,0
Cezasa,,0,49836,0
Mirgun,,0,49832,0
Datez,,0,49830,0
Gentyama,,0,49830,0
Afrihe,,0,49827,0
Irukram,,0,49824,0
Ezum,,0,49823,0
Puthany,,0,49811,0
Azemes,,0,49811,0
Ercidi,,0,49808,0
Covid,,0,49807,0
Isis,,0,49804,0
Zomen,,0,49802,0
Zemog,,0,49801,0
Hazi,,0,49799,0
Amanox,,0,49798,0
Dillet,,0,49797,0
Sagri,,0,49796,0
Shewitch,,0,49793,0
Jugom,,0,49792,0
Odnos,,0,49786,0
Ohugi,,0,49785,0
Jakaz,,0,49781,1
Vodel,,0,49776,2
Beza,,0,49775,0
Glorfindel,,0,49775,0
Zalupa,,0,49772,3
Idnallak,,0,49766,0
Bizol,,0,49765,0
Soge,,0,49762,1
Misha,,0,49762,0
Colos,,0,49761,0
Vadata,,0,49760,0
Yennefer,,0,49760,0
Ines,,0,49757,0
Ovucos,,0,49755,1
Zanoza,,0,49753,0
Sasuke,,0,49753,0
Kirachuu,,0,49742,0
Mimosa,,0,49739,0
Firiona,,0,49736,0
Ethathim,,0,49734,0
Yayo,,0,49731,3
Tesha,,0,49725,2
Atakrum,,0,49721,2
Maggie,,0,49720,0
Osim,,0,49715,0
Erdoji,,0,49713,1
Evilli,,0,49707,0
Zhafar,,0,49704,0
Nancy,,0,49700,0
Eight,,0,49696,4
Obel,,0,49693,2
Ethaz,,0,49663,0
Pokemon,,0,49656,2
Margoo,,0,49653,0
Bolla,,0,49643,4
Ctulhu,,0,49642,0
Savrane,,0,49638,0
Maditha,,0,49633,1
Sonumi,,0,49630,16
Sehus,,0,49629,3
Megri,,0,49627,0
Lilli,,0,49619,0
Ariz,,0,49608,1
Sonia,,0,49606,3
Gashe,,0,49606,0
Obet,,0,49589,3
Ellothe,,0,49570,4
Yestar,,0,49561,3
Ferraz,,0,49555,0
Arudra,,0,49555,3
Deku,,0,49544,0
Goblin,,0,49529,4
Numm,,0,49510,5
Torgal,,0,49508,4
Finite,,0,49497,1
Gishos,,0,49487,9
Nadnon,,0,49486,0
Oloz,,0,49475,2
Omil,,0,49474,7
Otegra,,0,49469,2
Shelby,,0,49461,0
Zitha,,0,49459,2
Arubi,,0,49450,2
Tafri,,0,49445,2
Mikehawk,,0,39909,0
Nini,,0,39899,1
Ruja,,54,39893,0
Rilerdi,,0,39879,0
Lonte,,0,39877,1
Vircirce,,0,39869,0
Kate,,0,39868,2
Rullos,,0,39861,0
Izul,,0,39861,0
Nethaz,,0,39861,0
Gelkymor,,0,39852,2
Gerard,,0,39850,1
Oret,,0,39849,0
Vubi,,0,39849,0
Ajushe,,0,39848,0
Lmyjoker,,0,39845,2
Idrani,,0,39845,1
Vige,,0,39843,0
Sklad,,0,39841,0
Virgi,,0,39840,0
Suma,,0,39840,0
Vidota,,0,39840,1
Hoji,,0,39838,0
Abake,,0,39836,0
Wicthlord,,0,39835,0
Nagato,,0,39834,0
Ashetad,,0,39833,1
Ajem,,0,39833,1
Pipi,,0,39829,0
Eross,,0,39828,2
Eventchamp,,0,39827,0
Ibik,,0,39827,1
Aska,,0,39827,1
Souza,,0,39825,2
Dumptoo,,0,39824,1
Gorca,,0,39823,2
Alistrand,,0,39822,0
Eroros,,0,39818,1
Hize,,0,39817,1
Ozurzek,,0,39811,0
Novisoo,,0,39810,1
Untitled,,0,39809,0
Sirtis,,0,39809,1
Shaka,,0,39809,0
Edred,,0,39807,1
Hehe,,0,39806,1
Kuby,,0,39806,0
Inzomnia,,0,39804,0
Hane,,0,39804,0
Tomy,,0,39800,1
Nobit,,0,39799,1
Rumaginya,,0,39798,0
Neti,,0,39796,0
Kenieball,,0,39795,1
Erdufri,,0,39794,0
Redlilah,,0,39791,0
Sharknado,,0,39783,0
Syndyr,,0,39776,0
Salla,,0,39772,0
Roket,,0,39772,2
Mivus,,0,39770,1
Arcotha,,0,39767,1
Arok,,0,39766,3
Vodrez,,0,39766,2
Efregek,,0,39764,1
Jana,,0,39759,1
Jungg,,0,39758,1
Artorzom,,0,39756,1
Runa,,0,39755,1
Ercidal,,0,39752,0
Oshera,,0,39751,1
Rifrota,,0,39749,1
Roby,,0,39749,0
Fast,,0,39748,5
Izorda,,0,39746,0
Hohis,,0,39745,1
Zerzive,,0,39743,1
Seven,,0,39743,0
Runa,,0,39741,3
Villanelle,,0,39739,0
Zaubzig,,0,39739,1
Zerta,,0,39738,0
Nirkag,,0,39738,1
Gyimez,,0,39738,0
Ovardal,,0,39735,1
Kunda,,0,39734,0
Inon,,0,39733,2
Oserci,,0,39729,0
Zaphyra,,0,39728,0
Jennie,,0,39728,1
Onnudres,,0,39728,1
Ateki,,0,39727,0
Merlin,,0,39724,1
Ivrircot,,0,39723,0
Luve,,0,39722,0
Ggka,,0,39710,1
Nizi,,0,39707,2
Seven,,0,39705,0
Nakoz,,0,39704,1
Aepherelli,,0,39703,1
Ortez,,0,39703,0
Nome,,0,39702,0
Madmax,,0,39699,3
Missy,,0,39685,1
Cujore,,0,39684,2
Mich,,0,39683,2
Makot,,0,39683,0
Ardothe,,0,39683,2
Ksieciunio,,0,39682,0
Verce,,0,39680,2
Nahari,,0,39676,1
Hedras,,0,39667,1
Namerou,,0,39662,0
Skyler,,0,39662,2
Tesurga,,0,39662,2
Hikol,,0,39657,2
Jenny,,0,39656,4
Everza,,0,39654,0
Zadris,,0,39653,2
Mato,,0,39647,0
Yunamagic,,0,39647,1
Kici,,0,39644,0
Evrada,,0,39635,4
Cepha,,0,39631,2
Onnanni,,0,39628,1
Ovrenus,,0,39628,2
Modoma,,0,39627,2
Sallybang,,0,39621,0
Rush,,0,39621,3
Cole,,0,39620,1
Vuthud,,0,39617,2
Kiluti,,0,39614,2
Zerki,,0,39604,1
Galaio,,0,39603,0
Buceg,,0,39602,3
Adriel,,0,39598,4
Hari,,0,39598,1
Kiks,,0,39587,5
Tiempo,,0,39580,1
Jennefer,,0,39576,2
Birka,,0,39575,4
Tehe,,0,39575,1
Ajudre,,0,39567,2
Luhid,,0,39529,1
Lecet,,0,39517,5
Egurza,,0,39504,2
Flutterivy,,0,39496,4
Varda,,0,39480,3
Zora,,0,39463,1
Herbi,,0,39454,2
Nedrene,,0,39449,5
Hugecaster,,0,39441,2
Doshove,,0,39433,3
Ecum,,0,39425,7
Kristi,,0,39418,2
Tank,,0,39409,2
Sitam,,0,39404,7
Imarka,,0,39404,1
Long,,0,29940,0
Esol,,0,29931,0
Athitol,,33,29930,0
Lida,,0,29907,0
Jubrut,,0,29886,0
Rinimama,,0,29885,0
Aieasy,,0,29884,0
Zezzi,,0,29878,0
Fsnb,,0,29873,0
Lola,,0,29873,0
Ralic,,0,29872,0
Luburde,,0,29870,0
Datha,,0,29869,0
Tommy,,0,29869,0
Rias,,0,29868,0
Soul,,0,29867,0
Anrel,,0,29863,0
Zillow,,0,29861,0
Talla,,0,29859,0
Cumusha,,0,29857,0
Osirius,,0,29856,0
Chinafy,,0,29856,0
Tutaknunak,,0,29856,0
Ivey,,0,29855,0
Hovrus,,0,29855,0
Eris,,0,29854,0
Goldude,,0,29853,0
Bunum,,0,29853,0
Jeremy,,0,29852,0
Albiorix,,0,29850,0
Zero,,0,29849,0
Dive,,0,29848,0
Labrus,,0,29846,0
Aset,,0,29845,0
Ashleyjem,,0,29844,0
Vekuni,,0,29843,0
Plomi,,0,29843,0
Taing,,0,29842,0
Koda,,0,29841,0
Onnathez,,0,29840,0
Nimms,,0,29840,0
Vortexia,,0,29835,0
Merlin,,0,29834,0
Obrud,,0,29834,0
Reshi,,0,29833,0
Dalege,,0,29833,0
Atiz,,0,29832,0
Merlin,,0,29831,0
Rvan,,0,29829,0
Hirzis,,0,29829,0
Kennobe,,0,29829,0
Yeonhee,,0,29827,0
Wolololol,,0,29827,0
Ginriz,,0,29826,0
Akarzil,,0,29825,0
Cover,,0,29824,0
Adoshe,,0,29822,0
Resoba,,0,29821,0
Gtgt,,0,29818,0
Evremum,,0,29816,0
Tena,,0,29815,1
Blef,,0,29814,0
Mason,,0,29813,0
Phystar,,0,29811,0
Kuhifri,,0,29811,0
Toothpaste,,0,29805,0
Frosty,,0,29804,0
Etorta,,0,29800,0
Avger,,0,29799,0
Mage,,0,29796,0
Mucud,,0,29796,0
Akoda,,0,29795,0
Ivriri,,0,29793,0
Ercumming,,0,29792,0
Halopp,,0,29791,0
Akut,,0,29791,0
Gandalf,,0,29791,0
Madre,,0,29790,0
Bibe,,0,29790,0
Majster,,0,29788,0
Jezi,,0,29788,0
Keval,,0,29786,0
Vorisi,,0,29786,0
Bovorza,,0,29785,0
Sulleke,,0,29785,0
Ruza,,0,29783,0
Shannara,,0,29782,0
Flaschn,,0,29782,0
Tyriana,,0,29782,0
Fira,,0,29782,0
Aditha,,0,29781,0
Kingtum,,0,29780,0
Kacethi,,0,29776,0
Skyla,,0,29775,0
Jarebra,,0,29772,1
Woodlynn,,0,29772,0
Majel,,0,29771,0
Burtudri,,0,29770,0
Gryffon,,0,29769,0
Lovija,,0,29768,0
Tekufre,,0,29764,0
Chxxinng,,0,29763,0
Idomeg,,0,29760,0
Nili,,0,29760,0
Arekein,,0,29759,0
Lohengrin,,0,29758,0
Dirtbag,,0,29757,0
Jere,,0,29757,0
Ojesi,,0,29755,0
Ollot,,0,29755,0
Kijesi,,0,29754,0
Zealot,,0,29752,1
James,,0,29747,0
Jomage,,0,29747,0
Groot,,0,29743,0
Tidnefre,Challenger,0,29742,0
Abuzi,,0,29740,0
Ticutha,,0,29736,0
Lotos,,0,29736,0
Crona,,0,29736,0
Artubal,,0,29733,1
Odrera,,0,29732,0
Asesa,,0,29731,0
Zorce,,0,29725,0
Tomato,,0,29724,0
Necros,,0,29723,0
Guce,,0,29723,0
Alexia,,0,29722,1
Jahi,,0,29720,0
Kakkonen,,0,29720,0
Ostinn,,0,29719,0
Horcit,,0,29717,0
Umisama,,0,29716,0
Goza,,0,29714,0
Kyga,,0,29714,0
Dabothe,,0,29712,0
Kure,,0,29709,0
Nucag,,0,29707,0
Isil,,0,29704,0
Illahal,,0,29702,0
Kari,,0,29698,0
Hebrenni,,0,29698,0
Morighan,,0,29697,0
Athalli,,0,29692,0
Gage,,0,29687,1
Zeni,,0,29687,0
Cebaze,,0,29685,0
Solo,,0,29685,0
Osathi,,0,29684,0
Sagen,,0,29680,0
Rorcat,,0,29679,1
Cosi,,0,29677,0
Ishina,,0,29675,0
Holas,,0,29674,0
Edrasos,,0,29673,0
Lidran,,0,29672,2
Chloya,,0,29671,0
Veewo,,0,29662,0
Idusa,,0,29657,0
Rergod,,0,29651,0
Ozoce,,0,29649,1
Ozune,,0,29649,0
Flamma,,0,29647,0
Somoz,,0,29640,4
Dubol,,0,29639,0
Tarzinna,,0,29637,1
Hedran,,0,29630,0
Zolek,,0,29627,0
Cynn,,0,29627,0
Rudel,,0,29626,0
Corde,,0,29626,0
Aluba,,0,29626,0
Inrohen,,0,29618,0
Phronesis,,0,29613,0
Luna,,0,29603,0
Goras,,0,29595,0
Sebciu,,0,29591,1
Arkushe,,0,29590,0
Zswwszd,,0,29581,0
Dogma,,0,29579,0
Sulan,,0,29577,0
Zuvas,,0,29576,0
Hagril,,0,29574,0
Cerzul,,0,29571,0
Siren,,0,29560,0
Vedrerze,,0,29559,1
Sangrenta,,0,29556,3
Ishonna,,0,29552,0
Avrurke,,0,29548,0
Akame,,0,29547,0
Badboy,,0,29542,0
Dithoce,,0,29538,4
Vettie,,0,29538,0
Ochunraz,,0,29534,0
Mayami,,0,29530,2
Caca,,0,29524,0
Icuce,,0,29523,1
Dripdrip,,0,29505,0
Bocat,,0,29505,9
Nira,,0,29504,0
Abejim,,0,29499,2
Ishal,,0,29465,0
Irciga,,0,29459,0
Yummy,,0,29457,8
Ceja,,0,29453,1
Lega,,0,29450,0
Homa,,0,29441,2
Yasmen,,0,29439,1
Ogret,,0,29439,0
Muvi,,0,29428,2
Bena,,0,29427,0
Boerinneke,,0,29423,0
Huduz,,0,29416,8
Joddy,,0,29415,2
Zucave,,0,29412,3
Tije,,0,29400,0
Tithi,,11,19933,0
Syndeytv,,0,19911,0
Nala,,0,19898,0
Izuz,,0,19887,0
Devuz,,0,19881,0
Alas,,0,19880,0
Chinay,,0,19879,0
Techere,,0,19879,0
Tochit,,0,19876,0
Jeongyeon,,0,19875,0
Edrarga,,0,19871,0
Fess,,0,19871,0
Hathel,,0,19867,1
Meve,,0,19863,0
Rijana,,0,19863,0
Sethi,,0,19855,0
Evadim,,0,19853,0
Evrebid,,0,19853,0
Karda,,0,19853,0
Jirim,,0,19852,1
Blau,,0,19852,0
Aragorn,,0,19851,0
Sergey,,0,19848,0
Jianna,,0,19848,0
June,,0,19848,0
Ejakrit,,0,19846,0
Piece,,0,19845,0
Nahal,,0,19844,0
Triss,,0,19843,1
Elezi,,0,19842,0
Devoja,,0,19842,0
Msaar,,0,19841,0
Zajani,,0,19839,0
Jekuve,,0,19837,0
Ezem,,0,19836,0
Lahalito,,0,19832,0
Atod,,0,19829,0
Enig,,0,19828,0
Zuzimass,,0,19827,0
Rubens,,0,19827,0
Huge,,0,19827,0
Eventmage,,0,19827,0
Efridna,,0,19826,0
Ennevrut,,0,19825,0
Athaki,,0,19823,1
Onneze,,0,19823,0
Wonka,,0,19821,0
Jati,,0,19820,0
Wanago,,0,19819,0
Zuri,,0,19819,1
Oskith,,0,19816,0
Rahana,,0,19816,0
Azoz,,0,19816,0
Marina,,0,19815,0
Luly,,0,19814,1
Etuba,,0,19814,1
Ocul,,0,19814,1
Daniel,,0,19812,0
Ogize,,0,19812,0
Efemer,,0,19811,0
Yriy,,0,19810,0
Bollis,,0,19810,1
Francesco,,0,19808,0
Yaiehhsh,,0,19807,0
Gundan,,0,19807,0
Etava,,0,19806,0
Vincents,,0,19806,0
Akcia,,0,19802,0
Athezel,,0,19802,0
Amolles,,0,19802,0
Hisa,,0,19798,1
Tahi,,0,19797,0
Danalli,,0,19796,0
Roland,,0,19795,2
Otik,,0,19794,1
Oorwullie,,0,19794,0
Gokek,,0,19793,0
Arducha,,0,19792,0
Caza,,0,19791,0
Julia,,0,19790,0
Nere,,0,19790,1
Busisi,,0,19787,1
Ckpukk,,0,19786,1
Kamila,,0,19786,0
Dedmoped,,0,19785,1
Cunus,,0,19785,0
Wewu,,0,19784,0
Drake,,0,19784,0
Stela,,0,19782,1
Icokri,,0,19781,0
Vuvrute,,0,19780,1
Adina,,0,19779,0
Evos,,0,19777,0
Idnagal,,0,19776,0
Voha,,0,19776,0
Ithuthe,,0,19775,0
Jjshh,,0,19774,0
Bryan,,0,19773,0
Vecaz,,0,19772,0
Spanky,,0,19771,1
Rimille,,0,19768,0
Rurdovi,,0,19766,0
Anrod,,0,19766,1
Mrdope,,0,19766,0
Bracus,,0,19766,1
Eshirgol,,0,19765,1
Sectmaster,,0,19765,0
Taki,,0,19765,0
Eminos,,0,19763,0
Storm,,0,19763,0
Vashi,,0,19763,0
Gahesa,,0,19762,0
Misishi,,0,19761,1
Lilbunny,,0,19761,0
Kieth,,0,19760,0
Heero,,0,19759,1
Adralas,,0,19757,0
Durdas,,0,19756,0
Sasumya,,0,19756,1
Tobias,,0,19755,1
Borkolus,,0,19755,0
Eriz,,0,19755,1
Zaraza,,0,19751,0
Vahizi,,0,19751,1
Hoza,,0,19750,0
Sural,,0,19750,0
Sherry,,0,19749,0
Bordi,,0,19745,1
Ithod,,0,19745,0
Terenre,,0,19744,0
Damungo,,0,19744,0
Iceve,,0,19744,0
Enkiee,,0,19743,0
Motra,,0,19741,0
Cekra,,0,19738,2
Dleij,,0,19736,0
Finalboss,,0,19736,1
Guva,,0,19734,0
Elana,,0,19734,0
Odes,,0,19733,0
Ishuk,,0,19732,1
Buche,,0,19731,0
Metida,,0,19731,0
Undertaker,,0,19731,0
Jiso,,0,19730,0
Kirdog,,0,19730,1
Difram,,0,19730,0
Leila,,0,19729,0
Inoino,,0,19729,0
Anim,,0,19726,0
Dacoka,,0,19722,0
Kleoz,,0,19721,0
Stekiss,,0,19721,2
Reuperts,,0,19720,0
Oratha,,0,19720,0
Nihotha,,0,19715,0
Griselada,,0,19715,0
Diana,,0,19714,1
Kiji,,0,19710,1
Trotskie,,0,19709,0
Goddess,,0,19701,0
Steam,,0,19701,0
Rartase,,0,19697,0
Aked,,0,19694,0
Ordit,,0,19690,0
Izaz,,0,19689,0
Gaji,,0,19688,1
Lorena,,0,19687,2
Bedri,,0,19686,0
Jocek,,0,19685,0
Vulvatron,,0,19685,0
Doji,,0,19684,2
Katymaga,,0,19683,0
Korjudo,,0,19681,0
Lyra,,0,19681,1
Himera,,0,19680,1
Ithas,,0,19678,0
Jiseche,,0,19674,3
Ahura,,0,19668,0
Julia,,0,19667,0
Smokejoint,,0,19662,0
Kagan,,0,19659,0
Saint,,0,19659,0
Lenna,,0,19656,0
Molly,,0,19654,1
Adrodis,,0,19651,1
Pirulin,,0,19650,1
Pizda,,0,19648,0
Ozblong,,0,19646,0
Lazids,,0,19646,0
Amxn,,0,19640,1
Sagebabe,,0,19638,0
Hosi,,0,19637,3
Gashaca,,0,19632,0
Jimi,,0,19632,0
Jenefer,,0,19628,0
Vise,,0,19626,0
Tiname,,0,19626,2
Annuk,,0,19624,2
Isadnuk,,0,19623,1
Mehi,,0,19621,4
Chilng,,0,19621,1
Evolve,,0,19620,4
Zoze,,0,19620,3
Eshuchum,,0,19618,0
Edethi,,0,19613,0
Guji,,0,19608,0
Heals,,0,19607,2
Enos,,0,19606,1
Dark,,0,19606,1
Suddenly,,0,19604,0
Taca,,0,19602,0
Robiria,,0,19602,3
Tirkeca,,0,19601,1
Ellavrig,,0,19599,1
Dohi,,0,19598,0
Derke,,0,19588,0
Ekrafrug,,0,19586,1
Valencia,,0,19583,0
Hecate,,0,19582,1
Kuve,,0,19581,0
Golum,,0,19575,1
Masquette,,0,19575,1
Sora,,0,19570,0
Idnig,,0,19568,1
Norza,,0,19567,1
Garik,,0,19565,0
Dokana,,0,19565,1
Miss,,0,19564,2
Marvin,,0,19556,3
Ethol,,0,19553,1
Merling,,0,19549,4
Event,,0,19542,0
Azizi,,0,19541,1
Cephasx,,0,19536,5
Sahuja,,0,19519,3
Heshi,,0,19510,0
Benitor,,0,19503,1
Hunaz,,0,19499,8
Visenya,,0,19494,0
Efrihed,,0,19491,2
Egidri,,0,19490,0
Mibi,,0,19481,2
Farmboi,,0,19479,0
Dyosa,,0,19459,2
Alexi,,0,19438,0
Jokrul,,0,19417,3
