Koriamgod,,1871,1339414,2
Chinacloud,"War Hero",1902,1329433,2
Koryalla,,1810,1309471,1
Chinamwm,,1839,1309445,3
Koreagzone,,1739,1309405,3
Chinadoll,,1707,1299478,2
Korail,,1834,1289574,0
Korggolcho,,1574,1289424,1
Kungpaogao,,1486,1279422,2
Csha,,1433,1269417,2
Skylune,,1352,1259470,4
Chinamimi,,1420,1259443,4
Mahara,Challenger,1089,1249479,1
Rucovid,,1287,1249472,3
Sauzer,,1374,1239413,1
Maga,,1436,1229489,0
Korshoong,Warlord,1278,1229480,2
Korgochu,,1145,1219583,0
Hekateiii,,1212,1219473,5
Lowfps,,1387,1219456,3
Korzzang,,1310,1209565,0
Erzaph,,1312,1209498,3
Kinnu,,1223,1209489,4
Koreaone,,1065,1209425,3
Croon,,1237,1199504,4
Chinadfs,,1039,1179493,2
Athera,,1209,1179489,6
Litlbch,,1290,1179475,3
Korllovoy,,1047,1179469,1
Korjune,,1188,1179438,5
Kotka,,1095,1169423,1
Guthiz,,1380,1169417,6
Korsoso,,1020,1159661,1
Avatar,,1079,1159456,9
Eruun,,1069,1159454,4
Synbul,,1158,1159450,3
Kbot,,1198,1159449,4
Protovesta,Centurion,1389,1149439,0
Lovecraft,,1370,1139523,3
Sijorki,,1174,1139490,1
Bathak,,1126,1139467,8
Mahara,,1026,1139421,1
Chinaade,,1099,1129529,3
Erimizein,,861,1129527,4
Mogull,,1027,1129521,0
Shiymmas,Centurion,1354,1129462,2
Qmage,,1146,1129434,10
Endor,,1024,1129433,2
Korshay,,980,1129427,10
Christine,,1187,1119473,9
Vincent,,1147,1119467,6
Kormansaok,,1047,1119417,7
Opthimus,,1380,1109627,2
Bubu,Challenger,1210,1109589,1
Koreana,,996,1109562,2
Eroz,,1020,1109543,6
Hodi,,1208,1109532,7
Kyira,,1138,1109491,9
Yong,,1113,1109482,9
Dearmoon,Challenger,982,1109470,1
Sauzer,Centurion,822,1109464,4
Gandolf,,1038,1109463,9
Koral,,929,1109450,3
Rigra,,740,1109420,9
Kormisskim,,1090,1089624,1
Grymsch,,963,1089610,4
Okdog,,1147,1089599,0
Pangolina,,1220,1089501,2
Chinatang,Challenger,1039,1089479,3
Hexa,,1079,1089471,3
Chinalimai,,1180,1089458,1
Kordiablo,Challenger,972,1089451,3
Shewalk,,441,1079616,7
Chinaseven,,904,1079464,2
Anbrichie,,969,1079439,4
Orion,,962,1079432,4
Artas,,1221,1079420,2
Midnight,,900,1079407,1
Kura,,766,1069508,10
Sora,,1232,1069501,1
Rasputin,,776,1069471,7
Gekko,,1191,1059610,0
Mikedrei,,940,1059594,5
Marcos,Challenger,874,1059544,8
Enone,,1083,1059543,1
Karmba,,920,1059536,5
Ladydee,,911,1059526,3
Onija,,828,1059521,2
Illiad,,1131,1059469,1
Jean,,859,1059423,11
Chinaapril,,887,1049629,2
Hera,,1083,1049457,2
Arcanist,,752,1049422,6
Efribes,,545,1049417,0
Gajeli,,959,1039669,0
Wang,,737,1039555,7
Zjzhw,,680,1039528,4
Newj,,801,1039512,6
Yujawang,,956,1039505,7
Invoker,,1195,1039423,12
Ranian,,787,1029613,3
Nuthaka,,494,1029562,3
Korkingdom,,718,1029509,2
Razathe,,943,1029500,7
Jomagia,,969,1029492,9
Narff,,751,1029445,2
Izalith,,873,1029421,8
Lacuhi,,1260,1019650,7
Rugrom,,827,1019549,0
Mandala,,834,1019514,1
Atom,,491,1019509,2
Divinely,,720,1019498,2
Tigbitties,Centurion,862,1019473,3
Berdy,,588,1019456,6
Qcid,,842,1019432,2
Eurica,,956,1019428,3
Boss,,634,1019427,2
Arzon,,780,1009630,2
Albu,,1028,1009611,11
Cechil,,559,1009576,4
Ebaz,,764,1009543,0
Grinder,,741,1009539,8
Chinastar,,1057,1009507,6
Livi,,751,1009498,0
Aries,,934,1009486,7
Abrotham,,631,1009480,4
Ashishet,,569,1009460,6
Hans,,485,1009441,7
Near,,411,1009431,9
Miranda,,977,1009415,7
Azorgi,,779,999491,7
Imobi,,363,999481,5
Gojira,Challenger,776,989573,2
Eventia,,596,989537,0
Rasi,,1032,989531,5
Bete,,638,989477,3
Averomodus,,743,989470,5
Wodtjs,,669,989430,4
Rutagan,Challenger,996,989426,8
Alora,,645,989405,0
Wolfmoon,,758,989402,1
Ishirzel,,663,979583,2
Ederok,,954,979571,5
Xvvx,,769,979524,8
Huthathi,,675,979459,2
Luobol,,684,979404,8
Aruki,,906,969466,1
Emuci,,509,969463,7
Senip,,476,969444,3
Zelda,,629,969443,0
Ocabros,,970,969423,13
Chinayyy,,808,959739,0
Hanhan,,774,959614,0
Cmasks,,387,959573,0
Kinula,,994,959564,3
Chinayao,,608,959564,6
Tara,,650,959537,1
Tinkerbell,,410,959514,1
Ocabrag,,692,959509,10
Deha,,936,959506,6
Rumba,,973,959470,2
Arkom,,825,959404,10
Hiti,,481,949537,2
Keute,,1042,949473,8
Kuzun,,896,949472,2
Ojik,,602,949471,0
Rusyulat,,504,939657,2
Egisil,,435,939601,12
Okorgat,,623,939537,6
Ikala,,981,939531,1
Gehunra,,606,939522,5
Runsk,,663,939479,1
Rellike,,519,939463,4
Maya,,379,939437,6
Zoke,,506,939406,3
Vetoz,,803,929632,4
Fenrir,,515,929564,1
Inret,,839,929559,6
Anal,,696,929519,1
Imacaster,,520,929515,11
Jecen,,679,929508,3
Tujavie,,779,929487,2
Lebice,,393,929482,3
Magus,,468,929478,6
Vithaz,,376,929475,0
Abaris,,728,929458,3
Rorka,,726,929425,4
Koronawa,,591,929423,11
Toja,,512,929417,3
Mastermage,Challenger,390,929401,0
Zzzzzz,,594,919598,2
Akon,,638,919540,2
Ovreba,,765,919538,2
Infinity,,725,919532,4
Kobra,,356,919493,2
Wizzy,,885,919470,2
Mmmmhmmm,,348,919466,2
Zeus,,333,919465,1
Lavril,,425,919457,5
Imagen,,843,919422,3
Lana,,520,919410,1
Adnutod,,426,919405,13
Cuziza,,304,919400,2
Korwater,,953,909886,0
Chinarxh,,786,909738,2
Dhyaan,,813,909653,3
Shinigami,,558,909653,2
Ivag,,639,909626,4
Ojija,,729,909620,2
Lsdaddict,,636,909603,7
Sarang,,675,909589,0
Ivrovril,,476,909582,2
Jidola,,594,909573,1
Zedra,,626,909568,4
Weras,,494,909561,1
Chinall,,746,909543,2
Jeju,,783,909479,5
Gordid,,492,909463,4
Asteris,,826,909442,3
Sacrigicle,,475,909441,3
Annul,,730,909433,4
Toast,,523,909432,1
Linuxzz,Challenger,645,899661,4
Alot,,284,899644,0
Muval,Challenger,650,899612,2
Kortotoro,,442,899583,8
Nisimej,,532,899564,1
John,,511,899539,0
Prasoreg,,796,899497,1
Johnson,,492,889680,2
Freyr,,559,889584,2
Alanna,,344,889540,3
Mani,,269,889535,0
Vazukri,,547,889532,2
Ichem,,694,889527,4
Lplpbest,,837,889521,13
Ricin,,644,889515,14
Gemfarmer,,492,889507,5
Allavrul,,358,889493,3
Oguga,,393,889451,3
Aluthi,,479,889448,7
Alnitak,,331,889443,0
Ardbeg,,460,889438,6
Kroupa,,270,889434,1
Warlord,,648,889411,1
Mianmian,,571,889410,1
Ekren,,422,879596,4
Kuwait,,370,879568,0
Magisteve,,432,879566,4
Ebrot,,469,879548,4
Chinaboy,,502,879544,7
Junnam,,370,879517,1
Evari,,679,879516,1
Degoz,,555,879494,4
Abramchik,,304,879486,2
Gace,,455,879486,0
Maldae,,476,879476,2
Akoz,,286,879473,13
Nicholas,,338,879457,2
Rady,,409,879454,5
Rona,,444,879451,2
Lotha,,274,879417,7
Jugona,,312,879400,5
Ebothim,,240,869564,0
Beggar,,448,869500,8
Russland,,508,869487,5
Cate,,256,869485,0
Isitha,,309,869453,1
Novame,,689,869440,7
Noob,,264,869439,3
Zohas,,489,869411,4
Xholod,,757,859724,0
Rurisi,,599,859678,7
Chinaxx,,580,859616,2
Vabri,,276,859598,11
Bihi,,594,859591,0
Gloria,,322,859590,7
Celuzi,,407,859568,5
Zero,,215,859550,6
Deyoo,,679,859546,3
Bryarkane,,490,859539,3
Ivebul,,260,859504,12
Rubaka,,684,859498,3
Nila,,645,859492,8
Thorson,,289,859488,2
Zauberine,,529,859460,2
Thunder,,286,859446,10
Jayna,,304,859446,4
Thedude,,437,859441,0
Rudrosi,Challenger,334,859423,4
Lionheart,,274,859404,2
Realka,,434,849686,5
Cole,,233,849629,1
Lacak,,778,849602,2
Tithek,,349,849590,2
Guaizhu,,210,849560,10
Ashagat,,330,849540,1
Ejiche,,686,849534,4
Stoka,,496,849528,0
Roke,,345,849519,7
Jeken,,277,849517,5
Yehao,,405,849516,9
Fireballz,,418,849454,1
Deja,,335,849452,3
Kkchu,,414,849441,6
Kegres,,309,849400,0
Arcelum,,375,839594,8
Orgorta,,440,839592,1
Doomsday,,522,839561,4
Cumi,,518,839503,0
Alema,,366,839494,7
Daran,,262,839478,1
Leila,,531,839474,2
Nirtorta,,307,839436,1
Vantruong,,179,839423,3
Mage,,528,839422,8
Jamik,,295,839418,0
Mavre,,324,839405,2
China,,568,829694,0
Sodon,,517,829657,8
Haha,,521,829620,1
Chinafan,,505,829606,4
Khaleezi,,456,829585,3
Seshi,,255,829583,4
Jinks,,237,829575,2
Galasteria,,614,829570,1
Golddigger,,475,829541,1
Sashe,,248,829539,0
Tezi,,455,829481,9
Giga,,231,829470,4
Chinav,,494,829468,3
Jenara,,311,829462,2
Asima,,344,829449,11
Zarkete,,496,829449,3
Zeda,,287,829448,11
Sashal,,247,829426,0
Bibi,,278,829425,6
Navenna,,327,829421,2
Izon,,330,829421,6
Norzi,,261,819603,1
Kralova,,449,819601,1
Tugrin,,478,819575,1
Omem,,659,819571,3
Hera,,574,819570,0
Notok,,410,819543,5
Ecadod,,184,819535,9
Onnon,,473,819530,0
Erzina,,615,819528,1
Raskor,,242,819526,9
Osham,,406,819513,5
Kvignik,,308,819506,1
Dxmao,,452,819499,2
Otitha,,601,819494,9
Sole,,597,819485,4
Kici,,491,819481,2
Morgan,,273,819476,5
Tanya,,403,819474,8
Aswang,,360,819438,4
Nerkile,,259,819438,1
Flavioluiz,,281,819434,5
Onetwo,,210,819433,1
Agent,,351,819433,1
Bafri,,252,819408,3
Nick,,371,819403,5
Herd,,497,809762,0
Josi,,548,809749,2
Kichun,,404,809749,1
Deni,,276,809728,0
Benbeny,,488,809700,0
Domination,,618,809667,1
Juta,,217,809665,0
Beffi,,553,809659,0
Mina,,351,809657,0
Sisafri,,292,809640,0
Oshathuk,,580,809634,5
Mucia,,162,809633,0
Zeke,,439,809628,1
Raistlin,,228,809619,0
Goldwow,,398,809616,0
Dork,,442,809611,0
Agni,,639,809598,8
Persefone,,259,809595,2
Gidi,,374,809591,4
Love,,250,809588,1
Khaled,,321,809580,1
Callah,,372,809576,1
Mithizuru,,568,809576,0
Diaodiaode,,290,809568,9
Nanrise,,565,809567,2
Athale,,386,809556,3
Ciel,,421,809554,0
Talia,,431,809549,0
Wildiin,,338,809531,17
Queenmaker,,631,809527,1
Angryvag,,225,809515,4
Wilk,,442,809510,1
Pinkruby,,425,809509,1
Sorkurga,,314,809508,3
Nuna,,177,809506,3
Gezi,,249,809495,18
Vukra,,402,809490,0
Zavras,,415,809478,3
Agurzez,,174,809473,6
Anibal,,313,809470,1
Zorze,,464,809463,28
Lass,,514,809458,3
Majkl,,310,809442,9
Gerda,,229,809439,2
Ikune,,565,809439,13
Ozone,,195,809408,13
Sunae,,288,809401,3
Tmpink,,252,799613,2
Ruvuma,,272,799610,3
Sena,,282,799565,2
Nachus,,347,799564,5
Jenedri,,303,799524,3
Dura,,376,799511,9
Ekije,,217,799506,4
Dangeun,,381,799445,9
Ochula,,509,799437,3
Nagre,,296,789581,0
Rona,,529,789553,0
Sothe,,548,789532,2
Nobrand,,294,789516,5
Evak,,451,789493,8
Baelor,,321,789482,0
Ivuka,,227,789446,7
Evren,,219,789445,0
Cegus,,229,789431,0
Koci,,204,789423,3
Clodhopper,,344,789407,11
Adus,,429,779605,2
Sercusa,,396,779600,0
Chinasea,,485,779579,1
Magehero,,481,779518,9
Efrum,,358,779513,3
Lehe,,178,779507,4
Ekagi,,305,779496,8
Nightwishh,,360,779487,9
Lydia,,279,779482,2
Zannah,,204,779481,0
Alubra,,254,779477,2
Vashe,,513,779460,1
Okak,,242,779433,4
Aednr,,251,779417,4
Tequila,,204,779413,5
Edrellun,,279,769619,0
Votha,,256,769580,0
Neutronium,,446,769532,6
Cybage,,313,769523,2
Idros,,198,769480,0
Moci,,232,769475,4
Experiment,,200,769460,6
Lioness,,198,769435,13
Embong,,239,769431,2
Dona,,226,769428,8
Celestial,,340,769425,7
Tagit,,447,759763,0
Zorkug,,592,759698,1
Jiangwei,,332,759693,0
Keban,,169,759656,1
Eban,,213,759609,10
Bronwynn,,364,759607,2
Lyon,,469,759606,5
Dabre,,217,759592,3
Obulla,,430,759591,2
Wizard,,172,759590,1
Keute,,320,759574,9
Wolfstar,,503,759556,4
Bean,,186,759538,4
Eatrice,,367,759526,0
Erzama,,428,759524,2
Tormenta,,302,759496,3
Orcug,,246,759454,12
Asoka,,245,759409,8
Vivrom,,224,749661,0
Magdarius,,258,749653,7
Vera,,250,749648,7
Iheca,,161,749642,0
Getami,,171,749572,0
Voraja,,223,749549,8
Phjcool,,409,749517,0
Mola,,373,749476,0
Moka,,209,739689,1
Ajari,,518,739624,1
Noname,,195,739550,1
Ogrid,,184,739536,10
Hellel,,187,739520,0
Bercot,,331,739513,4
Deda,,301,739513,13
Abel,,279,739506,1
Agruk,,258,739480,5
Keto,,165,739474,2
Ithobuk,,208,739454,4
Rasputin,,195,739400,4
Horst,,398,729629,6
Mephis,,203,729623,4
Miziti,,264,729604,3
Gomphrena,,238,729603,1
Ozoli,,424,729595,1
Irdez,,481,729576,5
Azit,,311,729557,5
Idad,,590,729545,5
Neguta,,255,729545,3
Gamakra,,344,729540,12
Seres,,334,729539,4
Erica,,237,729501,7
Gucci,,323,729467,10
Adnillan,,392,729466,7
Purdeep,,286,729464,5
Edada,,247,719651,7
Bege,,357,719649,0
Bran,,169,719615,7
Fairycarry,,149,719599,3
Ethened,,167,719597,5
Evrulcn,,470,719592,3
Bebe,,216,719569,5
Ithises,,187,719560,2
Aruri,,207,719554,0
Hank,,246,719545,1
Bella,,417,719492,2
Pikot,,258,719407,17
Baotianba,,754,709899,0
Chinaycc,,600,709852,2
Enreg,,461,709781,1
Chinaccav,,504,709749,2
Paris,,273,709736,0
Shin,,517,709721,7
Icingrain,,357,709715,1
Iceberg,,334,709711,0
Xavar,,575,709709,2
Icewind,,434,709695,7
Hurtek,,243,709676,0
Gagud,,523,709636,2
Firefly,,184,709629,2
Meta,,229,709615,4
Temptress,,232,709609,2
Misty,,445,709603,4
Irdod,,172,709599,4
Apoxiema,,270,709589,3
Fawang,,167,709570,4
Jargan,,264,709564,2
Sona,,237,709527,2
Guzi,,230,709520,0
Samaran,,190,709505,2
Moldrek,,240,709504,4
Sushi,,393,709484,3
Kiba,,445,709455,6
Brazzuca,,342,709442,3
Jahwganaut,,418,709412,4
Hela,,214,699589,0
Zerocool,,423,699559,1
Aurumcapto,,383,699545,0
Adnemuk,,299,699528,7
Cana,,178,699502,4
Jathon,,189,699496,6
Queen,,489,699484,5
Todame,,307,699474,1
Dangalf,,284,699470,0
Buma,,157,699440,2
Ocade,,220,699429,2
Sera,,271,699400,7
Oshaz,,249,689618,3
Sirci,,270,689603,0
Lize,,243,689598,0
Mebede,,168,689573,4
Ofret,,290,689568,4
Elen,,431,689522,0
Cicid,,342,689520,3
Xxiao,,122,689509,6
Othig,,295,689498,7
Eshin,,388,689495,2
Araxia,,407,689490,5
Runtoyou,,340,689463,1
Allin,,387,689458,4
Xiera,,162,689455,0
Lore,,205,689452,3
Chepatwo,,155,689448,6
Bzyczek,,367,689442,12
Goci,,316,689441,2
Hoshen,,224,689431,3
Ekrali,,399,689425,4
Song,,502,689424,1
Ordut,,189,689418,7
Zelishi,,342,689406,0
Abstrakt,,425,679738,0
Time,,317,679652,2
Wuber,,145,679626,3
Tigrez,,217,679624,1
Ojele,,238,679569,4
Ijez,,170,679541,1
Mariposa,,208,679533,0
Sage,,467,679509,3
Jstkra,,216,679498,2
Ethohel,,422,679481,3
Norca,,351,679423,5
Alis,,145,669705,3
Floki,,300,669687,9
Tirzus,,131,669642,7
Tiktak,,157,669634,5
Radagast,,178,669593,7
Raistlin,,316,669570,3
Obreca,,144,669565,3
Engelbrekt,,202,669563,4
Zartire,,255,669547,1
Abra,,157,669526,3
Elordi,,164,669500,1
Lasodra,,425,669490,2
Vesha,,233,669481,2
Jaem,,175,669479,3
Vovaba,,202,669468,3
Ishudne,,153,669422,10
Illa,,177,669407,14
Corcula,,481,669402,4
Zegeba,,234,659733,3
Anute,,189,659726,3
Moridin,,178,659705,0
Boba,,325,659686,4
Lethul,,320,659680,4
Lisxx,,415,659674,0
Azshara,,209,659674,3
Leme,,265,659666,6
Muthaz,,353,659662,6
Woojae,,433,659644,3
Windsor,,437,659627,7
Roshi,,150,659620,9
Inem,,153,659612,2
Mule,,205,659607,0
Bomboc,,232,659595,3
Zero,,134,659584,6
Jeka,,233,659576,7
Keca,,209,659573,0
Aura,,173,659563,11
Doudou,,197,659559,2
Kleinbazin,,258,659555,4
Nire,,210,659544,3
Vigenne,,190,659529,3
Kaha,,169,659510,6
Gori,,171,659504,5
Chaydar,,230,659499,4
Teset,,147,659473,3
Duggada,,209,659468,6
Ados,,232,659438,5
Zenovia,,240,659409,6
Hehesi,,270,649653,7
Varkus,,163,649652,4
Freya,,273,649539,15
Irtad,,170,649522,0
Otaja,,328,649520,1
Lilium,,162,649495,1
Mercy,,251,649489,6
Wizzylizy,,229,649471,5
Coubie,,151,649453,9
Mergunna,,248,649445,10
Newty,,161,649444,3
Balls,,122,649438,5
Zeby,,162,649438,3
Orzaka,,206,649429,1
Jola,,355,649421,7
Badnat,,246,639640,2
Melkior,,191,639616,0
Scholes,,338,639602,1
Neberdi,,152,639580,3
Zunne,,159,639569,5
Celest,,97,639568,3
Gandalf,,201,639546,2
Opaland,,188,639528,2
Enifer,,127,639514,9
Stefan,,312,639491,0
Majsi,,165,639412,3
Bollek,,228,629744,4
Noliza,,297,629680,2
Anin,,208,629674,0
Kezet,,134,629645,6
Veson,,171,629622,16
Agrarid,,266,629617,0
Megapihar,,134,629609,1
Mila,,335,629597,3
Xiaochuan,,162,629588,1
Data,,170,629572,0
Mahuli,,332,629565,15
Yoko,,336,629550,3
Odesa,,234,629485,4
Erem,,178,629455,2
Roze,,167,629455,11
Onrevol,,152,619690,6
Delemr,,266,619682,0
Aisa,,321,619655,0
Ercunra,,297,619646,2
Zecarias,,295,619606,0
Athisheg,,169,619590,4
Event,,217,619581,2
Jimed,,136,619551,1
Bena,,309,619533,7
Akinna,,201,619512,9
Ozzy,,241,619495,2
Karen,,176,619449,6
Annihos,,160,619442,3
Chinawiner,,260,609844,1
Mane,,329,609792,0
Llllllll,,97,609778,1
Gorgon,,312,609772,0
Zusa,,202,609762,0
Mofre,,106,609757,1
Rodri,,200,609740,1
Laffcarlgb,,472,609720,0
Agal,,97,609706,0
Afrurkad,,472,609705,0
Liathano,,267,609701,0
Calypso,,274,609697,0
Ituli,,336,609689,0
Laogui,,143,609667,13
Oduji,,191,609658,0
Vigris,,152,609650,1
Ojig,,90,609645,2
Higum,,148,609641,0
Doshata,,157,609626,0
Song,,364,609622,2
Ahum,,313,609595,0
Myalgia,,188,609592,13
Erigi,,209,609586,1
Jeme,,143,609575,0
Jerga,,225,609574,1
Itirca,,196,609569,0
Casubri,,186,609566,0
Asim,,140,609561,8
Retog,,175,609561,2
Jopo,,369,609560,4
Xaro,,207,609554,11
Irkilla,,143,609553,0
Pewyb,,298,609548,13
Joheje,,141,609538,2
Meilena,,137,609537,3
Sylvin,,145,609533,3
Athem,,278,609521,6
Ralaz,,155,609499,6
Ocerda,,158,609498,0
Tuvieja,,171,609483,3
Raichand,,172,609475,7
Vethalli,,123,609435,19
Libruk,,229,599643,4
Talos,,166,599643,3
Azit,,183,599585,8
Fiffi,,270,599535,4
Iviz,,126,599502,6
Callmecat,,190,599471,3
Ketan,,385,599469,10
Aawsm,,167,599467,9
Dorkoz,,126,589726,3
Hotiha,,118,589690,1
Kimposs,,102,589597,1
Eshuva,,142,589570,0
Echum,,279,589547,0
Cheese,,157,589546,0
Ovrad,,396,589509,3
Killer,,107,589504,23
Javimi,,165,589503,3
Adema,,278,589492,5
Elendia,,288,589476,13
Maerick,,140,589450,2
Irgunriz,,108,589441,3
Pwnstar,,147,589413,6
Allathe,,234,589401,10
Elvenar,,343,579789,1
Cosi,,120,579645,3
Vega,,123,579628,5
Isag,,338,579625,2
Margarynna,,151,579560,0
Pipopupu,,126,579552,5
Sari,,128,579549,4
Rico,,108,579545,1
Lesi,,111,579511,7
Weed,,221,579509,3
Montana,,200,579503,0
Acem,,193,579479,5
Highshock,,120,579473,10
Sorga,,179,579443,1
Zathez,,183,579436,3
Jenne,,218,579435,3
Nethara,,334,569680,0
Methon,,106,569645,2
Iculi,,115,569643,1
Lucius,,113,569633,0
Beta,,199,569618,1
Lorca,,109,569614,11
Titya,,239,569594,0
Nogri,,226,569592,1
Dahi,,139,569587,0
Zofi,,153,569586,1
Mirabar,,186,569562,1
Myuu,,146,569554,1
Dorta,,118,569538,9
Enut,,262,569508,3
Yummies,,142,569500,5
Hukride,,207,569481,2
Agrulos,,232,559831,0
Relara,,246,559810,2
Maotalife,,192,559808,0
Atahe,,369,559778,1
Voca,,201,559763,4
Ardidog,,66,559752,0
Ezuta,,178,559711,0
Arirtas,,172,559685,0
Irtud,,240,559684,1
Egraha,,155,559644,1
Othon,,308,559641,0
Arawet,,171,559613,5
Kakamega,,124,559604,1
Boytoy,,133,559600,5
Reaved,,281,559586,3
Sashathi,,101,559579,0
Nunnom,,247,559567,0
Chinaski,,110,559557,4
Pokusica,,167,559508,4
Cathal,,267,559507,6
Wrath,,212,559474,0
Rivendera,,75,559470,17
Puck,,118,559467,9
Modobe,,292,559466,6
Oterug,,380,559463,3
Warren,,166,559435,5
Jucece,,241,549803,0
Dithis,,150,549573,3
Death,,101,549544,7
Ashek,,181,549543,7
Satierf,,198,549529,4
Kazipka,,179,549523,3
Rachido,,267,549509,3
Rock,,77,549503,10
Ashaza,,129,549472,0
Jahnine,,128,549404,3
Racha,,77,539727,1
Chinalong,,203,539689,1
Raval,,133,539675,3
Deathgaze,,129,539623,9
Dummy,,84,539622,5
Kendal,,86,539609,3
Miftaos,,88,539595,5
Oldsnake,,149,539593,9
Ahin,,148,539592,1
Abili,,91,539581,2
Done,,107,539540,1
Zimi,,135,539532,0
Azazit,,62,539525,1
Salome,,143,539520,3
Ezenne,,105,539516,8
Nicknick,,135,539505,3
Irkollam,,126,539499,2
Jololle,,179,539498,6
Inrasa,,126,539498,2
Mitzi,,184,539497,6
Arwen,,175,539489,2
Esahuk,,122,539485,8
Irdakre,,218,539480,4
Billikri,,127,539477,3
Emanne,,403,539473,2
Godric,,121,539472,5
Ercece,,100,539450,1
Tala,,104,539435,9
Atothat,,106,539407,0
Imutha,,116,529737,1
Adama,,47,529737,7
Luli,,226,529674,4
Apoy,,145,529663,2
Tuni,,219,529652,1
Metalman,,98,529631,8
Thor,,82,529603,8
Bache,,112,529601,4
Impyronia,,180,529590,10
Nerken,,101,529578,0
Goco,,164,529576,5
Hilary,,108,529573,4
Zohide,,155,529563,1
Sili,,223,529539,2
Suhik,,257,529534,0
Flix,,235,529533,14
Vvvv,,197,529502,10
Ghooorza,,285,529495,3
Artiz,,157,529483,17
Ginri,,170,529480,0
Etheve,,113,529467,19
Athela,,134,529460,0
Evet,,108,529459,8
Emez,,160,529419,2
Sirti,,65,519756,1
Visil,,207,519730,0
Handrake,,98,519722,1
Cozi,,197,519702,1
Cuzari,,103,519687,0
Kiera,,121,519638,6
Badon,,82,519630,7
Irannud,,133,519610,2
Ahoha,,93,519609,2
Longlass,,219,519594,7
Icihi,,301,519582,0
Etetun,,118,519581,3
Tagir,,110,519575,6
Asha,,179,519563,10
Zoemiamor,,129,519563,1
Buvale,,206,519562,1
Ocudnum,,133,519530,3
Ateg,,115,519521,2
Jecude,,78,519520,1
Markussec,,129,519512,3
Ksardass,,134,519487,7
Bharer,,135,519475,6
Zonis,,134,519460,11
Fawangx,,89,519456,7
Ezra,,133,519446,6
Hise,,177,519446,8
Nkei,,266,519439,5
Jerga,,106,519400,10
Cethe,,193,509801,0
Sorl,,65,509782,1
Atel,,122,509778,0
Ircecil,,213,509772,0
Vicky,,119,509741,0
Jaci,,141,509729,0
Sophie,,170,509723,2
Psikuta,,141,509723,0
Orcel,,257,509722,0
Shriek,,153,509721,0
Cosusha,,149,509705,1
Anut,,129,509694,0
Chinakier,,307,509693,3
Adqw,,168,509690,0
Yuna,,178,509689,0
Keme,,134,509687,4
Othekes,,127,509682,0
Ishoni,,155,509671,2
Hihi,,90,509671,0
Menada,,82,509665,1
Vedi,,175,509654,0
Magicman,,175,509651,0
Raki,,177,509644,2
Inneriz,,113,509643,0
Vorkina,,103,509640,12
Guldan,,70,509629,15
Milerza,,65,509629,0
Rainer,,175,509625,0
Mubibi,,104,509625,1
Zogak,,221,509623,0
Odome,,142,509621,2
Borce,,119,509621,1
Thry,,58,509620,1
Asheg,,136,509614,1
Likrubra,,108,509610,1
Zetase,,87,509596,1
Gejake,,201,509587,5
Noich,,147,509583,3
Saget,,106,509571,0
Mome,,130,509568,8
Asifreg,,101,509568,4
Oruz,,214,509567,14
Ivridat,,121,509565,0
Duta,,78,509564,4
Ollotham,,136,509560,4
Lovarazs,,114,509559,0
Jarutha,,106,509547,1
Shiroe,,134,509536,2
Loki,,92,509517,1
Efima,,306,509499,2
Muhore,,185,509493,0
Eviva,,95,509477,0
Whisper,,155,509462,7
Lilyrose,,91,509453,0
Ceren,,114,499676,0
Ahera,,148,499650,0
Jessixa,,132,499646,3
Temp,,167,499632,2
Chrinnah,,277,499585,20
Jessica,,93,499581,1
Gitel,,74,499579,7
Esorce,,84,499570,2
Shiroe,,139,499555,2
Ivet,,51,499547,7
Purpletemp,,191,499521,3
Orol,,127,499487,1
Tubi,,91,499470,7
Miriam,,144,499449,8
Avacim,,171,499435,7
Jabruva,,174,499427,3
Cinisi,,160,489735,0
Mystic,,71,489733,1
Amuro,,206,489728,4
Melle,,125,489725,0
Kuna,,91,489628,6
Inorgi,,142,489625,0
Vise,,129,489598,1
Iduthi,,166,489598,17
Orzuthi,,94,489588,0
Rain,,137,489581,1
Omas,,102,489571,5
Vebivi,,70,489571,0
Eufrasio,,79,489567,0
Enlil,,87,489567,0
Eterod,,45,489562,16
Lennum,,109,489516,3
Bossbruhh,,132,489515,4
Kominbaby,,117,489511,6
Baliwww,,90,489508,4
Varga,,133,489483,5
Realexand,,231,489480,2
Mijozi,,151,489466,1
Vube,,100,489461,1
Ovronne,,99,489431,1
Alice,,93,489408,3
Holybeanz,,73,479753,6
Sunday,,134,479694,2
Merlin,,104,479686,2
Viviva,,183,479677,1
Kinos,,174,479629,0
Dezed,,108,479629,0
Hille,,92,479586,1
Gacuva,,169,479585,3
Icad,,137,479561,1
Busog,,142,479556,2
Orates,,118,479540,10
Ausbjorn,,102,479494,3
Cecelia,,93,479480,4
Ikon,,244,479473,1
Vhtgu,,265,479445,0
Tasanasi,,93,479440,0
Ashoz,,350,469753,1
Jihyo,,89,469667,0
Rodna,,84,469664,0
Acethe,,67,469646,10
Ihosha,,68,469596,1
Neba,,121,469576,5
Dire,,75,469565,6
Osom,,72,469561,3
Masik,,56,469526,5
Grart,,119,469520,13
Rillum,,88,469518,3
Kripton,,75,469517,1
Emiji,,190,469490,4
Mseer,,152,469418,8
Efras,,76,469407,15
Nilabas,,119,469404,7
Vasi,,103,459868,0
Mageone,,178,459799,0
Athufra,,102,459795,2
Konrurze,,86,459790,2
Emmmm,,98,459781,1
Vanyel,,194,459772,1
Tian,,142,459764,3
Cxyan,,94,459742,2
Lane,,62,459734,2
Beba,,189,459722,0
Isik,,85,459719,0
Ikavi,,140,459718,1
Idran,,90,459708,0
Wojos,,33,459707,0
Stormy,,100,459706,6
Zerenimo,,65,459706,0
Tobas,,82,459704,0
Katikra,,97,459692,3
Sesherga,,290,459689,0
Karen,,71,459687,0
Jgel,,114,459686,0
Arag,,116,459685,0
Alia,,55,459684,0
Savvytrav,,165,459681,9
Irivrez,,69,459666,0
Varen,,68,459654,0
Wwww,,122,459642,2
Arose,,43,459635,0
Cirgaha,,95,459630,0
Rela,,209,459621,2
Mgtony,,144,459606,2
Minemagic,,65,459596,1
Nobig,,83,459583,0
Midom,,52,459566,6
Yookitwo,,71,459562,0
Magic,,173,459560,14
Onelen,,163,459537,0
Nimrod,,97,459532,4
Nefertari,,98,459513,0
Kzzzz,,104,459483,1
Murdock,,84,459471,0
Barte,,130,459469,9
Ovishi,,84,459469,12
Edramon,,84,459456,3
Curgi,,48,449782,0
Jaina,,86,449692,1
Andy,,116,449660,11
Acathe,,45,449657,1
Ogrevud,,108,449643,2
Erudad,,207,449609,2
Toaster,,135,449608,5
Shallan,,113,449593,0
Yokoku,,148,449573,2
Celas,,102,449572,3
Exchubs,,65,449565,5
Redni,,98,449553,2
Elso,,57,449551,0
Charmi,,67,449544,4
Enunul,,178,449534,10
Ajog,,177,449457,4
Orzodi,,76,449424,7
Boyangas,,119,449400,7
Sozura,,175,439782,1
Lechi,,34,439758,0
Cokrel,,72,439714,0
Ibeze,,39,439696,1
Gayle,,82,439677,5
Mulambo,,114,439658,3
Azurzi,,78,439637,2
Makoka,,134,439636,0
Recheatu,,144,439632,0
Lugin,,91,439617,1
Butating,,108,439614,0
Gandalf,,90,439596,3
Alukre,,85,439593,0
Neshed,,87,439558,0
Rositha,,194,439545,2
Mago,,81,439538,0
Laladjay,,75,439535,2
Marls,,119,439516,6
Vuvul,,75,439506,2
Kingsman,,66,439496,3
Baser,,93,439462,6
Jeke,,75,439451,3
Vethabi,,134,439421,2
Vordi,,223,439415,10
Annartil,,119,429714,4
Live,,247,429662,0
Sisterjob,,62,429656,8
Tool,,57,429642,1
Azine,,46,429621,0
Scarlet,,116,429618,0
Torom,,66,429609,1
Rushadow,,181,429606,6
Obihe,,31,429591,1
Token,,52,429543,4
Freeze,,90,429518,4
Joshonni,,235,429506,2
Gabola,,164,419817,0
Shargth,,68,419721,0
Fluffels,,73,419720,0
Avruz,,100,419718,3
Judak,,83,419717,2
Squishface,,120,419714,1
Speedy,,52,419690,1
Erdanne,,72,419634,3
Akurgol,,58,419609,7
Glenwild,,90,419581,1
Saza,,120,419579,3
Egized,,90,419567,1
Vachuba,,67,419559,1
Ecacul,,68,419556,2
Othom,,72,419503,3
Tila,,102,419466,16
Idratham,,198,409825,1
Aziz,,148,409790,0
Nijun,,188,409789,0
Lagertha,,55,409763,0
Nikolai,,301,409763,1
Dekrul,,124,409757,1
Zejel,,115,409753,1
Random,,90,409722,5
Delosi,,353,409718,0
Goldy,,30,409716,0
Ejothod,,166,409716,4
Acas,,101,409711,1
Ccpvirus,,275,409708,0
Agam,,109,409705,1
Dred,,82,409704,0
Pupu,,83,409694,0
Sircuvi,,23,409691,1
Terot,,39,409656,1
Alicja,,47,409656,1
Nishuve,,42,409645,4
Villa,,106,409645,0
Scourge,,89,409642,0
Isari,,181,409637,0
Ished,,50,409631,1
Atoki,,83,409631,0
Yurij,,36,409621,11
Harem,,64,409619,1
Zosice,,40,409614,0
Osut,,85,409610,2
Anosa,,84,409603,5
Vuki,,132,409598,0
Galem,,56,409597,1
Othese,,30,409594,0
Ajanre,,67,409566,0
Gdhs,,63,409560,0
Aroban,,98,409537,8
Doelkenyut,,65,409519,0
Light,,105,409483,0
Slantsix,,219,409454,8
Othaga,,66,409447,1
Hhok,,126,409419,4
Jooso,,72,399753,2
Kiza,,307,399736,4
Jugivri,,78,399720,1
Oken,,251,399701,5
Xfudge,,47,399687,1
Majra,,118,399604,2
Zoxx,,74,399601,2
Besarze,,84,399589,2
Echusi,,49,399586,3
Ases,,110,399557,1
Khyaa,,106,399498,3
Fashi,,61,399491,1
Otargat,,64,399475,4
Bhairava,,58,399475,11
Ezodnam,,57,389713,1
Tisha,,64,389712,1
Irticim,,29,389642,0
Simig,,63,389642,4
Geshi,,20,389631,3
Merlin,,44,389627,0
Ahon,,54,389626,1
Rochani,,168,389615,2
Yuum,,75,389615,0
Soja,,43,389578,3
Dogdogdog,,49,389577,2
Ednedon,,164,389575,0
Rinid,,184,389575,1
Durde,,105,389568,0
Omut,,50,389557,1
Zatana,,52,389545,0
Hidit,,104,389523,1
Ovogi,,104,389516,0
Ohanez,,151,389494,4
Event,,165,389427,6
Ichithok,,88,379760,1
Kuci,,48,379751,0
Baam,,23,379743,0
Egit,,73,379741,0
Camus,,99,379733,0
Kosog,,43,379724,3
Murki,,96,379721,0
Boribori,,25,379714,0
Freya,,42,379704,1
Ivohem,,72,379697,2
Thalana,,46,379684,2
Yuntian,,39,379674,10
Alella,,69,379673,6
Atol,,27,379668,0
Cenok,,30,379648,11
Ginnieee,,41,379624,5
Jjin,,92,379610,2
Darkmind,,169,379609,4
Ainz,,89,379602,5
Tico,,35,379580,0
Aluzad,,75,379578,0
Orgaz,,76,379567,8
Vacha,,110,379562,0
Odal,,66,379546,9
Lirke,,82,379514,5
Eveel,,89,379498,1
Afrolla,,183,379475,2
Tamure,,99,379417,1
Charlotte,,48,369843,0
Lily,,50,369807,0
Kova,,21,369773,0
Herzog,,23,369754,0
Zeitlos,,34,369740,0
Odnuli,,104,369735,4
Erkakal,,90,369720,4
Dekugri,,39,369683,0
Jisong,,76,369683,3
Edarguz,,127,369669,0
Zove,,114,369582,11
Hurzine,,86,369538,2
Eludim,,63,369528,6
Hana,,190,369495,3
Minnud,,57,369487,6
Ebije,,163,369481,3
Aladdin,,124,369481,0
Anrik,,31,359817,0
Morgana,,37,359791,0
Bishote,,61,359787,0
Itokra,,24,359779,0
Rethe,,261,359756,2
Hadin,,23,359751,0
Randa,,72,359748,0
Lelik,,115,359742,0
Ihan,,75,359731,3
Hobug,,152,359727,0
Vicari,,172,359683,0
Bananas,,65,359681,0
Fatpickle,,28,359678,0
Limen,,64,359671,0
Zuca,,31,359666,5
Enit,,23,359659,2
Waian,,46,359656,1
Keretaro,,118,359636,0
Haak,,45,359627,0
Rori,,36,359622,0
Ebilat,,44,359617,5
Ovebri,,48,359616,0
Evris,,50,359595,0
Testo,,78,359586,3
Jeles,,80,359568,8
Kkkkzzz,,47,359565,3
Neurologic,,155,359565,4
Afrun,,121,359517,0
Arkoge,,38,359514,0
Dini,,172,359470,3
Ivevan,,40,359469,0
Ilasum,,35,359445,8
Zorit,,42,349787,2
Cide,,44,349768,1
Eladi,,6,349767,1
Coperfil,,23,349729,0
Jace,,73,349698,0
Kennad,,61,349698,1
Baba,,66,349668,9
Nunad,,133,349661,1
Anbtwo,,19,349660,0
Akina,,18,349642,0
Zechad,,39,349627,1
Yoyoi,,140,349598,2
Goliath,,77,349596,1
Arcut,,90,349536,3
Link,,64,349527,0
Evrimi,,85,349497,5
Omud,,36,349485,5
Ezoli,,16,339742,4
Oberursel,,37,339737,1
Obijux,,54,339721,1
Meki,,37,339696,1
Ilurzez,,58,339687,4
Cithosi,,37,339663,0
Vochakra,,21,339629,0
Othehe,,43,339601,1
Lestrange,,33,339570,3
Ojumi,,44,339541,1
Gigiz,,20,339525,3
Enan,,110,339520,0
Athorgi,,34,339417,7
Rumim,,115,329819,0
Mikem,,14,329779,2
Captain,,117,329726,1
Natalia,,78,329702,0
Morta,,16,329684,5
Inrochon,,58,329658,0
Viza,,159,329647,5
Avithi,,43,329611,1
Hobbes,,89,329605,0
Adid,,59,329565,0
Lunatia,,69,319808,0
Space,,74,319790,1
Vera,,29,319771,1
Wrot,,17,319765,2
Juna,,73,319765,0
Quintana,,141,319760,2
Yooon,,52,319754,2
Afraca,,37,319722,2
Ehevas,,90,319718,1
Muzasa,,48,319692,1
Akrinum,,66,319690,2
Hamm,,38,319668,1
Ishilliz,,107,319664,3
Acal,,46,319653,3
Othivig,,29,319648,5
Grunkzilla,,143,319646,0
Sataz,,45,319632,2
Hehe,,35,319627,4
Anaz,,133,319622,2
Palacsinta,,108,319577,0
Xelmag,,80,319514,5
Abim,,35,309842,1
Alus,,45,309825,1
Abcdcba,,226,309820,0
Afruk,,18,309808,0
Inutha,,104,309801,0
Ghostenter,,14,309800,2
Darkmagic,,41,309792,0
Madesha,,54,309792,0
Kaly,,10,309777,0
Mumu,,64,309763,0
Neves,,26,309759,0
Azula,,117,309754,0
Dadi,,36,309754,0
Kira,,20,309745,0
Xxxirt,,33,309723,0
Kafre,,51,309721,2
Mymy,,249,309712,0
Emullaz,,32,309709,0
Hehe,,109,309708,3
Bednovri,,94,309703,0
Ollade,,55,309691,1
Hoci,,25,309685,3
Reba,,15,309680,1
Cematha,,27,309666,0
Ebon,,101,309666,1
Ivos,,88,309636,0
Sitom,,128,309577,2
Shazam,,12,299798,0
Ekukre,,24,299771,1
Bzdun,,3,299749,1
Javahi,,21,299692,4
Silage,,5,299639,3
Millonni,,55,299551,1
Bela,,117,299512,0
Covid,,39,289813,0
Ebumis,,11,289797,0
Mavez,,84,289785,0
Ifrikria,,26,289776,0
Minosha,,55,289761,0
Armitha,,24,289717,2
Asuri,,70,289699,1
Hand,,21,289621,6
Ethirzit,,89,289571,0
Vocahi,,133,289565,3
Nishum,,85,279830,1
Tateg,,74,279824,2
Lechuga,,7,279808,0
Liudajie,,23,279756,0
Captain,,112,279675,1
Ircot,,34,279672,3
Kikum,,86,279547,1
Edoras,,62,269862,0
Ethercen,,31,269806,0
Ulrich,,11,269743,0
Jynxmaze,,7,269742,0
Nedodna,,15,269670,2
Pyromancer,,23,269631,2
Ezun,,67,269582,9
Batha,,58,269558,2
Double,,95,259873,0
Nazgul,,1,259853,0
Merlin,,81,259844,0
Rened,,56,259835,0
Bucez,,11,259783,0
Octogoose,,96,259778,2
Kardihael,,234,259774,1
Gohi,,0,259734,0
Laras,,45,259714,0
Stasy,,19,259704,0
Woojs,,46,259703,0
Portobello,,2,259690,0
Junri,,36,259685,0
Come,,0,259645,3
Deathman,,63,249880,0
Hekuba,,20,249857,0
Vege,,0,249854,0
Lobra,,22,249842,0
Okovrag,,15,249841,0
Magessa,,3,249816,0
Validos,,4,249814,1
Duka,,74,249806,0
Gold,,207,249802,0
Ogabe,,58,249796,0
Kiyawuiat,,25,249793,0
Ggurka,,20,249785,0
Isul,,41,249783,0
Navri,,100,249779,0
Voden,,39,249749,0
Okak,,41,249727,1
Sini,,0,249725,0
Nethi,,50,249688,10
Ithuk,,0,239856,0
Sara,,0,239836,0
Sativa,,16,239792,1
Anubis,,0,239784,0
Bira,,40,239766,1
Judra,,38,239733,0
Nackwizard,,6,239714,0
Dumptoo,,25,239665,5
Afrirca,,5,229832,0
Cimello,,0,229802,0
Cizug,,21,229773,0
Starlena,,61,229731,0
Ejobi,,91,229679,1
Ovrenna,,0,229619,0
Xeraphii,,119,219864,0
Jadrome,,74,219855,1
Andromeda,,17,219818,0
Zojegre,,0,219803,1
Luza,,0,219780,1
Zitothe,,6,219735,1
Mryes,,108,209905,0
Girza,,14,209859,0
Revi,,1,209838,0
Chinajcx,,37,209836,1
Deshovri,,7,209824,0
Ebrace,,11,209823,0
Carzzzy,,15,209821,2
Tites,,0,209809,1
Ezuse,,0,209808,0
Kolobok,,4,209805,0
Ardore,,13,209804,0
Jegosha,,38,209800,0
Ashanni,,74,209773,0
Ravensky,,0,209773,0
Ardez,,0,209734,1
Korsilbe,,25,209693,0
Arcana,,35,209691,1
Oral,,0,199852,0
Korel,,0,199847,0
Janaja,,0,199803,0
Otiste,,0,199784,1
Dyydool,,37,199752,1
Testmage,,0,189839,0
Zini,,6,189835,1
Sylwunia,,1,189819,3
Ihini,,0,189815,0
Gabriel,,0,189788,1
Oshot,,20,189772,0
Kushna,,50,189702,1
Shadowfax,,65,179891,0
Uchia,,6,179840,0
Cajas,,6,179822,0
Jake,,0,179815,0
Juman,,0,179811,0
Alexa,,59,179803,0
Monl,,0,179794,1
Raja,,0,179786,1
Merlin,,0,179763,1
Artm,,117,169914,0
Vogat,,0,169896,0
Rainya,,5,169854,2
Coti,,33,169851,0
Allolle,,9,169845,2
Cokok,,73,169841,1
Netomagov,,0,169837,0
Narze,,0,169837,0
Sorxi,,17,169820,0
Jacam,,0,169815,0
Tukrit,,0,169806,2
Ergezel,,0,169802,1
Kuze,,0,169744,1
Truth,,42,169714,1
Rige,,0,169712,2
Ardat,,0,159895,0
Atija,,0,159887,0
Izishe,,0,159882,1
Ijom,,74,159879,0
Kunihi,,0,159877,0
Ozuris,,0,159870,0
Trubb,,0,159855,0
Nika,,0,159845,0
Zeref,,0,159844,0
Kurzon,,0,159827,0
Kirillnwc,,0,159813,0
Darky,,0,159775,0
Omubrus,,0,159762,0
Kamila,,0,159713,0
Aria,,160,149881,0
Ecara,,0,149878,0
Dude,,52,149868,0
Abihe,,3,149844,0
Gakrovri,,21,149817,0
Sexyme,,49,149774,1
Erdathuk,,0,149762,1
Isis,,0,149746,0
Magicious,,23,149723,1
Sparrow,,0,149676,1
Yeeehaw,,36,149673,1
Dantes,,52,139860,0
Vija,,43,139851,1
Zzang,,0,139842,1
Pippi,,0,139815,0
Odrillos,,0,139804,2
Vugi,,1,139785,0
Mati,,0,139749,0
Raistlin,,0,139724,0
Sunat,,0,139645,1
Erliola,,0,139645,0
Lolwut,,0,139549,2
Illaz,,2,129886,0
Kradox,,0,129878,0
Karma,,0,129862,0
Itofri,,0,129851,2
Ezal,,0,129851,0
Lethal,,16,129846,0
Haruki,,0,129839,0
Sisilia,,3,129827,0
Kiluta,,0,129793,0
Tacorga,,0,129702,3
Nusha,,0,129604,6
Vile,,9,119904,0
Nimod,,2,119882,0
Othuras,,0,119880,0
Girkegri,,0,119876,0
Summer,,0,119869,1
Kosha,,0,119835,0
Hopefuls,,0,119835,0
Hekre,,0,119831,0
Sola,,0,119830,1
Hemira,,0,119824,1
Polgyra,,0,119821,0
Irzuhut,,0,119808,0
Jerman,,0,119801,1
Sakrun,,0,119800,0
Jadek,,0,119797,0
Ginna,,0,119773,0
Rosa,,0,119759,0
Smarty,,73,119748,2
Victor,,0,119742,1
Risuvi,,0,119618,2
Luca,,0,119523,6
Otheg,,0,109897,0
Sidohe,,0,109893,0
Jujuji,,16,109868,0
Nire,,0,109868,0
Ecordek,,0,109853,0
Bevre,,0,109850,0
Nisi,,0,109847,0
Edes,,0,109845,0
Armurka,,0,109841,0
Etos,,0,109838,0
Racs,,0,109838,0
Pooty,,0,109830,0
Dercel,,0,109825,0
Banita,,0,109814,0
Waduheck,,0,109802,5
Mozu,,0,109792,2
Volhan,,0,109791,0
Nilrem,,0,109784,1
Thalia,,0,109776,0
Ardez,,0,109774,0
Merkoz,,67,109769,0
Joshoka,,0,109768,0
Toki,,0,109762,0
Tigra,,0,109761,0
Clunge,,0,109760,0
Jaina,,0,109743,1
Babrus,,0,109737,1
Erona,,0,109729,1
Peterthree,,0,109714,3
Arkim,,0,109708,0
Jesse,,0,109707,5
Arzom,,0,109703,0
Minouche,,0,109690,1
Killer,,0,109679,2
Agrezes,,0,99894,0
Worst,,7,99889,0
Samela,,0,99888,0
Meiqueen,,5,99879,0
Kodel,,0,99879,0
Vosi,,0,99876,0
Speed,,0,99868,0
Amofrid,,0,99864,0
Narki,,0,99858,0
Wizrodamus,,0,99857,0
Ellati,,0,99838,0
Ordek,,0,99826,0
Isuk,,0,99824,0
Kiara,,0,99820,0
Suicide,,0,99819,0
Anyname,,0,99818,0
Devlint,,0,99789,1
Zade,,0,99786,0
Obrug,,0,99720,0
Eralia,,0,99711,3
Power,,0,99709,1
Yasie,,0,99697,3
Gemune,,0,99688,14
Iman,,0,99635,3
Jare,,0,99618,7
Beshot,,0,99607,3
Leberwurst,,0,99551,4
Ariania,,0,99486,6
Thor,,0,89895,0
Adek,,74,89893,1
Civulle,,0,89885,0
Irkok,,0,89879,1
Coci,,0,89879,0
Flatburro,,0,89869,0
Vuthe,,0,89863,2
Hicat,,0,89857,0
Oveha,,0,89854,0
Cholira,,0,89847,1
Nefertit,,0,89841,2
Sevre,,0,89841,0
Darkether,,0,89835,2
Emrys,,0,89826,1
Cutenri,,0,89814,1
Okoz,,0,89812,2
Noza,,0,89809,1
Arch,,0,89802,0
Hahu,,0,89798,0
Magesnu,,0,89791,2
Merlin,,0,89784,0
Greybeard,,0,89782,0
Abcuj,,0,89777,1
Quzani,,21,89767,0
Ebag,,0,89759,2
Tathim,,0,89755,0
Hurali,,0,89709,3
Dave,,0,89707,1
Gretta,,0,89693,1
Tofre,,0,89686,9
Gretch,,0,89686,4
Sandara,,0,89623,7
Nulosi,,0,89610,4
Rotax,,0,89589,3
Ppppo,,0,89558,4
Ajavas,,0,89497,1
Ahul,,156,79911,0
Hoze,,0,79907,0
Imicun,,0,79905,0
Utotnagrin,,24,79894,0
Othivi,,0,79885,0
Ellie,,0,79876,0
Lusal,,0,79875,0
Echil,,0,79866,0
Yuugure,,3,79865,0
Fizzy,,0,79858,0
Neem,,0,79858,0
Ecoliz,,75,79854,0
Makuz,,0,79852,0
Dracosti,,0,79843,0
Annisi,,38,79839,0
Jeanelle,,0,79838,1
Alqaeda,,0,79838,0
Kinrek,,0,79834,1
Inet,,0,79831,0
Bella,,0,79817,0
Psajdak,,0,79813,0
Triss,,14,79808,1
Tani,,0,79807,0
Matis,,0,79802,1
Arime,,0,79797,0
Leza,,0,79794,1
Kayriemae,,0,79792,0
Darota,,0,79786,0
Kentaru,,0,79775,1
Egotak,,0,79771,1
Slayer,,0,79770,0
Ennubra,,0,79769,1
Ecaz,,0,79769,0
Mekrike,,0,79767,7
Ekun,,0,79761,2
Adefri,,0,79760,2
Majowka,,0,79757,3
Akene,,0,79753,7
Hofosho,,0,79744,1
Tiderte,,0,79733,0
Calathea,,0,79731,0
Bunny,,0,79723,1
Jave,,0,79722,1
Eten,,0,79721,0
Corleone,,0,79721,0
Sheldore,,0,79719,1
Amazun,,0,79717,1
Nikatha,,0,79716,2
Kati,,0,79715,2
Irena,,0,79711,1
Ginose,,0,79703,0
Lerkirda,,0,79702,4
Mama,,0,79699,4
Abyss,,0,79694,3
Tocholla,,0,79690,1
Ruhe,,0,79687,1
Gesha,,0,79687,2
Edie,,0,79686,1
Luke,,0,79677,0
Lanrag,,0,79673,4
Iven,,0,79673,4
Avatine,,0,79672,3
Psycho,,0,79665,8
Fortun,,0,79663,8
Orirka,,0,79654,1
Kill,,0,79649,6
Ezina,,0,79646,2
Ozasha,,0,79646,8
Diablo,,0,79645,12
Cobrax,,0,79639,1
Yunah,,0,79637,5
Gumoz,,0,79636,4
Rira,,0,79636,4
Mousi,,0,79625,6
Gima,,0,79615,4
Cehoshi,,0,79614,4
Shaggy,,0,79604,9
Waldemar,,0,79603,8
Minnog,,0,79591,0
Ezula,,0,79590,13
Lost,,0,79587,2
Bejice,,0,79584,0
Dadeva,,0,79577,2
Krysandra,,0,79571,3
Zatheara,,0,79563,6
Betha,,0,79554,2
Ethum,,0,79543,3
Jircos,,0,79537,0
Gozuda,,0,79536,10
Boroda,,0,79521,9
Madness,,0,79519,7
Aniko,,0,79510,1
Putza,,0,79505,0
Alexis,,0,79496,17
Axel,,0,79494,2
Sofi,,0,79493,5
Hugi,,0,79487,1
Redding,,0,79477,5
Eloled,,0,79459,2
Twixie,,0,79455,18
Vanhell,,0,79452,18
Avishim,,0,79441,8
Galaxa,,0,79438,6
Akun,,0,79437,10
Falka,,0,79412,8
Otto,,0,69909,0
Rurze,,0,69906,0
Cenon,,0,69899,0
Argaken,,0,69899,0
Vituz,,0,69891,0
Noob,,0,69883,0
Shay,,0,69882,0
Bluefish,,0,69881,0
Remmy,,0,69869,0
Poppykins,,0,69869,0
Cloe,,0,69868,1
Vaji,,0,69867,1
Ajel,,0,69862,0
Erada,,0,69862,1
Halpert,,0,69861,0
Myrtille,,0,69854,0
Mimam,,0,69851,0
Wolfera,,0,69847,1
Zana,,0,69845,0
Mushinne,,0,69843,0
Cronix,,0,69843,0
Denibe,,0,69841,0
Ollumin,,0,69841,1
Aiko,,0,69840,0
Bear,,0,69839,1
Puziko,,0,69836,0
Byuji,,0,69836,2
Okid,,0,69836,0
Canre,,0,69835,0
Shiki,,0,69834,0
Etun,,0,69833,0
Rivri,,0,69829,0
Yoknow,,0,69828,2
Reverse,,0,69827,0
Imez,,0,69827,0
Etis,,0,69827,1
Vanish,,0,69827,0
Sizeni,,0,69826,0
Django,,0,69824,1
Zini,,0,69822,1
Ihihiiiii,,0,69821,0
Sasha,,0,69819,3
Kubra,,0,69817,0
Laxios,,0,69817,1
Dacha,,0,69815,1
Seri,,0,69814,2
Mara,,0,69812,0
Joshana,,0,69807,0
Ajak,,0,69806,2
Teha,,0,69803,2
Miyuki,,0,69802,0
Mira,,0,69801,0
Jinxk,,0,69801,1
Afrimoz,,0,69801,1
Imarki,,0,69799,4
Triss,,0,69799,1
Natasha,,0,69799,5
Darktiding,,0,69798,1
Miza,,0,69797,0
Gednon,,0,69795,1
Baeho,,0,69795,2
Rudra,,0,69794,0
Lilcrazy,,0,69794,0
Gashehi,,0,69793,0
Love,,0,69793,1
Lorien,,0,69792,0
Popoli,,0,69791,6
Augustus,,0,69791,1
Luke,,0,69786,1
Regami,,0,69786,2
Dozithi,,0,69784,7
Stardream,,0,69783,5
Seky,,0,69783,3
Lejavre,,0,69783,2
Nashe,,0,69780,1
Lola,,0,69780,0
Satuva,,0,69779,1
Okradi,,0,69779,0
Ebroshe,,0,69778,3
Fagus,,0,69777,0
Vatemi,,0,69777,2
Govi,,0,69777,0
Hikran,,0,69775,3
Kaneke,,0,69774,2
Oban,,0,69773,3
Minatozaki,,0,69773,1
Magiczna,,0,69773,2
Allimus,,0,69772,2
Shepherd,,0,69771,0
Corgila,,0,69769,3
Isek,,0,69768,2
Froxa,,0,69766,0
Zuthuma,,0,69765,1
Kira,,0,69765,0
Ohaha,,0,69764,0
Bakte,,0,69764,0
Idam,,0,69763,2
Linlinpa,,0,69763,3
Hiwaga,,0,69763,0
Gake,,0,69763,6
Siki,,0,69762,0
Habibi,,0,69762,0
Annud,,0,69762,0
Duhena,,0,69760,2
Hexagon,,0,69760,3
Arcegre,,0,69759,2
Starri,,0,69759,2
Amuruk,,0,69759,6
Obrum,,0,69758,1
Mariya,,0,69756,1
Icek,,0,69756,2
Jageti,,0,69755,2
Irtuvi,,0,69754,1
Ebozig,,0,69754,2
Riji,,0,69753,0
Lorti,,0,69751,4
Omot,,0,69751,0
Evolution,,0,69749,0
Angccomamy,,0,69747,2
Kenet,,0,69747,1
Emin,,0,69746,1
Ikibut,,0,69745,0
Hiou,,0,69743,1
Sieni,,0,69742,5
Zaebisss,,0,69742,2
Kave,,0,69742,3
Ordegre,,0,69741,3
Zese,,0,69740,1
Saza,,0,69739,1
Agripa,,0,69737,3
Lancerte,,0,69734,0
Eshate,,0,69733,2
Star,,0,69733,1
Ramu,,0,69731,2
Guinevere,,0,69730,0
Rokyo,,0,69729,3
Lodi,,0,69729,1
Allana,,0,69728,2
Parowoz,,0,69726,2
Isibri,,0,69726,3
Eshurim,,0,69724,0
Rarika,,0,69724,0
Ganesh,,0,69724,4
Cachirula,,0,69723,2
Jidrisa,,0,69720,4
Zivri,,0,69719,2
Kuzo,,0,69718,1
Aleshi,,0,69717,6
Smith,,0,69717,4
Jhenbie,,0,69715,0
Said,,0,69714,1
Wizzaro,,0,69713,2
Gogri,,0,69712,1
Dodni,,0,69711,0
Nezi,,0,69707,2
Isis,,0,69702,4
Heike,,0,69700,2
Nuzibe,,0,69699,0
Notheri,,0,69697,4
Xandia,,0,69695,1
Glumgold,,0,69693,1
Albatran,,0,69693,7
Okraka,,0,69693,3
Nafroze,,0,69692,0
Athem,,0,69690,0
Zeshozi,,0,69689,9
Letem,,0,69689,4
Tetorgi,,0,69687,3
Kizugi,,0,69687,2
Ordaze,,0,69681,4
Dabich,,0,69680,2
Taguk,,0,69680,1
Innagre,,0,69677,3
Edevoz,,0,69673,1
Disco,,0,69673,1
Mila,,0,69673,2
Joker,,0,69669,7
Acas,,0,69667,4
Agudri,,0,69667,4
Vugam,,0,69665,1
Edorda,,0,69664,3
Surci,,0,69663,0
Imud,,0,69660,2
Nergarca,,0,69660,4
Othan,,0,69660,1
Fejk,,0,69659,9
Stana,,0,69658,1
Bobhunter,,0,69657,13
Ivet,,0,69656,6
Lurguhe,,0,69644,14
Alara,,0,69644,3
Orcel,,0,69641,1
Dahod,,0,69639,2
Velorta,,0,69638,3
Ozam,,0,69632,3
Gothi,,0,69632,1
Jijet,,0,69631,4
Mimus,,0,69630,3
Acegri,,0,69628,1
Orzaji,,0,69627,6
Ozothin,,0,69624,1
Slythis,,0,69623,3
Satchel,,0,69613,8
Azirti,,0,69608,3
Idnaga,,0,69608,2
Zami,,0,69603,2
Bain,,0,69603,4
Novinka,,0,69603,2
Enon,,0,69603,5
Menri,,0,69599,12
Kisune,,0,69597,3
Tomi,,0,69596,4
Alrani,,0,69590,2
Cero,,0,69582,4
Nekruna,,0,69582,2
Bucwilde,,0,69581,1
Zojudna,,0,69576,6
Codire,,0,69573,8
Dethag,,0,69562,3
Zeze,,0,69549,4
Eralda,,0,69547,6
Aress,,0,69543,3
Sakura,,0,69530,7
Solar,,0,69530,3
Mika,,0,69527,4
Levroz,,0,69520,1
Anesin,,0,69519,1
Igittigitt,,0,69511,4
Frystafogo,,0,69507,5
Deth,,0,69502,0
Zayn,,0,69490,13
Dumok,,0,69490,0
Stormlady,,0,69488,3
Echal,,0,69486,10
Magi,,0,69485,5
Eretom,,0,69472,1
Sharkmage,,0,69471,5
Elelel,,0,69463,4
Aliii,,0,69454,2
Sara,,0,69453,1
Idareu,,0,69451,4
Vogrez,,0,69451,1
Martin,,0,69442,9
Itegrok,,0,69430,13
Ryuji,,0,59918,0
Emoge,,0,59910,0
Etoz,,0,59907,0
Ebil,,0,59907,0
Togis,,0,59907,0
Irgokiz,,0,59904,0
Janinna,,0,59902,0
Swift,,0,59897,0
Ahathi,,0,59892,0
Inos,,0,59889,0
Tizini,,0,59883,0
Tendinbo,,0,59882,0
Anna,,0,59881,1
Orcabri,,0,59880,0
Hurcim,,0,59879,0
Ljuco,,0,59878,0
Yeonho,,0,59874,0
Arzon,,0,59874,0
Blue,,0,59872,0
Yennefer,,0,59871,0
Ires,,0,59871,0
Bugre,,0,59869,0
Sweetanna,,0,59869,0
Poopstein,,0,59867,0
Merlin,,0,59864,0
Boaz,,0,59863,0
Harela,,0,59862,0
Italo,,0,59860,0
Zija,,0,59860,0
Sonnihi,,0,59859,0
Dragonhope,,0,59857,0
Zefrili,,0,59856,0
Lonnushi,,0,59853,1
Narce,,0,59853,0
Eben,,0,59848,0
Cochore,,0,59847,0
Ephe,,0,59846,0
Othomol,,0,59845,0
Wizard,,0,59840,0
Mavlo,,0,59838,0
Mojosa,,0,59837,0
Gugithe,,0,59837,0
Tekla,,0,59836,0
Pipisbka,,0,59835,0
Lucifer,,0,59835,0
Shandral,,0,59834,0
Kira,,0,59832,0
Ishijen,,0,59831,0
Muze,,0,59830,0
Papai,,0,59830,0
Anita,,0,59829,0
Hera,,0,59826,0
Cast,,0,59825,0
Syil,,0,59825,0
Saruman,,0,59823,0
Imun,,0,59823,0
Zifrun,,0,59823,0
Susi,,0,59823,0
Agirzaz,,0,59820,0
Ceda,,0,59816,0
Recel,,0,59816,0
Loqjr,,0,59816,0
Labi,,0,59810,0
Llii,,0,59808,0
Nagun,,0,59806,0
Idel,,0,59805,0
Badez,,0,59804,0
Imokom,,0,59802,0
Deliah,,0,59799,0
Muhadi,,0,59798,2
Savant,,0,59798,0
Covid,,0,59797,0
Thotaria,,0,59795,0
Tato,,0,59794,0
Nekarta,,0,59793,0
Abat,,0,59791,0
Orkira,,0,59790,1
Kelp,,0,59788,5
Casharci,,0,59786,0
Abotiz,,0,59785,0
Elizabetha,,0,59784,0
Corsair,,0,59783,0
Yoby,,0,59783,0
Sima,,0,59776,1
Sarati,,0,59776,0
Witch,,0,59773,0
Excel,,0,59770,0
Sara,,0,59770,0
Lana,,3,59768,0
Suse,,0,59764,0
Jaje,,0,59761,0
Mayumi,,0,59758,0
Ithichin,,0,59758,0
Murdos,,0,59755,0
Etorca,,0,59754,0
Lata,,0,59753,0
Marsala,,0,59751,0
Gose,,0,59742,1
Othok,,0,59740,1
Nothakra,,0,59736,0
Derhase,,0,59735,0
Kipsooon,,0,59734,0
Lexxi,,0,59728,0
Helena,,0,59726,0
Xolina,,0,59721,0
Georgeia,,0,59720,0
Bruxo,,0,59718,0
Kamasytra,,0,59713,2
Devrek,,0,59713,0
Nejese,,0,59708,1
Noke,,0,59705,0
Bell,,0,59693,0
Gwen,,0,59687,0
Amorcal,,0,59681,4
Orzonnun,,0,59680,0
Ithofri,,0,59658,4
Anret,,0,59655,0
Miathra,,0,59654,1
Ninije,,0,59654,0
Yuko,,0,59651,0
Virgega,,0,59649,2
Namog,,0,59648,1
Manuela,,0,59644,0
Spike,,0,59638,1
Anamei,,0,59633,0
Inniz,,0,59630,0
Omahus,,0,59625,0
Davri,,0,59621,1
Ragi,,0,59621,1
Hoti,,0,59620,0
Ogrez,,0,59616,2
Oket,,0,59599,9
Astaroo,,0,59591,0
Cura,,0,59587,1
Arina,,0,59584,14
Emutig,,0,59569,0
Magev,,0,59539,3
Sjwarrior,,0,59514,0
Tolfdir,,0,59510,0
Eltarian,,0,59505,7
Peter,,0,59490,0
Riot,,0,59466,3
Cruel,,0,59459,0
Barza,,0,59454,8
Vanik,,0,59454,7
Ifrulle,,0,59438,6
Umathurman,,0,59428,8
Pepa,,0,59412,4
Movri,,0,59411,3
Ahija,,0,59406,3
Ocig,,0,49900,0
Lucia,,0,49883,0
Zedam,,0,49882,0
Irdez,,0,49879,0
Girciz,,0,49861,0
Avadna,,0,49861,0
Gamil,,0,49850,0
Geshadri,,0,49849,0
Kedrase,,0,49847,0
Orzoke,,0,49843,0
Triss,,0,49842,0
Teodor,,0,49837,0
Ojotha,,0,49833,0
Sabaniye,,0,49831,0
Ircibrad,,0,49830,0
Agrodros,,0,49829,0
Rikras,,0,49827,0
Rive,,0,49823,0
Prince,,0,49820,0
Seja,,0,49819,0
Bothusha,,0,49819,0
Pazdzioch,,0,49818,0
Ishode,,0,49815,0
Alex,,0,49814,0
Tharnax,,0,49813,0
Paul,,0,49813,0
Bercus,,0,49812,0
Mick,,0,49812,0
Sakura,,0,49811,0
Ethithuk,,0,49810,0
Cilele,,0,49810,2
Symtom,,0,49809,0
Bohig,,0,49806,0
Ikasha,,0,49804,0
Ebek,,0,49801,0
Aileen,,0,49797,0
Tekhi,,0,49797,0
Vuvad,,0,49796,0
Rothali,,0,49785,0
Atelli,,0,49783,2
Ertis,,0,49782,0
Fuker,,0,49781,0
Mina,,0,49780,0
Lejod,,0,49780,0
Innolol,,0,49779,1
Nichothe,,0,49777,0
Arti,,0,49776,0
Shotgun,,0,49775,0
Phapsu,,0,49774,0
Artemis,,0,49768,1
Orkinoz,,0,49765,0
Achove,,0,49763,0
Gartiba,,0,49762,0
Rememberme,,0,49755,0
Athalwolf,,0,49753,0
Mazza,,0,49752,0
Verkurga,,0,49748,5
Emin,,0,49747,0
Allot,,0,49735,0
Ovomaltine,,0,49731,0
Muthe,,0,49724,0
Mikulot,,0,49722,0
Fire,,0,49721,0
Ronaldo,,0,49720,0
Buvon,,0,49719,2
Dude,,0,49717,0
Loki,,0,49716,0
Skeleftea,,0,49716,0
Holahola,,0,49715,0
Ekig,,0,49714,0
Laci,,0,49713,1
Godni,,0,49712,1
Sora,,0,49709,0
Oyakata,,0,49704,0
Aval,,0,49700,1
Snake,,0,49700,0
Gzub,,0,49695,0
Boshunre,,0,49695,1
Radana,,0,49692,0
Maria,,0,49686,4
Sukamadeek,,0,49685,1
Ghrehlnik,,0,49682,0
Juheki,,0,49680,1
Ozud,,0,49680,0
Vehurdi,,0,49678,0
Otuhi,,0,49677,0
Gozen,,0,49671,0
Enzo,,0,49670,1
Icenna,,0,49668,0
Enota,,0,49668,0
Irkavi,,0,49664,2
Lomiva,,0,49654,1
Lost,,0,49653,1
Cikiza,,0,49647,0
Mimi,,0,49625,1
Ores,,0,49620,5
Delyla,,0,49612,3
Tomtom,,0,49607,7
Danelding,,0,49607,3
Cukri,,0,49604,0
Parey,,0,49604,0
Caaay,,0,49601,1
Bakrod,,0,49583,0
Babymage,,0,49582,0
Sevri,,0,49576,6
Fashi,,0,49574,4
Othen,,0,49568,6
Milkfeb,,0,49556,4
Rulle,,0,49536,3
Ivent,,0,49536,12
Blast,,0,49535,4
Rose,,0,49533,9
Enrule,,0,49524,4
Pimpa,,0,49522,2
Kinre,,0,49520,2
Galadriel,,0,49517,0
Adavre,,0,49511,0
Igeka,,0,49509,0
Fiver,,0,49509,7
Ganruz,,0,49507,2
Riji,,0,49495,1
Ithogug,,0,49494,2
Rewen,,0,49474,4
Komima,,0,49471,5
Nera,,0,49468,2
Emilia,,0,49449,5
Annurca,,0,49445,4
Erin,,0,49414,5
Zena,,0,39923,0
Acik,,0,39899,0
Naci,,0,39895,0
Zisog,,0,39866,0
Tukan,,0,39866,0
Izes,,0,39864,1
Jutha,,0,39863,0
Atirta,,0,39858,1
Dobam,,0,39858,0
Ihid,,0,39857,1
Morgana,,0,39855,0
Ekil,,0,39854,1
Cigriz,,0,39852,0
Rokra,,0,39851,0
Raminta,,0,39851,1
Angel,,0,39844,0
Rifruvri,,0,39842,0
Tillishe,,0,39841,0
Dalerian,,0,39841,0
Ibarciz,,0,39841,0
Nefrad,,0,39838,0
Natasha,,0,39836,2
Ortak,,0,39836,0
Hecha,,0,39835,1
Alusa,,0,39835,0
Korosensei,,0,39834,0
Aganos,,0,39833,0
Ibithuk,,0,39832,0
Serena,,0,39832,1
Venus,,0,39827,0
Vuhonri,,0,39824,0
Goci,,0,39822,0
Zofra,,0,39820,0
Hymnia,,0,39820,0
Birchdoor,,0,39819,1
Cthonic,,0,39819,1
Nova,,0,39818,0
Misi,,0,39816,1
Diduz,,0,39816,0
Vadnot,,0,39816,1
Leshuk,,0,39814,0
Ogredin,,0,39812,0
Delxx,,0,39811,0
Echis,,0,39811,0
Jola,,0,39808,1
Stillalive,,0,39807,1
Xomyak,,0,39807,1
Imheosang,,0,39804,1
Elsa,,0,39804,2
Ertivi,,0,39804,0
Toby,,0,39804,1
Zaaz,,0,39802,0
Vuvra,,0,39799,1
Inak,,0,39797,0
Indy,,0,39796,1
Gecug,,0,39795,0
Gacorza,,0,39795,0
Othal,,0,39794,0
Etum,,0,39794,3
Egadri,,0,39791,0
Sodara,,0,39791,0
Orosha,,0,39790,1
Shinery,,0,39790,2
Athelag,,0,39788,0
Stig,,0,39787,0
Ofron,,0,39784,1
Xonn,,0,39784,0
Izzy,,0,39780,1
Muzaz,,0,39779,1
Zulad,,0,39777,0
Melloke,,0,39776,0
Vieira,,0,39776,1
Princesday,,0,39775,0
Tizzer,,0,39774,1
Vakra,,0,39772,2
Niba,,0,39772,0
Murzil,,0,39771,0
Arcog,,0,39770,2
Leroy,,0,39761,0
Madz,,0,39758,1
Aemon,,0,39758,0
Redarmydva,,0,39757,0
Simig,,0,39756,2
Jerzinra,,0,39754,2
Amak,,0,39753,0
Asitug,,0,39753,0
Baroche,,0,39753,0
Frodo,,0,39752,0
Runner,,0,39752,0
Merlin,,0,39751,0
Moshim,,0,39750,1
Ganni,,0,39750,1
Rurca,,0,39750,0
Blacksnow,,0,39746,0
Kabra,,0,39742,2
Erzon,,0,39742,0
Krug,,0,39741,0
Vinim,,0,39740,2
Gozin,,0,39740,1
Olidet,,0,39737,3
Kudug,,0,39735,1
Nishoshi,,0,39735,1
Oves,,0,39732,1
Beda,,0,39727,1
Younha,,0,39726,1
Dedekre,,0,39724,1
Area,,0,39723,0
Ishiari,,0,39722,1
Merloni,,0,39721,2
Avul,,0,39716,0
Illuha,,0,39715,1
Rubut,,0,39713,1
Ovrozag,,0,39712,1
Kiyoshi,,0,39711,0
Totebri,,0,39711,1
Goga,,0,39710,4
Tiana,,0,39707,0
Ijeta,,0,39705,1
Turci,,0,39703,6
Imzadi,,0,39700,1
Imuha,,0,39699,1
Bobam,,0,39697,0
Agrum,,0,39693,3
Goku,,0,39691,6
Vabrerga,,0,39691,0
Onira,,0,39688,2
Imethez,,0,39686,2
Ithoz,,0,39684,4
Nothe,,0,39683,1
Rutha,,0,39683,4
Zodrak,,0,39682,1
Irdasi,,0,39681,1
Ardudni,,0,39679,1
Whiteeagle,,0,39676,2
Badirl,,0,39673,1
Eteri,,0,39667,0
Etreur,,0,39666,1
Mary,,0,39664,0
Sardyn,,0,39656,0
Orziz,,0,39653,2
Ashuz,,0,39650,2
Aresiel,,0,39650,2
Sheethi,,0,39646,2
Avritha,,0,39646,1
Giki,,0,39644,2
Kushi,,0,39637,1
Jana,,0,39636,2
Rotes,,0,39635,2
Garkane,,0,39630,1
Nochka,,0,39625,2
Ardine,,0,39619,7
Lesak,,0,39615,3
Odeza,,0,39615,2
Terta,,0,39613,1
Ruthi,,0,39611,1
Annan,,0,39608,1
Seherbaz,,0,39604,2
Abreche,,0,39596,2
Itidri,,0,39595,0
Artun,,0,39593,2
Gasod,,0,39591,2
Neve,,0,39589,0
Vurcaci,,0,39588,2
Bothedra,,0,39588,1
Sesheli,,0,39586,1
Amol,,0,39576,2
Ppap,,0,39576,1
Nurce,,0,39575,1
Renela,,0,39564,0
Helesias,,0,39554,3
Dummi,,0,39534,1
Zivet,,0,39529,0
Sarbota,,0,39526,2
Freyja,,0,39523,2
Aroz,,0,39520,3
Higinra,,0,39511,1
Gramer,,0,39499,2
Agrihe,,0,39495,3
Onebri,,0,39491,1
Rume,,0,39490,1
Dure,,0,39486,5
Nixxen,,0,39486,1
Nesa,,0,39483,2
Recok,,0,39477,0
Gohis,,0,39475,3
Veges,,0,39469,13
Hchosun,,0,39469,1
Ezum,,0,39458,3
Katre,,0,39411,1
Alice,,0,39408,2
Love,,0,29917,0
Akrasha,,0,29892,0
Letom,,0,29890,0
Qptsky,,0,29885,0
Cocosel,,0,29884,0
Esok,,0,29881,0
Echive,,0,29880,0
Superkuss,,0,29880,0
Lorke,,0,29876,0
Nanniche,,0,29875,0
Olokra,,0,29874,0
Zathi,,0,29869,0
Gondu,,0,29869,0
Obrut,,0,29865,0
Aget,,0,29864,0
Mehit,,0,29864,0
Mata,,0,29858,0
Varuna,,0,29857,0
Magicsosor,,0,29854,0
Jezz,,0,29854,0
Errorz,,0,29853,0
Isabella,,0,29851,0
Szunne,,0,29851,0
Anamaz,,0,29849,0
Egradri,,0,29849,0
Ajana,,0,29848,0
Vibraci,,0,29846,0
Onurca,,0,29845,0
Baha,,0,29844,0
Sivre,,0,29843,0
Gera,,0,29843,0
Abuli,,0,29843,0
Artul,,0,29843,0
Mouthy,,0,29841,0
Zortez,,0,29838,0
Flaimeaux,,0,29835,0
Orkuz,,0,29832,0
Rigut,,0,29832,0
Cisi,,0,29832,0
Coldspell,,0,29831,0
Yang,,0,29829,0
Raistlin,,0,29828,0
Sushate,,0,29825,0
Zuvadna,,0,29820,0
Emory,,0,29818,0
Gorka,,0,29818,0
Sejis,,0,29818,0
Ladydeath,,0,29815,0
Surze,,0,29815,0
Innojaz,,0,29815,0
Ishtar,,0,29813,0
Asaba,,0,29810,0
Alexxsa,,0,29810,0
Aria,,0,29810,0
Wang,,0,29809,1
Icit,,0,29807,0
Freezz,,0,29803,0
Twicc,,0,29803,0
Zynth,,0,29802,0
Durga,,0,29801,0
Bishirda,,0,29801,0
Onon,,0,29800,0
Phindrel,,0,29800,0
Booomtof,,0,29799,0
Asag,,0,29799,0
Asha,,0,29798,0
Edercel,,0,29792,0
Adelli,,0,29790,0
Reefer,,0,29790,0
Drummer,,0,29789,0
Ikrashim,,0,29788,0
Soai,,0,29784,0
Zasin,,0,29780,0
Magik,,0,29778,0
Minna,,0,29775,0
Lizoz,,0,29774,0
Jill,,0,29774,0
Pakyubobo,,0,29774,0
Ilut,,0,29774,0
Aires,,0,29774,1
Zehiga,,0,29772,0
Aria,,0,29770,0
Gira,,0,29768,0
Isakrek,,0,29768,0
Freya,,0,29767,0
Zokri,,0,29764,2
Ashun,,0,29764,0
Obasot,,0,29763,0
Cronos,,0,29759,0
Cisa,,0,29757,0
Erna,,0,29753,0
Cergami,,0,29752,0
Haaaraldn,,0,29752,0
Konus,,0,29750,0
Cura,,0,29750,0
Edenrus,,0,29749,0
Irkati,,0,29749,0
Lashana,,0,29746,1
Kitheri,,0,29746,0
Sujinre,,0,29745,0
Othuza,,0,29744,0
Horus,,0,29742,0
Joshek,,0,29733,0
Ijade,,0,29729,0
Irkizi,,0,29729,0
Ercohi,,0,29727,0
Mirzude,,0,29722,0
Mirzel,,0,29719,0
Honne,,0,29718,0
Deken,,0,29715,0
Leha,,0,29713,0
Gunther,,0,29709,0
Manalopia,,0,29707,0
Hishedna,,0,29707,0
Daniel,,0,29705,0
Jolli,,0,29704,2
Govod,,0,29703,0
Anacleto,,0,29702,0
Erkanet,,0,29701,0
Kotova,,0,29700,0
Azose,,0,29698,0
Frog,,0,29696,0
Rodan,,0,29694,0
Black,,0,29692,0
Morgana,,0,29691,0
Http,,0,29690,0
Mafre,,0,29686,0
Avaz,,0,29675,0
Tinkerbell,,0,29675,0
Hinusi,,0,29672,0
Kalindra,,0,29671,0
Same,,0,29665,0
Azorde,,0,29656,0
Elese,,0,29652,0
Castmeout,,0,29652,0
Curina,,0,29641,0
Ojini,,0,29637,0
Pengll,,0,29637,2
Nishe,,0,29637,0
Athoz,,0,29636,0
Ceri,,0,29636,1
Ztack,,0,29634,0
Rohit,,0,29634,1
Odrus,,0,29628,0
Lokri,,0,29625,0
Ziajka,,0,29623,0
Hojjat,,0,29619,0
Omojuk,,0,29617,0
Righteous,,0,29615,0
Hema,,0,29606,0
Othal,,0,29602,0
Vulva,,0,29594,2
Gebpray,,0,29592,0
Echuchag,,0,29589,0
Liuxin,,0,29582,0
Gova,,0,29575,0
Ocusha,,0,29572,0
Angryant,,0,29570,1
Korzi,,0,29567,0
Gerkema,,0,29562,0
Noka,,0,29557,0
Happy,,0,29539,0
Gene,,0,29538,4
Sesod,,0,29506,0
Kameta,,0,29491,0
Antyoz,,0,29487,0
Arce,,0,29475,0
Tinri,,0,29459,0
Elfi,,0,29455,3
Golog,,0,29450,1
Atumi,,0,29424,0
Nobunaga,,0,29421,0
Thing,,0,29404,0
Sebciu,,0,19912,1
Mura,,0,19899,0
Mimire,,0,19897,0
Tera,,0,19892,0
Kirakerner,,0,19892,0
Mekorke,,0,19888,0
Medea,,0,19879,0
Rerdil,,0,19876,0
Lagran,,0,19876,0
Rele,,0,19874,0
Eceba,,0,19870,0
Logri,,0,19870,0
Moke,,0,19869,0
Dwins,,0,19868,0
Spite,,27,19867,0
Luza,,0,19866,0
Pdaf,,0,19859,0
Goce,,0,19851,0
Dobas,,0,19850,0
Lami,,0,19845,0
Mage,,0,19843,0
Gandalf,,0,19841,0
Achesaz,,0,19840,0
Maya,,0,19839,0
Mordreth,,0,19838,0
Gortemp,,0,19834,0
Zeus,,0,19832,0
Nacik,,9,19831,0
Vogushi,,0,19831,0
Sarimagic,,0,19829,0
Monk,,0,19829,0
Voshal,,0,19826,0
Viky,,0,19825,0
Semyaza,,0,19823,0
Rathe,,0,19823,1
Ollamet,,0,19820,0
Vetira,,0,19820,0
Ezud,,0,19820,0
Zonaje,,0,19817,0
Heturi,,0,19815,0
Illikik,,0,19815,0
Kovra,,0,19814,0
Gonzo,,0,19813,0
Ardonni,,0,19812,0
Dozi,,0,19803,0
Lere,,0,19802,0
Jennefer,,0,19802,0
Oken,,0,19801,0
Idigi,,0,19801,0
Artudna,,0,19799,0
Maroochy,,0,19799,1
Sevrag,,0,19796,0
Sevendays,,0,19791,0
Rodran,,0,19789,0
Ogris,,0,19788,0
Ebati,,0,19787,0
Zokri,,0,19787,1
Anbfirst,,0,19785,1
Hemel,,0,19785,0
Misoko,,0,19785,0
Hortuze,,0,19784,0
Igashi,,0,19784,0
Ison,,0,19783,0
Poppy,,0,19781,0
Zevert,,0,19780,1
Bakat,,0,19779,1
Ladra,,0,19779,0
Miloma,,0,19778,0
Dragonlord,,0,19778,1
Erdim,,0,19776,1
Iradre,,0,19770,0
Ehahis,,0,19769,0
Ared,,0,19768,0
Mogana,,0,19768,0
Dogra,,0,19765,0
Ravaca,,0,19765,0
Yudi,,0,19763,0
Eiko,,0,19763,0
Asaza,,0,19763,0
Ivigrag,,0,19763,0
Iskra,,0,19762,1
Sacred,,0,19762,0
Oshoziz,,0,19762,0
Cercen,,0,19761,0
Cobra,,0,19761,0
Iorek,,0,19760,0
Jeveme,,0,19758,0
Evuk,,0,19758,0
Allol,,0,19755,0
Levez,,0,19753,0
Renri,,0,19750,0
Ebreti,,0,19750,0
Sena,,0,19749,0
Illubra,,0,19748,0
Core,,0,19748,0
Adihas,,0,19746,0
Odannag,,0,19745,0
Ernst,,0,19745,0
Rebecca,,0,19744,0
Yang,,0,19742,1
Ashova,,0,19742,1
Muche,,0,19739,0
Nivuce,,0,19738,0
Munrorgi,,0,19737,0
Selfone,,0,19736,0
Mekata,,0,19736,1
Yodka,,0,19735,0
Hathokri,,0,19734,0
Nima,,0,19730,0
Etoz,,0,19728,1
Khaine,,0,19725,0
Degoz,,0,19725,0
Kiaren,,0,19724,1
Lasha,,0,19718,0
Otag,,0,19716,2
Gurki,,0,19715,0
Cope,,0,19715,2
Gracian,,0,19712,0
Cyrus,,0,19710,1
Laskak,,0,19709,0
Bithok,,0,19708,0
Littlewu,,0,19705,1
Ohathag,,0,19704,0
Covid,,0,19701,1
Rene,,0,19701,2
Mama,,0,19697,0
Vannica,,0,19696,0
Timothy,,0,19696,2
Onortes,,0,19692,0
Nehus,,0,19691,1
Maba,,0,19690,0
Zigi,,0,19690,0
Rithasa,,0,19690,1
Kumad,,0,19688,4
Olma,,0,19688,3
Kuja,,0,19682,0
Ehuva,,0,19680,0
Andy,,0,19678,0
Rogrodre,,0,19677,0
Ishana,,0,19677,0
Evrohe,,0,19676,1
Kingshay,,0,19675,3
Zishura,,0,19673,0
Basell,,0,19672,0
Ragna,,0,19670,0
Ortegard,,0,19670,0
Kivoz,,0,19666,2
Esal,,0,19664,0
Eshek,,0,19663,0
Emalek,,0,19661,0
Cibode,,0,19659,2
Ehote,,0,19658,2
Udaffkaa,,0,19656,2
Derilious,,0,19656,1
Ithuke,,0,19656,0
Cristal,,0,19653,1
Robi,,0,19650,0
Huyoza,,0,19648,0
Erkoce,,0,19648,0
Asadni,,0,19639,0
Cizes,,0,19634,1
Athollez,,0,19632,0
Itoz,,0,19631,1
Picea,,0,19627,0
Cava,,0,19625,0
Rusha,,0,19623,2
Cosa,,0,19622,0
Dikaya,,0,19622,1
Wysek,,0,19621,0
Juhe,,0,19619,0
Sabby,,0,19619,3
Maggus,,0,19615,1
Anrana,,0,19615,1
Corce,,0,19613,0
Kushz,,0,19605,3
Cigreg,,0,19602,1
Ovud,,0,19602,3
Ogasud,,0,19601,2
Irit,,0,19597,1
Hero,,0,19586,0
Icol,,0,19584,0
Hagom,,0,19580,2
Jordan,,0,19578,0
Oshig,,0,19564,2
Wizard,,0,19554,1
Hota,,0,19550,0
Arajane,,0,19537,3
Eledlr,,0,19525,4
Akibashi,,0,19520,1
Odasen,,0,19519,1
Gandalf,,0,19513,2
Goldev,,0,19512,1
Mythrord,,0,19503,2
Sanspardon,,0,19496,0
Merrlsn,,0,19484,5
Beamers,,0,19481,1
Avirik,,0,19474,3
Arya,,0,19458,3
Jelud,,0,19457,9
Derzidre,,0,19428,2
Lane,,0,19421,0
Gennar,,0,19404,0
