Chinalong,,1961,74.11,152,588,1
Wllly,,2023,74,151,562,4
Agrun,,1927,73.56,150,582,4
Chinablue,,1938,73.11,149,522,2
Chinalong,,2000,73.56,147,579,6
Paximir,,2040,71.78,142,518,3
Nerds,,2038,73.67,142,569,4
Lagrange,,1994,74,142,571,5
Sauzer,,1948,71,140,552,0
Illyria,,1620,71.56,140,571,7
Teranisaur,,1815,70.33,138,517,3
Rudyx,,1830,72.22,138,527,2
Erzaph,,1723,71.67,138,558,9
Bluelongxx,,2001,73.11,138,572,2
Zealot,,1940,74,137,470,3
Chinaj,,1982,74,137,573,3
Banobebi,,1865,72.56,136,464,0
Chinabks,,1784,73.44,135,437,1
Inilad,,1962,70.89,135,439,6
Korggolcho,,1761,71.11,135,524,2
Korshoong,,1339,70.89,134,543,7
Razutaki,,1567,71.44,133,575,0
Immy,,1911,71.33,131,576,3
Chinache,,2039,74,131,578,0
Dirtak,,1806,74,130,379,2
Chinaw,,1627,73.11,130,420,1
Delphi,,1704,71.33,130,503,2
Vora,,1751,70.89,130,518,0
Chinawen,,1858,71.67,129,508,2
Chinastar,,1825,74,129,551,0
Shablam,,1724,71.56,128,522,0
Arteros,,1100,70.89,128,529,8
Baragoz,,1744,70.67,128,545,1
Chinajz,,1618,73.11,127,469,2
Chinahbde,,1084,72.67,127,480,1
China,,1200,72.89,127,484,0
Rylai,,1408,73.78,127,495,4
Viiilac,,1294,73.11,127,509,13
Ambeckett,,1758,70.56,127,527,0
Kirel,,1856,70.89,126,520,0
Yoku,,739,70.78,126,530,3
Arrakis,,1281,72.56,126,536,5
Rubasik,,1581,71.22,126,575,2
Hero,,1167,74.11,126,575,3
Deckard,,1752,71,126,577,3
James,,1377,71.67,125,267,1
Othoz,,1689,70.56,125,293,0
Raspberry,,1184,71.22,125,440,1
Korson,,1273,71.11,125,449,0
Chinafanty,,1547,73.11,125,461,6
Gandalf,,1450,70.56,125,467,2
Wispygem,,1717,70.89,125,513,1
Squee,,1431,71.44,125,554,5
Koreagold,,1835,70.33,125,582,0
Darrex,,1412,71,125,590,2
Morbo,,1194,70.44,124,541,3
Chinajuncc,,1363,71.67,124,579,0
Kavrardi,,1668,71.56,123,400,2
Chinawfd,,1432,73.11,123,480,0
Miwa,,1046,70.56,123,490,1
Guvi,,1646,70.89,123,542,2
Daenghevar,,1228,70.44,123,543,0
Grodek,,1156,70.44,122,452,2
Vishenka,,1115,70.44,122,515,8
Konud,,1351,73.11,122,532,1
Tuthus,,1653,70.67,121,417,1
Croon,,1095,70.44,121,420,0
Jivraca,,1157,71.22,121,427,2
Neomond,,1783,70.67,121,438,0
Athena,,1822,70.56,121,479,2
Nudana,,1409,70.44,121,527,2
Tubrat,,1219,70.44,121,538,8
Racot,,1666,70.78,121,559,8
Xihe,,1066,70.22,121,566,1
Eric,,1327,71,121,576,2
Azide,,1510,71.22,121,583,4
Eshevim,,1054,72,121,590,5
Garlic,,1348,71.44,120,334,2
Diablo,,1283,71,120,355,1
Esaz,,1155,70.89,120,403,2
Shade,,1415,71.11,120,417,2
Korealila,,1192,71.44,120,445,3
Siva,,1234,73.89,120,481,6
Chinaq,,1238,72.67,120,501,0
Monty,,1690,70.78,120,510,4
Topdoggy,,900,70.11,120,533,2
Bavaria,,998,71.11,120,549,7
Chinaneo,,1622,72.78,120,579,1
Magicjlo,,906,70.89,120,591,5
Mikello,,1264,70.56,119,541,12
Vomi,,649,70.67,119,556,9
Chen,,996,71.33,119,561,1
Tabi,,1234,70.56,119,594,3
Lexi,,1078,70.89,118,501,5
Argegre,,1249,70.89,118,552,3
Ogini,,859,70.89,118,560,0
Jarus,,1305,70.44,118,589,3
Adoshun,,1339,73.11,117,350,1
Livi,,1555,70.78,117,395,1
Megumin,,952,70.78,117,436,0
Spring,,1327,70.44,117,437,0
Koreaoops,,1469,70.33,117,495,0
Koreahoo,,1110,70.56,117,500,1
Veta,,1384,72,117,531,1
Artemis,,1083,70.11,117,586,1
Zeja,,1408,70.44,116,341,1
Totoro,,1034,70.56,116,508,4
Cutha,,1045,73.33,116,508,4
Matheli,,1219,71.11,116,518,3
Sergius,,961,70.44,116,526,1
Herd,,1360,70.67,116,529,1
Zeta,,763,70.44,116,583,1
Charimira,,1030,71,115,357,2
Elder,,1559,70.56,115,373,1
Tankteemos,,499,70,115,397,0
Orcurta,,1421,70.89,115,415,4
Tigerone,,1232,70.44,115,436,5
Xinten,,972,70.89,115,450,2
Saint,,1024,70.78,115,451,3
Masego,,1487,70.22,115,453,1
Anemus,,964,71.56,115,478,1
Chinaone,,1061,70.78,115,489,7
Rizdonka,,999,70.56,115,551,2
Wavelet,,1277,70.44,115,566,4
Bholos,,1248,70.44,115,566,7
Sladkaya,,1255,71.11,115,572,3
Goodspeed,,1033,70.11,115,576,3
Koreasung,,1282,70.89,115,594,14
Lovrad,,1189,70.22,114,442,4
Eternrip,,1350,70.89,114,498,0
Hanju,,1453,70.67,114,536,3
Gogohoho,,1018,70.89,114,536,2
Liran,,1112,70.89,114,537,3
Nata,,1160,70.89,113,474,11
Bronze,,1200,71.33,113,528,1
Rainbobo,,1394,71,113,536,10
Lola,,1061,70.67,113,536,0
Irene,,875,70.67,113,559,3
Aliineya,,965,73.56,113,561,7
Trideltorn,,1055,70.89,113,564,4
Yujawang,,956,70.11,113,568,13
Imen,,1074,70.44,113,583,0
Talon,,1120,73.11,112,474,1
Nojapan,,908,70.78,112,493,0
Miyagi,,857,70.11,112,542,0
Alruane,,713,70.22,112,545,4
Thelingol,,990,70.67,112,561,12
Arteg,,1216,70.22,112,579,3
Koreacuins,,1079,70.44,112,591,3
Aqnf,,983,70.56,111,493,1
Acidjunkie,,1191,70.44,111,497,0
Piotr,,752,70.33,111,508,6
Jiyun,,1211,69.78,111,511,3
Chinazy,,1261,70.44,111,548,4
Twitch,,1340,70.33,111,560,3
Long,,603,68.78,111,565,2
Nirkal,,951,70.78,111,590,3
Lunas,,1540,70.22,110,192,0
Annithe,,1086,70.11,110,238,0
Nike,,1316,71,110,254,0
Robra,,945,70.67,110,296,0
Edith,,1282,70.11,110,306,2
Bercem,,1215,70.11,110,341,0
Demothene,,1382,70.56,110,361,2
Kimfish,,1138,70.67,110,401,0
Ashok,,1229,70.78,110,455,2
Durca,,612,70.44,110,461,2
Jahu,,518,70.11,110,470,5
Pleiades,,954,70.44,110,473,2
Cunny,,958,70.22,110,491,3
Zihuti,,821,70.56,110,494,0
Iciz,,1008,70,110,500,0
Yuri,,1250,70.11,110,507,0
Aquafuucku,,1081,70.11,110,511,1
Vara,,799,70.22,110,516,2
Dajim,,1377,70.44,110,519,10
Tink,,660,70.33,110,536,0
Anbtwo,,940,70.33,110,546,6
Amug,,754,70.22,110,565,0
Esaled,,908,70,110,571,9
Nzdude,,829,70.67,110,591,2
Okez,,1034,70.22,109,382,2
Logar,,1342,71.33,109,456,1
Xyza,,1114,70.22,109,490,2
Kohey,,722,70.22,109,539,0
Madafaka,,1181,70.33,109,571,0
Sauzer,,930,70.33,108,302,1
Totzule,,934,70.89,108,404,0
Shrek,,875,70.22,108,414,1
Tribulei,,463,70.22,108,427,1
Nabime,,921,70.56,108,433,0
Chinaup,,1156,70.44,108,438,0
Cetid,,862,70.44,108,476,0
Skfarm,,1298,70,108,478,1
Oshuda,,909,70.44,108,506,5
Ilarci,,963,70.22,108,514,1
Amatha,,995,70.22,108,520,2
Igrit,,695,70.11,108,533,1
Fiona,,773,70.33,108,558,1
Achole,,774,70.44,108,562,1
Koreamyung,,1057,70.89,108,571,3
Jele,,754,70.22,108,576,0
Tomson,,980,72.11,108,583,5
Schnipi,,808,70.44,108,591,3
Mobileuser,,687,70.44,108,592,4
Yanz,,804,70.56,108,595,3
Divinely,,786,70.44,108,598,6
Anevra,,1176,70.11,107,390,1
Oppo,,801,70.44,107,394,2
Alizon,,1030,71.22,107,434,1
Ozigron,,918,70.33,107,434,0
Dracocer,,1124,70.22,107,440,1
Hadna,,1025,70.22,107,452,0
Emma,,762,70.67,107,495,1
Sosserer,,876,70.22,107,505,6
Reva,,622,70.11,107,524,0
Joten,,572,70.44,107,537,1
Juhikra,,590,70.22,107,543,1
Date,,1409,71.56,107,544,1
Enyice,,674,70.22,107,555,3
Ergan,,648,70.22,107,560,2
Ribi,,1079,70.78,107,577,1
Delek,,714,70,107,580,5
Zefri,,980,70.22,107,586,1
Koreajiaa,,833,70.44,107,587,2
Edea,,816,70.11,107,597,2
Onetwo,,1393,70.22,106,282,2
Ceve,,1054,70.56,106,485,3
Gushom,,1203,70.44,106,508,6
Bahit,,491,70.33,106,511,0
Mutha,,829,70.44,106,515,4
Zappy,,1043,70.44,106,532,2
Reded,,574,70.33,106,539,1
Icode,,838,70.33,106,569,2
Icodna,,805,70.11,106,580,3
Shagetical,,1359,70.33,106,582,9
Jabzehn,,661,70.44,106,594,3
Olga,,1216,70,105,186,1
Ocaba,,1103,70,105,252,1
Lezi,,601,70,105,307,0
Dithesa,,959,70.22,105,363,0
Shinigami,,862,70.67,105,366,4
Prada,,925,70.11,105,378,2
Yennefer,,784,70.89,105,389,0
Matrempit,,1105,71,105,423,0
Jova,,549,70.89,105,439,3
Bobo,,488,70,105,448,1
Hellgirl,,568,70.44,105,450,0
Ogruz,,741,70.22,105,452,4
Lady,,1056,70.67,105,459,4
Devohe,,639,70.44,105,488,3
Acer,,1085,70.11,105,492,0
Rabil,,513,70.33,105,496,1
Yoyo,,744,70.11,105,507,1
Porketa,,719,70.44,105,510,1
Danus,,731,70.11,105,511,4
Zeus,,1015,70.33,105,515,13
Turgon,,1144,70.78,105,523,0
Jaina,,655,70.11,105,525,2
Venna,,706,70.11,105,526,5
Kobra,,1063,70.11,105,541,5
Sulphor,,687,70.44,105,548,3
Savannah,,654,70.67,105,552,5
Jerte,,557,70.11,105,574,3
Cadnet,,754,70.11,105,580,2
Siddartha,,617,70.78,105,584,0
Cavri,,764,70,105,585,3
Ababaz,,1060,70.22,104,414,4
Xiaofan,,1005,72.89,104,461,3
Pokebill,,1020,71,104,482,0
Acashe,,974,70.33,104,483,6
Merzun,,729,70.11,104,542,10
Doomsday,,752,70.22,104,548,0
Ardua,,853,70,104,574,3
Magrinder,,766,70.33,104,588,1
Tempvar,,891,70.44,103,264,0
Chinadong,,838,70.22,103,304,1
Kevinfwk,,713,72.22,103,418,0
Nammyq,,1100,70.56,103,422,1
Azeki,,593,70,103,431,0
Jepongskie,,962,70.67,103,433,1
Invictus,,1186,70.11,103,436,3
Blackwiz,,874,70.22,103,454,2
Circe,,754,70.33,103,474,0
Adrala,,995,70.78,103,485,0
Liluli,,402,70.89,103,488,1
Ithid,,946,70.22,103,492,9
Woohoo,,1167,70.22,103,496,0
Akria,,855,70.11,103,511,0
Rublik,,691,70.22,103,516,1
Ohesim,,666,70,103,522,2
Alisa,,498,70.33,103,524,0
Buluer,,616,70.89,103,531,0
Pechamagic,,602,70.11,103,538,0
Chinawife,,693,71.56,103,547,1
Diva,,925,70,103,553,1
Ezum,,810,70.56,103,556,0
Ybarra,,653,70.33,103,565,0
Afranri,,614,70.22,103,570,8
Bronze,,646,70.44,103,578,3
Avrutul,,460,70.56,103,579,5
Mozod,,550,70.89,103,591,3
Korallstar,,820,70.22,103,598,1
Gray,,878,70.22,102,376,1
Ruuze,,518,70.44,102,397,3
Mageikool,,452,70.11,102,423,2
Ebrisas,,770,70.33,102,486,0
Kardis,,576,69,102,492,0
Mashes,,768,70.44,102,492,3
Binnone,,559,70.11,102,494,3
Poopito,,724,70.22,102,507,10
Adas,,819,70.11,102,518,2
Gandalf,,456,70.11,102,520,2
Cera,,570,70.11,102,577,3
Dednot,,474,70.22,102,593,0
Murroghiv,,956,70.22,102,593,5
Megamac,,707,70.56,102,597,3
Losestracy,,515,70.22,102,598,6
Rufren,,714,70.44,101,422,0
Obomit,,879,70.56,101,460,0
Cani,,658,70.56,101,467,0
Mobico,,726,70.56,101,467,1
Mcxx,,723,70.56,101,468,6
Arama,,820,70,101,470,6
Kela,,592,70.89,101,474,0
Parsilie,,910,70.11,101,474,9
Edny,,799,70.11,101,475,2
Chills,,699,70.44,101,483,3
Redshirt,,949,70.67,101,488,0
Rudeus,,1879,75,101,492,9
Joret,,569,70.33,101,512,0
Barnar,,791,70,101,513,5
Subrid,,781,70.33,101,531,0
Azuva,,1106,70.56,101,547,4
Joraz,,451,70.11,101,553,9
Ozege,,945,70.11,101,558,1
Onnuja,,408,70.33,101,580,1
Craig,,544,70,101,582,3
Remi,,457,70.22,101,587,1
Floflyflou,,591,70.44,101,595,0
Murduvre,,515,70.22,101,597,1
Ohecem,,1197,70.67,100,118,0
Votha,,1292,70.22,100,182,1
Oien,,1118,70.44,100,204,0
Nudet,,874,70.22,100,229,2
Crazybalz,,1348,70.78,100,238,0
Aziz,,1006,70.56,100,262,0
Yvmo,,869,70.44,100,263,1
Cuvrena,,1218,70.11,100,265,1
Avis,,806,70.44,100,271,2
Edritek,,1032,70.33,100,274,3
Evoleb,,885,70.56,100,290,5
Chinalimei,,813,70.67,100,299,1
Rainbowdog,,1114,70.56,100,307,0
Petra,,656,70.33,100,316,1
Tiamat,,548,70,100,321,0
Sorrow,,739,70.22,100,327,1
Sorzum,,846,70,100,328,0
Carul,,1153,70.44,100,336,0
Tovuk,,532,70.44,100,338,0
Savruz,,1007,70,100,346,0
Sebastian,,643,70.22,100,348,0
Vuhushi,,765,70.67,100,349,1
Chinazq,,791,70.11,100,350,2
Chinal,,731,70.33,100,351,1
Ennoda,,379,70,100,354,0
Uschi,,741,70.44,100,358,3
Hera,,1044,70,100,358,0
Blackachu,,583,70.33,100,360,2
Shkiper,,914,70.67,100,360,3
Lulu,,975,70.78,100,377,4
Azum,,515,70.44,100,381,2
Sese,,731,72.33,100,384,1
Jodnuni,,901,70.44,100,385,0
Opange,,1053,70.44,100,390,2
Sellina,,830,70,100,391,1
Lelle,,646,70.44,100,406,4
Mousse,,1008,70.22,100,409,3
Keki,,361,70.11,100,409,2
Aken,,590,70.33,100,410,3
Koreake,,943,70.33,100,416,4
Garle,,1023,70.67,100,420,1
Jason,,471,70,100,423,3
Ekat,,784,70.33,100,434,1
Urtho,,767,70,100,436,0
Ronitha,,383,70.78,100,447,1
Lilesi,,785,70.44,100,449,1
Vekre,,624,70.22,100,450,1
Girl,,773,70.56,100,452,2
Jete,,463,70.11,100,462,3
Noma,,708,70.22,100,470,5
Muttan,,568,70.33,100,473,0
Modra,,563,70.11,100,476,1
Rowan,,540,70.33,100,479,0
Viky,,870,70.22,100,480,2
Killer,,793,70,100,481,9
Olesam,,626,70.22,100,483,0
Zzzzrj,,556,70.22,100,485,0
Alex,,530,70.33,100,486,0
Orana,,531,70.22,100,490,3
Tigerlion,,693,70.33,100,492,3
Guhanyang,,792,70.11,100,495,5
Tryit,,660,70.22,100,496,0
Hotberg,,600,70,100,496,4
Jethome,,431,70.44,100,499,2
Irzakez,,838,70.33,100,502,5
Roze,,642,70.22,100,504,2
Enrecha,,450,70.11,100,506,1
Zzzz,,439,70.33,100,506,2
Irongirl,,647,70.56,100,507,3
Koti,,683,66.89,100,519,2
Yuki,,404,70.11,100,520,2
Zacorci,,525,70.22,100,531,3
Krpech,,695,70.33,100,531,1
Adunaphel,,670,70.11,100,541,0
Mmpk,,577,70.33,100,544,0
Xelloss,,1042,70.44,100,551,1
Tishud,,809,70.33,100,562,2
Sweetnsour,,466,70.44,100,564,2
Dena,,1233,70.11,100,572,7
Morpheus,,983,70.44,100,577,7
Estradiol,,369,70,100,580,5
Anag,,592,70.89,100,584,1
Roga,,549,70.33,99,539,5
Hoha,,675,70,99,578,0
Jele,,668,68,98,465,1
Chinavan,,908,70.22,98,470,1
Rina,,501,70.56,98,476,3
Idnili,,410,70.56,98,478,1
Akilla,,690,70.56,98,516,3
Sichod,,410,70.22,98,520,1
Pelias,,383,70.11,98,533,2
Adoventi,,804,70.56,98,549,1
Guniko,,491,70,98,556,1
Rura,,949,70.11,98,558,1
Merkabal,,503,70.22,98,559,2
Nadja,,445,70.11,98,560,0
Okoled,,518,70.33,98,568,1
Macrosis,,589,70,98,594,11
Dangdang,,647,70,97,385,2
Eruk,,527,70,97,487,4
Zove,,394,70.22,97,501,1
Broomie,,437,70.44,97,502,0
Ashlandihr,,406,69.11,97,515,1
Yima,,433,72.56,97,551,1
Javre,,321,70,97,552,5
Malkang,,676,70.22,97,574,3
Jirde,,511,70.22,97,576,2
Achute,,427,70.22,97,589,2
Blaa,,504,70.22,97,595,2
Arzaki,,926,70.33,96,461,6
Niti,,420,69,96,495,3
Edodat,,443,70,96,521,1
Derlanb,,437,70,96,524,3
Makise,,369,70.11,96,536,5
Edek,,575,70.56,96,540,5
Athig,,430,70.44,96,541,0
Vaviz,,580,70.11,96,545,2
Zinrog,,728,70,96,554,3
Crystal,,869,70,96,557,0
Recap,,381,70,96,562,4
Kill,,397,70,96,571,3
Akumen,,621,70,96,576,1
Towbeee,,361,70.22,96,581,3
Merry,,580,70.33,96,586,2
Rurdi,,454,70.67,96,591,0
Laga,,476,70.33,96,599,0
Zavri,,1036,70.44,96,599,22
Tommyboyy,,1217,70.89,95,243,1
Suzi,,989,70.11,95,271,0
Rinnohe,,529,70.11,95,362,2
Elily,,576,70.44,95,380,0
Zatha,,491,70,95,396,2
Bibingo,,401,70,95,419,1
Rumagic,,757,70.11,95,430,1
Kasa,,854,70.22,95,435,2
Hotty,,608,68.44,95,451,2
Anresse,,609,70.33,95,458,0
Jennege,,932,70,95,473,0
Hardwell,,476,70.11,95,484,0
Mizu,,759,70.22,95,488,0
Tini,,464,70.33,95,501,1
Mars,,743,69.22,95,531,4
Jared,,468,71,95,551,6
Oshat,,559,70.22,95,556,0
Glacial,,522,68.11,95,559,5
Mofify,,525,70.11,94,366,1
Jisuthe,,340,70.22,94,472,8
Rachelle,,769,70.22,94,552,2
Alysha,,378,70.11,94,559,0
Irehan,,604,70.33,94,569,4
Zani,,437,70.11,94,569,0
Chinayu,,767,70.22,94,573,10
Twice,,838,70.56,94,581,6
Bettidevil,,734,70,93,273,0
Hallo,,433,68.22,93,333,0
August,,460,70.22,93,444,1
Geemage,,675,70.56,93,445,1
Cdawg,,733,70,93,466,2
Karda,,536,70.33,93,511,3
Chopyn,,653,70,93,514,5
Heroj,,633,70.33,93,517,0
Azacom,,526,70,93,549,4
Xiera,,551,70.11,93,564,1
Ehitaro,,412,70.11,93,578,0
Thorq,,463,70,93,582,7
Edrahe,,704,70.22,93,587,1
Azid,,525,70.33,93,590,2
Edozim,,766,70.33,92,447,5
Ruze,,423,70.11,92,473,1
Susa,,398,70,92,486,0
Sorza,,406,70.11,92,489,0
Gaga,,308,70,92,504,1
Derekgr,,389,70,92,506,0
Farinel,,394,70,92,512,4
Luji,,372,70.11,92,524,2
Iamfenix,,514,70,92,556,1
Arkerta,,445,70,92,567,1
Natas,,496,70.44,92,574,0
Barnakle,,659,70,92,582,11
Tinna,,711,70.11,92,592,0
Glinda,,660,70.33,92,593,1
Rethi,,374,70.44,92,599,1
Gandalf,,386,68.89,91,385,0
Arerga,,617,70.11,91,455,3
Ephemeral,,346,70.22,91,464,3
Primus,,358,70.11,91,476,0
Klayat,,298,70,91,486,2
Elevre,,646,70.22,91,504,1
Svergy,,280,68.67,91,519,3
Pangram,,795,70.33,91,555,1
Muzum,,813,70.11,91,561,0
Trerovz,,598,70.11,91,573,4
Mirime,,313,70.11,91,582,1
Frau,,366,70.11,91,588,2
Mage,,855,70.33,91,594,2
Keziri,,324,70,91,599,6
Bear,,726,70.33,90,116,0
Otuka,,1234,70.67,90,176,2
Darzil,,764,70.33,90,191,0
Laolei,,465,70.67,90,201,0
Mezad,,739,70.22,90,224,0
Eshartiz,,509,70.11,90,253,0
Specter,,943,70.22,90,270,0
Ssyamking,,505,70.22,90,277,0
Kgcaster,,671,70.22,90,297,0
Wizard,,630,70.78,90,310,0
Tili,,755,70.22,90,311,0
Gguevent,,838,70.11,90,338,2
Vario,,515,70.22,90,348,1
Nakri,,845,70.11,90,380,1
Devese,,484,70.11,90,396,0
Chinax,,642,72.78,90,397,0
Emjay,,695,70.56,90,409,5
Erotyk,,276,68.11,90,418,0
Vaceshe,,314,70.11,90,431,0
Crappy,,531,70.33,90,479,2
Mehuki,,740,70,90,495,8
Vapian,,454,70.56,90,507,0
Diti,,395,70,90,514,4
Gucem,,335,70.11,90,566,2
Kana,,281,70,90,571,0
Azen,,326,70,90,581,6
Maisie,,382,70,90,581,2
Abijaz,,705,68.78,90,583,5
Baleli,,489,70.11,90,586,5
Srutututu,,461,69,89,335,0
Naveke,,329,70.44,89,490,0
Tinnymage,,480,70.11,89,524,5
Ecokad,,353,70.11,89,568,2
Morgana,,340,70.22,89,569,3
Magiker,,525,70.22,88,281,0
Lilu,,324,70,88,432,1
Lilis,,389,70,88,451,3
Beaarthur,,333,70,88,458,3
Sharpii,,407,70,88,465,0
Arat,,315,70.11,88,468,0
Hinom,,691,70.22,88,473,0
Rumarpha,,703,70,88,482,5
Alkaida,,486,70.33,88,486,2
Zeki,,268,70,88,493,3
Theway,,450,70,88,509,6
Jaji,,287,70,88,514,3
Momo,,601,70.11,88,524,0
Season,,315,70,88,537,2
Nami,,493,69.67,88,542,0
Barin,,569,70,88,550,3
Nesis,,308,70,88,552,3
Narca,,308,70.22,88,554,0
Semola,,734,70.11,88,563,0
Iboma,,362,69.89,88,572,2
Yanby,,498,70.44,88,574,2
Kirzeze,,422,70,88,592,6
Bushavri,,377,70.11,88,598,2
Orog,,611,70.33,87,228,0
Prcmage,,294,70.22,87,447,0
Bill,,366,70,87,456,2
Tikafra,,265,70,87,475,1
Koreamoon,,311,70.33,87,476,1
Diudiu,,392,70.33,87,495,3
Aterki,,427,70,87,519,1
Rigel,,385,70,87,524,15
Ochirtat,,267,70,87,526,4
Emorde,,653,70.33,87,530,7
Ophelia,,606,70.11,87,538,4
Orzirgi,,233,69.78,87,542,14
Rezushi,,339,70.11,87,553,10
Bailey,,452,70.33,87,562,3
Karusel,,348,70,87,567,3
Frybaby,,332,70.22,87,573,0
Tothol,,311,70,87,576,0
Russssskiy,,322,65.33,87,596,0
Izuam,,395,70.22,86,444,4
Skimmy,,305,70.11,86,454,4
Merlina,,376,70.33,86,486,4
Tamdan,,580,70.11,86,512,3
Remus,,695,70.33,86,517,4
Merlin,,390,70,86,532,4
Luthiel,,327,70,86,539,1
Lagog,,363,70,86,557,2
Senis,,436,70,86,567,4
Eventmage,,585,70,86,569,4
Dentlox,,319,70,86,573,6
Cane,,429,70.44,86,583,3
Orgen,,391,70.11,86,588,3
Magiccc,,289,68.67,86,597,1
Otherci,,1233,70.56,85,120,0
Requicat,,1107,70,85,125,0
Nutog,,1165,70,85,151,0
Juci,,575,70.44,85,232,0
Gurrs,,705,70.22,85,268,0
Ngebut,,422,70.11,85,292,0
Anreri,,574,70.44,85,312,0
Elferouge,,368,70.11,85,318,0
Duthal,,665,70.22,85,319,2
Jibe,,648,70.56,85,324,1
Reta,,528,70.44,85,333,2
Dekona,,314,70,85,340,0
Elig,,579,70,85,340,0
Etheg,,191,70,85,358,0
Ssennom,,630,70,85,360,1
Scythia,,611,70.11,85,362,1
Subi,,438,70.67,85,370,1
Merlin,,469,70.22,85,385,5
Vivian,,256,70.22,85,386,4
Korealove,,598,70.33,85,389,1
Daiii,,298,69.56,85,392,0
Liliana,,386,70.22,85,410,3
Konscious,,321,69.78,85,437,1
Hela,,471,70.33,85,441,0
Acid,,232,70,85,443,9
Dynamess,,906,70,85,446,3
Xecutioner,,218,70.22,85,452,4
Eleva,,361,70.11,85,456,3
Avisa,,429,70.33,85,459,3
Muggins,,240,70.11,85,473,3
Andromeda,,292,69.11,85,478,0
Tathug,,789,70.22,85,479,3
Andifour,,247,70.56,85,492,0
Gokre,,220,70,85,512,3
Wintermild,,263,72.22,85,526,1
Lici,,416,70.11,85,537,1
Sternquell,,333,70.22,85,545,9
Elil,,249,70.11,85,554,2
Acadi,,352,70.67,85,560,7
Lotus,,520,70.11,85,569,6
Dora,,218,70.11,85,581,2
Powermage,,219,69.33,85,588,4
Legend,,345,70,84,408,1
Shishi,,260,70.11,84,426,1
Csinszka,,268,70,84,475,2
Novraci,,354,70.22,84,481,0
Trude,,529,70.44,84,522,2
Vero,,753,70.67,84,523,1
Tugnuggets,,401,70.11,84,531,6
Netha,,250,70.11,84,532,4
Isaze,,248,70,84,535,0
Halesxp,,907,70.33,84,547,1
Rechi,,274,70,84,569,2
Agedit,,444,70.11,84,583,1
Unreal,,258,70,84,586,2
Magi,,264,70,84,598,0
Tuna,,304,70.11,83,435,1
Ardom,,294,70.22,83,436,1
Thasha,,239,70,83,477,1
Aceri,,752,70.22,83,483,0
Ledking,,335,70.11,83,501,7
Rebecca,,273,70.89,83,503,0
Imothil,,393,70,83,505,0
Modalsoul,,471,70.22,83,506,3
Zeta,,465,70.22,83,507,1
Pooky,,505,70,83,530,5
Irabug,,430,70.11,83,538,2
Maze,,300,69.56,83,544,2
Ithaza,,345,70.22,83,557,7
Selece,,483,70.22,83,559,4
Sukre,,599,69.22,83,565,1
Marti,,267,70,83,567,0
Mirgekra,,285,70.11,83,586,3
Kowal,,263,66.67,83,587,2
Scorch,,256,69.56,83,588,1
Asia,,638,70.11,83,593,1
Munirki,,397,70,82,350,0
Severe,,576,68.89,82,356,5
Kazuna,,300,70,82,394,1
Issa,,412,70.11,82,410,2
Vios,,282,70,82,448,0
Ircos,,306,69.67,82,455,2
Rozny,,640,70,82,494,1
Rehoca,,301,70.22,82,532,2
Titha,,292,70.11,82,540,6
Ganra,,234,70.11,82,551,3
Cheungray,,195,70.11,82,554,3
Arutia,,374,70.44,82,556,10
Bullet,,592,70.11,82,560,6
Wenjun,,327,70.22,82,568,5
Dragon,,254,70.22,82,572,4
Sumi,,613,70.22,82,592,0
Magobr,,372,70.56,82,596,5
Panoramix,,308,70.11,81,436,0
Vathotha,,236,70,81,458,4
Legen,,383,70.33,81,459,0
Erzehis,,327,70.44,81,466,9
Livofra,,340,70.11,81,468,3
Bomel,,393,70.22,81,489,2
Paladin,,523,70.22,81,492,2
Soren,,279,70,81,494,1
Nanizi,,393,70.78,81,503,5
Lesit,,383,70.89,81,506,3
Baegu,,438,70.22,81,524,8
Arch,,357,70,81,526,1
Wiza,,436,70,81,538,0
Curkan,,296,70.11,81,541,2
Noko,,548,70.33,81,545,3
Brij,,233,70.33,81,556,6
Kirorze,,347,70.22,81,564,3
Timea,,336,70.89,81,576,2
Niga,,300,70.11,81,577,9
Zegra,,319,70.11,81,587,2
Ihardal,,234,70,81,587,0
Chichi,,229,70.67,81,588,2
Viciousc,,354,70.44,81,593,5
Afrat,,774,70.89,80,127,0
Krishna,,651,70.11,80,129,0
Totin,,486,71.33,80,137,0
Vased,,896,70.11,80,139,0
Fire,,665,70.44,80,218,0
Bugra,,496,70.33,80,218,0
Wiimg,,285,69.56,80,226,1
Epifanio,,403,70,80,230,1
Victor,,641,70.22,80,244,0
Kemog,,526,70.33,80,251,0
Ekanes,,228,70,80,251,0
Aaja,,499,70.22,80,265,1
Kenzi,,483,70.11,80,269,0
Cane,,293,70,80,273,0
Popok,,525,70.22,80,279,0
Easydrug,,641,71,80,280,0
Kamo,,471,70.33,80,283,2
Diosakarma,,335,70.56,80,293,0
Naza,,294,70,80,295,2
Esirdis,,308,70.11,80,295,1
Okokoo,,451,70.22,80,296,0
Zogoje,,260,70.11,80,301,0
Avuki,,230,70,80,309,1
Hmmm,,263,69.89,80,309,0
Exit,,526,70,80,314,1
Dogad,,398,70,80,320,1
Osoje,,274,70.11,80,324,0
Panang,,443,70.22,80,331,0
Nakiasha,,493,70.11,80,350,0
Huci,,326,68.67,80,357,0
Sonra,,188,70.11,80,359,0
Lyria,,591,70.11,80,363,3
Anocel,,492,70.11,80,373,1
Diablo,,249,70,80,379,0
Nunengmilo,,302,70,80,385,0
Muthid,,317,73.78,80,388,15
Mars,,443,70,80,394,1
Xiao,,427,70.22,80,398,1
Orbit,,429,69.33,80,399,4
Hokroz,,190,70.22,80,399,4
Lese,,640,70,80,400,1
Magisteve,,588,70.22,80,404,0
Subzero,,286,70,80,406,0
Padrespiri,,524,69.67,80,406,0
Abruvi,,578,69,80,408,6
Nschiu,,521,70.89,80,411,5
Bilelle,,266,69.89,80,414,0
Angelxx,,284,70,80,416,6
Cigoma,,474,70.22,80,416,0
Bibica,,261,70,80,421,0
Heka,,419,66.89,80,421,4
Chekan,,172,69.44,80,422,1
Gihet,,256,67.67,80,422,0
Snjarko,,309,70,80,436,9
Irced,,190,70,80,442,2
Wendy,,614,70.11,80,449,4
Anorma,,229,70.33,80,453,4
Lorenzo,,260,69.33,80,458,1
Godhand,,459,70.11,80,461,4
Zethani,,321,70,80,467,0
Annodram,,353,70.22,80,469,2
Vinnan,,345,70.22,80,469,5
Breakwind,,395,70,80,470,8
Koreangry,,512,70.22,80,472,1
Puma,,227,69.33,80,472,13
Egotha,,330,70.11,80,475,6
Vinbrnz,,492,70.11,80,479,7
Govno,,274,70,80,479,19
Erithe,,323,70.33,80,481,7
Hecam,,270,70,80,486,0
Lurci,,265,70,80,498,1
Zaharza,,325,70.22,80,504,4
Guni,,513,70.11,80,505,0
Sisimi,,457,70.22,80,508,1
Zorgeshe,,542,70.11,80,509,2
Vorgonne,,295,70.22,80,510,6
Koreazio,,453,70.11,80,512,2
Minimist,,257,70,80,516,10
Virgin,,201,70,80,520,1
Boulita,,496,70.11,80,524,1
Rylai,,199,69.44,80,525,0
Meciz,,377,70.33,80,529,3
Cafreg,,228,70.56,80,529,3
Ruli,,379,70.11,80,531,3
Elile,,252,70.11,80,532,0
Daddyno,,264,70.11,80,537,1
Okruthis,,281,70.11,80,539,5
Lamia,,222,70,80,540,1
Avim,,249,70,80,540,8
Zirti,,217,70,80,541,3
Alex,,409,70,80,542,2
Kettes,,287,70,80,548,5
Artom,,200,69.56,80,551,2
Cinwendy,,316,70,80,557,0
Morrigu,,445,70.11,80,558,6
Idana,,332,70.22,80,564,2
Onin,,331,70,80,568,7
Pendalf,,276,69.22,80,570,0
Nadnevi,,255,70,80,570,9
Naga,,283,70,80,571,2
Dircos,,259,70.11,80,574,4
Surfer,,381,70.22,80,578,0
Sarcirka,,297,70.33,80,583,7
Darrei,,309,67.56,80,590,6
Enclave,,203,69.78,80,593,6
Zusa,,296,68.67,80,593,9
Chimera,,304,70.11,80,594,5
Dutud,,293,70.33,80,595,4
Madmage,,175,70,79,443,7
Idridon,,225,70,79,463,2
Darkangel,,227,70.11,79,465,9
Eroza,,199,69.11,79,472,2
Orkicha,,230,70,79,494,5
Baraka,,218,69.33,79,505,6
Silah,,417,70.22,79,507,5
Mace,,610,70.11,79,530,3
Fartitall,,403,70.22,79,535,5
Vexlie,,773,70.11,79,543,31
Merlin,,357,70,79,550,2
Makspein,,358,70.11,79,563,10
Agadan,,271,70.11,79,576,3
Masermak,,237,70.44,79,577,1
Enal,,185,70,78,340,2
Lena,,177,69.22,78,449,1
Ravit,,491,70,78,455,0
Athena,,400,69.56,78,473,4
Raistlin,,344,69.56,78,481,1
Wiggly,,359,70,78,525,0
Gisana,,246,70.33,78,533,2
Deebo,,179,70.22,78,534,3
Housewife,,311,70.22,78,539,2
Angie,,423,70.33,78,549,0
Ashley,,309,70.67,78,552,0
Feanor,,304,70,78,557,1
Petra,,236,66.22,78,566,9
Mikeoxmaul,,270,70.11,78,573,1
Pixidust,,491,70,78,574,1
Luvie,,356,69.11,78,575,1
Koge,,265,70.11,78,576,2
Yeeeee,,341,70.22,78,577,1
Toldyou,,399,69.33,78,579,4
Fdmmagic,,379,70.67,78,579,3
Yuna,,422,70,78,593,0
Sativass,,467,70.11,78,596,6
Koni,,279,70,77,390,1
Bumschtick,,410,70.22,77,406,1
Redwizard,,334,70.11,77,437,1
Kothuli,,266,70,77,448,14
Cukedra,,179,70.11,77,454,5
Alice,,400,70.11,77,463,1
Jilal,,295,70.11,77,478,15
Grey,,286,70,77,528,4
Doll,,410,68.56,77,536,2
Vosha,,361,70.78,77,541,3
Egyes,,352,70,77,553,3
Ellubre,,289,68.33,77,555,8
Izufri,,239,70,77,556,5
Ivrite,,290,70.11,77,556,2
Rincewind,,411,70.11,77,561,1
Cutefre,,386,69.78,77,583,6
Dfgsde,,389,70,77,589,0
Muzorde,,379,70.22,76,295,3
Woda,,671,70.33,76,396,0
Jelam,,321,70.11,76,436,1
Omodi,,203,70.22,76,438,1
Kinri,,294,69.56,76,475,0
Xyla,,249,69.67,76,477,9
Jebek,,362,68.33,76,505,5
Micaz,,222,67.89,76,505,5
Ichog,,665,70,76,531,0
Ezothi,,392,70,76,568,2
Kada,,309,70,76,568,10
Puspok,,333,70,76,571,4
Event,,230,70.11,76,589,7
Sobahe,,696,70,76,591,6
Ichale,,284,68.56,76,594,7
Zazen,,269,69.22,76,597,4
Bitcoin,,631,70.22,75,139,0
Amon,,326,70.44,75,159,0
Aroteth,,488,70.11,75,221,0
Wond,,466,70.33,75,265,1
Sorot,,468,70.44,75,273,0
Scabitha,,487,70.33,75,290,2
Beshe,,328,70.44,75,295,1
Ekana,,368,70,75,295,0
Wosps,,771,70.33,75,302,0
Ireci,,288,70.22,75,357,0
Deepzy,,259,70,75,362,2
Rzip,,277,70.33,75,364,2
Ennethe,,413,70.33,75,373,1
Haze,,269,70,75,376,0
Bomeka,,209,68.44,75,378,2
Ihodnal,,398,70.11,75,386,0
Bambuk,,345,70.22,75,386,3
Tarace,,521,70.33,75,407,1
Oniza,,248,70.44,75,418,3
Mobi,,359,70.11,75,427,2
Arwen,,491,70.89,75,431,0
Jushi,,312,70.33,75,448,2
Erzova,,363,70,75,454,0
Esuche,,284,70.33,75,457,0
Taton,,289,70.11,75,496,2
Mothum,,522,70.44,75,505,3
Elgris,,321,70.11,75,506,3
Vori,,333,70.22,75,543,4
Arduhik,,290,70,75,552,10
Wizard,,250,70.11,75,554,8
Hadre,,247,70.11,75,575,8
Gnomerci,,369,69.78,75,575,4
Vekis,,400,70,75,591,3
Bitem,,329,70.22,75,593,12
Ashamal,,254,70.11,74,351,1
Kannam,,308,70.22,74,401,0
Rose,,171,69,74,427,3
Zitene,,351,70,74,441,2
Kene,,362,70.22,74,474,3
Duola,,195,70,74,486,0
Irene,,242,69.11,74,491,4
Ojosuz,,309,69.56,74,501,8
Zohan,,278,70.22,74,503,6
Sharkhan,,222,70,74,504,2
Sadi,,435,70.89,74,510,1
Asharza,,291,70,74,512,3
Merlin,,320,70.33,74,536,6
Jorah,,203,70.33,74,549,6
Kleliya,,315,69.89,74,565,2
Tonok,,243,70.22,74,567,3
Cohikre,,531,70.33,74,575,14
Sansa,,254,70.33,73,411,0
Eguk,,279,70.67,73,457,1
Cathereyn,,331,70.44,73,468,3
Sere,,260,70.11,73,470,3
Caleb,,184,70,73,494,1
Inoret,,293,69.44,73,510,1
Ichenri,,436,70.22,73,515,6
Silva,,327,69.44,73,516,3
Ishazoz,,241,69.33,73,532,3
Patapum,,284,70.22,73,543,4
Grinley,,278,69.33,73,571,5
Elove,,435,70.11,73,574,2
Orcuse,,283,70,73,577,1
Jinziyi,,150,69.67,73,590,4
Joshmatt,,173,70.56,72,273,2
Athebe,,259,69.56,72,303,3
Borza,,358,70.33,72,313,1
Logar,,409,62.33,72,341,0
Osanum,,176,70,72,398,4
Ylli,,246,70,72,425,5
Wutzeline,,280,70.11,72,465,0
Illyana,,541,70.11,72,468,2
Duji,,219,70.56,72,471,3
Darkwing,,631,70.44,72,477,1
Doood,,327,70.22,72,488,3
Magician,,517,70.33,72,497,3
Rivem,,224,70.11,72,503,3
Haziron,,311,70,72,503,2
Chiva,,261,70,72,517,5
Flavio,,219,70.33,72,522,4
Vade,,401,70.22,72,531,4
Sloth,,227,69.22,72,552,7
Valaki,,303,69.33,72,553,8
Tothaka,,167,69,72,565,2
Amubrig,,261,70.22,72,582,5
Oton,,488,70.22,72,599,2
Nizas,,199,69.78,71,270,0
Oden,,443,70.22,71,350,2
Eluz,,157,70.11,71,367,2
Venra,,431,70.22,71,398,7
Nazgool,,141,70.11,71,447,8
Comithe,,274,70.11,71,451,1
Dothi,,330,69,71,467,2
Veka,,196,69.89,71,486,4
Slug,,262,70,71,505,7
Ofrurom,,417,70.22,71,511,1
Anevre,,234,70,71,523,0
Monesi,,404,69.67,71,548,5
Averna,,336,70.11,71,582,1
Bada,,453,70.11,70,129,0
Olag,,559,70.56,70,191,1
Getil,,326,70,70,192,0
Dide,,308,70,70,214,0
Votha,,315,70,70,215,1
Shaman,,579,70.22,70,218,0
King,,539,70.11,70,234,1
Ethan,,224,70,70,287,0
Dsjang,,209,70,70,292,2
Kortusi,,234,70.22,70,296,2
Cuve,,240,69.67,70,302,0
Avarka,,194,70.22,70,314,2
Amik,,232,70.11,70,321,1
Ekral,,541,70.33,70,329,2
Merlyn,,448,70.33,70,343,0
Nasaca,,310,68.56,70,344,3
Athartul,,196,70,70,348,3
Trial,,462,70,70,378,4
Odorgan,,334,70.56,70,400,10
Annihet,,241,68.56,70,402,0
Ariella,,255,69.11,70,413,1
Linj,,262,69.78,70,433,0
Zzzz,,358,70.22,70,436,0
Dirci,,314,70.33,70,441,4
Deder,,298,70.44,70,443,1
Ithoji,,316,70,70,451,5
Azumi,,305,66.78,70,455,0
Ggyy,,277,70,70,470,6
Egaca,,421,62.11,70,470,4
Haba,,147,70,70,477,3
Ofronrod,,184,69.56,70,497,0
Orzud,,177,69.89,70,498,5
Okum,,177,70,70,507,0
Sompiyang,,259,70,70,510,6
Uniquenii,,198,70.44,70,516,6
Poombang,,379,70,70,552,2
Rarzuthe,,280,70.44,70,553,2
Beha,,467,68,70,586,6
Frap,,216,70.22,69,472,2
Bronzedire,,408,70,69,475,2
Onnetit,,196,70,69,491,0
Arkad,,445,70.11,69,493,9
Evati,,437,70.22,69,500,5
Nithel,,173,70,69,524,4
Soloze,,286,70.11,69,537,4
Meluswine,,229,70.22,69,599,9
Ebel,,211,70.44,68,453,0
Fleeting,,189,70.11,68,474,8
Izez,,256,70,68,485,5
Elly,,183,70.11,68,492,2
Achuk,,312,70,68,493,1
Lamdola,,381,70.11,68,511,1
Athos,,311,70.11,68,512,1
Ememol,,243,70.44,68,516,5
Ojifreg,,207,70,68,516,2
Vathuz,,410,70.11,68,517,1
Ceilrux,,210,70.22,68,517,2
Shubik,,237,70,68,519,0
Motatake,,263,70.22,68,522,0
Mecha,,213,70.11,68,534,1
Orzeg,,426,70.44,68,537,8
Nordek,,299,70.11,68,538,2
Vicusa,,310,70,68,545,2
Echog,,310,70.11,68,550,4
Sujochi,,180,69.78,68,554,8
Sugra,,278,70.11,68,558,2
Idkf,,211,68.22,68,569,1
Hegren,,246,70.11,68,570,1
Rasputin,,323,70,68,576,1
Buse,,169,70,68,580,10
Wendaomu,,148,64.22,68,581,6
Ploppy,,338,70.22,68,585,5
Dontrump,,220,69.56,68,586,5
Barbara,,233,70.22,68,589,11
Ellahi,,191,70.22,68,594,3
Simple,,216,70.22,68,596,0
Vezed,,324,69.78,68,598,0
Nerkiz,,223,70.11,67,199,1
Kooo,,199,70.22,67,354,10
Bollug,,272,70.56,67,401,3
Gesa,,275,70.11,67,408,1
Agrardel,,183,69.22,67,409,2
Whiz,,395,70.33,67,424,1
Denis,,175,68.89,67,467,4
Ridcully,,147,70.44,67,467,0
Ogemis,,294,70.22,67,470,5
Megumin,,187,69.56,67,476,1
Zome,,196,70,67,484,2
Loki,,238,70,67,503,1
Sweet,,237,70.11,67,505,0
Azrael,,237,70,67,507,0
Corinne,,446,70.11,67,512,1
Lizisi,,410,70,67,518,3
Hudan,,200,70,67,525,10
Ammerik,,232,65.56,67,526,0
Mabrufra,,268,70.11,67,540,3
Archi,,144,69.44,67,540,8
Imoen,,365,70,67,544,0
Otula,,292,70.11,67,551,6
Mago,,147,70,67,571,3
Hoshati,,256,69.67,67,572,5
Gachippk,,143,69.11,67,581,2
Jato,,210,70.11,67,590,2
Keli,,240,70.11,67,598,1
Glivera,,251,70.33,67,598,1
Goodbts,,187,70.11,66,241,0
Kulara,,150,69.67,66,336,0
Murcole,,258,70.33,66,371,1
Mercy,,294,70.11,66,384,6
Alisa,,222,70.78,66,385,0
Kurwa,,118,69.56,66,435,12
Sedi,,208,69.22,66,442,3
Ominris,,324,69.78,66,447,5
Lachudra,,290,70.33,66,456,6
Odeshi,,270,70,66,461,5
Azit,,212,69.44,66,473,0
Prettyava,,269,69.56,66,506,3
Mortem,,197,69.89,66,549,1
Athem,,214,70.22,66,561,10
Ebros,,168,66.22,66,564,1
Eightdays,,272,70,66,569,2
Szad,,327,70.11,66,572,2
Nolika,,200,70,66,597,14
Migi,,122,69.56,65,265,0
Arma,,271,70.11,65,275,0
Krista,,281,69.78,65,290,3
Duck,,308,70.44,65,293,0
Tosubre,,246,70,65,295,6
Lenne,,151,68.44,65,298,3
Eshid,,338,70.33,65,302,0
Korearamu,,384,70,65,315,1
Alergod,,554,70.11,65,317,3
Tony,,437,70,65,328,1
Isabella,,365,70.22,65,349,4
Seco,,283,70,65,350,8
Hohik,,239,70,65,353,1
Dugi,,115,70,65,355,1
Pdbl,,308,69.44,65,358,0
Fack,,197,68.89,65,359,1
Celeste,,376,68.33,65,364,1
Haiyenvn,,334,70.11,65,368,9
Vabarti,,154,69.33,65,378,3
Jegarin,,319,70,65,383,3
Umbro,,151,69.33,65,385,1
Rishet,,332,70.22,65,392,1
Akren,,233,69.44,65,396,1
Sosha,,272,70.11,65,413,0
Gigi,,140,70,65,414,2
Bukifra,,144,70.33,65,415,1
Valelli,,376,70,65,416,3
Ahera,,304,70,65,419,0
Tundra,,347,70,65,429,4
Eemias,,174,70.22,65,434,4
Jucule,,245,70.33,65,437,1
Tonya,,234,69.33,65,439,0
Odris,,186,70.11,65,441,9
Clmn,,181,69.67,65,444,1
Larca,,204,63.56,65,448,3
Sexymage,,218,70.22,65,454,1
Moonflare,,344,67.78,65,455,5
Olethe,,232,70.78,65,456,2
Koli,,177,70,65,457,1
Jada,,281,69.78,65,461,4
Proba,,172,70,65,469,0
Sushoka,,278,70,65,473,0
Vestatto,,195,70.11,65,476,4
Zavaghar,,156,70,65,476,1
Nayeon,,162,69.33,65,483,0
Lume,,515,70.11,65,492,3
Mickey,,248,70.11,65,492,4
Civri,,112,62.67,65,498,2
Shmonia,,237,67.56,65,518,0
Nefra,,165,70,65,520,6
Bodi,,277,69,65,522,5
Enigma,,316,65.11,65,524,0
Binbin,,257,70,65,526,7
Acam,,285,69.44,65,527,4
Kirto,,257,70,65,529,1
Sumifra,,185,70.11,65,546,6
Shanti,,226,70.11,65,567,0
Bluemage,,296,70,65,592,4
Adnerga,,276,70.33,65,594,2
Fleurtje,,260,70.22,65,596,8
Buccaneer,,285,70.11,65,596,2
Kenzin,,251,71.89,65,598,7
Ovoshis,,524,70.22,64,125,0
Egaz,,158,70,64,417,2
Ocathed,,303,70.11,64,426,3
Vuca,,219,70.67,64,486,2
Ohabi,,273,70,64,490,0
Lozak,,213,70.11,64,492,6
Azud,,280,70.11,64,502,0
Bibrek,,266,70,64,511,5
Lolez,,184,70.44,64,539,9
Timom,,412,69.44,64,544,3
Ekrezil,,283,68.89,64,554,3
Elukroz,,220,70.11,64,579,8
Kali,,179,69.78,64,589,4
Roninsoul,,168,70.11,64,592,11
Athos,,177,68.78,63,300,2
Abok,,108,68.22,63,334,4
Zephi,,220,70.22,63,367,1
Xena,,235,70,63,374,2
Ivrevrel,,132,70.11,63,387,3
Ezem,,159,70,63,393,0
Mylaw,,138,70,63,397,6
Lora,,210,70,63,421,2
Grandia,,394,70.11,63,423,4
Buka,,179,66.11,63,437,1
Osfp,,252,70.11,63,449,5
Lorustrum,,178,70.22,63,459,0
Nuhatak,,308,70,63,460,0
Gareta,,490,70.44,63,464,2
Amaliya,,215,70,63,466,1
Rosemary,,170,69.78,63,470,0
Luke,,534,70.67,63,478,5
Peabody,,447,71.33,63,498,0
Larak,,169,70.11,63,514,2
Soza,,193,69.56,63,516,2
Lobek,,447,70.44,63,525,3
Enahez,,186,70.33,63,526,0
Mrspipi,,247,70,63,532,2
Zunni,,228,70,63,539,1
Oshos,,218,70,63,541,0
Zolova,,244,70.22,63,545,8
Artula,,169,70.22,63,547,0
Ksenolog,,305,69.22,63,560,6
Ishak,,205,70,63,562,3
Jane,,424,70.11,63,593,0
Cinmella,,229,70,62,345,1
Icen,,405,70.11,62,360,0
Olucha,,116,69.11,62,393,6
Zanzibar,,255,70,62,402,2
Slabak,,132,70.11,62,403,1
Casu,,245,68.78,62,410,0
Erkire,,186,71.44,62,411,1
Tedes,,337,70,62,414,1
Aves,,200,71.11,62,416,1
Fever,,144,61.78,62,418,1
Zaka,,196,70.11,62,439,1
Dalei,,168,70.11,62,451,0
Goden,,203,69.67,62,463,5
Dzhopa,,361,69.44,62,515,0
Nomum,,249,63.89,62,516,11
Iret,,237,70.11,62,528,4
Keria,,187,69.11,62,539,3
Atad,,193,68.33,62,542,8
Omnamo,,178,70,62,543,2
Hestia,,324,69.56,62,553,0
Belle,,178,70.11,62,559,4
Poopers,,187,70.11,62,563,0
Bochi,,225,70.22,62,569,8
Pochinki,,320,66.67,62,570,5
Dereck,,241,70.11,62,571,0
Lilie,,396,70,62,574,1
Nardem,,325,70.56,62,576,2
Toci,,393,70.22,62,578,3
Azili,,143,70.11,61,346,0
Voba,,258,70.33,61,390,3
Ashertel,,156,70,61,393,0
Racy,,229,70.89,61,405,2
Balik,,226,64.89,61,419,10
Irog,,133,69.44,61,447,3
Granmadave,,264,62.78,61,461,3
Blastish,,238,70,61,463,0
Valli,,468,70,61,503,1
Othochis,,276,69.89,61,505,0
Gozot,,136,65,61,523,8
Mellan,,213,70.11,61,523,8
Event,,237,70.22,61,527,6
Ananzi,,230,70.11,61,578,2
Mivrava,,185,70.22,61,590,4
Robertttt,,632,70.33,60,156,0
Tartus,,263,70,60,188,2
Spiders,,282,70,60,200,0
Moraine,,303,70,60,238,1
Agave,,263,70.22,60,238,0
Xarios,,140,70.11,60,242,0
Arges,,485,70,60,252,1
Lella,,209,69,60,252,5
Rammstein,,164,70.22,60,257,1
Eshodnig,,249,70.44,60,266,0
Tasin,,312,70.11,60,273,1
Anozi,,159,70.11,60,274,4
Aden,,290,70.11,60,279,1
Nala,,292,70.11,60,279,1
Pogipogi,,263,70.22,60,281,0
Simsim,,259,70.11,60,282,1
Barzina,,159,67.78,60,284,0
Konti,,110,70,60,286,0
Asedran,,258,70.22,60,291,1
Steamella,,161,70,60,301,1
Jterraza,,177,69.44,60,302,0
Edoneg,,278,70.33,60,309,0
Sprikitik,,141,70.33,60,322,1
Gertim,,128,70.11,60,337,2
Yuhnah,,206,70.11,60,345,8
Zabut,,191,70.11,60,351,3
Villedne,,202,69,60,352,1
Okajing,,352,70.44,60,390,0
Mancos,,132,69.89,60,396,0
Lelle,,301,69.89,60,396,0
Othoga,,266,68.22,60,399,0
Niki,,405,70,60,400,12
Pookoe,,210,70.11,60,405,0
Linda,,211,69.78,60,408,3
Angela,,306,70.22,60,426,3
Ohem,,203,70,60,426,0
Eventbubba,,131,69,60,432,3
Binre,,181,70,60,439,0
Ranne,,158,67.67,60,443,13
Cicet,,235,70.22,60,454,2
Bertilli,,211,68.67,60,459,5
Daguchi,,313,70,60,461,0
Seasonmage,,187,70.11,60,465,5
Esim,,412,70.44,60,467,3
Sherbear,,347,70.11,60,470,0
Illag,,112,69.89,60,478,4
Adam,,195,69.44,60,478,4
Omegaroxx,,183,69.89,60,480,0
Irig,,340,70.11,60,488,0
Tymczasowa,,187,70.11,60,489,6
Blackpink,,252,69.44,60,490,0
Sikraki,,128,70,60,495,7
Ivan,,232,70.11,60,508,4
Jeanclaude,,164,70.22,60,509,5
Orid,,177,68.67,60,522,10
Drakem,,238,70.67,60,532,6
Adeela,,214,70,60,537,2
Yeolmoo,,403,70.11,60,547,4
Jalun,,359,70,60,548,5
Yuno,,220,70.11,60,560,1
Cane,,290,70,60,581,1
Juventas,,192,69.44,60,587,8
Vatida,,176,70.11,59,388,1
Ezuti,,153,70,59,403,5
Ethidon,,118,69.11,59,444,6
Atti,,142,70.22,59,495,12
Jarkuz,,276,70.44,59,496,3
Ethim,,225,70.11,59,564,3
Lilith,,174,69,59,573,2
Azum,,174,70,59,596,12
Ururu,,128,70.11,58,330,0
Lagoz,,147,61.67,58,354,1
Demise,,157,68.33,58,363,3
Cadati,,232,70,58,403,2
Bert,,159,69.56,58,408,1
Caca,,153,67.44,58,411,0
Ryjal,,230,70,58,413,0
Zoman,,242,70,58,419,10
Ozud,,223,70.11,58,421,2
Zhddl,,355,71.11,58,432,3
Terca,,271,70,58,471,5
Evige,,115,68.67,58,477,2
Maddymcgee,,201,70.22,58,480,0
Vishuza,,243,70.33,58,486,2
Ejis,,353,70.11,58,493,8
Zivren,,220,70.22,58,508,2
Zerzulla,,250,68.67,58,508,4
Merengowar,,252,69.89,58,525,2
Fucoff,,232,70.22,58,548,7
Qaragon,,132,70,58,550,3
Nucus,,246,70,58,560,3
Aral,,141,70.11,58,560,5
Ekras,,177,70.11,58,566,3
Kurvva,,93,67.44,58,588,0
Jameimeve,,369,70,58,589,18
Rozan,,433,70.33,57,169,0
Sorca,,126,70.11,57,208,3
Roxxii,,287,69.89,57,258,0
Mopcuk,,225,70,57,331,1
Nicholas,,130,68.78,57,451,3
Barcovri,,229,69.56,57,462,0
Hoho,,306,70,57,502,2
Nimonne,,264,70,57,508,3
Ozegi,,202,70,57,523,0
Magus,,119,69.56,57,542,11
Gwendolyn,,151,68.67,57,582,5
Vebra,,206,70,56,299,1
Lorena,,132,69,56,306,1
Athel,,110,69,56,316,1
Kokonek,,125,67.56,56,338,2
Itokumupjr,,252,70.11,56,343,0
Josefina,,186,70.11,56,396,4
Iseti,,341,69.56,56,477,5
Zarkeza,,269,62.44,56,485,0
Dallit,,157,70,56,486,4
Zima,,169,70.67,56,528,6
Onritin,,196,67.67,56,556,4
Nerde,,123,60.22,56,576,4
Blademytsu,,191,70,56,583,3
Aloren,,222,70,55,145,0
Miceg,,321,70.22,55,162,0
Nari,,189,70,55,176,2
Illoke,,280,68.33,55,204,0
Hero,,306,70,55,233,4
Ogog,,211,69.22,55,235,0
Sarduk,,206,70,55,253,0
Rady,,444,70.33,55,253,0
Areha,,188,70.44,55,287,0
Naba,,160,70.44,55,316,0
Ecila,,149,69.78,55,317,0
Ajama,,315,70,55,325,0
Guri,,209,70,55,325,0
Juruk,,243,70.11,55,325,0
Agroza,,264,70,55,326,1
Ethejaz,,71,67.22,55,334,0
Artode,,174,68.11,55,357,1
Ogethe,,273,70.11,55,358,8
Sylvie,,259,70.11,55,362,0
Emen,,94,69.44,55,363,2
Muha,,342,70,55,370,1
Roke,,143,70.22,55,383,2
Obolla,,117,70.11,55,398,0
Grete,,265,71,55,425,4
Jina,,229,70.33,55,428,0
Davis,,139,70.33,55,436,1
Cephonie,,176,69.44,55,448,0
Ivan,,184,70.11,55,452,1
Neiku,,141,69.11,55,455,1
Arucha,,154,62.78,55,470,16
Syxx,,148,69.22,55,474,2
Ijas,,350,70.11,55,488,0
Cera,,159,70,55,495,1
Tici,,230,70.44,55,511,0
President,,179,70.33,55,581,10
Nednum,,320,69.89,54,296,1
Madirda,,139,64.78,54,335,0
Imad,,156,70.22,54,343,1
Ahemog,,201,70,54,354,1
Laceja,,120,69.44,54,373,6
Gotha,,200,70.78,54,390,4
Koreanork,,150,70,54,404,1
Ordare,,137,62.33,54,405,0
Rand,,154,70,54,413,3
Uzumaki,,236,63.89,54,414,11
Coco,,165,70,54,416,11
Rurce,,114,66.78,54,462,1
Ordusad,,279,67.67,54,465,4
Kurt,,170,70,54,510,0
Nidri,,157,69.89,54,516,5
Saisson,,144,70.11,54,539,0
Carcisha,,123,70,54,543,6
Surga,,168,70.11,54,576,1
Akudna,,166,70,53,311,0
Ditos,,138,70.22,53,332,0
Kwonman,,92,70,53,355,1
Renee,,149,67.89,53,363,3
Datushe,,127,67.22,53,411,0
Maji,,184,70,53,437,3
Duhod,,167,70.22,53,448,0
Parkcho,,207,70,53,458,4
Obes,,190,70,53,459,8
Lorelei,,196,70.22,53,460,4
Pdor,,228,69.56,53,478,1
Jakruta,,275,70.22,53,489,0
Gheezfron,,111,70.22,53,489,3
Redulli,,200,70.22,53,489,1
Tanra,,180,70,53,492,0
Zeros,,95,70,53,502,4
Nishi,,136,68,53,516,1
Tethon,,110,68.67,53,536,0
Enigoz,,206,70.33,53,537,0
Guan,,108,69.78,53,546,0
Ortad,,216,69.22,53,548,2
Toxic,,159,70,53,564,3
Grillbert,,203,70,53,567,4
Oshen,,155,70,53,572,3
Austin,,189,68.89,53,595,0
Ashibri,,193,70.11,53,598,4
Sezon,,116,69.78,52,297,0
Lerta,,82,67.11,52,323,3
Metr,,159,70.22,52,356,4
Moket,,257,70.33,52,375,2
Hetheg,,174,70.33,52,389,2
Captain,,220,66.67,52,423,0
Imoz,,182,70.33,52,438,0
Othara,,249,69.67,52,441,2
Rocket,,232,57.56,52,449,3
Rulis,,213,69.22,52,450,0
Kusel,,141,70.22,52,452,0
Navethi,,191,68.22,52,455,6
Artemis,,79,68.44,52,460,3
Vadna,,152,66.44,52,470,0
Blondy,,198,69.22,52,476,1
Rodnam,,131,70.33,52,484,1
Witch,,120,68.56,52,486,9
Lujaki,,237,68.89,52,489,3
Darkmaze,,186,68.33,52,489,2
Janaki,,230,70,52,497,3
Joanna,,215,70,52,507,3
Ilisia,,309,70.56,52,508,4
Relican,,226,68.11,52,521,2
Cactus,,108,68.22,52,530,10
Gastly,,147,70,52,532,3
Kumi,,243,65.67,52,539,11
Juniper,,153,71.11,52,539,3
Shade,,274,70.22,52,540,2
Illoz,,184,70.33,52,559,0
Kasi,,120,68.22,52,580,5
Mugrom,,283,70.22,52,584,2
Rithe,,153,70.56,51,288,6
Xynthia,,105,70,51,297,2
Adnamak,,77,68.67,51,341,0
Kiara,,160,70,51,347,1
Mommamage,,280,70.22,51,371,8
Sibroje,,121,69.33,51,379,1
Hucuse,,167,70,51,390,0
Atin,,165,66.89,51,392,0
Lulunette,,160,69.67,51,396,1
Collel,,120,69.78,51,398,1
Lolan,,65,69.22,51,434,8
Lenre,,111,69.78,51,434,6
Ethinen,,89,70.22,51,445,3
Tibi,,176,69.89,51,469,2
Botheki,,125,69.67,51,512,3
Wang,,171,70.22,51,512,3
Agenni,,136,70,51,554,5
Rugalber,,197,66.78,51,595,1
Arzam,,173,69.22,51,597,1
Bids,,197,69.78,51,599,9
Diekill,,229,70.22,50,165,0
Matu,,273,70,50,173,0
Mebella,,97,69,50,191,0
Eshuchi,,215,69.89,50,207,0
Athomin,,186,70.33,50,213,0
Mrjingles,,207,70.22,50,217,0
Vedril,,409,69.33,50,240,0
Edda,,200,65.22,50,255,0
Caling,,205,70,50,261,0
Annunaki,,54,57.44,50,278,0
Dragony,,141,70.33,50,281,0
Vacarria,,178,69.33,50,285,1
Tedes,,168,70.44,50,293,0
Gerzedi,,207,70,50,295,7
Zayne,,235,70.33,50,298,0
Athume,,156,69.33,50,303,0
Sicola,,132,70.11,50,305,0
Vidnemi,,229,67.11,50,311,0
Jake,,129,69,50,316,0
Agekrut,,139,70.33,50,317,0
Kukrufra,,170,70,50,336,0
Adid,,152,68.89,50,344,0
Songd,,124,70.11,50,344,0
Ebus,,96,69.11,50,352,7
Yarlath,,93,68.22,50,352,2
Zhantian,,178,65.67,50,355,6
Sabre,,177,69.78,50,364,2
Leza,,81,68.22,50,365,0
Ketarol,,195,67,50,370,0
Ralph,,297,70.33,50,371,0
Sunne,,146,69.11,50,371,1
Onnira,,113,70.11,50,375,0
Cobrok,,143,70.44,50,385,1
Icuvraz,,136,70,50,388,0
Desone,,124,67.11,50,388,3
Aron,,60,68,50,395,2
Ofrelleg,,162,70.78,50,414,0
Bethak,,90,65.78,50,419,2
Shkura,,124,67.89,50,428,0
Isis,,134,70.22,50,435,2
Inge,,155,67.67,50,436,2
Bandoh,,131,70,50,439,1
Hivra,,139,67.78,50,447,0
Rathina,,218,69.56,50,459,0
Matthia,,110,70,50,463,2
Konan,,205,68.78,50,466,1
Ethuja,,148,67,50,468,1
Maga,,146,69.22,50,473,4
Icyrox,,166,70,50,477,0
Jasese,,177,69.67,50,479,1
Imejun,,161,67.89,50,479,3
Rasta,,426,70.44,50,479,1
Acemage,,195,70,50,481,0
Elma,,79,65.89,50,484,6
Timmy,,103,67.11,50,489,0
Valiz,,166,69.78,50,498,3
Testi,,225,67.56,50,512,11
Zoey,,205,70.11,50,520,0
Jiva,,115,70,50,543,0
Jinna,,514,70.11,50,550,1
Jade,,222,70.78,50,550,0
Cisi,,49,63.67,49,284,3
Dikapanda,,229,69.11,49,301,3
Hiri,,113,69.67,49,373,3
Hubaze,,94,69.89,49,400,0
Abrordi,,135,70,49,402,3
Gesal,,146,70,49,416,3
Lahad,,116,69.67,49,471,12
Caymus,,134,68.89,49,472,3
Nuvrig,,198,70.33,49,479,5
Lapis,,126,68.56,49,512,5
Irkade,,333,70.11,49,577,0
Mage,,167,66.44,48,252,0
Erdore,,105,69.78,48,286,0
Emapksb,,190,69.22,48,313,0
Tudok,,134,65.11,48,335,2
Corolla,,144,62.56,48,341,3
Crabis,,111,67.44,48,345,1
Bmdddj,,216,70.11,48,411,3
Mortis,,151,70,48,417,1
Katirka,,194,70.56,48,468,0
Silvyr,,156,61.33,48,511,1
Dave,,157,62.56,48,546,2
Kuvol,,126,67.22,48,569,4
Champion,,120,69.33,48,569,13
Raza,,124,70.11,48,595,1
Saisonkeks,,90,70.11,47,254,2
Ruva,,114,70.78,47,359,0
Histus,,121,70,47,395,1
Thunder,,109,62.44,47,396,6
Paladicz,,146,69.56,47,402,0
Tishat,,97,70.11,47,414,1
Caukuu,,127,67.44,47,421,0
Lili,,313,70.67,47,436,0
Patanjel,,104,70.22,47,439,12
Amed,,245,70.11,47,451,2
Athukra,,240,70.33,47,467,4
Asuman,,154,70.11,47,474,6
Edreka,,68,69,47,490,0
Rocen,,207,65.78,47,511,1
Zijan,,161,68.22,47,514,1
Hiri,,166,70.11,47,517,0
Abes,,149,67.33,47,522,5
Mistertj,,98,69.67,47,522,1
Jill,,141,70,47,526,2
Idut,,217,70.56,47,528,2
Rorcome,,310,71.11,47,529,4
Lillith,,110,70.78,47,582,5
Lathe,,223,69.11,47,591,9
Bugome,,177,68.89,47,591,4
Zocorca,,71,68.11,46,233,3
Carii,,168,61,46,268,1
Kerebe,,83,69.56,46,310,1
Etezal,,87,66.33,46,330,1
Ozahi,,136,70.67,46,336,1
Sinafein,,93,69.89,46,343,2
Vethuk,,99,68.44,46,367,3
Rodra,,68,69,46,370,1
Boset,,103,69.44,46,378,3
Licut,,207,70,46,379,3
Rada,,220,69.33,46,397,1
Magier,,62,69.11,46,418,2
Ncih,,122,61.33,46,434,7
Erkulug,,133,69.56,46,434,1
Orgol,,53,67.56,46,442,5
Borges,,85,70.22,46,469,0
Monyita,,169,70.11,46,474,4
Larissaxd,,115,68.11,46,533,6
Rovri,,195,69.89,46,551,6
Curde,,110,69.56,46,572,2
Lode,,176,70.11,46,584,3
Tesha,,114,69,45,226,1
Gurguvra,,123,58.89,45,228,1
Tadit,,166,70,45,253,6
Bathije,,257,68.56,45,254,0
Celest,,193,69.78,45,256,0
Nukon,,95,67.33,45,277,4
Viking,,94,69.67,45,297,0
Masya,,151,69.89,45,297,0
Goddogges,,208,69.33,45,299,0
Vibechi,,145,66.33,45,306,0
Dozuca,,90,68.78,45,308,1
Elleja,,298,70,45,312,0
Rannaz,,106,70,45,316,0
Jakroja,,103,70,45,326,0
Story,,178,70.22,45,329,1
Hozi,,228,66.67,45,332,6
Athasha,,91,69.22,45,342,0
Suvirte,,120,69.11,45,352,0
Tetal,,195,70.67,45,358,0
Efrut,,400,70.33,45,361,1
Alova,,123,70,45,366,2
Cassandra,,85,67.89,45,376,0
Morgana,,34,62.56,45,403,3
Cane,,119,70.11,45,418,0
Alyster,,130,69,45,428,0
Geni,,153,70.33,45,429,1
Orutez,,81,68.89,45,432,0
Shamanic,,208,63.56,45,448,0
Lager,,238,62.89,45,456,5
Lame,,108,69.22,45,463,0
Masom,,146,70.44,45,468,2
Soryu,,189,69.89,45,519,0
Olallog,,158,65.67,45,522,9
Lusi,,129,68.89,45,564,11
Evikad,,196,68.11,45,592,12
Kohelet,,164,68.67,44,315,0
Sika,,151,69.44,44,326,0
Vala,,129,70.11,44,351,1
Eguha,,155,69.22,44,352,0
Jinne,,136,67.56,44,390,1
Demoz,,128,67.89,44,416,1
Esuvrum,,73,70.11,44,426,2
Zeynep,,146,70,44,454,2
Benni,,136,71.22,44,462,3
Mageseven,,116,67.67,44,501,1
Havald,,112,70,44,524,4
Odnebut,,194,67.67,44,559,6
Tashil,,206,69,43,108,0
Zirahi,,63,69.11,43,253,0
Zortuthe,,44,67,43,285,1
Helpme,,270,70,43,297,1
Acul,,67,69.78,43,344,3
Athuvi,,41,68.78,43,350,0
Jhxlx,,112,68.33,43,363,0
Ehita,,78,67.33,43,418,6
Patpat,,94,69.56,43,419,3
Permskii,,98,70.11,43,478,2
Arzunna,,126,67.44,43,478,0
Birde,,82,70,43,496,2
Flaimmage,,242,69.67,43,544,10
Porzeczka,,108,70.89,43,545,3
Cuci,,107,69.22,43,569,0
Kibra,,114,64.89,43,571,2
Eleonor,,178,68.22,43,574,1
Ercom,,29,67.67,42,251,1
Vaja,,94,70.22,42,291,9
Vehicha,,100,66.33,42,315,0
Mamka,,61,69.22,42,328,1
Keha,,161,70.11,42,335,0
Ehula,,161,71.33,42,339,1
Sija,,73,68.22,42,366,4
Ruzad,,194,69.67,42,368,1
Mifra,,107,69.67,42,375,0
Olod,,167,69.78,42,378,0
Erzillal,,213,70.11,42,390,10
Kirtid,,140,70.67,42,450,2
Mirzos,,34,68.89,41,178,0
Efraze,,276,69.22,41,258,0
Cgull,,133,65.67,41,318,3
Bertu,,166,69.22,41,340,1
Sawteeth,,183,66.11,41,340,4
Bafrithe,,140,69.78,41,358,2
Garmus,,100,68.67,41,361,2
Cabithe,,81,69.67,41,369,0
Hubi,,75,67.56,41,394,1
Evis,,89,56.33,41,403,0
Alla,,99,61.89,41,410,6
Kimi,,125,70.11,41,501,0
Gnargil,,213,70.33,41,508,2
Neshig,,146,65.11,41,513,2
Mama,,173,69.22,41,513,5
Rough,,120,64,41,537,3
Karti,,141,67.11,41,547,10
Vasi,,92,68.11,41,582,8
Cuke,,118,66.89,40,134,0
Hunan,,279,70.11,40,145,0
Onazi,,296,70.56,40,182,0
Nyam,,125,70,40,195,3
Adnuva,,31,67,40,209,0
Ovimi,,63,67,40,215,0
Ises,,259,70,40,220,0
Pennyoooz,,160,70.11,40,221,7
Vandame,,146,70.22,40,222,0
Berola,,43,56.11,40,223,1
Karatest,,124,70,40,225,1
Sakura,,127,69.33,40,227,0
Wichbich,,239,70.11,40,232,0
Godriti,,119,68,40,246,0
Wrfbrato,,81,70,40,271,0
Seeyou,,105,70.44,40,279,0
Cinders,,167,69.11,40,282,0
Freya,,89,62.33,40,294,0
Zima,,136,67.78,40,299,0
Erem,,150,68.22,40,303,0
Maxvolll,,165,70.22,40,317,0
Tomliey,,130,58.11,40,319,0
Aerie,,71,68.89,40,324,0
Picador,,142,67.56,40,326,0
Marcsi,,119,70.89,40,327,0
Aches,,78,68.33,40,332,0
Appa,,98,64.56,40,349,1
Magus,,42,68.78,40,350,3
Lucom,,117,70.11,40,358,0
Elsa,,120,60.22,40,363,1
Kija,,130,70.11,40,364,0
Cernunnos,,117,67.56,40,367,1
Tommy,,164,64.44,40,371,1
Joshii,,66,69.33,40,382,2
Morg,,155,70,40,392,5
Shin,,40,65.56,40,400,1
Anosig,,80,69.56,40,407,1
Krebnac,,158,68.89,40,409,0
Pearl,,141,70.11,40,412,0
Einnortwo,,181,69,40,428,1
Fela,,144,69.78,40,432,0
Sefri,,132,66.89,40,435,0
Gula,,117,70.11,40,442,3
Ilis,,76,69.67,40,457,0
Elizabeth,,93,70.11,40,487,2
Tilatotue,,148,67.56,40,495,0
Suga,,98,69.33,40,514,1
Lapa,,170,69.56,40,560,6
Ozat,,352,70.44,39,173,0
Geboshi,,63,66.44,39,266,2
Castea,,73,68.33,39,377,2
Renfri,,117,67.89,39,392,0
Tina,,34,64,39,393,3
Ovige,,58,70,39,407,0
Mahon,,74,67.78,39,416,3
Murdaqwik,,117,61.56,39,453,2
Anne,,126,68.56,39,582,1
Erdeka,,81,65.56,39,584,2
Mage,,104,67.89,38,234,0
Ashera,,313,70,38,243,0
Ihira,,100,69.33,38,262,1
Ijarda,,93,63.33,38,263,1
Skarym,,114,70.11,38,342,1
Damimi,,70,66.44,38,362,2
Zapzarap,,154,68.89,38,371,0
Nannathe,,66,60.22,38,410,0
Zithen,,94,67.33,38,427,0
Lkcdn,,152,68.67,38,444,0
Asal,,129,68.22,38,505,1
Suserti,,192,70,38,521,0
Lovelina,,104,61.78,38,530,0
Hitman,,117,70.11,38,539,0
Avaz,,99,63.22,38,589,3
Qltmflq,,80,70.22,38,595,1
Erkira,,47,67.56,37,210,0
Asova,,80,69.11,37,295,0
Callim,,63,67.22,37,304,0
Husky,,32,67.89,37,307,1
Nuve,,130,61.78,37,352,3
Kuvroshe,,91,67,37,363,3
Ogram,,77,65.56,37,428,2
Zebroma,,29,64.56,37,429,6
Gash,,121,68.67,37,449,6
Orkaz,,76,66,37,449,0
Aregrak,,137,70.11,37,450,2
Polgara,,145,62.44,37,452,0
Osama,,84,64.44,37,455,3
Myria,,150,67.89,37,460,0
Obrothug,,68,61.89,37,478,2
Flash,,176,70,37,495,2
Helena,,72,66.78,37,507,2
Eychoi,,178,70.67,37,549,3
Ewgo,,118,69.44,37,567,2
Tegus,,102,66.22,36,245,0
Neve,,94,61.78,36,264,4
Sandra,,47,63.78,36,312,0
Maleficent,,103,64.22,36,376,0
Asdfxoo,,64,63.22,36,393,4
Juni,,104,64.22,36,408,0
Loosskroos,,102,68.11,36,445,2
Rashi,,92,59.78,36,458,1
Angelina,,172,70,36,485,7
Erkadreg,,121,67.11,36,490,1
Ember,,130,60.89,36,553,2
Zxcv,,152,70,35,151,0
Rerta,,295,70.44,35,178,0
Cell,,205,68.78,35,209,0
Cordum,,80,69,35,228,0
Lesi,,54,68.22,35,241,0
Rathe,,95,64.44,35,267,4
Hudut,,141,69.22,35,292,0
Ragi,,28,65.89,35,301,1
Lucky,,93,66.56,35,305,0
Kala,,123,69.56,35,325,0
Ateha,,156,66.22,35,330,0
Magotay,,129,69.33,35,332,0
Nare,,124,66.78,35,346,1
Mithumi,,56,70,35,357,2
Rardalla,,144,69.33,35,362,3
Buhad,,28,65.67,35,363,0
Aletha,,176,64.67,35,370,0
Micael,,65,68.22,35,372,0
Goba,,82,66.67,35,380,3
Tabrit,,53,62.11,35,472,2
Okaket,,153,70.33,35,521,12
Tobi,,125,65.33,35,531,0
Luthe,,123,68.44,34,257,0
Shoelle,,78,63.56,34,259,0
Idiot,,90,70,34,274,1
Zashum,,111,69.44,34,283,1
Luca,,68,66.89,34,325,2
Eshola,,42,68.22,34,346,2
Landas,,35,65.22,34,349,5
Zina,,150,69,34,415,1
Geda,,117,65,34,430,2
Ertorzik,,119,66,34,531,2
Aguk,,27,64.89,33,211,0
Horuk,,14,63.78,33,254,0
Annomander,,136,66.33,33,260,2
Grid,,21,69.78,33,309,2
Burrita,,22,58.44,33,327,2
Sayx,,151,69.11,33,332,1
Hozed,,60,63.67,33,337,2
Mothra,,177,70.22,33,345,1
Ezosed,,54,61.22,33,364,1
Xilefe,,47,67.11,33,404,0
Akal,,62,66.78,33,439,2
Wingcloud,,139,66.78,33,511,0
Odusem,,71,68,33,518,3
Voche,,19,70.67,32,188,1
Seaz,,42,68.56,32,230,0
Pedanea,,16,69.22,32,243,0
Ygrilo,,52,66.44,32,253,0
Borntodie,,108,66.44,32,282,1
Jimbarita,,84,65,32,326,2
Oris,,56,68.78,32,350,1
Halo,,29,69.33,32,401,0
Event,,61,66.33,32,401,1
Maya,,89,70.33,32,431,0
Hami,,81,68.22,32,438,3
Tharnax,,102,69.67,32,453,0
Delinda,,123,62.89,32,470,1
Denikri,,48,63.56,32,516,1
Yxxvv,,179,70,31,113,1
Atomoso,,127,69.22,31,177,0
Rush,,39,69.78,31,290,0
Bina,,74,63.67,31,311,0
Sephira,,55,65.11,31,357,1
Truth,,30,62,31,388,5
Vurok,,90,69,31,394,1
Samsara,,77,65.44,31,530,13
Arebi,,246,70.11,30,131,0
Microcat,,51,67.78,30,193,1
Inesa,,108,66.78,30,222,1
Ordag,,39,66.89,30,241,1
Dalanar,,119,70.11,30,244,0
Katt,,98,62.22,30,275,0
Hevon,,135,68,30,280,0
Pingu,,128,67.33,30,283,0
Liden,,64,68.78,30,291,0
Zega,,56,66.44,30,301,0
Berkass,,50,66.89,30,307,0
Leta,,183,69.22,30,309,0
Alanna,,90,64.89,30,339,0
Mici,,43,68.33,30,344,0
Hope,,120,68.67,30,350,0
Tempest,,0,60.56,30,375,0
Hesa,,111,61.89,30,389,0
Niza,,59,66.67,30,401,1
Ding,,142,67.22,30,413,1
Nedi,,70,61.33,30,433,0
Etevre,,53,64,30,474,2
Gugrule,,48,68.89,29,228,0
Sapsan,,12,62.44,29,258,1
Rathe,,104,66.22,29,285,0
Birtorca,,20,59.56,29,290,0
Lina,,69,65.89,29,325,0
Zelda,,159,70,28,176,1
Laconda,,90,70.22,28,231,0
Avadnik,,74,65.33,28,287,0
Arkala,,36,61.44,28,357,2
Zent,,53,64.33,28,497,5
Novez,,28,67.78,28,558,8
Mezuga,,150,70.33,27,164,0
Agerda,,75,66.67,27,204,0
Zihifre,,61,65,27,214,0
Okto,,43,65.56,27,247,4
Mock,,78,56.44,27,292,0
Bully,,23,59.89,27,460,2
Shelton,,48,69.11,27,466,3
Twilight,,83,68.67,27,501,1
Testa,,21,68.67,26,164,0
Bellavue,,29,64.33,26,180,1
Barbatos,,23,65.44,26,192,3
Nuti,,33,61.44,26,212,1
Narcoki,,42,63,26,223,1
Magma,,66,71.11,25,94,0
Dosek,,50,65.67,25,275,0
Jarin,,77,65.22,25,309,0
Kethek,,13,63.11,25,309,0
Schnuppsi,,85,65.89,25,310,0
Luginni,,48,68.56,25,354,5
Sanalokus,,46,69.56,24,174,0
Famine,,35,62.33,24,186,0
Vahom,,0,58.11,24,241,0
Kittykat,,6,58.56,24,260,0
Megera,,68,63.67,24,269,0
Asici,,73,69.67,24,289,0
Sushele,,19,62,24,295,0
Lujek,,37,66.44,24,309,0
Mordrax,,37,67.78,24,469,2
Skunk,,57,66.11,24,599,6
Nyam,,39,70.11,23,330,11
Ingried,,40,55.22,23,406,10
Samsung,,0,66.89,22,153,0
Dawnski,,7,63.22,22,203,0
Pipiaa,,0,58.44,22,233,1
Jamani,,90,66.78,22,269,0
Erzibril,,9,67.78,22,411,0
Cerga,,0,60.56,21,122,0
Vothe,,3,56.67,21,147,0
Squirllie,,0,46.89,21,194,0
Rojit,,44,66.22,21,231,0
Bakra,,68,59.56,21,271,1
Othuje,,22,63.33,21,278,0
Grimo,,0,60.11,21,288,2
Norushe,,39,66.11,21,300,0
Zurayma,,0,60,21,306,3
Thygara,,0,64.44,21,320,2
Corpse,,0,54.44,21,322,3
Chinalich,,68,63.44,20,88,0
Sodnug,,323,70.22,20,95,0
Same,,56,68.89,20,96,0
Irarti,,270,68.11,20,106,0
Havuve,,3,56.89,20,131,0
Vodem,,4,65.67,20,146,0
Velleska,,88,69.56,20,167,0
Ahas,,39,55.56,20,183,0
Arcot,,0,63.44,20,188,0
Slarti,,133,71.78,20,216,0
Adrumon,,102,64.78,20,220,0
Leva,,9,67.67,20,221,2
Vochi,,3,60.33,20,225,0
Jure,,22,70.33,20,227,0
Tiuttiut,,10,67.67,20,236,0
Zara,,53,66.22,20,238,0
Bithes,,14,67.56,20,244,0
Rhotax,,14,54.67,20,248,0
Thebest,,0,63.67,20,250,0
Naevent,,0,62.78,20,255,0
Neken,,16,63.22,20,262,0
Kayang,,0,59.78,20,270,0
Adik,,0,59.89,20,278,2
Esorza,,54,66.78,20,284,0
Jennug,,0,64,20,289,0
Morgana,,23,68.22,20,302,0
Gakom,,10,63.33,20,316,0
Athus,,0,58.44,20,333,0
Agiz,,0,53.89,20,345,1
Fhsj,,0,66.33,20,372,6
Florr,,0,61.44,20,393,0
Rurgiga,,0,56.44,20,473,0
Ilekay,,222,67.89,19,148,0
Ovat,,51,67.78,19,152,0
Menec,,36,64.44,19,152,0
Hoochie,,85,69.78,19,178,0
Orgen,,0,61.11,19,215,0
Jacob,,0,55.78,19,394,2
Annaz,,0,57.56,18,147,0
Beva,,21,64.78,18,166,0
Anrote,,0,64.33,18,195,0
Anotherday,,252,70.44,18,221,0
Boomer,,0,63,18,241,1
Otahas,,3,64.22,17,137,0
Night,,0,61.22,17,143,0
Death,,4,66.67,17,147,0
Quinara,,0,60.44,17,246,1
Revine,,0,66.89,17,275,0
Allacaya,,0,65.33,17,285,1
Atithi,,13,62,17,287,0
Zekare,,0,64.11,17,308,0
Arcet,,0,60.33,16,215,0
Diamond,,0,59.67,16,218,0
Sezam,,0,62.22,16,226,1
Tavres,,3,60.33,16,229,1
Icine,,0,56.11,16,269,0
Nemesis,,0,61.56,16,353,1
Tishel,,36,65.33,16,481,2
Kukri,,112,67.78,15,142,0
Zilurka,,21,58.11,15,160,0
Piticla,,0,54.11,15,169,1
Marzkie,,0,63.56,15,170,0
Base,,83,61.78,15,177,0
Durcilla,,0,52.22,15,238,1
Huka,,0,53.22,15,256,2
Mahulla,,0,58.44,15,268,0
Namoda,,5,62.89,15,275,0
Mageface,,0,58.67,15,296,0
Orgog,,0,62.78,15,341,3
Izavre,,0,60.89,14,218,0
Fleshe,,0,62,14,271,0
Hoffman,,0,53.56,13,135,0
Qwerty,,58,70.44,13,162,0
Ihalluz,,0,67,13,176,1
Veruu,,0,54.22,13,181,0
Shroomy,,0,55,13,183,0
Zezemi,,49,66.33,13,196,1
Kisko,,0,60.89,13,203,0
Ziboza,,7,63.78,13,204,0
Vurgim,,0,57.67,13,259,0
Onnevules,,0,57.56,13,296,0
Eden,,0,51,13,417,4
Kubal,,0,58,13,449,10
Blendar,,0,61.44,13,490,2
Lafroke,,0,63.44,13,566,1
Kinos,,59,63.44,12,159,0
Magehole,,43,67,12,181,0
Ebok,,2,64,12,183,0
Parktt,,3,64.33,12,189,0
Moroni,,0,60.44,12,190,0
Adrubem,,0,60.78,12,212,1
Nikola,,5,62.44,12,228,0
Obebas,,0,66.78,12,245,0
Sira,,0,60.33,12,252,0
Scarlet,,0,56.78,12,256,0
Blizzard,,0,62.78,12,267,1
Davrirgi,,0,55.22,12,294,2
Ulul,,0,57.67,12,297,1
Borza,,138,70,12,349,2
Demiurg,,0,56.56,12,360,1
Nayda,,0,60.33,12,445,0
Ruth,,0,59.33,11,135,0
Bena,,0,55.67,11,138,0
Mitha,,0,61,11,142,0
Anug,,14,56.11,11,163,0
Zirael,,0,62.89,11,164,0
Howard,,20,62,11,224,2
Goji,,0,59.22,11,225,0
Doctor,,0,58.11,11,230,1
Mccracker,,0,51.33,11,233,2
Horos,,0,56,11,241,2
Zicunri,,0,60.78,11,256,0
Stychnine,,0,59,11,258,2
Mmmmm,,0,46.33,11,287,2
Benja,,0,54.67,11,287,0
Heldin,,0,47.44,11,290,1
Teclis,,0,62,11,371,5
Benniz,,0,58.33,11,410,0
Dracula,,0,63.33,11,576,3
Pendalf,,0,54.44,10,127,0
Boogeyman,,62,69.56,10,131,0
Mida,,0,62.67,10,161,0
Kidne,,0,64.44,10,172,0
Ozisum,,0,56.78,10,184,0
Norka,,0,56.33,10,185,0
Lujija,,0,51.44,10,206,4
Gucci,,0,58.22,10,224,0
Pidor,,0,54.11,10,235,0
Beshog,,0,58.22,10,250,0
Flagg,,0,57.67,10,290,1
Cizim,,0,47.78,10,346,2
Nasicha,,0,54.89,10,404,7
Ovum,,0,46,10,445,1
Amadel,,14,62.11,9,146,0
Savus,,51,60.22,9,214,0
Dudri,,0,56.11,9,216,0
Alucard,,0,55.78,9,223,1
Dache,,0,51.33,9,249,1
Ethudi,,0,55.22,9,256,1
Ichakeg,,0,49.33,9,258,1
Cahi,,0,60.44,9,269,0
Puzzle,,0,50.44,9,277,4
Cenna,,0,57.33,9,278,3
Morlock,,0,53.56,9,287,1
Rothille,,0,55.11,9,300,1
Seth,,0,57.22,9,309,1
Nirzid,,0,57.22,9,311,1
Luna,,0,52.33,9,334,3
Vadog,,0,47.89,9,382,2
Isidis,,0,61.33,9,395,0
Bita,,0,55.11,9,400,6
Logan,,0,50.22,9,404,4
Ruhe,,0,62.67,8,114,0
Hobe,,90,65.67,8,136,0
Lemnena,,0,60.11,8,194,0
Jali,,0,56.22,8,213,1
Lilian,,8,55.44,8,218,0
Finitemass,,0,59.11,8,220,0
Arcmage,,0,49.22,8,222,3
Malakian,,0,55.33,8,239,0
Koreasun,,0,54.89,8,259,2
Toshi,,0,60.11,8,261,2
Lucyfer,,0,55,8,262,2
Wasteotime,,0,52.33,8,283,0
Dmitrij,,0,59.67,8,288,1
Sogri,,0,46.11,8,292,2
Gathoda,,0,64.11,8,295,3
Yyyy,,0,63.22,8,297,2
Thetis,,0,47.44,8,305,2
Moon,,0,52.67,8,309,1
Inrute,,0,56,8,317,4
Ehos,,0,48.67,8,319,3
Zackuina,,0,58.67,8,325,1
Geme,,0,54.89,8,328,2
Imaz,,0,58.56,8,328,2
Lulel,,0,52.56,8,340,0
Yuno,,0,52.44,8,342,2
Irinna,,0,50.44,8,343,0
Alihhh,,0,63.56,8,346,1
Kalmon,,0,53.67,8,352,3
Zarkim,,0,52.78,8,362,1
Cuta,,0,59.11,8,385,2
Magie,,0,54.11,8,396,1
Kebi,,0,52,8,397,4
Jugglerzwo,,0,60.78,8,416,4
Ovroz,,0,56.11,8,432,1
Malik,,0,55.67,8,443,5
Timmy,,0,46,8,457,0
Atarzi,,0,56.33,8,460,1
Gandalf,,0,61.78,8,476,1
Sega,,0,57.67,8,489,17
Dalushe,,0,43.89,8,522,2
Odenson,,0,55.44,8,543,5
Ininder,,0,61.78,7,107,0
Soniha,,8,63.67,7,120,0
Merlin,,10,60.56,7,161,0
Maya,,0,62.11,7,169,0
Inkyu,,0,60.78,7,173,0
Eziral,,0,64.89,7,179,0
Zithi,,0,65.78,7,194,1
Chutipa,,0,55.78,7,200,0
Omulum,,0,59.33,7,201,0
Milli,,0,60.89,7,210,0
Lica,,0,51.22,7,211,2
Koreapark,,0,46.67,7,212,1
Bisig,,9,59.78,7,213,0
Naza,,0,51.78,7,217,0
Gnocci,,0,56.33,7,218,0
Rese,,0,51.89,7,219,1
Zella,,0,47.56,7,220,1
Gide,,0,56.67,7,222,0
Ribeca,,0,55.56,7,222,0
Khimy,,107,69.11,7,225,0
Jinnis,,0,53.89,7,227,0
Hali,,0,38.89,7,230,1
Xander,,0,57.56,7,234,0
Deadbee,,0,48.67,7,237,0
Sibra,,0,58.78,7,247,0
Lithud,,0,45.89,7,247,0
Tetevra,,0,51.56,7,247,1
Torgoke,,0,52.33,7,249,2
Obrol,,0,58.11,7,268,1
Rick,,0,57.56,7,281,2
Akami,,0,45.11,7,285,0
Sangrella,,0,55.78,7,288,0
Velloha,,0,56.11,7,291,1
Dore,,0,49.67,7,292,0
Socithe,,0,55.89,7,304,4
Reina,,0,51.56,7,308,0
Zekul,,0,58.78,7,313,1
Nishi,,0,55.33,7,319,2
Vishanren,,0,57,7,320,1
Buheve,,0,48.67,7,326,2
Nuella,,0,57.78,7,328,0
Kingwzzrd,,0,37.22,7,329,9
Jenna,,0,55.11,7,335,2
Hatun,,0,50.11,7,338,0
Looloomage,,0,53.89,7,342,3
Shadow,,0,54,7,342,0
Bigwolf,,0,44.67,7,346,2
Avugal,,0,55.67,7,359,2
Kunni,,0,55.22,7,361,2
Farfale,,0,54.56,7,362,0
Speezo,,0,54.11,7,366,1
Samirah,,0,52.56,7,370,7
Argahed,,0,48,7,372,3
Lotus,,0,42.11,7,375,23
Madamekat,,0,47.78,7,380,6
Gidran,,0,54.89,7,380,4
Ninu,,0,49.11,7,380,2
Gendalf,,0,51.33,7,382,4
Ivun,,0,43.11,7,384,4
Strange,,0,55.44,7,384,1
Kellen,,0,55.44,7,387,1
Javen,,0,55.78,7,397,4
Raislin,,0,52.67,7,401,0
Kaarl,,0,54.67,7,415,0
Gangbang,,0,50.89,7,416,5
Lorce,,0,49.78,7,417,6
Enuce,,0,56.22,7,421,3
Godog,,0,61.89,7,432,4
Jaja,,0,56.44,7,435,1
Amerciz,,0,41.33,7,447,4
Quizlnix,,0,48.44,7,450,5
Kaimac,,0,59.89,7,467,16
Arzem,,0,54.67,7,470,3
Jinhui,,0,52.78,7,474,5
Ashejeg,,0,50.11,7,486,7
Hehi,,0,56.89,7,486,4
Ozoz,,0,53.11,7,487,3
Zathra,,0,49.67,7,490,6
Guta,,0,52,7,494,4
Sunog,,0,55.33,7,495,2
Jade,,0,46.44,7,499,3
Hanah,,0,50.11,7,501,1
Shaman,,0,43.33,7,505,11
Nobraz,,0,49.89,7,520,8
Nirta,,0,47.44,7,521,9
Jovema,,0,49.67,7,550,9
Konna,,0,49.89,7,555,2
Adikram,,0,47.11,7,565,9
Sishi,,0,52.89,7,566,4
Makrihi,,0,53.22,7,575,7
Cace,,0,42.56,7,584,14
Andrewel,,0,46.22,7,584,6
Jame,,0,49.78,7,590,15
Ezoz,,0,54.78,7,590,2
Vorge,,0,56.89,6,98,0
Onnun,,0,56.44,6,99,0
Nitemarew,,0,45.78,6,106,0
Ilik,,0,52.67,6,119,1
Kibicha,,0,43.22,6,126,0
Adika,,0,54.33,6,127,0
Ilan,,0,51.33,6,131,1
Becot,,0,49.11,6,132,1
Iceblock,,0,54,6,134,0
Meham,,0,49.78,6,134,0
Olek,,0,48.89,6,135,0
Adajen,,0,50.44,6,139,0
Negreve,,0,45.78,6,139,0
Dajona,,0,49.67,6,142,1
Kilit,,0,51.11,6,146,0
Shin,,0,51.56,6,146,0
Orden,,0,56.33,6,148,0
Neni,,0,44.67,6,148,0
Saga,,0,53.56,6,149,0
Majesty,,0,62.22,6,151,1
Ekasuz,,0,52.33,6,153,0
Rita,,0,46,6,153,0
Sorry,,0,51.67,6,153,0
Ephaedra,,0,52,6,155,0
Sorc,,0,51.56,6,157,1
Antares,,0,53.44,6,158,0
Naki,,0,57.33,6,160,1
Hovik,,0,55.56,6,161,0
Veronandar,,0,56,6,172,0
Atheke,,0,57.89,6,172,0
Aridne,,0,45.56,6,173,1
Igos,,0,50.22,6,177,1
Itothi,,0,50.56,6,179,1
Lala,,0,51.89,6,180,0
Finley,,0,58,6,183,0
Icesha,,0,60.22,6,184,2
Rikrat,,0,48.22,6,185,1
Wyvn,,0,58.89,6,186,0
Janna,,0,54.56,6,188,0
Amokat,,0,41.11,6,188,1
Sika,,0,54,6,192,1
Mooncrow,,0,47.33,6,192,0
Idregra,,0,52.78,6,194,0
Rigby,,0,49.89,6,194,0
Ortusel,,0,47.67,6,199,0
Ojom,,0,52,6,201,1
Jina,,773,44,6,203,0
Yangyu,,0,49.33,6,203,0
Nilli,,0,49.44,6,203,0
Hakroke,,0,44.56,6,204,0
Pitufa,,0,52.44,6,206,0
Elagas,,0,61.78,6,208,1
Amoji,,0,49.33,6,210,1
Djnagnes,,0,47.33,6,212,1
Vathi,,0,58.22,6,213,1
Gpskfb,,0,47.22,6,213,0
Mitez,,0,52.78,6,213,1
Ashati,,0,42.78,6,215,1
Clyde,,0,47.11,6,221,0
Ainzsama,,0,52.56,6,222,1
Alexandria,,0,49.89,6,223,1
Nocturna,,0,51.44,6,224,0
Taci,,0,49.44,6,225,1
Lofrimi,,0,58.11,6,226,0
Dothog,,0,51.33,6,227,1
Humi,,0,48,6,228,1
Wedra,,0,50.56,6,229,2
Jete,,0,43.33,6,229,1
Glena,,0,44.22,6,230,1
Hoplite,,0,51.22,6,230,0
Tony,,0,61.11,6,231,0
Tavomi,,0,50.89,6,232,1
Alexchan,,0,47.22,6,232,0
Mucume,,0,42.22,6,233,0
Ithilul,,0,48.67,6,233,1
Lalletha,,0,45.78,6,235,1
Mayleen,,0,53.22,6,235,1
Ejaje,,0,52.33,6,236,0
Badrim,,0,52.22,6,237,2
Hela,,0,43.67,6,238,1
Munreke,,0,46.11,6,238,3
Gire,,0,48.89,6,239,1
Alug,,0,50.33,6,240,3
Augsixteen,,0,49.78,6,242,1
Vitam,,0,42.33,6,244,1
Sabr,,0,54.11,6,244,1
Fcknabs,,0,53.33,6,244,0
Zuni,,0,46.44,6,245,2
Zerke,,0,38.67,6,247,3
Huzut,,0,46.22,6,253,0
Willow,,0,52,6,254,0
Snoopy,,0,56.89,6,255,1
Runa,,0,46,6,257,3
Gasiz,,0,51,6,258,2
Avug,,0,49.22,6,258,0
Elkamote,,0,49.11,6,258,1
Idruzi,,0,52.44,6,259,1
Cerdesha,,0,41.67,6,262,0
Zuza,,0,46.22,6,263,0
Vikril,,0,43.22,6,264,2
Isholos,,0,43.11,6,265,5
Sleep,,0,42.56,6,265,5
Abedrul,,0,56,6,266,1
Ebugid,,0,52.67,6,266,3
Gooch,,0,51.78,6,268,1
Ohet,,0,50.11,6,269,1
Odrol,,0,48,6,272,0
Kakubumba,,0,49.67,6,273,1
Tonya,,0,45.22,6,274,2
Lime,,0,46.33,6,277,5
Gwen,,0,45.44,6,278,4
Zote,,0,39.44,6,281,0
Nuhas,,0,48.44,6,283,1
Princess,,0,49,6,284,0
Terkum,,0,55,6,287,2
Cemaz,,0,49.22,6,291,0
Luke,,0,37.56,6,291,3
Ikata,,0,40.78,6,292,0
Nazgul,,0,42.22,6,293,3
Jared,,0,42.67,6,295,3
Jack,,0,52,6,295,12
Goci,,0,51,6,298,1
Shufly,,0,45.67,6,299,4
Shadow,,0,48.22,6,301,2
Kaylee,,0,49.44,6,304,1
Konranra,,0,43.78,6,307,1
Jirkam,,0,49.33,6,311,4
Iriz,,0,46.78,6,315,0
Athiza,,0,38.67,6,315,2
Jezi,,0,48.11,6,319,1
Hukethe,,0,51.44,6,320,1
Enigma,,0,45.78,6,320,0
Zibe,,0,42.89,6,321,1
Najim,,0,57.67,6,322,1
Erig,,0,47.67,6,327,3
Joce,,0,49.67,6,327,1
Anenud,,0,46.11,6,328,1
Solana,,0,49.22,6,328,1
Mamiec,,0,46,6,329,2
Viza,,0,47.56,6,330,2
Park,,0,50.33,6,331,2
Ehet,,0,40.33,6,332,0
Minaha,,0,46.78,6,339,1
Juvin,,0,41.67,6,341,2
Satosi,,0,55.22,6,342,3
Allordi,,0,47.78,6,342,0
Ojig,,0,49.11,6,343,1
Noli,,0,52.11,6,351,0
Ellodie,,0,50.33,6,351,2
Cilla,,0,51.89,6,354,4
Joshancer,,0,31.56,6,360,5
Funmaze,,0,51.11,6,361,1
Serozi,,0,41.56,6,365,4
Debra,,0,43.89,6,365,1
Gehora,,0,47.78,6,367,6
Serg,,0,46.44,6,374,1
Ceha,,0,45.89,6,374,4
Itedrel,,0,53.11,6,380,4
Ruby,,0,51.56,6,381,0
Umuthan,,0,52.56,6,384,15
Deshos,,0,43.22,6,390,4
Exxo,,0,47.78,6,391,3
Blanca,,0,46.78,6,393,2
Asadni,,0,41.67,6,394,1
Levez,,0,45,6,395,5
Vukra,,0,40.33,6,396,4
Katrine,,0,48.33,6,397,2
Firefly,,0,43.56,6,399,14
Givrod,,0,41.44,6,401,1
Sojak,,0,47.11,6,405,2
Nakerda,,0,46.22,6,407,8
Tirge,,0,39.56,6,411,2
Hoza,,0,47.67,6,422,1
Gushol,,0,51.22,6,427,1
Kodik,,0,49.11,6,427,0
Amivra,,0,51.11,6,428,1
Ijazem,,0,55.11,6,429,1
Serega,,0,49.78,6,439,1
Elen,,0,35.78,6,442,7
Guethk,,0,40.44,6,443,5
Rizkanob,,0,50.22,6,446,2
Tristram,,0,41.33,6,450,2
Otuze,,0,45.56,6,462,16
Darthlady,,0,46.11,6,467,5
Baci,,0,35.33,6,469,5
Xrenoder,,0,47.67,6,479,6
Linkon,,0,36.33,6,480,7
Death,,0,44.78,6,482,1
Jeyson,,0,48.44,6,483,10
Dhorkas,,0,44.11,6,484,0
Werisssa,,0,38.33,6,485,6
Myrna,,0,47,6,486,4
Vlad,,0,42.89,6,486,5
Suby,,0,45.44,6,489,0
Azwrath,,0,38.78,6,502,9
Avrisa,,0,43.33,6,506,0
Artit,,0,51.11,6,516,3
Todor,,0,47.33,6,521,2
Jocitha,,0,38,6,522,1
Avoke,,0,37.33,6,528,3
Snowtime,,0,42.89,6,547,17
Rivobra,,0,34.33,6,552,11
Evgen,,0,34.44,6,567,9
Lerome,,0,42.33,6,569,1
Nathila,,0,40.33,6,586,1
Bull,,0,40.89,6,586,4
Penelope,,0,48.89,6,590,1
Darzi,,0,51.89,5,105,1
Raze,,0,42.11,5,107,0
Aera,,0,38.22,5,126,0
Ribra,,0,50.56,5,127,0
Seki,,0,47.33,5,132,0
Lenni,,0,35.22,5,143,0
Ordune,,0,48.78,5,147,0
Gadre,,0,47.33,5,149,0
Vedrak,,0,37.67,5,149,0
Zorzat,,0,46.44,5,151,0
Magic,,0,43.22,5,151,0
Zesi,,0,35.56,5,154,0
Fred,,0,52.44,5,158,0
Avone,,0,49.67,5,159,0
Jaka,,0,47,5,160,1
Djawa,,0,50.78,5,164,0
Matage,,0,44.78,5,164,0
Loki,,0,32.44,5,170,0
Phantomjar,,0,44,5,172,0
Kerug,,0,48.78,5,172,0
Merlok,,0,43.44,5,174,0
Bbong,,0,32.56,5,175,1
Carvahal,,0,46.44,5,182,0
Attatt,,0,37.56,5,188,0
Ssoossoo,,0,36.78,5,188,0
Katocr,,0,40.89,5,189,0
Othera,,0,38.33,5,192,0
Candy,,0,45.56,5,194,0
Bill,,0,45.11,5,199,0
Cebeki,,0,42.89,5,202,0
Zurul,,0,35,5,203,1
Croissant,,0,42.56,5,206,0
Caze,,0,43.44,5,211,4
Koli,,0,38,5,214,0
Sloplok,,0,40.56,5,214,0
Mase,,0,52.22,5,218,0
Esarok,,0,48.22,5,220,0
Bathashi,,0,39.11,5,221,0
Gwendolyn,,0,34.11,5,222,1
Omedit,,0,39.22,5,224,2
Domper,,0,47.22,5,225,0
Magy,,0,35.78,5,226,0
Tahun,,0,38.78,5,227,0
Diva,,0,56.56,5,236,0
Lislav,,0,36.56,5,237,0
Ozesag,,0,36.11,5,238,0
Bobo,,0,39.78,5,239,0
Zhrevenge,,0,40,5,239,2
Etharki,,0,56.56,5,240,0
Bafe,,0,46.44,5,244,0
Banalg,,0,35.67,5,244,0
Comot,,0,44.89,5,246,0
Vovache,,0,44.22,5,247,2
Evris,,0,49.11,5,248,0
Ibem,,0,39.78,5,253,0
Fantom,,0,35.89,5,256,0
Noba,,0,36.67,5,259,0
Pupsi,,0,38.56,5,262,0
Cross,,0,34.67,5,263,0
Xtar,,0,42.44,5,273,0
Ggininder,,0,36.89,5,275,1
Innahy,,0,40.11,5,283,0
Willow,,0,42.67,5,283,0
Jazza,,0,36,5,285,0
Zoof,,0,48,5,285,0
Idnora,,0,44.89,5,292,0
Hetis,,0,33.33,5,292,0
Dabovri,,0,35.56,5,297,1
Kilahe,,0,36.33,5,298,0
Zippyzap,,0,35.11,5,298,0
Lorig,,0,26.78,5,305,0
Jilin,,0,42.89,5,305,0
Marjinal,,0,34.56,5,308,2
Ohom,,0,33.11,5,312,0
Joti,,0,36.44,5,318,1
Daheshi,,0,36.67,5,319,0
Jednez,,0,36.56,5,321,0
Slasher,,0,35.78,5,324,0
Bamf,,0,31.78,5,329,0
Volcyon,,0,32,5,331,1
Vavra,,0,37.89,5,332,2
Osodnod,,0,25.44,5,336,1
Hanifah,,0,35.78,5,340,1
Goochraine,,0,43.89,5,346,0
Nesufra,,0,36.44,5,347,0
Itaca,,0,35.78,5,353,5
Tiger,,0,38.11,5,361,12
Belgarath,,0,42.67,5,364,0
Inas,,0,35.89,5,386,9
Icug,,0,33,5,388,4
Zubeg,,0,36.11,5,394,1
Yuhira,,0,36.78,5,395,7
Modnoza,,0,31.11,5,396,0
Cajerda,,0,25.56,5,397,0
Hubuks,,0,38.89,5,413,2
Agori,,0,32.78,5,417,1
Skillful,,0,33.11,5,425,4
Barbara,,0,38.44,5,432,0
Klon,,0,32.11,5,447,10
Nasa,,0,32.11,5,457,1
Muki,,0,35.67,5,464,0
Ecegrit,,0,36.56,5,467,3
Sanacarnay,,0,34.11,5,476,0
Zerodark,,0,34.11,5,476,13
Marcinre,,0,34,5,493,4
Dariusz,,0,28.33,5,493,5
Eleuth,,0,42,5,497,0
Ruha,,0,27.22,5,511,5
Teza,,0,33.89,5,524,0
Xerath,,0,31.67,5,527,0
Space,,0,32.11,5,528,8
Zoey,,0,33.67,5,532,5
Ishargas,,0,34.33,5,558,1
Devlin,,0,32,5,558,2
Precious,,0,45.56,5,560,0
Argun,,0,33.22,5,578,14
Achodin,,0,28.56,5,599,11
Gamora,,0,32.22,4,106,0
Ajeri,,0,32.33,4,115,0
Kayla,,9,57.22,4,126,0
Skytt,,0,31.67,4,129,0
Nara,,0,38.56,4,134,0
Ennuhod,,0,41.44,4,136,0
Mitchianna,,0,50.67,4,139,0
Merlot,,0,43.67,4,142,0
Unagi,,0,34.56,4,146,0
Gandolf,,0,45.89,4,149,0
Jjbb,,0,29.56,4,149,0
Quickben,,0,29.33,4,151,0
Irzosak,,0,29.78,4,152,0
Navienad,,0,40.11,4,155,0
Fomka,,0,27.78,4,164,0
Ryze,,0,32.11,4,168,0
Jonake,,0,37.44,4,173,0
Cute,,0,29.44,4,173,0
Genigi,,0,35.44,4,178,0
Ivak,,0,36.11,4,179,0
Zuchak,,0,35,4,183,0
Katherine,,0,38.67,4,184,0
Ollogi,,0,35.22,4,187,0
Dubi,,0,35.56,4,192,0
Kmsmagic,,0,31.89,4,194,0
Civre,,0,32.89,4,199,1
Gyee,,0,32,4,201,0
Vasyan,,0,38.67,4,203,1
Izem,,0,32.11,4,203,0
Drstrange,,0,35.89,4,210,0
Egume,,0,31.11,4,212,0
Jurtidna,,0,37.56,4,221,0
Avozag,,0,30.67,4,223,1
Jamula,,0,35.56,4,224,0
Enone,,0,31,4,226,0
Nullid,,0,29.22,4,227,0
Amanda,,0,32.11,4,229,0
Jota,,0,25.56,4,230,1
Sotha,,0,35.89,4,231,0
Avul,,0,31.56,4,234,0
Poyarochka,,0,27.78,4,235,0
Cazz,,0,30.67,4,236,0
Kogaz,,0,31.33,4,236,1
Ezargi,,0,28.22,4,238,1
Kold,,0,38.44,4,242,0
Icelab,,0,34,4,244,0
Dice,,0,27.78,4,245,0
Jurda,,0,33.22,4,245,1
Zushi,,0,28.22,4,247,0
Ovrus,,0,31.89,4,249,0
Ohihul,,0,24.33,4,253,1
Vege,,0,23.56,4,253,1
Odin,,0,32.33,4,257,0
Puddles,,0,31.33,4,267,2
Ledorbs,,0,27.89,4,267,1
Tifril,,0,30,4,268,0
Lecha,,0,26.33,4,268,0
Icedan,,0,31,4,269,0
Annabelle,,0,40,4,269,0
Mebadni,,0,28.78,4,273,2
Ashothun,,0,33.78,4,274,0
Intrinsic,,0,32.78,4,274,1
Ovroms,,0,31.56,4,280,0
Isofrog,,0,27.22,4,283,1
Ikilud,,0,29.56,4,288,1
Talica,,0,28.56,4,290,1
Lonrike,,0,32.89,4,292,0
Bomjuk,,0,32.56,4,296,1
Limi,,0,31.11,4,299,0
Heiili,,0,33.67,4,303,1
Hsiang,,0,28.78,4,305,1
Kirdala,,0,25.33,4,306,3
Lamik,,0,32.89,4,306,0
Ijun,,0,28.22,4,310,1
Cethe,,0,29.67,4,312,3
Borealix,,0,24.89,4,312,0
Magoyebus,,0,24,4,320,0
Jecal,,0,21,4,321,1
Ijesa,,0,26.56,4,321,1
Gadrashi,,0,29,4,324,6
Othak,,0,29.56,4,326,1
Rocha,,0,24.33,4,328,0
Surza,,0,36.78,4,339,1
Ceirwinth,,0,22.11,4,348,1
Panprzem,,0,28.22,4,352,1
Fiorra,,0,24.67,4,354,2
Eltrolo,,0,27.22,4,356,2
Ikama,,0,27.33,4,367,0
Ilovemmc,,0,30.89,4,368,1
Oduti,,0,26.78,4,372,2
Oshemuz,,0,28.33,4,383,1
Berli,,0,26.22,4,395,3
Ichibem,,0,24.33,4,402,2
Kimchulsun,,0,26.89,4,404,5
Zema,,0,25.22,4,405,1
Eches,,0,23.22,4,406,4
Dyonysos,,0,21.89,4,406,1
Mesta,,0,26.78,4,420,3
Jaffer,,0,24.67,4,430,1
Tris,,0,21.11,4,431,1
Dune,,0,28,4,444,0
Gomaka,,0,26,4,446,4
Zogi,,0,21.56,4,450,1
Spatacus,,0,39.89,4,451,0
Tifriz,,0,26,4,455,1
Wanshi,,0,28.11,4,457,3
Jofrin,,0,23.89,4,457,1
Chesit,,0,21.78,4,491,4
Kongo,,0,24.33,4,501,6
Jumirdi,,0,28.56,4,513,0
Davril,,0,21.78,4,531,7
Alucard,,0,28.78,4,544,2
Gurut,,0,26.67,4,552,2
Innedna,,0,26.89,4,568,1
Ekes,,0,28.44,4,576,5
Gavral,,0,25.11,4,586,4
Papapa,,0,21.78,4,591,11
Sexyboom,,0,26.11,3,96,0
Risu,,0,29.11,3,100,0
Zarcedni,,0,25.78,3,117,0
Ecug,,0,29.33,3,126,1
Lomili,,0,51.89,3,141,0
Naomi,,0,29.78,3,153,0
Rartog,,0,28.33,3,158,0
Rorki,,0,26.78,3,161,0
Ifroz,,0,22,3,162,0
Caveg,,0,27.56,3,172,0
Fuyuzuki,,0,51.67,3,173,0
Ivaz,,0,21.11,3,173,0
Laguk,,0,27.33,3,175,0
Cozol,,0,21.56,3,176,3
Ashek,,0,34.44,3,178,0
Asteri,,0,29.89,3,180,0
Ijinna,,0,31.67,3,181,2
Axxfour,,0,18,3,183,0
Ivrad,,0,31.33,3,192,0
Joseph,,0,46.11,3,195,0
Lavente,,0,24.89,3,197,0
Vebroma,,0,24.33,3,199,1
Bubruk,,0,25.78,3,199,2
Papus,,0,35.78,3,200,1
Ednuz,,0,27.33,3,208,0
Comude,,0,25.33,3,212,0
Vezal,,0,26.89,3,213,0
Tammy,,0,32.89,3,213,1
Allteuson,,0,25.44,3,213,0
Unkonamed,,0,19.89,3,214,2
Jeca,,0,22,3,216,0
Sioncat,,0,31.78,3,218,1
Zygwalu,,0,24.78,3,221,3
Samsung,,0,22.89,3,223,3
Lilith,,0,31.11,3,223,1
Inarom,,0,22.78,3,224,6
Elagit,,0,20.89,3,226,1
Ecuguk,,0,27.33,3,226,0
Psyche,,0,31.56,3,228,2
Sirsimon,,0,28.11,3,229,1
Cisi,,0,27.89,3,231,0
Diemaus,,0,20.56,3,233,1
Ethel,,0,23.33,3,235,0
Kegan,,0,25.22,3,243,0
Gentle,,0,28.22,3,243,2
Hardy,,0,20.78,3,244,0
Hechuk,,0,21.78,3,245,0
Juzi,,0,24,3,253,2
Magic,,0,22,3,254,1
Dazzler,,0,27.89,3,255,1
Kusom,,0,25.22,3,259,2
Jastanne,,0,20.22,3,266,0
Seburca,,0,19.11,3,272,3
Silence,,0,23.11,3,272,1
Kure,,0,25.89,3,278,2
Othuthi,,0,30.33,3,280,0
Dafri,,0,22.67,3,282,1
Nimurda,,0,22.33,3,284,0
Dani,,0,30.11,3,285,1
Idnukem,,0,29.11,3,286,2
Nebre,,0,22.56,3,290,0
Mommamia,,0,20.44,3,296,2
Bell,,0,28.33,3,299,0
Huvras,,0,19.89,3,303,0
Eseve,,0,21.11,3,304,0
Sabrore,,0,25.33,3,305,1
Kesek,,0,51.33,3,310,0
Khadgar,,0,17.44,3,312,3
Lemel,,0,20.67,3,312,0
Ganjah,,0,24.22,3,315,3
Cooper,,0,22.44,3,322,4
Goke,,0,36.89,3,325,1
Maya,,0,25.67,3,328,0
Iluminaty,,0,22.67,3,328,4
Zisurze,,0,23.33,3,330,2
Ilse,,0,21.78,3,332,0
Anariel,,0,18.44,3,335,0
Nakrun,,0,26.89,3,338,4
Crystor,,0,29.33,3,339,2
Emohus,,0,27.11,3,347,1
Zsozso,,0,22.67,3,348,3
Zidak,,0,20.11,3,352,3
Adeca,,0,16.33,3,353,0
Galaxydad,,0,17,3,355,1
Nausi,,0,18.11,3,360,1
Vucul,,0,19.78,3,377,0
Aurora,,0,24.22,3,378,2
Lalala,,0,20.67,3,382,2
Peedro,,0,17.56,3,382,1
Lohag,,0,27.11,3,389,6
Butha,,0,21.22,3,389,1
Votak,,0,15,3,395,3
Kizi,,0,22.67,3,397,3
Dolekre,,0,22.11,3,400,0
Zave,,0,17.78,3,402,4
Imokra,,0,25.56,3,404,1
Ekarcez,,0,18.56,3,410,0
Kokrira,,0,23.89,3,416,3
Koraca,,0,18.89,3,418,4
Efralud,,0,28.56,3,419,5
Adotak,,0,24,3,426,2
Melide,,0,18.67,3,426,1
Kestrel,,0,19.11,3,446,8
Ivit,,0,21.56,3,448,2
Xana,,0,30.78,3,448,3
Asun,,0,19.78,3,453,5
Hozane,,0,26.11,3,455,3
Brisela,,0,25.11,3,463,2
Hennuk,,0,24,3,466,6
Erarta,,0,26.22,3,472,4
Oloda,,0,16.11,3,472,3
Vumenre,,0,19.44,3,479,2
Asolil,,0,22.11,3,483,6
Havanna,,0,21.22,3,489,3
Deamonlord,,0,19.33,3,491,7
Haluci,,0,15.67,3,493,3
Nitty,,0,23.78,3,508,5
Icuthen,,0,20.56,3,510,0
Bura,,0,17.11,3,521,0
Cacahuate,,0,26.78,3,525,2
Anious,,0,22.11,3,527,3
Andy,,0,27.22,3,537,3
Tusa,,0,25.44,3,544,0
Ashan,,0,17,3,547,6
Barb,,0,17.89,3,565,0
Niradra,,0,21.22,3,566,2
Ziloza,,0,18.89,3,567,10
Armaan,,0,22.22,3,597,2
Lunete,,0,21.56,2,102,0
Ibidul,,0,18,2,110,0
Dathig,,0,19,2,122,0
Kali,,0,25.11,2,123,1
Suba,,0,17.78,2,137,0
Event,,0,29.11,2,137,0
Dingus,,0,20.22,2,139,0
Jaina,,0,16.33,2,141,0
Aziz,,0,28.33,2,141,0
Cihum,,0,16.67,2,147,0
Gusten,,0,18.44,2,154,0
Frostbite,,0,28.11,2,156,0
Burzik,,0,21.78,2,157,0
Idol,,0,16.11,2,160,0
Irolin,,0,15,2,161,0
Logan,,0,16.33,2,163,0
Juma,,0,16.67,2,165,0
Odadni,,0,14.78,2,165,0
Soraya,,0,14.11,2,165,0
Silver,,0,23.56,2,165,0
Karka,,0,21.22,2,165,0
Eventer,,0,16.78,2,167,0
Pjmtkd,,0,17.22,2,167,0
Merlin,,0,25.44,2,170,0
Jpster,,0,16.56,2,170,0
Buboha,,0,33.44,2,171,0
Ekosha,,0,14.22,2,173,0
Gokila,,0,28.11,2,173,0
Tazetha,,0,18.44,2,173,0
Macs,,0,34,2,173,0
Createfox,,0,16.89,2,173,0
Seasonlong,,0,11.11,2,175,0
Athega,,0,22.33,2,178,0
Agasun,,0,14.22,2,178,0
Kitt,,0,17.89,2,179,0
Keka,,0,17.78,2,179,0
Rivi,,0,15.78,2,179,0
Cumorgi,,0,31.33,2,180,0
Keza,,0,17.11,2,185,0
Hashirama,,0,17.56,2,186,0
Onare,,0,20.67,2,187,0
Zabarzi,,0,16.89,2,187,0
Ircagra,,0,21.56,2,188,0
Sati,,0,12.44,2,188,0
Olobi,,0,25.56,2,189,0
Larissax,,0,13.11,2,191,0
Gaka,,0,12.89,2,193,0
Tirzirka,,0,17.89,2,193,0
Aria,,0,12,2,194,0
Elban,,0,17.89,2,195,0
Sahes,,0,13.11,2,198,0
Scruff,,0,17.11,2,199,0
Wior,,0,32.33,2,200,0
Xebochic,,0,14.89,2,200,0
Ecira,,0,26.33,2,203,0
Ihag,,0,19.44,2,203,0
Zabra,,0,14,2,205,0
Fuzzems,,0,14.44,2,205,0
Ergaz,,0,18.11,2,206,0
Ojuci,,0,24.78,2,206,0
Asethi,,0,21,2,208,0
Aria,,0,10.11,2,209,0
Ethil,,0,13.22,2,209,0
Ikukra,,0,11.89,2,217,0
Defsoul,,0,12.67,2,218,0
Hill,,0,22,2,218,0
Asusos,,0,14.89,2,219,0
Wulala,,0,16.44,2,219,0
Bava,,0,15.33,2,223,0
Gonad,,0,24.78,2,224,0
Wizard,,0,30.89,2,225,0
Nononames,,0,19.11,2,226,1
Mysirin,,0,15,2,226,0
Josue,,0,22,2,227,0
Satibi,,0,29.56,2,233,0
Alex,,0,17.22,2,237,0
Pola,,0,11.67,2,239,0
Sungho,,0,14.33,2,243,0
Kage,,0,12.33,2,244,0
Shimano,,0,13.56,2,245,0
Orila,,0,19.56,2,246,0
Soso,,0,14,2,248,0
Egonil,,0,16.78,2,251,0
Loneraver,,0,16,2,251,0
Ferdi,,0,16.89,2,254,0
Soniyah,,0,23,2,260,0
Reke,,0,11.89,2,260,0
Raven,,0,14.33,2,261,0
Agracan,,0,17.89,2,267,0
Cheech,,0,15.78,2,269,0
Butface,,0,14.67,2,273,0
Lonewolf,,0,13.44,2,277,0
Gayle,,0,13.89,2,277,0
Xigua,,0,10.89,2,282,1
Hippo,,0,24.33,2,283,0
Losthell,,0,11.22,2,286,0
Maxma,,0,13.56,2,291,0
Arusi,,0,13.89,2,293,1
Irzirzim,,0,22.78,2,293,0
Sasa,,0,14.56,2,297,0
Faust,,0,9.67,2,298,2
Laffcarl,,0,10,2,304,0
Ohfe,,0,15.44,2,317,1
Luca,,0,18.78,2,322,0
Tathoshe,,0,15.89,2,330,0
Loter,,0,12.44,2,332,0
Poekie,,0,16.89,2,336,0
Kaos,,0,21,2,343,0
Ttxx,,0,12.33,2,348,0
Bidez,,0,13,2,353,0
Skitts,,0,15.67,2,354,0
Gukri,,0,12.67,2,360,0
Irome,,0,17.63,2,361,1
Venri,,0,14.67,2,363,4
Ameni,,0,11.78,2,364,2
Anskorel,,0,11.56,2,369,0
Dema,,0,9.44,2,375,0
Okud,,0,10.22,2,377,0
Ruzud,,0,19.22,2,382,0
Wocao,,0,9.78,2,386,0
Aesma,,0,11.67,2,390,1
Hati,,0,13.33,2,395,0
Teran,,0,14.67,2,400,0
Leah,,0,18.44,2,411,0
Zatirke,,0,25.78,2,421,0
Killy,,0,12.89,2,429,0
Atona,,0,10.44,2,437,0
Buda,,0,10.67,2,439,0
Tudi,,0,11.33,2,446,4
Alel,,0,11.56,2,449,0
Sage,,0,12.78,2,463,0
Rargi,,0,13.44,2,481,0
Sickducker,,0,11.22,2,495,0
Doctorwho,,0,9,2,499,1
Larza,,0,10.56,2,501,0
Sinrat,,0,9.44,2,511,0
Tudri,,0,13.56,2,522,0
Ocet,,313,70.11,1,74,0
Rudy,,0,22,1,93,0
Asha,,0,40.44,1,106,0
Mrjox,,0,16.33,1,120,0
Akag,,0,57,1,129,0
Ibumi,,0,11.44,1,146,0
Athothe,,0,11.25,1,146,0
Ehofra,,0,40.78,1,154,0
Gaji,,0,14.44,1,156,0
Erivil,,0,8.22,1,162,0
Free,,0,18.56,1,162,0
Tulos,,0,20.78,1,163,0
Tabithe,,0,10.67,1,167,0
Magic,,0,10.78,1,171,0
Zardurze,,0,9.78,1,174,0
Bathory,,20,65.78,1,174,0
Gpidn,,0,8.44,1,175,0
Renaji,,0,26.56,1,176,0
Feckless,,0,25.89,1,177,0
Kitha,,0,11.44,1,177,0
Inarus,,0,19,1,178,0
Diva,,0,24.56,1,178,0
Lochi,,0,8.78,1,180,0
Amira,,0,32.56,1,180,0
Ganjalf,,0,12.44,1,181,0
Opqueen,,0,19.67,1,181,0
Mala,,0,12.89,1,181,1
Asin,,0,12.78,1,182,0
Morta,,0,12.56,1,183,0
Hose,,0,14.67,1,184,0
Elme,,0,49.89,1,185,0
Avuja,,0,7.33,1,187,0
Arzok,,0,34.22,1,188,0
Nalle,,0,8.89,1,189,0
Sahibi,,0,8.67,1,192,0
Olaka,,0,15.38,1,194,0
Aratha,,0,10.44,1,195,0
Shroren,,0,9.11,1,198,0
Akerta,,0,9.67,1,201,1
Jhledps,,0,20.56,1,202,0
Arcil,,0,9,1,205,0
Lucifer,,0,24.11,1,206,0
Halli,,0,10.33,1,206,0
Basha,,0,10.44,1,210,0
Lurehe,,0,9.89,1,212,0
Hikishe,,0,7.22,1,215,0
Sithon,,0,10,1,216,0
Nodnik,,0,7.22,1,216,0
Shiva,,0,10.33,1,218,0
Pabiteczka,,0,11.56,1,227,0
Sosa,,0,11.44,1,227,0
Obes,,0,15.44,1,229,0
Mage,,0,12.11,1,230,0
Gegecko,,0,20.78,1,233,0
Elohim,,0,12.56,1,233,0
Obus,,0,9.89,1,238,0
Amone,,0,13.44,1,241,0
Zuvushi,,0,14.56,1,242,0
Diva,,0,11.33,1,243,0
Melancia,,0,10.33,1,247,0
Rumburak,,0,9.33,1,248,0
Tele,,0,10.78,1,250,1
Mouser,,0,11,1,251,0
Hikg,,0,9.67,1,253,0
Jeze,,0,9.38,1,256,1
Jirta,,0,11.44,1,260,0
Ozollul,,0,11.33,1,268,0
Srinidh,,0,11,1,269,1
Orothun,,0,8.13,1,274,1
Etumad,,0,11.67,1,276,0
Magey,,0,8.44,1,284,0
Niar,,0,11,1,291,0
Cacapudu,,0,8.89,1,291,1
Tabeni,,0,10,1,292,0
Happy,,0,10.33,1,292,0
Dabuller,,0,9.89,1,293,0
Sakura,,0,26.89,1,298,0
Agig,,0,8.44,1,299,1
Elendi,,0,7.67,1,301,0
Crisis,,0,28.33,1,303,0
Nella,,0,9.11,1,305,2
Tlll,,0,7.13,1,309,1
Eluve,,0,6.67,1,317,0
Pyewacket,,0,9.67,1,320,0
Ehit,,0,10.11,1,322,0
Dodo,,0,8.78,1,329,0
Kossten,,0,11.22,1,330,1
Magess,,0,8.13,1,335,0
Odit,,0,10.22,1,339,1
Ecare,,0,6.44,1,342,1
Amag,,0,9.67,1,343,0
Bulii,,0,7.89,1,347,0
Bolla,,0,10.44,1,348,0
Jibri,,0,7.67,1,348,5
Morpheus,,0,10.11,1,358,0
Nefertiti,,0,8.78,1,365,2
Nocturm,,0,11.11,1,367,1
Jonami,,0,5.13,1,371,1
Goose,,0,9.56,1,391,4
Dikrasi,,0,11.22,1,391,0
Tizuzi,,0,10.89,1,395,0
Ercode,,0,7.63,1,398,1
Aderzos,,0,7.56,1,410,0
Exploited,,0,10.22,1,425,0
Giozalez,,0,11,1,427,1
Henry,,0,10.22,1,428,2
Rirci,,0,9.22,1,430,0
Mona,,0,7.67,1,431,0
Ssosser,,0,9.67,1,456,0
Icus,,0,6.56,1,466,0
Caslu,,0,9.78,1,499,4
Akarin,,0,8.44,1,502,4
Anira,,0,11,1,526,1
Nirgi,,0,8.22,1,533,2
Manik,,0,9.56,1,545,1
