Gamza,,2037,75.06,161,503,2
Giji,,2025,74.69,159,486,5
Baji,,2111,74.88,159,497,7
Umbradei,Warlord,2055,74.13,158,487,3
Chinacctv,,1992,74.75,158,488,20
Nobody,,1854,72.63,158,526,6
Chinahjj,,2012,74.94,158,540,5
Korjjikssa,,2016,74.75,158,542,17
Kori,,2137,74.88,158,565,7
Champion,,2009,74.69,157,377,3
Runestrike,,1952,74.81,157,413,5
Korasdf,,2049,74.75,157,530,10
Kormaetel,,2004,74.81,157,559,14
Nemesis,,2050,74.56,156,519,8
Korlang,,1997,73.88,156,584,3
Qwzx,,1953,74.06,155,592,31
Korjia,,2039,75.06,154,574,8
Ozodoz,,2028,74.38,153,562,7
Kormazenda,,1996,74.44,150,591,7
Korman,,1968,74.13,149,558,8
Romme,,2050,74.88,149,593,19
Hronos,,2025,74,148,546,9
Ashnkylin,,1522,74.25,148,592,2
Korani,,1739,73.38,148,597,4
Tajpan,,2001,74.13,146,508,6
Korlollo,,1895,74,146,539,5
Varcut,,2035,73.75,144,537,12
Mokulsha,,1664,73.75,144,545,16
Hunter,,1908,73.63,144,566,11
Irgoshi,,1872,73.56,144,572,11
Onetwo,,2002,74.19,144,584,34
Bullet,,1991,74.69,143,270,1
Chinaby,,1761,74.56,143,335,3
Nodas,,1494,73.19,143,479,5
Korhunt,,1932,73.81,143,520,5
Yusufmoves,,1917,74.13,143,549,7
Starling,,1591,73.44,143,557,9
Simon,,1758,73.13,143,557,8
Omis,,1974,74,143,580,10
Evrerul,,1929,74.13,143,599,20
Turgeon,,1815,73.94,142,460,8
Narak,,1945,74.06,142,507,8
Kormoves,,1976,74.13,142,536,23
Kormanggoo,,1939,74.13,142,555,13
Autodidact,,1988,74.81,142,561,13
Elloz,,1805,73.94,142,574,8
Svyznoy,,1859,73.19,142,589,9
Ummm,,1823,73.69,142,589,12
Jidosa,,1771,73.88,142,593,13
Slonik,,1444,72.88,142,598,3
Aiyezizhu,,1565,73.25,141,573,2
Ganis,,1502,74,140,496,11
Riddle,,2046,73,140,502,6
Jella,,1779,73.44,140,539,10
Evora,,1426,73.81,140,547,9
Noro,,1552,73,140,568,22
Korqqq,,1426,74,140,576,11
Cane,,1746,74.06,139,537,6
Korgood,,1684,73.88,139,549,5
Yuung,,1573,73.5,139,557,5
Ashoota,,1922,73.69,139,558,11
Rulamai,,1708,73.69,139,593,3
Zephyr,,1638,74.06,139,595,3
Rofrus,Challenger,1436,73,138,425,2
Honece,,1366,73.63,138,496,4
Jessie,Challenger,820,72.94,138,569,7
Jordarke,Challenger,2000,74.5,138,576,8
Egen,,1879,73.63,137,446,7
Ceta,,1524,74.06,137,487,6
Pommipummi,Challenger,1763,73.31,137,506,6
Jiraljiral,,1924,73.5,137,506,6
Bubblegum,,1846,73.94,137,517,11
Deletable,,1587,73.5,137,535,11
Alina,,1716,73.38,137,579,19
Paravoz,,1405,73.81,137,583,23
Rala,,1538,74.25,137,589,15
Korhmmgaja,,1600,73.25,137,593,11
Zara,,1788,73.69,136,433,7
Dianelly,,1092,73.06,136,541,2
Cusnkara,,1718,73.5,136,557,18
Lilu,,1395,73.13,136,571,2
Hadddzyy,,1905,73.75,136,594,7
Sundacctv,,1269,72.88,135,515,8
Keuerun,,1595,73.88,135,568,3
Muschimumu,,1465,73.38,135,587,18
Jethom,,1801,73.13,135,595,9
Malsook,,1614,75.69,134,377,7
Rirzorke,,1264,72.88,134,446,10
Colombia,,1286,72.75,134,448,3
Gefri,,1570,73.75,134,512,7
Chinaesp,,910,72.56,134,547,5
Athodri,,1345,73.94,134,562,10
Afsok,,902,73.13,134,564,8
Kaninia,,1620,73.38,134,573,10
Ekiba,,1458,72.94,134,574,21
Korsisiro,,1546,72.63,134,577,4
Zerobar,,1415,74.06,134,586,2
Reek,Challenger,1465,73.25,134,595,4
Vovat,Challenger,1984,73.25,133,408,4
Korwowjh,,1645,73.88,133,451,1
Ggiraffe,,1953,74.38,133,466,7
Purplebron,,1340,73,133,469,9
Korgoodmen,,1806,73.13,133,505,20
Maje,,1336,73.31,133,515,7
Trahbah,,1755,73.06,133,516,7
Eriz,,1075,72.63,133,530,2
Lilithsson,,1837,74.31,133,534,2
Money,,1815,73.75,133,544,16
Rekon,,1028,72.56,133,547,11
Odrosa,,1398,72.31,133,550,4
Hawkeye,,1403,73.63,133,558,8
Salle,,1187,72.69,133,568,22
Nodan,,1733,73.81,133,572,24
Jukune,,1868,74.06,133,575,9
Brnrd,,1590,73.88,133,594,8
Fortan,,1795,73.06,132,432,3
Tena,,1493,72.88,132,441,5
Kaliana,,1943,73.13,132,538,18
Vvvvhhh,,1224,73.06,132,554,7
Revi,,1691,73,132,572,29
Koreangood,,1568,73.56,132,572,23
Madwolf,,1339,73.19,132,587,19
Cicifri,,505,73.56,132,597,6
Sezore,,1669,73.75,131,417,15
Perrete,,1394,73.56,131,527,8
Grimshot,,1419,73.25,131,527,1
Mirila,,893,72.63,131,534,3
Korblack,,1754,72.88,131,547,7
Digru,,1298,73.88,130,310,9
Golzo,,1228,72.81,130,451,16
Korpitbull,,1505,73.25,130,469,17
Goldstar,,1447,73.19,130,483,1
Ginger,,1381,72.88,130,497,23
Koroops,,1526,72.75,130,506,29
Zeja,,1712,73.31,130,507,3
Jiyoung,,1521,72.75,130,509,17
Zede,,1090,73.06,130,510,2
Pieletjie,,1625,73.25,130,514,9
Atod,,1174,72.63,130,519,3
Spectre,,1402,73.81,130,524,3
Luda,,866,72.63,130,531,14
Jeremy,,2047,73,130,550,4
Korrc,Challenger,1414,73.19,130,551,7
Garona,Challenger,830,73.5,130,553,14
Luna,,1390,74.75,130,559,15
Valet,,1830,73.63,130,562,9
Elel,,1284,71.81,130,571,22
Horzuka,,1164,72.5,130,575,3
Odriduz,,916,72.63,129,408,6
Zushuki,,1019,73.5,129,438,20
Idas,,1711,73.5,129,502,20
Ikoci,,948,73.56,129,520,7
Gollague,,861,73.5,129,574,5
Shirren,,1146,73.75,129,585,4
Esther,,623,71.75,129,591,6
Dhdjux,,1084,73.44,128,432,4
Anbkosme,,1519,72.63,128,461,0
Idehoz,,1091,73.38,128,485,11
Cccp,,1022,72.81,128,549,5
Paris,,885,73,128,561,2
Tanya,,1031,72.5,128,562,12
Whyyyy,,1772,74.19,128,592,3
Huligan,,1545,73.13,128,592,15
Ohel,,1808,73.81,127,347,9
Tefrema,,914,72.5,127,363,3
Dulid,,1355,73.38,127,455,5
Kora,,1137,72.75,127,489,3
Tubi,,587,72,127,522,33
Bjbbala,,1425,73.56,127,557,12
Valfreija,,1505,73.25,127,561,11
Geijitsu,,583,71.5,127,564,17
Tina,,1072,72.31,127,576,7
Ahuhu,,852,73.44,127,577,3
Azeri,,1115,72.25,127,583,5
Etimi,,1046,73.38,127,585,5
Athesa,,1987,73.88,126,344,1
Boraja,,785,72.81,126,376,2
Jawali,,1090,73.19,126,390,2
Mina,,1752,73.31,126,428,7
Bang,,918,73.5,126,445,11
Rehek,Challenger,1257,73.06,126,455,0
Grit,,1148,73.31,126,496,3
Korchoco,,1559,73.31,126,506,11
Shya,,858,73.19,126,513,1
Ezorzed,,713,71.69,126,536,7
Vera,,1292,73.94,126,540,38
Marley,,1330,74.19,126,542,1
Enzan,,1125,73.38,126,545,6
Chinahou,,851,73.31,126,546,0
Kormmmmmm,,1164,72.94,126,548,4
Awaksado,,1383,72.94,126,564,5
Othrates,,1264,72.56,126,574,9
Azerat,,1407,72.81,126,593,6
Innesa,,775,72.69,125,329,5
Ibrun,,1418,73.5,125,440,7
Davra,,1267,73.56,125,485,22
Halfdan,,1459,73.75,125,488,4
Bbsarah,,712,72.75,125,511,10
Ednahi,,1067,72.81,125,540,4
Kormanse,,962,73.06,125,542,10
Jolan,,1441,71.88,125,550,3
Javroz,,655,72.94,125,573,23
Tukimigami,,1138,73.13,125,597,7
Sargore,,1276,73.44,124,301,3
Zojan,,542,72.81,124,451,6
Serenityb,,1737,73.88,124,469,6
Edil,,1377,73.63,124,473,11
Dreggz,,1153,73.56,124,478,7
Leruda,,615,72.81,124,513,4
Buzova,,947,72.44,124,531,12
Upgrade,,1320,71.94,124,552,25
Vala,,835,73.06,124,554,8
Hihoba,,1083,72.63,124,555,24
Ebratha,,850,72.5,124,563,32
Broncita,,1133,73.19,124,564,4
Boom,,1124,73.25,124,571,9
Pistolarul,,1362,72.25,124,590,32
Shuzz,,776,71.56,124,593,5
Koravocado,Challenger,1269,73.06,123,324,4
Enurta,,1545,72.81,123,378,7
Ezut,,1025,72.75,123,407,1
Toohappy,,940,73.31,123,423,6
Korea,,1022,73.25,123,434,2
Noti,,2001,75.69,123,442,1
Belochka,,1775,72.44,123,466,11
Vata,,1458,72.94,123,475,5
Zemem,,537,72.31,123,479,4
Deadsix,,1214,71.75,123,481,1
Bonney,,1072,73.19,123,498,4
Segrurta,,756,72.69,123,502,4
Argurem,,1327,73.25,123,509,8
Pishposh,,729,73.56,123,512,9
Rirut,,494,72.88,123,522,6
Ruze,Challenger,732,72.75,123,526,8
Danri,Challenger,613,73,123,532,6
Shaft,,456,74,123,549,2
Capitan,,996,72.75,123,550,12
Okay,,662,73.5,123,551,6
Chacha,,1535,72.5,123,564,18
Ijadid,Challenger,506,72.75,123,576,1
Nikolle,,1288,73.38,123,579,11
Tyrande,,571,71.94,123,588,5
Tichbits,,919,72.06,123,594,7
Zzzzzzzzzz,,1761,73.06,122,346,5
Snorlax,,1464,73,122,388,4
Tope,,1119,73.25,122,414,4
Soarer,,1012,72.5,122,437,6
Ruslan,,1396,73.5,122,471,3
Kubism,,941,72.56,122,479,7
Nuli,,1116,72.56,122,497,15
Yetanother,,719,72.94,122,523,7
Pffft,,1047,72.81,122,535,4
Qooqoo,,1172,72.63,122,539,4
Elena,,1091,72.63,122,541,2
Cocumis,,1321,72.44,122,578,12
Vaba,,1137,73.06,122,582,20
Nallasi,,1089,72.63,122,590,35
Oheja,,1133,72.25,122,597,4
With,,1396,73.31,121,417,5
Xaxaxa,,959,72.06,121,422,11
Zeze,,899,74,121,435,2
Kete,,635,71.06,121,451,4
Mivi,,1170,73.5,121,492,21
Nama,,815,72.38,121,511,8
Innishi,,1010,73.81,121,517,3
Toke,,471,72.25,121,523,3
Zanaz,,1249,73.25,121,527,3
Hunterjun,,878,71.88,121,538,4
Vannela,,529,72.06,121,542,3
Ilofros,,486,72.31,121,543,7
Icafrak,,1771,72.44,121,551,6
Ocok,,486,71.25,121,562,5
Bogaz,,1332,72.63,121,566,11
Avikez,,1050,72.75,121,575,2
Shoot,,653,71.63,121,576,10
Ojis,,1846,74,120,338,12
Risebronze,,1890,72.88,120,341,7
Druckluft,,1336,72.25,120,387,5
Korbaef,,1307,73,120,435,13
Master,,1143,73.19,120,445,6
Inik,,1365,72.69,120,450,3
Shadowmore,,928,73.31,120,456,16
Ssalbob,,1548,72.63,120,462,13
Morpheous,,1597,73.94,120,475,10
Korosham,,1256,72.75,120,478,15
Kzdoev,,1141,73.25,120,505,7
Trnouska,,1462,73.31,120,505,4
Baluve,,779,72.25,120,512,1
Buri,,1197,72.75,120,524,26
Ojadne,,1215,73.25,120,529,2
Zoro,,1213,72.94,120,531,23
Noruzee,,1722,73.25,120,532,8
Bihule,,744,72.44,120,533,22
Korb,,1461,73.88,120,543,53
Scott,,1383,72.81,120,567,9
Kormithril,,797,72.56,120,575,3
Omurzi,,519,72.5,120,578,25
Kata,,922,71.44,120,590,9
Arkog,,698,71.63,120,597,13
Baca,,634,72.81,120,598,6
Atume,,1376,73.81,119,311,5
Xxxknsxxx,,715,73.38,119,388,2
Orcag,,891,72.81,119,405,22
Robinhood,,440,75.63,119,416,2
Zutasha,,974,73.31,119,505,0
Rocami,,592,72.63,119,508,1
Orzanot,,860,72.38,119,514,5
Sote,,1127,72.69,119,547,15
Busad,,602,72.25,119,571,16
Ashas,,425,72.19,119,579,8
Ethikras,,793,72.63,119,580,6
Gevid,,869,72.38,119,587,14
Bordatha,,710,71.69,119,592,6
Sexless,,1216,72.88,118,332,6
Korkyuu,,1050,72.75,118,346,8
Athoze,,915,72.44,118,396,5
Grrr,,684,72.19,118,397,2
Parkyu,,1554,72.88,118,399,1
Cebri,,889,74.06,118,453,4
Bize,,1342,73.06,118,461,8
Imosa,,737,73,118,479,1
Nugen,,1209,72.31,118,493,5
Oiling,,890,73.06,118,504,0
Yurim,,1673,72.81,118,505,7
Tupik,,870,72.69,118,509,0
Arcathe,Challenger,846,72.31,118,511,5
Ahen,,807,73.25,118,520,17
Inez,,1238,72.75,118,527,7
Dancri,,438,72.75,118,534,6
Orod,,454,72.56,118,539,4
Ebrirke,,1077,72.63,118,566,11
Kutuma,,920,72.44,118,569,1
Astarte,,560,73.44,118,571,14
Shimshon,,606,71.94,118,571,2
Odum,,454,72,118,572,6
Exdargold,,482,72.19,118,580,11
Tuhaki,,493,73.19,118,599,3
Valeree,,1201,71.63,117,248,2
Diesel,,1222,72.63,117,282,7
Rose,,1404,74.06,117,367,13
Oanhoanh,,918,72.5,117,488,1
Tumat,Challenger,642,73,117,499,9
Chaos,,637,73,117,514,4
Lotzamozza,,1011,72.63,117,515,0
Fenrir,,1172,73.06,117,521,5
Toxicwater,,1158,71.75,117,527,2
Metom,,465,72.13,117,536,11
Virid,,748,72.81,117,544,2
Sola,,1412,71.44,117,560,12
Ecinid,,679,74.25,117,563,7
Porno,,1070,72.69,117,571,13
Oselle,,867,72.38,117,579,12
Otat,,992,73.06,117,583,4
Luna,,583,73.25,117,588,3
Books,,1123,73.88,117,596,20
Hailey,,1313,73.31,116,194,5
Lyudmila,,1227,73.88,116,299,2
Dopang,,1193,72.56,116,308,1
Elynn,,865,71.5,116,360,6
Mijuji,,1266,73.38,116,413,2
Laza,,1253,72.75,116,423,13
Agitha,,870,72.06,116,482,4
Dinali,,554,71.88,116,494,8
Vazom,,988,73.81,116,494,2
Gurkut,,720,73.13,116,504,1
Zine,,1173,72.19,116,524,6
Dosan,,659,72.06,116,533,3
Zuna,,1110,72.5,116,541,0
Fortuna,,1325,73.94,116,544,7
Zunita,,968,73.19,116,548,10
Zile,,843,71.56,116,556,5
Brawn,,667,72.75,116,577,3
Arsonite,,680,72.69,115,280,2
Dedidan,,1222,73.06,115,305,2
Besarci,,1343,73,115,314,6
Odnidrad,Challenger,1346,72.81,115,341,14
Evencik,,1220,72.38,115,368,2
Ludek,,778,72.81,115,370,5
Ranes,,1251,72.19,115,432,0
Luli,,1229,72.81,115,454,2
Bernadeth,,1002,73.63,115,487,1
Vuri,,554,72.38,115,513,8
Hika,,484,72.38,115,573,9
Larcubre,,718,73,115,573,9
Nocomment,,1042,72.38,115,583,19
Viba,,603,72.19,115,595,14
Dole,,764,72.06,114,360,12
Triqz,,1150,72.69,114,402,15
Artig,,1123,72.94,114,409,18
Scream,,674,73.81,114,429,6
Anyway,,1307,71.81,114,455,9
Marvel,,674,72.69,114,483,9
Aloci,,923,71.38,114,485,9
Karkidna,,887,71.63,114,503,5
Anatol,,590,72.56,114,531,1
Andrea,,1021,72.25,114,536,0
Xlinex,,643,71.88,114,552,50
Rodige,,502,72.88,114,553,6
Amihe,,862,71.06,114,559,22
Nekkonew,,524,73.5,114,576,26
Egrubre,,1053,72.56,114,585,7
Edrinned,,939,71.56,114,591,6
Mobet,,824,72.44,113,262,3
Ajan,,1194,72.88,113,396,7
Ryeop,,1169,71.63,113,397,5
Braaap,,394,73.63,113,433,5
Ezeshes,,1006,72.94,113,443,1
Orarcon,,586,72.5,113,448,6
Pipiryu,,1109,72.69,113,515,5
Esurgug,,921,71.75,113,515,19
Ijiceg,,739,71.81,113,516,4
Azeg,,1068,71.69,113,522,1
Sagroz,,758,72.25,113,525,6
Whoooops,,707,72.31,113,526,6
Fifa,,946,72.5,113,543,21
Ortom,,600,72.81,113,548,16
Graf,,487,73.06,113,554,4
Mexicali,,1209,72.56,113,558,37
Anon,,644,72.44,113,560,45
Malle,,591,72.19,113,569,8
Bamage,,547,71.44,113,589,35
Experli,,1290,72.31,113,590,4
Maaaaao,,831,71.88,113,591,9
Cizorza,,553,70.63,113,597,3
Rucerkon,,1115,72.81,112,290,6
Ramel,,693,72.31,112,315,2
Nmdb,,645,72.75,112,350,5
Amez,,1005,72.25,112,383,8
Yadavmansi,,1063,72.5,112,412,6
Xitout,,815,72.56,112,459,4
Tomchenok,,1125,72.69,112,465,6
Billa,,1375,72.81,112,475,1
Xagila,,764,72.5,112,508,10
Korsqsq,,1015,73,112,513,5
Nope,,539,72.44,112,518,6
Gothem,,430,72.31,112,522,1
Nefartiti,,461,73.5,112,529,3
Zucida,,1047,73.06,112,532,10
Ntdevent,,671,71.31,112,548,4
Bahamut,,1063,72.25,112,550,5
Zorerge,,900,72.06,112,553,6
Atulle,,612,72.69,112,560,19
Erdakag,,940,71.5,112,560,13
Ovek,,831,72.5,112,563,23
Ironman,,698,72,112,566,5
Pendel,,1301,71.69,112,594,15
Evimon,,682,72.19,111,349,6
Bone,,716,71.56,111,359,4
Asheg,,962,72.75,111,368,10
Hiribi,,517,72.44,111,369,2
Athas,,760,72.06,111,375,5
Hakrocha,,1094,72.38,111,383,9
Loki,,864,72,111,384,6
Negol,,683,71.38,111,395,3
Cilani,,944,72.31,111,405,3
Izagran,,983,73.25,111,406,5
Farm,,399,72,111,411,5
Lastgun,,515,71.44,111,415,6
Clamdip,Challenger,949,72.19,111,416,3
Bossk,,1287,72.69,111,437,3
Mong,,495,71.81,111,444,0
Gullosi,,713,72.31,111,463,2
Axel,,634,72.38,111,464,4
Oven,,721,72.38,111,472,20
Diana,,1447,73.56,111,485,2
Onaz,,409,72.5,111,495,6
Efrid,,575,71.25,111,509,5
Legolas,,653,70.94,111,546,7
Adara,,1084,71.69,111,548,8
Jarlaxle,,861,73.19,111,566,2
Ephemero,,1182,73.63,111,577,0
Rahone,,573,72.63,111,580,5
Echofrig,,597,71.81,111,599,14
Bryanne,Centurion,1665,72.88,110,167,1
Kordssy,Challenger,1235,72.69,110,186,2
Joop,,1148,72.13,110,199,4
Gunslinger,,1150,72.81,110,213,0
Leon,,1180,72.69,110,266,6
Orkaniz,,703,71.44,110,270,8
Hukud,,1416,72.88,110,284,3
None,,992,71.38,110,299,4
Kuso,,834,71.94,110,300,3
Nara,,932,72.56,110,326,11
Zuma,,464,71.75,110,333,11
Thorvald,,1406,72.75,110,335,3
Helena,,944,72.81,110,345,19
Saki,,521,72.38,110,350,2
Circe,,1120,72.75,110,353,7
Bash,,1315,72.13,110,371,11
Gazar,,369,73.75,110,374,12
Munne,,1120,72.44,110,378,5
Trashheap,,1463,72.31,110,387,1
Sikwitit,,957,68.06,110,389,9
Sisig,,559,71.31,110,390,10
Kortop,,1287,72.44,110,392,6
Josika,,1580,72.19,110,398,19
Unknown,,443,72.63,110,400,13
Balbes,,1547,72.69,110,408,9
Reese,,743,72.63,110,410,19
Fathervn,,1019,71.69,110,416,7
Izashun,,400,71.5,110,417,1
Korking,,1125,72.69,110,420,19
Pycaxap,,1081,72.13,110,426,7
Daleg,,746,72.5,110,426,10
Kuge,,330,72.13,110,431,3
Rojodiablo,,1062,72.75,110,434,7
Athula,Challenger,894,72.06,110,436,0
Aventador,,842,71.13,110,438,2
Nimbus,,448,71.13,110,442,4
Kone,,880,71.56,110,443,9
Agruned,,334,72.81,110,444,21
Ararkos,,438,73.5,110,456,1
Mooey,,435,71.13,110,456,4
Hivuz,,626,71.75,110,459,23
Ranrodi,,456,72,110,463,3
Lulu,,926,71.31,110,465,7
Oledni,,584,72.31,110,466,7
Chiu,,495,71.25,110,468,11
Jackie,,1394,72.44,110,477,13
Naomy,,825,71.75,110,479,6
Irkuz,,653,72.13,110,480,4
Nacid,,450,72.06,110,483,1
Reci,,450,71.56,110,484,0
Koba,,539,72.44,110,485,24
Dela,,669,71.63,110,498,1
Rich,,342,72.56,110,500,7
Jibut,,625,70.81,110,500,15
Fsadsagdg,,1183,72.38,110,502,13
Korhamster,,682,71.94,110,510,8
Maka,,393,71.75,110,520,2
Sovi,,804,72.81,110,524,1
Kinag,,544,71.19,110,524,1
Evrache,,465,71.31,110,525,24
Nanot,,899,72.81,110,525,13
Pizzdtol,,639,73.38,110,530,5
Stank,,1037,72.56,110,531,4
Gibe,,1430,70.88,110,533,4
Ovos,,497,71.19,110,535,5
Bada,,459,70.44,110,536,13
Zovrore,,477,72.44,110,537,8
Zushi,,991,72.5,110,538,6
Azure,,558,70.63,110,539,9
Acuros,,1150,73,110,542,0
Cibai,,442,71.69,110,543,0
Titan,,624,70.19,110,544,1
Nerallu,,875,72.06,110,545,35
Ojogom,,551,70.94,110,554,17
Vedral,,501,71.69,110,557,6
Apejan,,507,71,110,558,24
Nayyo,,1057,72.44,110,563,13
Bubla,,498,70.5,110,579,19
Rualex,,397,71.63,110,583,1
Ghia,,385,72.63,110,586,11
Ethig,,471,71.63,110,591,15
Tebepizda,,1034,71.5,110,595,5
Ethal,,621,71.38,109,446,14
Nozzle,,645,72.75,109,450,0
Sini,,802,72.19,109,466,11
Onod,,448,70.56,109,527,2
Alida,,557,71.25,109,562,3
Ribi,,1101,71.44,109,576,12
Omnius,,780,72.38,108,335,2
Ujni,,529,73,108,356,1
Resume,,754,71.31,108,408,5
Laleva,,767,72.94,108,434,6
Anruvra,,431,71.63,108,453,0
Kaara,,715,72.94,108,480,0
Zeeexp,,1051,72.56,108,502,9
Pamovies,,846,72.5,108,514,4
Zeme,,999,72.5,108,527,12
Ichumal,,677,72.63,108,540,17
Goshi,,776,71.38,108,543,6
Probnik,,985,71.25,108,567,7
Ithag,,1196,71.63,108,571,9
Itharcuk,,1062,72.31,107,311,11
Hades,,952,70.69,107,349,7
Odnis,,1074,72.69,107,403,43
Hevrabe,,1513,73.13,107,405,2
Medusa,,419,71.75,107,430,1
Tokuda,,747,71.56,107,500,2
Hosa,,1317,72.88,107,546,1
Luna,,356,71.69,107,548,13
Rudegirl,,425,72.06,107,549,5
Vuke,,418,72.31,107,553,1
Icethe,,468,72.44,107,558,16
Oldsilence,,485,71.56,107,561,3
Gothem,,437,70.94,107,591,15
Omuri,,516,71.75,107,597,6
Birkami,,985,72.5,106,317,3
Repeat,,796,71.44,106,377,5
Agnes,Challenger,512,71.94,106,399,0
Felixgrey,,683,71.44,106,414,2
Kloto,,822,72.19,106,443,3
Aaomk,,509,70.13,106,445,12
Azel,,517,70.13,106,448,3
Ragnarok,,552,70.75,106,470,5
Abcd,,407,71.13,106,491,1
Elevid,,796,71.25,106,496,12
Lovica,,654,72.81,106,518,5
Aiko,,437,72,106,549,0
Zufrate,,551,70.5,106,551,14
Corgigre,,488,71.5,106,565,6
Zeus,,758,71.94,106,569,3
Alonrum,,413,72.56,106,571,8
Vahi,,878,71.88,106,576,5
Venom,,780,70.94,106,581,6
Eduluk,,444,70.75,106,583,7
Docsniper,,848,73.88,106,590,0
Pochi,,700,72.5,106,599,3
Nekuhi,,1405,72.56,105,143,2
Otet,,1226,72.5,105,165,0
Korjhr,,1351,72.25,105,230,2
Omenfen,,474,72.38,105,270,4
Nashe,,870,72.25,105,277,1
Jubaje,,442,71.13,105,293,3
Hellojack,,393,71.19,105,299,2
Wang,,1113,72.19,105,299,5
Innaz,,817,72.38,105,305,17
Ozukem,,348,72.44,105,328,3
Meronym,,1154,72.06,105,354,4
Antares,,856,71.06,105,389,8
Lastmusic,,837,71.75,105,411,11
Moment,,518,72.13,105,413,7
Koma,,965,71.5,105,426,1
Woodness,,582,72.75,105,437,4
Ifrerga,,896,71.56,105,482,8
Master,,467,71.75,105,506,1
Zircuk,,398,70.75,105,515,1
Kaima,,621,71.19,105,518,6
Nimi,,607,72.38,105,543,8
Ikon,,985,72.88,105,557,1
Eshigod,,392,72.38,105,585,3
Bapaks,,447,71.38,104,350,5
Enid,,923,71.44,104,405,8
Guria,,1101,71.69,104,435,9
Avril,,521,70.94,104,488,13
Cold,,397,71.44,104,496,5
Satid,,463,71.69,104,509,0
Detaurr,,932,69.75,104,528,22
Whambam,,789,74.25,104,553,6
Arzik,,931,71.81,104,581,3
Modama,,959,70.81,103,325,3
Zorza,,899,71.19,103,336,1
Dolle,,411,73.25,103,340,5
Ligovra,,579,71.81,103,362,9
Rarcud,,393,70.56,103,404,6
Kunra,,417,71.44,103,407,1
Hatka,,636,72.44,103,415,1
Argos,,890,72.5,103,420,6
Elit,,847,69.44,103,432,5
Lagrita,,331,70.56,103,485,9
Judas,,425,71.88,103,491,4
Lucy,,696,72.81,103,508,2
Azuci,,695,70.75,103,523,3
Morgana,,894,72.5,103,531,0
Zove,,390,70.88,103,554,7
Lebre,,336,70.5,103,559,20
Imothez,,501,70.56,103,566,10
Deathdemon,,395,70.63,103,571,2
Bullseye,,401,71.56,103,586,14
Minary,,968,70.63,103,596,7
Ateka,,506,70.94,102,378,4
Zilurza,,631,71.75,102,391,6
Fade,,898,72.44,102,406,2
Ovilla,,343,71.19,102,438,18
Buckshot,,487,71.94,102,468,5
Elisa,,668,71.06,102,477,20
Farmer,,893,71.19,102,503,21
Cetek,,459,72,102,529,2
Wheein,,681,72.44,102,530,1
Drake,,547,69.19,102,534,12
Mani,,743,70.94,102,561,6
Brick,,356,72.38,102,569,11
Atun,,381,70.19,102,579,9
Thether,,851,71.88,102,581,4
Mull,,541,70.94,102,590,19
Emibe,,370,71.31,102,594,14
Assassins,,348,70.81,101,320,0
Coke,,602,71.25,101,324,1
Hahahoho,,584,72.69,101,354,2
Torum,,684,71.19,101,401,6
Longmire,,294,72.06,101,451,2
Erutha,,923,71.63,101,462,3
Ehsjs,,285,71.13,101,463,16
Johtho,,858,72.19,101,465,2
Vilesa,,1348,72.88,101,481,1
Hose,,430,73.31,101,514,3
Evibi,,1174,72.94,101,522,1
Edrabid,,543,72.56,101,550,5
Madsloth,,483,70.38,101,565,16
Erkuki,,960,71.94,101,573,1
Bande,,865,71.13,101,574,7
Yurajkeee,Challenger,768,73,100,195,1
Dicam,,602,72.63,100,224,1
Whlao,,904,72.75,100,225,5
Missbang,,907,71.94,100,239,2
Miver,,746,71.44,100,253,1
Coze,,898,71.94,100,267,3
Star,,336,64.63,100,279,9
Tegide,,540,71.25,100,301,4
Achobes,,461,71.81,100,304,1
Vodniz,,276,71.13,100,308,4
Sqnf,,767,71.81,100,311,3
Largo,,574,72.5,100,315,5
Morta,,630,72.5,100,317,0
Robinette,,409,71.69,100,331,10
Ruletka,,878,71.25,100,338,15
Echocee,,1362,73.38,100,338,7
Taco,,835,72.5,100,344,5
Irdadel,,462,71.25,100,344,13
Azan,,1058,71.5,100,345,1
Lurke,,1087,72.69,100,357,8
Jurda,,281,70.5,100,364,7
Ivent,,412,72.44,100,369,7
Flomo,,568,71.81,100,372,4
Lahi,,306,70.56,100,383,1
Jacem,,399,71.25,100,384,2
Kortrigger,,739,71.25,100,384,4
Candis,,304,72.31,100,386,6
Piffpuff,,359,71.13,100,413,7
Igud,,626,73,100,419,6
Terkel,,620,71.75,100,423,0
Dobby,,697,70.88,100,427,7
Tana,,388,71.38,100,430,11
Sleepy,,584,71.06,100,430,1
Dork,,335,72.63,100,446,0
Superkilr,,621,72.38,100,448,0
Nikita,,366,71.63,100,457,0
Happysonu,,852,70.56,100,464,13
Semi,,625,70.81,100,470,2
Lenrile,,387,71.19,100,470,2
Rilathe,,919,72.38,100,477,0
Nulag,,534,70.38,100,485,8
Tuloc,,686,71.44,100,492,3
Edeve,,380,70.56,100,510,4
Trintrava,,373,70.75,100,526,7
Tahir,,316,70.88,100,527,2
Boudica,,585,71.5,100,531,7
Borca,,362,70.94,100,535,4
Hovud,,778,70.94,100,538,5
Denali,,363,70.88,100,542,6
Ruji,,677,70.75,100,549,7
Reve,,379,71.06,100,561,7
Triffnix,,949,71.88,100,571,14
Freestat,,524,71.56,100,587,4
Gashut,,401,70.56,100,596,1
Chinaqeuun,,285,72.25,99,379,2
Ashanis,,439,72.06,99,396,4
Zutos,,444,71.19,99,450,15
Flow,,354,70.88,99,466,5
Redfox,,950,71.56,99,476,2
Megapihar,,572,71.13,99,538,6
Elsa,,602,71.19,99,569,3
Kett,,419,72.94,99,571,3
Nefriz,,364,70.75,99,580,8
Egys,,355,72.94,99,586,9
Dimelayer,,1027,71.19,99,588,3
Easygame,,720,71.19,98,348,4
Sirim,,690,72.56,98,406,9
Chickie,,540,72.44,98,407,2
Keni,,442,70.5,98,407,0
Dobruci,,358,71.25,98,420,2
Alicia,,484,70.56,98,437,4
Drael,,281,72.06,98,442,6
Icisi,,481,70.56,98,444,9
Rargod,,628,71.5,98,453,17
Inerti,,442,71.25,98,501,4
Marius,,399,72.5,98,507,10
Omud,,272,73.25,98,512,1
Ehak,,942,70.88,98,520,5
Sica,,532,70.75,98,528,3
Jojole,,609,70.56,98,531,9
Starson,,338,71.94,98,547,5
Zothos,,610,70.75,98,555,2
Nani,,345,70.31,98,559,3
Sabir,,344,71.5,98,572,20
Speedy,,395,70.75,98,572,7
Arod,,870,70.5,98,575,10
Eventone,,360,71.5,97,272,11
Connige,,247,71.25,97,419,15
Jamdxyz,,1171,70.69,97,423,1
Tova,,436,71.56,97,444,14
Specialb,,291,71.31,97,467,2
Lorcaz,,329,70.69,97,505,7
Swiper,,279,70.81,97,529,5
Cuka,,694,71.56,97,531,1
Mudaha,,461,70.38,97,539,5
Iril,,676,73.06,97,549,2
Lattice,,661,70.13,97,568,9
Ecek,,328,70.38,97,572,2
Gaia,,402,71.69,97,594,0
Ebenus,,549,70.94,96,257,1
Xena,,613,72.25,96,367,3
Avem,,638,71.31,96,450,1
League,,821,71.19,96,487,2
Indoazriel,,329,72.94,96,524,0
Granpakete,,273,70.75,96,533,6
Gisik,,592,71.69,96,535,20
Nanruji,,511,71.13,96,546,9
Gouge,,752,71.81,96,578,3
Imag,,382,70.44,96,585,3
Bonhart,,438,72.5,96,585,1
Korkane,,2017,75.69,95,110,0
Tora,,564,72.63,95,155,0
Zushi,,554,70.75,95,204,3
Smurf,,499,71.63,95,220,8
Izaci,,1216,72.5,95,234,0
Vasha,,241,72.31,95,261,2
Nizotha,,443,71.5,95,294,1
Zuxi,,400,72.81,95,331,4
Boromir,,551,70.94,95,343,2
Keri,,713,70.56,95,370,0
Rujum,,345,70.63,95,371,6
Tika,,576,71.63,95,371,5
Ebimily,,323,71.75,95,374,2
Zeus,,860,70.88,95,380,37
Sevro,,376,71.44,95,400,4
Omoc,,334,71.38,95,410,1
Ziri,,794,70.56,95,422,2
Ahurgok,,313,72.06,95,435,2
Avrefra,,320,70.81,95,453,7
Msihamer,,282,71.13,95,466,0
Dovraja,,534,72,95,469,1
Moonzoo,,850,71.56,95,470,3
Jewclaw,,685,71.06,95,473,0
Lummox,,347,71.88,95,480,16
Zala,,326,70.75,95,485,2
Negubri,,489,70.56,95,525,0
Civotha,,454,70.63,95,545,0
Karmel,,420,71,95,548,1
Teina,,795,71.06,95,562,6
Goni,,370,72.25,95,582,3
Gelega,,356,70.56,95,593,3
Ganja,,643,68,95,598,10
Caji,,694,71.5,94,240,3
Turi,,304,72.75,94,302,2
Orzimem,,915,72.63,94,339,1
Willma,,545,70.69,94,352,6
Lysamae,,833,71.38,94,370,8
Disivi,,357,68.88,94,387,7
Vurdik,,308,69.56,94,406,4
Zonis,,687,71.25,94,414,2
Anit,,684,71.31,94,417,1
Nekorze,,285,71,94,435,3
Dufre,,264,71.06,94,488,1
Kaba,,446,71.69,94,505,6
Cyndear,,626,71.38,94,508,2
Ebod,,476,71.06,94,509,5
Cidati,,380,70.5,94,539,7
Const,,740,70.63,94,553,3
Totiva,Challenger,456,70.06,93,262,0
Zoche,,299,70.63,93,369,6
Tilim,,314,71.13,93,388,2
Vili,,366,71.25,93,392,1
Hohot,,705,71.81,93,401,2
Hodri,,274,70.75,93,405,2
Illelleg,,307,70.63,93,411,6
Edivaz,,944,72.56,93,421,2
Gagrere,,284,72.06,93,447,2
Sucz,,374,71.38,93,459,8
Ebes,,231,70.69,93,476,4
Gotha,,231,70.63,93,486,18
Bazzi,,428,71.13,93,499,3
Rijunna,,702,71,93,499,6
Zdarec,,284,69.75,93,500,4
Icharcok,,629,71.25,93,510,4
Hojoz,,243,71.13,93,514,3
Baje,,614,72.19,93,518,5
Aldebaran,,349,71.06,93,519,1
Lesi,,304,69.63,93,535,4
Zibra,,498,70.75,93,537,4
Kalaca,,421,71.69,93,558,8
Sevrud,,291,71.5,93,562,3
Kivi,,399,70.75,93,567,9
Elek,,543,71,93,569,0
Kami,,500,70.44,93,575,8
Adunuk,,387,70.38,93,585,15
Ovraget,,335,70.44,93,592,3
Mila,,229,71.94,92,385,3
Babed,,255,68.63,92,406,7
Etharke,,225,71.13,92,416,5
Ologin,,511,70.75,92,424,8
Vochi,,363,73.69,92,445,4
Boom,,497,70.44,92,453,7
Sally,,485,72.63,92,465,0
Hedi,,280,69.19,92,472,3
Cuthet,,288,70.94,92,495,0
Luna,,382,71.13,92,499,36
Plop,,395,72.56,92,514,0
Farfalle,,422,71.44,92,528,2
Massakur,,257,71.44,92,537,8
Luci,,524,72,92,552,2
Tohel,,438,70.38,92,560,10
Ironman,,741,71.19,92,565,3
Kidkkidk,,540,70.38,92,566,1
Franio,,425,71.31,92,570,16
Enrorga,,438,69.31,92,570,5
Judith,,382,70.94,92,575,1
Ebuvag,,326,70.69,92,579,1
Osuma,,264,71,92,586,23
Cosot,,363,71.88,91,147,0
Shyex,,411,74.25,91,191,2
Bedi,,604,70.88,91,299,8
Nithog,,335,71.5,91,300,2
Paul,,338,71.88,91,310,3
Mirda,,497,70.31,91,313,7
Irilul,,365,71.25,91,314,13
Xiera,,204,70.19,91,336,2
Izol,,191,70.81,91,340,1
Tisal,,443,71.19,91,371,4
Romez,,207,70.56,91,373,0
Kinrifra,,344,71.06,91,375,1
Erudri,,414,72.5,91,387,0
Vusodi,,545,71.88,91,394,0
Joushin,,629,71.06,91,396,4
Gonriri,,299,70.63,91,427,3
Leviz,,698,70.5,91,436,2
Nicodne,,233,70.25,91,463,4
Tire,,646,70.38,91,465,17
Idisa,,484,71.25,91,483,0
Renne,,321,71.38,91,486,3
Leevaan,,858,71.75,91,498,4
Nubile,,601,70.44,91,510,7
Dogak,,339,70.38,91,571,3
Zaril,,298,72,91,577,1
Corfu,,525,70.06,91,583,8
Baka,,280,70.94,91,593,4
Runer,,845,72.25,90,203,0
Olligas,,299,71.81,90,209,1
Vali,,1124,73,90,213,3
Subrot,,623,71.19,90,249,0
Syagrius,,562,71.38,90,258,6
Enecis,,869,72.5,90,262,2
Sakate,,835,72.19,90,281,2
Gonbe,,388,73.31,90,294,19
Kira,,610,71.5,90,295,0
Speeda,,475,70.63,90,296,2
Boomstick,,737,71.38,90,298,2
Matrona,,793,71.44,90,300,6
Sarafenja,,374,70.44,90,306,12
Izone,,239,70.5,90,306,1
Ecan,,342,69.31,90,312,2
Dota,,246,68.44,90,313,2
Damica,,323,72.81,90,321,1
Zinrathi,,380,71.13,90,322,2
Rahon,,334,71.38,90,324,2
Dolla,,293,71,90,326,3
Xoacxagiao,,466,71.31,90,327,10
Kothi,,367,72.13,90,327,1
Fggggf,,315,70.5,90,333,2
Kasorze,,620,71.38,90,335,5
Jurgos,,244,71,90,341,0
Mule,,510,71.19,90,343,2
Zuset,,228,71.06,90,345,1
Allurka,,541,71.94,90,345,6
Tive,,223,70.13,90,347,9
Event,,714,70.19,90,349,8
Lillith,,322,70.44,90,351,1
Bahig,,430,70.94,90,352,5
Kory,,320,71.06,90,354,0
Etheki,,289,69.81,90,357,1
Renne,,292,69.13,90,360,2
Nukaze,,291,72.13,90,365,2
Edraz,,465,71.88,90,368,2
Tasar,,489,70.38,90,370,4
Abucha,,657,70.5,90,371,1
Ozirzut,,597,71.94,90,377,1
Ggggg,,242,70.56,90,378,21
Knopfi,,578,71.06,90,378,3
Emedna,,241,71.5,90,379,0
Giulia,,211,70,90,382,0
Kuya,,444,70.88,90,383,0
Icon,,221,70.38,90,385,15
Yyyyy,,585,70.69,90,389,8
Toxy,,460,69.81,90,390,2
Techuz,,220,71.19,90,398,0
Aquitela,,765,72.69,90,402,0
Gwidella,,210,70.69,90,404,1
Siswet,,222,71.38,90,405,3
Docis,,337,72.06,90,412,4
Raika,,273,70.69,90,424,2
Kathyyyyy,,358,70.56,90,425,1
Ameli,,175,70.81,90,434,2
Meloze,,280,70.31,90,436,26
Tana,,301,70.5,90,437,9
Sena,,287,71.19,90,441,0
Zenia,,544,70.75,90,442,1
King,,349,70.44,90,442,2
Noname,,800,71.38,90,442,0
Richard,,520,70.56,90,443,3
Tree,,268,71.56,90,443,2
Agak,,383,71.81,90,448,0
Reval,,344,70.88,90,455,4
Sylvia,,217,67.88,90,465,3
Heza,,318,71.31,90,470,2
Ovutha,,294,70.94,90,472,3
Wolfric,,303,71.5,90,479,1
Sniper,,441,72.56,90,479,9
Izan,,263,70.75,90,482,5
Bordi,,355,70.75,90,486,3
Superpus,,349,71.75,90,488,2
Oneshot,,472,70.56,90,501,4
Luna,,295,71.56,90,506,8
Lunar,,503,70.31,90,509,1
Cesa,,680,70,90,511,15
Hamshot,,240,71.19,90,512,4
Season,,315,71.56,90,512,1
Orothus,,241,71.25,90,519,2
Libenyu,,549,71.44,90,520,9
Xenia,,379,70.31,90,521,1
Quick,,303,70.06,90,530,2
Bonk,,258,70.69,90,535,1
Rokeche,,245,70.25,90,540,3
Coche,,494,71.38,90,548,10
Young,,306,70.56,90,556,1
Hickok,,226,71.13,90,557,15
Artemis,,217,70.38,90,571,8
Boma,,757,72.5,90,573,0
Egrol,,280,67.88,90,581,8
Jjufam,,416,71.56,90,585,1
Leonie,,847,71.94,90,585,3
Elza,,365,70.38,90,591,12
Duzan,,245,71.63,89,418,6
Mevre,,339,70.44,89,498,25
Laby,,515,69.38,89,568,6
Vithal,,312,69.94,88,388,1
Cerdesa,,530,72.88,88,397,1
Tufri,,327,71.75,88,398,11
Xexx,,411,70.56,88,437,6
Zodez,,248,71,88,438,24
Isotop,,328,71.63,88,479,4
Atithag,,539,70.56,88,481,3
Kezoz,,298,70.88,88,498,5
Kagedi,,901,73.44,88,507,3
Orkebre,,224,70.5,88,520,13
Zapp,,282,69.25,88,553,6
Bageg,,303,71.38,88,558,2
Sanyaba,,557,71.13,88,563,3
Ziguigui,,423,71.88,88,573,2
Sohot,,298,70.56,88,578,8
Anja,,670,71.19,88,591,7
Ranol,,245,67.31,88,591,2
Narinamin,,380,70.63,87,314,3
Maziti,,285,70.69,87,332,0
Esahe,,213,72.25,87,342,14
Ojovul,,506,71.13,87,408,3
Ordolod,,258,70.81,87,432,2
Shooty,,440,67.81,87,457,10
Jass,,296,71.19,87,495,3
Samoz,,495,69.38,87,502,7
Itoryu,,327,72.19,87,522,2
Kova,,450,70.25,87,532,7
Polo,,311,70.38,87,540,5
Headshot,,571,71.56,87,549,3
Tania,,330,71.94,87,551,2
Tota,,412,71.25,87,566,5
Zippo,,389,70.38,87,573,4
Githot,,195,73.13,87,586,5
Tisik,,328,70.75,86,360,5
Mosa,,460,70.75,86,375,5
Kerza,,476,71.19,86,423,1
Ghost,,368,69.31,86,442,7
Bhrer,,266,70.56,86,463,2
Deimos,,382,70.13,86,465,6
Aaaa,,707,72,86,501,2
Lera,,302,70.69,86,542,1
Jidong,,539,70.63,86,545,2
Olosa,,274,69.19,86,555,4
Yamaha,,317,70.69,86,559,0
Cure,,277,71.38,86,565,1
Jedni,,276,70.56,86,572,1
Abecuk,,376,70.94,86,578,12
Aresa,,308,70.19,86,580,7
Ethuni,,254,71.63,86,582,6
Lora,,414,72.69,85,174,0
Abrit,,627,71.31,85,212,0
Himorze,,172,71.25,85,215,2
Tagi,,390,70.75,85,262,0
Hurane,,590,71.31,85,282,3
Tocoz,,694,70.88,85,285,2
Hoya,,417,70.25,85,303,2
Regrille,,555,70.94,85,306,4
Orudri,,391,71,85,330,0
Mudslave,,353,70.94,85,332,1
Diov,,271,70.38,85,340,4
Sutis,,636,72.69,85,354,7
Hetha,,441,70.63,85,374,11
Icashe,,484,71.5,85,380,0
Arcera,,400,70.25,85,380,5
Nabrenre,,360,71.19,85,381,4
Yassop,,533,71.06,85,415,5
Iderke,,259,70.31,85,426,1
Quixote,,314,71.5,85,439,2
Kosei,,504,70.63,85,470,1
Allsr,,482,70.81,85,485,9
Gorduvi,,586,71.13,85,507,1
Oshuben,,268,68.5,85,525,4
Slayers,,264,70.88,85,527,4
Kuse,,314,70.25,85,532,1
Olive,,279,70.44,85,544,2
Lebal,,211,69.81,85,568,7
Ssss,,561,70.81,85,575,13
Uzuzuz,,180,70.63,84,325,2
Nirka,,518,70.31,84,360,4
Tiri,,270,70.75,84,396,6
Jade,,573,71,84,401,3
Zivuz,,227,67.94,84,419,8
Kohin,,380,70.94,84,453,5
Cavuthi,,219,70.81,84,485,17
Susan,,540,69.56,84,496,4
Sona,,649,70.5,84,531,2
Carda,,327,70.75,84,557,8
Kesel,,314,70.44,84,578,6
Natto,,351,71.25,83,148,3
Vonos,,441,70.63,83,295,3
Kilelle,,447,70.56,83,295,0
Ligadna,,467,70.75,83,391,4
Iman,,245,70.81,83,397,4
Akit,,272,70.44,83,416,8
Ichosim,,339,71.75,83,426,4
Pingvin,,242,65.56,83,449,1
Wickjohn,,632,70.5,83,472,5
Hothe,,588,69.5,83,483,0
Dinas,,656,70.75,83,486,2
Elinad,,365,71.38,83,500,0
Akis,,234,70.13,83,501,1
Hetha,,283,69.13,83,516,7
Obroza,,234,70.5,83,518,9
Zouza,,249,70.75,83,536,0
Moon,,260,70.56,83,539,2
Cccc,,334,70.94,83,542,16
Siouxeyes,,396,69.94,83,546,1
Toots,,187,69.25,83,561,8
Bordate,,460,68.69,83,573,5
Rurgiz,,241,69.31,83,596,1
Scarlett,,240,70.88,82,394,3
Dithiki,,679,71.5,82,411,8
Jushi,,280,70.44,82,430,5
Orodrol,,207,70.56,82,469,5
Goddess,,214,70.69,82,512,4
Zoci,,270,69.44,82,562,2
Ethinet,,180,70.69,82,564,10
Zimi,,343,72.25,82,591,2
Fish,,548,72.38,82,592,2
Arzarges,,611,71.31,81,244,9
Ifreshod,,234,70.81,81,290,1
Natolli,,557,70.56,81,296,5
Riraz,,477,70.75,81,401,5
Schabracke,,372,70.63,81,446,1
Cazani,,206,70.69,81,488,19
Kalekre,,260,70.38,81,535,4
Moxy,,291,70.81,81,545,4
Migrug,,452,72.13,81,555,11
Idan,,408,69.81,81,562,14
Kayzir,,252,71,81,565,3
Haze,,315,70.44,81,567,8
Ilaria,,441,72.06,81,599,1
Immortus,,441,70.75,80,175,0
Clyde,,494,70.94,80,210,0
Vini,,350,70.69,80,224,1
Mirajueve,,748,70.44,80,232,1
Beta,,251,70.81,80,255,3
Loheni,,289,67.75,80,255,2
Ginnol,,213,67.06,80,275,5
Chang,,513,70.69,80,342,1
Yosemite,,277,68.63,80,342,2
Haha,,607,70.56,80,350,5
Lurcigre,,258,70.25,80,351,2
Beshek,,206,72.25,80,352,0
Necrobrood,,179,70.88,80,357,16
Adal,,482,71.25,80,387,1
Zasulla,,313,71.88,80,394,0
Xiezhuzhu,,535,71.13,80,397,3
Orkik,,266,68.63,80,402,12
Devil,,363,70.5,80,405,3
Zaga,,128,72.06,80,411,1
Kormago,,566,71.19,80,418,8
Risak,,479,69.25,80,424,6
Sirurda,,353,70.88,80,426,1
Irdorzi,,198,69.94,80,427,3
Terurka,,238,70.06,80,450,5
Meteor,,465,70.31,80,451,2
Enrurta,,294,70.25,80,460,8
Ecavrot,,267,71.88,80,465,0
Arkigred,,291,70.81,80,484,2
Ajug,,183,69.31,80,513,4
Sugatitts,,481,70.81,80,518,7
Zavrul,,262,71.69,80,524,1
Nuji,,428,69.31,80,525,3
Sosi,,381,70.38,80,526,6
Topgun,,305,68.81,80,526,12
Ekitak,,291,68.38,80,532,6
Vashul,,206,70.31,80,542,5
Faster,,457,70.5,80,542,5
Forenza,,342,70.19,80,553,0
Zayn,,355,70.69,80,565,6
Pipoco,,295,70.75,80,570,2
Speedflow,,212,70.56,80,570,1
Kicikici,,537,70.19,80,575,3
Zifrerke,,233,71.25,80,581,0
Miri,,494,70.63,80,592,5
Baba,,367,69.19,80,592,3
Ellune,,300,68.63,79,267,4
Pareinon,,298,69.25,79,317,2
Asuta,,189,70.13,79,359,2
Arzeti,,513,68.56,79,410,8
Cojuci,,235,71.31,79,412,1
Evalien,,318,67.88,79,417,3
Shot,,311,69.94,79,435,8
Kidi,,203,71.44,79,470,0
Goca,,297,70.06,79,485,0
Adisa,,633,70.88,79,491,2
Nace,,425,70.56,79,517,2
Alyssa,,574,71.94,79,523,0
Ajenuz,,215,70.63,79,531,7
Odrum,,488,72.31,79,583,0
Godkey,,357,70.44,78,324,20
Timer,,218,69.44,78,401,1
Hetokra,,217,70.44,78,439,6
Catsur,,273,67.38,78,442,3
Enokeg,,303,67.88,78,449,1
Hazoki,,270,70.81,78,451,4
Mukul,,185,69.5,78,451,3
Inrem,,343,71.31,78,474,8
Illollok,,232,68.38,78,490,6
Gunnup,,197,71.5,78,492,4
Arzukrem,,513,70.75,78,504,3
Marcinko,,283,66.38,78,512,1
Obega,,371,69.75,78,513,2
Imegeg,,494,71.13,78,533,1
Zirzathi,,275,70.56,78,537,1
Prime,,268,69,78,545,7
Vere,,324,68,78,569,16
Harold,,583,72.25,78,573,0
Nebabi,,290,68.75,78,583,7
Yingying,,658,72.31,77,285,3
Ikirte,,157,71.06,77,378,1
Egove,,250,69.31,77,417,2
Zeshe,,225,69.88,77,469,4
Booba,,447,70.75,77,479,0
Solofendy,,483,68.5,77,480,6
Annie,,476,71.19,77,486,1
Julaoi,,242,70.31,77,530,8
Kuthe,,315,69.38,77,532,1
Omana,,259,67.44,77,532,3
Leregi,,193,70,77,548,10
Bertha,,231,68.94,77,570,7
Mashiba,,173,70.63,77,581,2
Sherlockg,,182,69.56,76,300,3
Zade,,348,70.69,76,300,2
Gangbang,,466,71,76,333,0
Ovanoz,,177,70.31,76,336,5
Hoshe,,313,69.81,76,390,2
Netha,,512,71.44,76,402,4
Higez,,406,69.81,76,502,8
Gije,,450,70.75,76,507,1
Punteria,,328,68.94,76,509,12
Koli,,227,72.38,76,523,0
Hondo,,241,71,76,542,4
Egiz,,219,68.88,76,593,5
Cazare,,282,65.5,76,596,2
Mixaill,,235,70.75,75,196,4
Homecat,,191,61.69,75,218,2
Sharpnel,,308,70.25,75,221,1
Cuthog,,318,70.88,75,222,0
Anqnf,,500,71.75,75,222,1
Galena,,414,67.81,75,232,0
Jacidre,,234,70.13,75,232,0
Vofril,,620,70.5,75,235,0
Methis,,294,68.31,75,236,2
Vysera,,460,70.38,75,239,0
Kanig,,272,69.69,75,243,2
Itordi,,248,70.31,75,285,3
Lanfear,,470,71.44,75,298,1
Osennid,,306,70.69,75,326,2
Jojo,,246,70.06,75,331,1
Ehum,,213,70.5,75,337,2
Onini,,383,70.25,75,343,7
Ardaram,,213,70.25,75,364,0
Msbomber,,224,66.56,75,379,6
Ukulele,,390,70.81,75,380,3
Knutt,,401,71.31,75,393,0
Eldisa,,234,69.44,75,397,0
Jimi,,320,70.25,75,398,1
Dethumi,,195,65,75,403,2
Starsten,,259,70.38,75,419,4
Tufret,,192,70.13,75,421,1
Odula,,356,70.5,75,423,0
Nica,,325,68.31,75,442,2
Eshude,,238,69.81,75,445,6
Anom,,176,68.31,75,454,0
Onrun,,255,70,75,467,9
Karrpuzz,,166,70.5,75,475,20
Eztron,,196,70.75,75,489,6
Gofri,,218,70.13,75,521,0
Ajut,,420,71.25,75,550,16
Jinnodi,,277,70.5,75,553,6
Nuza,,264,69,75,579,4
Zokrudna,,221,70.38,75,589,1
Banghole,,218,71,75,595,9
Uuuubb,,274,70.56,74,269,0
Sulandrin,,237,70.81,74,389,0
Anuse,,195,68.06,74,407,5
Mivre,,532,71.13,74,471,5
Severity,,254,70,74,474,12
Xoxol,,241,68.88,74,517,6
Krondorl,,251,69.06,74,582,4
Orges,,167,69.56,73,278,1
Gunner,,173,66.94,73,301,13
Mebi,,129,70.25,73,303,0
Tempone,,265,71.81,73,327,2
Dirtyberty,,168,69.31,73,331,4
Samathe,,149,70,73,362,6
Dejaz,,194,70.69,73,365,1
Murdavi,,445,70.69,73,393,2
Strelok,,369,70.56,73,406,0
Nebriz,,410,71.69,73,422,3
Efrate,,319,70.25,73,441,3
Lagun,,192,68.5,73,456,6
Irud,,195,70.25,73,475,7
Azoma,,274,70.56,73,490,7
Satel,,220,70.31,73,501,3
Enrok,,302,69.31,73,530,2
Majod,,296,69.69,73,536,1
Dukra,,246,70.81,73,546,1
Hushat,,295,69.81,73,559,3
Athos,,198,69.5,73,565,0
Sylvanas,,397,68.19,73,583,3
Einzward,,193,69.13,73,585,4
Ruthlus,,393,70.38,73,592,5
Nesheg,,199,68.75,72,293,0
Jeremiasz,,454,71.13,72,298,7
Ogurtel,,244,70.75,72,299,0
Abbybob,,332,68.75,72,302,3
Gunhild,,188,71.5,72,314,0
Turata,,290,72.38,72,359,1
Adadnin,,266,66.06,72,369,0
Analyse,,280,69.31,72,397,1
Nijana,,206,70.69,72,398,16
Edreras,,176,70.31,72,409,10
Mybro,,290,67.25,72,433,9
Tuza,,298,71.38,72,441,5
Anerkem,,162,71.44,72,465,1
Cadbane,,468,70.25,72,466,3
Morgunter,,189,70.19,72,474,6
Atus,,653,70.31,72,483,3
Zabri,,185,70.81,72,485,2
Ohishel,,211,67.19,72,488,6
Tasha,,214,71.38,72,495,0
Ajuhat,,257,68.38,72,511,12
Ojaja,,218,70.38,72,527,4
Sonya,,244,68.56,72,543,0
Zoja,,302,67.56,72,592,0
Ozuk,,297,71,71,295,0
Anubis,,222,67.81,71,316,0
Ashunra,,206,64.69,71,326,5
Rana,,222,67.88,71,352,1
Icone,,426,69.88,71,386,5
Rosin,,227,70.38,71,429,4
Voji,,418,71.44,71,454,1
Tevaz,,263,70.38,71,464,6
Fingergun,,248,69.19,71,476,2
Cura,,342,68.56,71,481,4
Avtoverman,,426,70.44,71,483,0
Vorteha,,172,67.63,71,491,4
Fury,,409,69.88,71,506,0
Ozzy,,417,68.94,71,537,1
Ehak,,398,70.44,71,569,0
Sahushi,,257,69.75,70,150,1
Rayna,,170,62.75,70,150,1
Zevs,,308,59.63,70,164,0
Itorig,,412,70.5,70,213,1
Ithak,,685,71.5,70,219,0
Ooovveee,,542,71.06,70,232,0
Orud,,109,69.38,70,242,2
Hariiiy,,156,69.06,70,245,0
Jujusi,,237,70.19,70,248,5
Charlize,,185,70.25,70,264,2
Lese,,251,68.44,70,267,0
Otos,,161,70.31,70,268,0
Triprovip,,394,70.44,70,271,3
Karagun,,346,67.63,70,272,1
Sisi,,166,69.81,70,275,0
Leni,,220,70.69,70,282,0
Tocili,,174,69.06,70,282,15
Geedorah,,219,70.44,70,301,0
Vudi,,182,70.44,70,305,0
Arobad,,358,72.13,70,319,0
Pertak,,183,70.63,70,329,2
Hitman,,229,67.94,70,333,3
Ollo,,219,71,70,337,5
Bandit,,224,68.5,70,340,0
Vacir,,171,68.69,70,348,7
Odudred,,193,69.38,70,352,0
Moha,,197,70,70,358,0
Mizuzi,,169,70,70,366,1
Secret,,357,68.06,70,366,1
Zesak,,286,70.75,70,379,1
Erganek,,205,69.31,70,390,0
Oteg,,210,70.38,70,394,4
Sishun,,159,71.06,70,397,2
Zotuz,,181,68.81,70,400,0
Edes,,236,68.63,70,408,0
Korhaha,,153,68.06,70,413,0
Twoshot,,301,70.5,70,416,0
Ishurka,,210,70.94,70,416,2
Kingmax,,313,65.19,70,421,7
Icicha,,266,70.13,70,425,0
Alurdom,,219,69.19,70,426,1
Cyanna,,180,68.75,70,444,6
Jekregi,,552,69.81,70,457,1
Hranga,,191,70,70,461,0
Hazrog,,358,70.31,70,466,0
Skif,,268,68.69,70,474,9
Zosune,,305,70.19,70,476,0
Lyly,,197,69.31,70,503,9
Kahal,,108,70.44,70,506,17
Ginraji,,191,67.25,70,512,49
Vovi,,349,69.75,70,512,9
Adumis,,202,70.38,70,523,2
Inrut,,154,67.63,70,542,1
Andy,,258,67.44,70,543,1
Juton,,205,70.81,70,548,1
Buka,,291,69.69,70,551,6
Ethera,,314,67.13,70,565,0
Malixtro,,221,69.06,70,573,1
Kerno,,364,68.69,70,592,9
Bidna,,208,69.19,70,597,5
Korati,,154,67.56,69,278,4
Ekeg,,162,68.88,69,383,15
Nesvy,,164,68,69,397,3
Nico,,259,70.38,69,431,3
Nabus,,184,65.94,69,439,2
Hizod,,114,66.19,69,455,0
Fiona,,222,67.94,69,479,21
Obrethid,,212,68.88,69,486,3
Roliha,,159,70.19,69,521,9
Ibucol,,297,60.81,69,558,12
Jacinta,,192,69.31,69,567,2
Lazaro,,200,70.38,69,569,3
Tempest,,171,67.19,69,577,7
Dufrud,,179,68.88,69,581,7
Thirdy,,201,66.63,69,584,3
Emma,,159,65.13,68,293,3
Flaps,,354,70.19,68,355,6
Vanni,,313,70.53,68,379,1
Biba,,161,67.63,68,384,3
Raga,,160,70,68,386,1
Irarit,,265,70.44,68,410,0
Sparrow,,380,66.81,68,420,0
Sonaba,,206,71,68,423,22
Brudda,,252,70.38,68,428,2
Mila,,271,68.5,68,434,2
Sexwife,,150,68,68,446,1
Cojek,,267,69.25,68,460,6
Kaga,,428,70.75,68,465,1
Kaltrak,,246,70.44,68,479,2
Ruarduk,,386,70.56,68,483,3
Tache,,162,69.31,68,484,1
Mikrog,,156,69.25,68,492,6
Ebum,,221,65.63,68,493,2
Liit,,237,65.38,68,502,2
Dude,,170,71.75,68,508,11
Sishe,,503,70.69,68,511,9
Rinra,,335,69.63,68,514,2
Zugrethi,,253,69.5,68,516,12
Ohes,,296,67.25,68,523,2
Roshak,,218,68.25,68,528,0
Vendetta,,240,70.25,68,533,5
Buthi,,214,70.5,68,535,0
Ehuk,,172,65.88,68,541,4
Otum,,177,68.63,68,554,5
Kuva,,189,67.06,68,556,1
Kazgorarh,,277,70,68,557,2
Lana,,325,69.81,68,561,2
Hans,,205,66.5,68,568,4
Soves,,206,69.75,68,569,1
Katha,,228,67.25,68,590,20
Schprout,,212,69.94,67,164,1
Sala,,143,70,67,250,1
Hoze,,214,70.56,67,285,0
Bomi,,190,67.5,67,328,1
Omijos,,218,70.5,67,369,3
Kurga,,210,64.88,67,370,0
Zellie,,125,67.06,67,386,3
Isages,,217,68.13,67,393,0
Scmc,,188,69.81,67,401,2
Zamalus,,220,66.25,67,408,4
Clovel,,203,62.06,67,414,2
Sage,,207,69.63,67,423,0
Gothrich,,159,68.19,67,444,13
Dumuce,,263,68.69,67,444,5
Javrulle,,240,68.19,67,452,3
Eysusu,,482,69.5,67,459,7
Legun,,163,66,67,467,5
Basa,,192,64.25,67,470,8
Prest,,184,69.69,67,500,4
Velle,,297,69.38,67,504,0
Dennisk,,151,67.06,67,508,8
Zonn,,323,70.81,67,510,8
Anibbala,,457,69.81,67,512,12
Jesper,,340,65.56,67,517,0
Mashu,,477,70.88,67,530,5
Nirvana,,179,67.13,67,530,4
Kuseti,,170,70.75,67,537,0
Brawler,,251,70.56,67,542,10
Huntress,,425,70.81,67,545,9
Cajud,,143,65.81,67,586,3
Ibuvri,,260,69.81,66,244,3
Music,,221,70.88,66,314,12
Odinan,,205,68.81,66,363,7
Eborcek,,118,70.44,66,364,0
Misha,,156,68.88,66,371,4
Ageda,,137,61.5,66,380,6
Rushet,,156,69.44,66,386,6
Nevra,,132,68.06,66,396,1
Maje,,140,70.38,66,403,9
Chloe,,203,67.19,66,413,2
Olaola,,147,68.38,66,415,1
Asura,,187,69.56,66,430,1
Akrerca,,206,69.63,66,435,4
Zula,,168,66.56,66,437,5
Test,,229,68,66,442,2
Rebe,,279,67.56,66,444,2
Jackall,,302,66.06,66,458,3
Ebel,,245,68.88,66,459,8
Voci,,199,68.19,66,461,4
Ania,,186,69.88,66,462,17
Ajerin,,142,66.63,66,469,19
Conna,,198,67.88,66,474,2
Doki,,150,64.88,66,480,2
Casanova,,175,67.75,66,481,9
Nave,,292,69,66,483,2
Hombreweed,,183,67.81,66,491,1
Inraca,,212,70.19,66,492,3
Buthahi,,165,69.06,66,493,0
Hacok,,231,69.38,66,505,2
Shazfour,,264,70.88,66,512,3
Jjijji,,211,67.56,66,515,2
Darkord,,177,69,66,530,2
Death,,191,70.56,66,588,0
Ithisit,,477,66,66,590,8
Inckidzzz,,200,64,66,597,7
Jlazy,,383,63.38,65,126,2
Korlion,,95,67.13,65,128,0
Tevut,,171,67.38,65,167,0
Korshine,,344,71.31,65,212,8
Hisugra,,223,69.44,65,221,2
Ikunra,,147,68.63,65,229,0
Vashunna,,82,67.13,65,238,2
Citikri,,240,69.94,65,249,1
Mala,,159,70.5,65,252,7
Pamungkas,,131,70.44,65,255,0
Theressa,,157,70.44,65,256,0
Evin,,114,66.88,65,262,4
Kethez,,177,69.13,65,266,0
Myshupa,,155,67.38,65,270,0
Ennedri,,192,66.94,65,272,2
Viala,,317,68.19,65,282,2
Humaz,,283,66.94,65,286,5
Majug,,163,66.25,65,304,1
Jokel,,201,69.25,65,309,0
Freya,,154,68.81,65,313,0
Joremi,,236,65.94,65,320,1
Lajat,,125,70.25,65,331,0
Orkache,,302,70.31,65,333,2
Cuba,,395,70.69,65,335,0
Kelra,,194,70.31,65,337,1
Tuka,,270,67.19,65,337,8
Irdat,,290,70.06,65,353,0
Sugam,,336,69.88,65,353,10
Aroka,,109,67.25,65,358,7
Ikire,,482,70,65,358,0
Ejisi,,205,70.75,65,361,7
Zorior,,406,70.19,65,364,1
Zotuna,,261,68.63,65,365,1
Joni,,281,68.5,65,365,0
Keithxm,,228,70.5,65,382,5
Lykan,,252,70.31,65,390,5
Ethelfled,,328,68.63,65,391,0
Rezi,,162,67.06,65,392,2
Zacuz,,321,70.69,65,400,0
Ihegaz,,170,69.44,65,401,5
Idez,,351,68.69,65,401,0
Juma,,185,69.38,65,402,0
Tirgat,,207,68.19,65,407,0
Voki,,148,67.69,65,409,2
Zola,,123,61.88,65,411,8
Olishas,,120,65.63,65,411,1
Isagi,,169,70.5,65,421,0
Gemos,,117,63.94,65,426,2
Hoca,,189,63.69,65,428,2
Ytyriel,,170,65.69,65,428,0
Giteg,,142,69.69,65,433,0
Zisece,,160,68.88,65,433,1
Legend,,227,68,65,433,3
Agothi,,263,69.44,65,433,0
Amebri,,248,69.13,65,435,17
Shakira,,185,64.81,65,438,0
Vanna,,200,69.88,65,443,0
Mabron,,167,68.13,65,454,0
Osuvoks,,205,68.25,65,481,0
Sean,,190,69.63,65,487,4
Tavoke,,174,69.56,65,489,0
Ergiz,,441,70.69,65,490,0
Kaze,,169,65.81,65,499,1
Nana,,149,68.5,65,506,11
Nuya,,319,67.56,65,515,4
Shri,,211,66.5,65,522,0
Toraje,,187,69.31,65,523,2
Anniehall,,216,68.88,65,523,2
Okiz,,178,66.56,65,527,8
Enazit,,148,67.75,65,530,2
Erkog,,202,68.69,65,547,0
Puiiikuh,,176,66.31,65,561,7
Duni,,180,67.31,65,562,6
Itaz,,197,68.31,65,568,0
Floppys,,283,68.19,65,577,8
Boby,,168,69.88,65,577,1
Cindy,,283,67.25,65,590,0
Legolas,,198,63.56,65,592,0
Pewpew,,128,70.19,64,241,4
Vnlegacy,,205,68.31,64,269,4
Lole,,120,65.19,64,272,4
Derkag,,216,70.06,64,299,5
Derward,,164,70.31,64,305,2
Tuhad,,234,68.13,64,324,10
Onebi,,162,64.63,64,342,1
Goldie,,295,71.06,64,368,0
Kunuji,,151,67.19,64,370,8
Whiterab,,270,68.88,64,391,1
Cumul,,136,69,64,392,6
Banrak,,187,69.63,64,397,2
Cimam,,161,70.31,64,428,5
Hidag,,226,67.94,64,431,3
Arurgiz,,132,70.06,64,432,6
Ikratus,,151,67.38,64,481,3
Jesus,,203,70.19,64,498,1
Brutalstee,,186,70.81,64,531,1
Nochit,,191,64.56,64,547,6
Zuvute,,288,70.31,64,571,5
Nbsix,,351,71.19,64,588,6
Ozese,,173,64.88,64,598,7
Mocive,,188,64.56,63,163,0
Osiris,,227,71,63,315,0
Jlee,,250,70.75,63,322,1
Okum,,159,70,63,323,4
Akredna,,187,69.19,63,323,5
Emesos,,195,70.56,63,332,1
Tene,,140,66.25,63,335,3
Ehigi,,122,64.94,63,347,1
Etillen,,202,68.81,63,349,0
Ruisehut,,340,70.5,63,363,0
Aris,,196,63.38,63,369,1
Madi,,290,70.69,63,374,0
Dukenukem,,140,67.44,63,381,0
Dante,,304,70.31,63,384,4
Sakribool,,180,68.94,63,384,0
Nollege,,251,63.13,63,384,2
Mihat,,194,69.75,63,392,0
Dude,,172,72,63,400,3
Cordaha,,210,69.81,63,403,3
Echivug,,291,68.75,63,425,1
Bratik,,136,64.94,63,426,2
Hortuki,,169,66.63,63,433,0
Bella,,237,68.38,63,434,2
Ajoce,,305,70.38,63,459,0
Eveno,,199,62,63,463,4
Erderte,,248,70.13,63,483,2
Atagaz,,254,67.94,63,489,6
Grey,,218,70.31,63,497,0
Gorot,,151,65.81,63,504,1
Simi,,241,65.69,63,507,2
Fantociy,,168,69.31,63,507,0
Venas,,179,64.44,63,520,0
Talon,,180,67.38,63,526,0
Jaimishra,,233,69.38,63,533,1
Beefie,,301,69.25,63,535,4
Rogrim,,161,68.5,63,541,0
Dichi,,169,67.88,63,541,3
Cetule,,213,68.94,63,543,1
Sabre,,352,66.31,63,560,3
Jarguz,,132,61.81,63,563,2
Getok,,289,70.13,63,563,2
Event,,255,70.81,63,578,6
Juli,,235,70.81,63,580,2
Etenneg,,70,67.38,62,253,2
Irdila,,90,69.63,62,285,0
Laxus,,124,64.94,62,302,6
Ezica,,149,65.81,62,307,0
Kadara,,178,62.5,62,313,1
Sweetmercy,,137,69.5,62,326,1
Ivane,,114,68.31,62,340,2
Ortele,,228,64.88,62,353,3
Ehemi,,203,65.94,62,355,0
Baagh,,176,69.13,62,384,4
Kizum,,159,66.63,62,401,0
Kushi,,381,69.44,62,410,4
Lllll,,111,63.13,62,414,4
Doubletab,,175,67.56,62,419,2
Cuthid,,199,67.44,62,422,3
Arkeha,,169,64.44,62,422,3
Hoshi,,167,67.5,62,433,3
Kerta,,177,70.75,62,436,0
Ronnebonne,,252,67.44,62,454,1
Koma,,216,70.06,62,464,10
Gnome,,172,70.13,62,473,2
Latero,,186,68.38,62,477,1
Oses,,165,63.69,62,479,0
Tanes,,213,68.88,62,482,3
Ejuk,,144,65.94,62,486,0
Ikaniz,,146,68.81,62,487,4
Terga,,450,70.5,62,487,5
Sisha,,169,65.69,62,507,4
Ahin,,267,69.19,62,509,7
Soce,,284,71.25,62,515,8
Tega,,230,63.25,62,532,0
Spina,,441,70.13,62,548,5
Inimici,,252,71.69,62,558,1
Dabra,,204,70.13,62,569,0
Dobos,,231,66.81,62,578,0
Crcr,,113,67.5,62,583,12
Haha,,219,66.56,61,249,2
Durguge,,81,68.56,61,267,0
Lirgid,,300,70.94,61,306,7
Dodok,,216,69.06,61,317,0
Soshi,,146,68.5,61,334,0
Okog,,150,65.63,61,355,6
Ibrukoz,,136,62.56,61,360,0
Cadie,,181,61.13,61,363,3
Lalaland,,137,68.56,61,368,11
Konkster,,118,68.69,61,376,1
Ocenni,,140,68.31,61,390,2
Ivesi,,106,66.81,61,415,5
Zedi,,221,63.56,61,424,4
Sehali,,160,69.25,61,431,0
Balu,,297,63.88,61,450,8
Obrizuk,,170,59.69,61,458,9
Xcalibur,,193,67.94,61,460,1
Herobounty,,222,70.69,61,463,2
Cenne,,200,65.94,61,493,1
Janniva,,193,66.88,61,519,0
Hitale,,396,71.44,61,536,3
Elsa,,107,65.88,61,551,12
Idat,,180,70.44,61,559,5
Girzuz,,150,70.63,61,567,1
Kishille,,176,68.63,61,585,1
Rolanda,,202,69.44,61,599,2
Serina,,788,72.13,60,86,0
Dozoz,,248,63.63,60,104,0
Akon,,409,72,60,163,3
Ijuvris,,219,69.94,60,164,0
Edinna,,483,70.63,60,180,0
Idnomom,,157,70,60,186,0
Yorman,,322,69.94,60,215,1
Caloran,,372,70.5,60,217,0
Vilonre,,453,67.5,60,218,0
Izarca,,119,69.81,60,220,0
Margabi,,143,65.5,60,228,0
Pichacka,,378,60.63,60,233,0
Amaz,,190,62.63,60,247,3
Azela,,342,68.44,60,248,1
Adamel,,369,69.5,60,249,1
Berzeha,,178,67.69,60,254,0
Tellet,,174,66.5,60,256,1
Iturkuk,,196,67.44,60,257,0
Latim,,206,67.19,60,267,1
Ollezok,,254,70.06,60,277,5
Sinner,,148,68.31,60,281,1
Idorog,,257,66.63,60,291,5
Cuhin,,147,69.94,60,294,0
Anrog,,210,70.25,60,300,0
Flellexemf,,182,66.33,60,300,4
Ivoshi,,132,65.88,60,303,0
Dakemi,,171,70.44,60,317,0
Sidevag,,257,70.38,60,320,0
Emimi,,228,69.25,60,321,0
Adletta,,310,69.88,60,332,2
Ebugrim,,298,70.38,60,338,0
Jane,,84,65.63,60,342,0
Bklm,,146,64.19,60,343,0
Irorka,,139,68.56,60,349,3
Kodna,,89,63.31,60,350,1
Meboz,,198,70.31,60,350,3
Lircag,,202,69.88,60,361,3
Onyou,,235,67.75,60,362,1
Nusogre,,97,64.63,60,365,2
Huntress,,202,63.25,60,368,0
Osashi,,202,68.38,60,369,0
Kambo,,123,65.44,60,372,0
Leeloo,,150,66.06,60,376,0
Amikri,,152,67.31,60,387,0
Loca,,168,69.63,60,388,0
Trfetih,,156,64.38,60,390,0
Draco,,203,70.88,60,395,0
Jine,,232,68,60,398,0
Ekages,,181,66.75,60,408,0
Cilati,,146,64.31,60,410,0
Orcannak,,94,66.88,60,412,4
Jadi,,141,65.06,60,422,0
Tovra,,119,68.75,60,423,0
Snskareshi,,119,68,60,423,3
Hatha,,202,69.81,60,427,0
Enez,,135,67.94,60,433,3
Ariel,,237,70,60,442,0
Vanhalsin,,190,70.81,60,446,5
Songbd,,234,65.63,60,451,0
Newhero,,126,67.44,60,456,0
Duvre,,98,61.75,60,462,1
Orgurkas,,163,67.56,60,479,0
Zavre,,156,67.44,60,482,0
Selemenae,,135,67.25,60,491,1
Itun,,197,66.44,60,494,1
Bemunne,,198,68.38,60,501,1
Amalia,,158,64.38,60,506,0
Thaine,,264,70.44,60,512,6
Kuzekra,,224,67.63,60,512,0
Atham,,219,63.69,60,519,0
Aromi,,182,69.69,60,522,18
Bomi,,114,68.94,60,528,0
Javaho,,214,67.44,60,538,0
Vukeg,,328,71.06,60,546,4
Event,,123,68,60,563,7
Hurtid,,292,68.13,60,564,4
Egasol,,366,70.5,60,569,2
Suzen,,262,68.38,60,576,0
Wolna,,113,64.25,60,594,3
Eden,,123,65.56,59,252,2
Amug,,157,58.38,59,286,5
Omerta,,345,70.38,59,312,1
Skyjini,,110,62.25,59,336,4
Mobeans,,156,69.5,59,347,2
Joloca,,174,68.69,59,367,4
Robinhood,,150,69,59,374,1
Kuya,,301,70.38,59,378,7
Horcenne,,194,70.81,59,386,4
Zetam,,189,65.19,59,387,3
Migidi,,156,60.94,59,404,3
Lordcesar,,257,69.31,59,417,0
Korea,,175,67.06,59,424,5
Cearylll,,94,70.31,59,441,9
Bokrus,,104,63.88,59,443,6
Event,,238,67,59,471,2
Vavilon,,266,68.31,59,477,5
Bogri,,132,66.19,59,482,10
Xxxx,,170,68.69,59,517,2
Molten,,379,70.25,59,564,0
Dovra,,106,67.63,59,578,7
Lamiq,,186,70.88,59,596,2
Gertrude,,113,67.13,58,176,0
Acam,,123,69.44,58,242,8
Odurud,,122,69.63,58,245,2
Dogothi,,182,63.56,58,305,1
Clipz,,203,70.13,58,308,0
Bigmom,,98,68,58,310,1
Neji,,85,66,58,329,0
Ryktor,,122,60,58,365,1
Cruella,,223,68.69,58,378,4
Ivothet,,156,66.88,58,389,0
Erox,,268,69.06,58,395,2
Ekig,,166,66.75,58,396,1
Edumas,,134,64.69,58,398,1
Leheji,,169,67.88,58,405,0
Kefres,,156,68.94,58,433,0
Gunslinger,,108,70.25,58,440,7
Yiyi,,156,64.44,58,447,3
Begri,,124,66.94,58,463,2
Noodie,,199,69.56,58,473,2
Rivi,,108,60.81,58,497,1
Skiri,,220,66.06,58,506,2
Baozi,,421,69.88,58,510,1
Lisovq,,322,69.94,58,515,1
Vole,,196,63.56,58,518,1
Itil,,141,63.75,58,554,0
Cahid,,147,66.63,58,561,5
Hoki,,164,69.56,58,591,10
Tevahi,,130,65.5,58,595,2
Cheau,,122,68.19,58,598,0
Vovrik,,96,67.5,57,267,2
Kumeke,,126,70.25,57,284,7
Idim,,97,66.75,57,297,4
Kura,,176,68.44,57,301,1
Torug,,150,67.44,57,308,0
Duvon,,132,68.38,57,316,4
Lunnale,,162,63.69,57,336,2
Sauko,,97,64.94,57,343,1
Vetas,,341,70.38,57,347,2
Matrona,,108,65.69,57,359,3
Zula,,147,69.75,57,366,1
Noce,,98,60.69,57,366,2
Rianne,,186,66.06,57,373,0
Oraca,,161,68.56,57,376,1
Safarics,,131,66.94,57,378,2
Lagovre,,183,66.25,57,381,0
Tortuga,,142,67.06,57,389,1
Tetaje,,181,66,57,395,0
Hhhhh,,75,61.94,57,410,0
Suchi,,132,57.44,57,412,1
Ecud,,188,65.75,57,416,5
Zesomi,,244,68.69,57,424,4
Xlcb,,159,67.69,57,425,4
Tuse,,270,70.19,57,432,0
Ekroma,,181,68.75,57,454,3
Adrun,,143,68.44,57,461,3
Drogo,,247,66.31,57,467,0
Diocan,,140,66.56,57,480,2
Edrabrel,,189,69.5,57,491,3
Emim,,164,65.81,57,566,13
Ariysa,,118,68.06,57,574,7
Frarf,,127,58.81,57,578,1
Anrase,,167,68,57,580,0
Aham,,389,68.38,56,252,1
Mirod,,237,69.63,56,269,2
Geren,,218,61.75,56,295,0
Hjssjh,,81,66.25,56,341,1
Tehek,,109,67.19,56,343,1
Sika,,157,70,56,377,1
Belinda,,169,68.94,56,404,7
Modrina,,122,68.13,56,437,0
Hiro,,153,68.88,56,450,4
Hihuri,,131,66.69,56,466,2
Kethi,,243,67.38,56,471,4
Radus,,225,69.13,56,481,2
Kidni,,124,64.69,56,483,1
Vubudni,,239,70.56,56,493,2
Irkiza,,105,62.69,56,500,2
Cege,,299,67.31,56,539,1
Githun,,157,69.44,56,542,1
Doci,,198,69.5,56,551,23
Zohivre,,334,70.69,55,127,0
Ecum,,213,66.63,55,146,0
Onrazi,,151,70.13,55,151,1
Tava,,106,71.13,55,159,0
Virzel,,84,67.31,55,201,0
Amos,,89,68.88,55,205,0
Bojole,,123,66.44,55,212,0
Tasha,,284,66.19,55,215,0
Lereve,,274,65,55,216,0
Quad,,170,67.06,55,233,0
Iroz,,155,61.06,55,237,0
Daze,,92,67.94,55,237,1
Nageune,,83,69.81,55,239,1
Sotasota,,118,68.19,55,243,0
Jehol,,237,69.13,55,244,6
Oainai,,205,70.81,55,245,2
Kazi,,93,64.19,55,247,7
Asuk,,118,68.13,55,260,0
Zaji,,120,69.25,55,269,0
Covoge,,240,63.31,55,285,0
Verkag,,165,68.38,55,287,1
Cara,,239,59.81,55,296,2
Ennaze,,205,68.56,55,297,7
Teshi,,162,66.38,55,299,0
Rufra,,163,61.19,55,308,0
Mazikeen,,140,60.5,55,310,0
Zofri,,233,70.31,55,313,0
Zute,,106,69.31,55,313,1
Bontu,,91,64.06,55,321,0
Zadvornyi,,123,63.56,55,323,0
Korman,,183,68.06,55,329,0
Greencage,,111,66.06,55,332,0
Made,,92,68.44,55,335,2
Tobus,,123,67,55,335,0
Erem,,212,69.44,55,342,0
Akrom,,164,66.88,55,344,0
Bodri,,299,69.44,55,357,0
Leji,,233,68.81,55,366,1
Didi,,82,64.25,55,368,3
Tefrithi,,155,65.56,55,370,0
Lecha,,306,69.75,55,370,6
Cindane,,91,64.5,55,372,1
Sinistro,,228,66.56,55,375,0
Zithehe,,111,67.94,55,376,1
Athashom,,119,64.56,55,376,0
Sage,,143,69.06,55,387,0
Wayne,,291,66.13,55,389,0
Ivrum,,215,70.5,55,394,0
Lucifer,,134,67.25,55,395,2
Gorn,,122,65.44,55,399,0
Iviz,,130,58.44,55,403,0
Tirges,,86,57.56,55,405,3
Gudrobin,,137,58.19,55,407,2
Zusek,,121,67,55,408,0
Gosathe,,342,70.63,55,410,0
Herne,,138,70.19,55,429,0
Alois,,108,58.44,55,434,0
Murcat,,99,61.56,55,449,1
Corvus,,235,64.69,55,450,0
Abagom,,112,64.13,55,470,0
Murathi,,169,66,55,474,0
Esahos,,147,69.81,55,480,3
Kucing,,157,68.19,55,482,0
Jayjay,,153,66.69,55,511,1
Simplevii,,133,65.81,54,232,1
Bravo,,193,54.44,54,243,4
Gisela,,137,64.06,54,258,1
Avesam,,120,70,54,259,1
Mdkdikrkek,,121,67,54,274,1
Inadnil,,200,67.06,54,281,0
Nickgod,,90,63,54,283,4
Inak,,147,67.63,54,291,0
Erithe,,177,65.25,54,296,1
Blackwidow,,179,67.56,54,297,2
Evica,,169,70.38,54,318,3
Ejid,,92,65.63,54,331,4
Leon,,248,65.31,54,346,2
Idabe,,174,66.69,54,351,3
Shiyun,,174,66.44,54,358,0
Virca,,124,69.13,54,358,1
Ethot,,150,66.19,54,381,2
Doog,,86,62.19,54,383,7
Milim,,99,67.81,54,388,9
Sabek,,149,66.69,54,391,1
Minimi,,116,64.94,54,392,13
Sini,,90,62.38,54,401,7
Medozi,,120,66.94,54,411,1
Edet,,220,68.44,54,416,1
Meledira,,111,63.88,54,426,1
Kenshiro,,88,63,54,457,0
Zobilous,,117,62.81,54,467,0
Medrod,,93,65.25,54,493,4
Elurga,,223,66.69,54,537,4
Lazache,,91,63.31,54,556,8
Nekodancer,,119,66.81,54,581,5
Gggg,,330,70.19,54,593,9
Rupy,,140,66.88,53,190,0
Kevug,,52,61.06,53,233,2
Rumor,,226,62.75,53,243,0
Jorebi,,130,68.13,53,245,0
Chunky,,118,67.69,53,268,1
Goli,,127,66.88,53,310,0
Etol,,101,63.5,53,318,3
Berdi,,115,66.63,53,324,1
Cedna,,90,62.63,53,335,0
Temp,,157,64.13,53,350,0
Idninut,,142,57.69,53,368,0
Godic,,220,66.94,53,378,0
Jachet,,248,70.25,53,379,1
Nick,,261,69.06,53,382,0
Happy,,326,66.13,53,388,0
Favn,,175,62.06,53,396,0
Cukutha,,81,66.5,53,397,1
Dira,,161,62.44,53,405,0
Hina,,150,65.38,53,426,0
Hezemi,,113,65.38,53,437,4
Shade,,250,69.81,53,442,1
Jifre,,144,68.31,53,447,3
Black,,164,67.63,53,448,2
Dizit,,148,58.63,53,452,1
Fenaine,,126,69.31,53,466,0
Tripwire,,112,64,53,472,0
Beva,,156,65.44,53,502,0
Kiki,,159,70.19,53,519,1
Mirguz,,116,58.56,53,545,0
Elleve,,114,67.31,53,556,11
Ezice,,124,67.13,53,563,3
Case,,183,61.75,53,591,3
Idrel,,129,59.38,53,591,2
Adrek,,322,68.19,52,220,2
Athekra,,83,67.25,52,223,1
Palas,,263,63.25,52,235,2
Rink,,207,66.94,52,258,0
Zegen,,79,66.06,52,271,1
Bente,,130,63.5,52,278,0
Sazomi,,124,69.63,52,284,0
Donavre,,110,62.75,52,302,0
Pekka,,90,68.75,52,306,0
Kuzi,,184,68.25,52,310,0
Sargete,,319,65.56,52,312,0
Echo,,138,64.69,52,312,0
Krelhar,,163,70.31,52,322,2
Illore,,139,62.5,52,324,1
Josh,,96,64.38,52,327,1
Mudna,,63,64.69,52,335,1
Cese,,294,70.63,52,342,0
Zuveda,,89,67.81,52,352,0
Logan,,98,61.69,52,357,3
Ptich,,125,68.56,52,360,0
Anraji,,112,60.81,52,366,16
Leadlinda,,246,64.5,52,367,2
Cisis,,129,65.88,52,372,3
Naruto,,209,69.69,52,374,0
Okoce,,82,66.25,52,375,1
Avag,,173,63.94,52,379,0
Metebronca,,327,70.56,52,382,12
Deadshot,,165,70.13,52,389,1
Vacor,,144,64.75,52,407,4
Hiseta,,253,65.13,52,412,2
Nujagi,,149,64.94,52,432,1
Sabal,,143,63,52,432,5
Mathias,,207,69.13,52,437,1
Wolf,,165,67.38,52,440,4
Rohil,,133,66.94,52,442,2
Silverain,,133,64,52,442,1
Ehave,,182,68.88,52,457,1
Borka,,129,66.19,52,466,5
Carzara,,158,64.19,52,481,10
Obelix,,152,65.56,52,504,19
Tenna,,101,67.31,52,533,2
Mrcha,,162,69.94,52,548,3
Zeris,,152,64.69,52,550,7
Katyfar,,143,61.88,52,554,2
Jedat,,119,62.69,52,583,1
Villem,,118,65,51,169,0
Ejukra,,94,65.25,51,212,0
Bakal,,108,68.13,51,222,1
Amuvom,,151,66.25,51,234,0
Sasa,,129,69.63,51,238,0
Sterva,,172,62.75,51,249,1
Lucius,,140,62.88,51,262,2
Vava,,129,66.56,51,268,1
Anna,,79,63.88,51,270,0
Phoenixe,,175,65.94,51,270,0
Idnik,,60,60.44,51,272,2
Come,,80,62.81,51,284,1
Deidre,,88,65.75,51,289,2
Athane,,153,65.94,51,293,2
Goblok,,49,60.5,51,293,0
Ededom,,237,69.38,51,294,2
Ogridul,,217,65.94,51,300,1
Massacre,,72,65.38,51,302,0
Julla,,121,61.69,51,308,1
Acsorgem,,87,65.19,51,310,0
Nelz,,117,67.31,51,314,1
Hika,,147,65.5,51,327,2
Rihuka,,128,66.63,51,330,2
Korea,,218,70.38,51,332,6
Bolurka,,311,70.31,51,342,0
Rami,,119,67.13,51,348,0
Joka,,97,65.69,51,352,0
Kizevre,,68,59.94,51,365,5
Anibi,,99,65.19,51,372,0
Oook,,52,58.5,51,382,0
Fillijonk,,89,70.13,51,404,3
Fritz,,84,60.81,51,414,1
Zoey,,109,70.75,51,414,1
Miniboss,,136,64.69,51,429,0
Jasiek,,152,65.5,51,429,0
Teseha,,123,67.5,51,434,0
Jata,,179,69.38,51,436,4
Shallot,,124,64,51,443,1
Aleji,,184,67.19,51,448,3
Euylaj,,185,63.75,51,462,1
Demjn,,119,67.44,51,464,2
Phantom,,159,62.06,51,498,4
Zeje,,139,59.56,51,563,3
Cade,,192,69.81,50,120,0
Kaizei,,52,65.06,50,174,0
Rarzas,,142,70.31,50,179,2
Ididret,,109,67.94,50,180,0
Cehe,,194,67.63,50,191,0
Gera,,55,64.38,50,193,0
Rasputin,,191,70,50,197,3
Duke,,259,70.63,50,200,0
Mome,,209,70.25,50,202,0
Zzzz,,219,65.25,50,205,0
Bozevre,,142,68,50,209,0
Kasa,,191,69.88,50,213,0
Jemek,,100,64.44,50,214,0
Ahiren,,81,68.94,50,220,0
Artiva,,39,66.38,50,225,1
Proskope,,160,64.5,50,227,0
Pistolina,,423,71.44,50,228,0
Juthathe,,93,59.5,50,231,0
Enrima,,174,69.69,50,234,1
Mergosha,,71,63.69,50,239,0
Nisa,,79,64.88,50,240,2
Losehe,,63,64.13,50,242,6
Hukanni,,153,63.31,50,250,0
Obat,,66,62.56,50,251,0
Garzesa,,394,70.44,50,254,0
Noss,,55,62.5,50,255,3
Test,,59,64.19,50,257,0
Izejul,,141,59,50,259,1
Atidit,,443,70.56,50,262,2
Korlovew,,202,64.06,50,266,0
Suzukaze,,226,67.69,50,270,0
Loka,,61,66.69,50,271,0
Sanni,,132,68.44,50,274,0
Agramaz,,110,62.25,50,276,0
Temp,,129,60.94,50,276,1
Evrobod,,118,70.06,50,281,0
Habudee,,190,61.31,50,282,0
Gunslinger,,92,68.75,50,284,0
Koboge,,224,70.06,50,287,0
Mokridri,,320,69.81,50,292,5
Resine,,135,69.13,50,292,0
Roughnuts,,126,61.88,50,295,0
Makintosh,,161,68.56,50,298,0
Dura,,77,63.38,50,298,0
Edon,,91,66.81,50,299,0
Event,,81,62.94,50,302,0
Haga,,66,69.19,50,302,1
Dubiz,,110,65,50,305,0
Amoge,,63,60.69,50,315,1
Unganiya,,192,65.38,50,318,3
Icubre,,119,60,50,318,0
Mira,,135,69.25,50,324,1
Itedi,,164,68.13,50,324,2
Nike,,277,66,50,324,1
Guhut,,111,64,50,325,1
Ogoram,,110,65.06,50,325,0
Sapraus,,92,67.56,50,326,1
Wolverine,,142,69.06,50,327,0
Rina,,164,67.88,50,329,0
Dagstrel,,176,66.38,50,333,0
Cmgzlr,,157,56.44,50,335,0
Emishen,,192,60.56,50,336,4
Vemuz,,139,65.31,50,338,0
Bellefri,,265,68.25,50,339,1
Druzalla,,151,64.94,50,345,0
Acud,,113,62.19,50,346,0
Ergonag,,139,64.56,50,347,0
Matilda,,113,65.94,50,347,0
Sartani,,141,70.44,50,350,0
Korhonors,,75,64.19,50,351,0
Silver,,111,68.75,50,358,0
Jordele,,155,69.69,50,359,0
Kargool,,226,63.25,50,363,0
Minka,,84,61.94,50,365,0
Jina,,285,65.06,50,372,2
Dummy,,140,65.13,50,373,0
Boomy,,94,57.06,50,376,0
Korgi,,357,68.94,50,377,1
Blurr,,109,64.56,50,382,0
Rave,,186,64.75,50,382,0
Cija,,100,63.94,50,383,1
Cezerta,,104,69.94,50,384,0
Ofridri,,84,63,50,390,0
Goci,,106,68.25,50,392,0
Ebit,,111,67.81,50,397,0
Lostknife,,198,68.06,50,398,0
Kitty,,98,65.13,50,403,0
Vubelle,,141,66.06,50,407,4
Wick,,111,64.63,50,408,0
Agil,,96,61.31,50,411,0
Kihutha,,123,62.38,50,426,0
Agarki,,159,63.38,50,428,0
Ajim,,317,70.5,50,435,12
Soje,,127,63.19,50,437,0
Nethi,,88,59.44,50,437,0
Windshadow,,166,70.63,50,440,0
Rogrula,,147,64.38,50,447,0
Azim,,183,68.88,50,453,0
Tore,,146,64.94,50,472,0
Lade,,196,68.19,50,473,1
Shel,,78,62.25,50,474,1
Lathi,,108,64.44,50,499,4
Somuca,,136,67.31,50,502,0
Booo,,121,64.38,50,528,0
Etez,,289,71,50,532,9
Goldsnow,,147,70.31,50,540,1
Tara,,121,59.94,50,587,0
Remlin,,143,67.31,49,142,1
Jonnil,,89,65.13,49,239,2
Ahuz,,213,61.69,49,251,4
Huge,,76,68.06,49,258,1
Jack,,93,64.19,49,264,0
Alex,,77,63.38,49,285,2
Niruz,,134,68.13,49,298,0
Ezal,,87,64.69,49,321,1
Klex,,115,64.06,49,321,1
Etase,,98,64.81,49,335,2
Vuka,,116,60.56,49,341,4
Dogra,,133,65.25,49,344,1
Inas,,130,63.88,49,362,4
Danzinger,,79,64.44,49,376,3
Gikride,,113,60.63,49,392,0
Tudra,,93,70.81,49,397,0
Ortima,,268,69,49,445,6
Ajevan,,128,69.63,49,456,0
Rajan,,115,63.06,49,460,3
Tikri,,168,60.56,49,472,3
Ithet,,94,63.19,49,485,0
Lunaaaaa,,104,61.69,49,488,1
Grikke,,209,66.88,49,584,3
Hirzi,,74,66.19,48,152,1
Jale,,25,63.69,48,213,0
Kothas,,173,70.25,48,234,0
Zekken,,33,63,48,250,0
Balla,,100,64.94,48,273,1
Sodum,,75,61.13,48,322,0
Queequad,,237,68.94,48,331,6
Onile,,244,69.88,48,346,0
Lerisa,,139,64.06,48,366,1
Naruza,,259,70.19,48,375,1
Cafraki,,54,58.94,48,375,0
Sergosi,,131,68.13,48,385,6
Xuxukaka,,135,67.06,48,421,2
Cenivi,,110,63.94,48,422,0
Superducky,,112,65.13,48,432,4
Adnidni,,46,62.38,48,438,4
Lile,,33,54.63,48,458,10
Orzas,,145,62.88,48,495,1
Onubun,,106,65.06,48,552,5
Yoyo,,140,68.63,47,186,1
Nigel,,146,65.88,47,295,1
Loli,,91,63.44,47,303,1
Oshirka,,100,65.69,47,374,0
Bray,,68,64.5,47,377,2
Port,,93,64.19,47,382,0
Zaratha,,176,69.88,47,407,3
Ferelpis,,142,66.88,47,475,4
Worthie,,131,59.19,47,538,3
Acin,,80,61.19,46,169,1
Zinod,,83,70.38,46,201,1
Kugut,,140,68.81,46,209,2
Quenched,,106,66.38,46,215,0
Daklak,,171,56.38,46,247,4
Ogid,,116,62.88,46,288,0
Animeka,,154,65.56,46,290,2
Heche,,45,52.5,46,332,6
Zemi,,115,61.88,46,339,1
Dari,,164,60,46,340,0
Zazes,,193,64.38,46,342,0
Jachim,,35,54.94,46,370,3
Cliff,,133,69.88,46,477,8
Gggg,,123,68.94,46,590,0
Lusi,,133,70.56,45,137,0
Valerie,,156,67.44,45,172,2
Dalici,,125,62.13,45,173,0
Ehalle,,89,64.13,45,183,0
Daff,,146,68.13,45,212,0
Tara,,89,65.19,45,237,0
Rains,,95,68.06,45,251,0
Lenevra,,210,69.44,45,253,2
Ilma,,59,61.19,45,285,0
Pista,,84,64.19,45,285,0
Nekros,,204,69.38,45,290,0
Ethojad,,95,64.25,45,292,0
Killer,,142,67.19,45,306,0
Lobo,,83,68.31,45,314,0
Otusi,,43,61.94,45,318,0
Fighterher,,69,59.88,45,350,0
Edros,,184,65.81,45,360,2
Hode,,62,67.38,45,374,0
Alice,,91,69.13,45,382,0
Magi,,202,65.38,45,387,1
Cohul,,83,56.13,45,397,0
Arkega,,113,65.81,45,429,0
Gahe,,261,66.38,45,599,8
Morply,,37,64.5,44,192,0
Inin,,92,65.06,44,196,0
Javrez,,61,61.75,44,202,2
Zubex,,158,64.88,44,209,1
Efreva,,65,61.31,44,256,2
Hada,,72,59.06,44,258,7
Schizm,,113,67.81,44,260,0
Gunner,,124,62.06,44,269,0
Karmilec,,32,68.25,44,282,1
Icojim,,42,61.69,44,289,0
Ovid,,65,62.94,44,316,1
Kayhan,,116,65.94,44,317,0
Gelali,,77,64.94,44,347,2
Eberkut,,89,65.63,44,390,2
Bence,,187,63.38,44,521,0
Weela,,66,60.44,44,538,2
Sonoz,,103,61.13,43,242,0
Sweetpus,,55,57.75,43,258,0
Hacod,,170,60.6,43,270,3
Fookyah,,113,53.56,43,311,4
Innobum,,77,52.06,43,423,0
Vennil,,109,62.75,43,438,5
Panddaa,,99,65.31,43,523,6
Ithed,,92,65.44,42,137,0
Vine,,82,66.19,42,190,0
Midrag,,19,59.56,42,219,0
Omez,,34,55.94,42,279,0
Ekidnul,,95,66.25,42,324,0
Risaz,,88,64.31,42,338,0
Gurza,,149,67,42,452,4
Wizas,,81,60.31,42,498,10
Nimue,,117,58.81,42,598,0
Kevi,,99,67,41,195,0
Rosso,,46,66.31,41,249,4
Efragok,,82,59.5,41,373,2
Kebama,,111,58.94,41,417,4
Vefre,,96,65.88,41,447,3
Vanmanz,,68,55.06,41,490,3
Pandora,,105,57.5,40,163,0
Lisi,,204,67.88,40,163,0
Igeg,,107,63.31,40,167,0
Vichik,,190,68.81,40,190,0
Leche,,108,63.38,40,194,0
Klara,,102,52.94,40,199,0
Zurka,,56,57.13,40,201,0
Reductor,,42,62,40,205,1
Ekrus,,72,66.38,40,206,0
Luva,,63,61,40,217,0
Spade,,151,67.19,40,230,0
Izoshi,,74,54,40,231,0
Teva,,42,57.81,40,236,0
Itherki,,91,63,40,260,0
Rolandeld,,124,61.63,40,271,0
Ballistard,,159,55,40,285,0
Pastyr,,149,71,40,285,0
Enrim,,95,64.75,40,300,0
Soska,,88,62.13,40,345,0
Inmi,,77,61,40,383,0
Elbereth,,87,61.81,40,404,8
Jadronri,,210,67.88,40,529,0
Zora,,106,59.19,40,538,2
Asshog,,47,61.69,39,201,0
Lahi,,71,64.44,39,205,0
Abobre,,90,63.38,39,226,1
Osiki,,31,57.44,39,272,1
Ogalle,,179,61.31,39,326,0
Hodooryana,,133,68.13,39,385,0
Zion,,162,52.56,39,436,6
Kordino,,201,70.38,39,474,9
Otto,,47,62.63,38,123,0
Satana,,65,58.75,38,226,1
Ashuki,,82,63.75,38,248,2
Neche,,116,67.38,38,255,2
Belka,,96,63.38,38,297,0
Igethas,,79,67.81,38,335,1
Buri,,135,62.19,38,347,0
Jadan,,81,58.94,38,358,4
Esit,,53,64.63,37,144,0
Mobi,,154,66.25,37,172,0
Rurtod,,91,58.88,37,186,1
Jewelz,,38,54.25,37,245,0
Ifrunni,,208,61.6,37,274,0
Dimusband,,57,58.81,37,278,1
Aurum,,57,64.47,37,421,7
Zibert,,177,70.19,37,489,5
Asertor,,104,67.94,36,208,0
Loda,,118,66.56,36,237,2
Killersaya,,139,58.63,36,489,16
Arzegri,,71,63.56,35,110,0
Mase,,154,65.69,35,116,0
Iksmen,,67,61.13,35,162,0
Cirren,,47,60,35,181,0
Gosek,,113,59.88,35,207,0
Coyly,,185,64.5,35,270,0
Korvlog,,49,60.43,35,279,8
Jesi,,86,57.44,35,292,1
Brenda,,145,70.31,34,184,0
Bobohu,,22,61.25,34,199,1
Modil,,143,64.63,34,206,0
Kudid,,23,66.13,34,221,0
Trebolt,,24,59.13,34,247,0
Allos,,33,63.31,34,251,0
Event,,120,58.25,34,400,7
Gubes,,184,67,33,154,0
Suri,,72,66.75,33,160,0
Fred,,96,68.31,33,164,0
Huceti,,71,59.13,33,173,0
Ivece,,9,60.19,33,192,0
Rileyreid,,98,46.63,33,201,0
Zabrat,,86,65.13,33,206,0
Nekak,,48,69,33,343,0
Ziga,,57,56.88,33,511,2
Tarkole,,57,57.13,33,579,1
Solli,,17,62.19,32,112,0
Leszcz,,165,64.38,32,146,1
Okebe,,159,63.5,32,170,0
Reki,,94,51.63,32,336,3
Suvravra,,49,66.56,32,366,1
Virgo,,66,47.88,32,412,1
Obela,,92,65.44,31,122,0
Stoumpos,,41,61.19,31,150,0
Tusuka,,183,69.38,31,171,0
Geke,,133,64.63,31,187,0
Jadi,,106,66.88,31,197,0
Jiea,,82,59.75,31,205,0
Desi,,48,59.13,31,273,2
Rerdi,,77,64.38,31,434,3
Gnose,,62,58.13,31,465,0
Nekrus,,69,64.88,31,597,7
Kameran,,4,67.5,30,95,0
Nellut,,104,65.88,30,96,0
Quika,,171,65.25,30,152,0
Kalyna,,137,64.56,30,169,1
Huntress,,56,60.69,30,177,0
Moveze,,19,60.75,30,179,0
Adram,,73,66.38,30,185,0
Connor,,138,68.25,30,191,0
Allertin,,85,58.13,30,202,0
Vobla,,130,60.13,30,203,0
Bera,,155,67.38,30,229,2
Orkuhe,,95,66.31,30,332,0
Burn,,93,53.29,30,379,5
Yoosh,,65,64.13,29,107,0
Varti,,13,58.81,29,136,0
Lilith,,7,61.5,29,144,1
Balls,,81,55.19,29,151,0
Zatum,,45,70.75,29,158,0
Diana,,6,58.75,29,160,0
Masha,,104,59.63,29,267,0
Cethi,,35,63.31,28,141,0
Ebreki,,7,58.75,28,221,2
Komi,,139,66.63,28,258,3
Qiang,,242,70.06,28,296,4
Idathid,,37,60.06,27,115,0
Sarca,,116,61.06,26,116,0
Elatan,,91,56.44,26,126,1
Erakos,,103,66.75,26,145,0
Diva,,12,57.06,26,148,1
Ebachi,,88,65.75,26,149,1
Kerke,,105,64.31,26,157,0
Juke,,60,59.44,26,173,1
Babuti,,43,50.31,26,173,1
Ennon,,56,65.88,26,297,2
Reni,,28,56.13,26,350,1
Lisharke,,69,65.19,25,119,0
Sofia,,7,57.5,25,138,0
Pettra,,73,50.56,25,172,0
Ksenia,,10,58,25,173,0
Ativel,,2,61.69,24,144,0
Egerci,,90,65.69,24,160,0
Tothe,,83,64.81,24,174,0
Olusan,,33,60.81,24,215,0
Kuruda,,37,56.44,24,229,0
Tebek,,8,65.81,23,125,0
Vanille,,64,60.81,23,144,0
Osan,,7,51.56,23,226,0
Morgana,,8,59.25,23,231,1
Huti,,3,58.69,23,247,3
Kaza,,54,47.19,22,124,0
Ayra,,109,66.69,22,191,0
Brotherliu,,7,61.88,21,88,0
Nimrod,,10,62.19,21,94,0
Bolag,,93,63.25,21,136,1
Jiha,,30,57.13,21,149,0
Garlande,,106,58.56,21,236,1
Ebarti,,123,58.5,21,283,1
Dibella,,0,58.44,21,285,1
Zorame,,9,63.31,20,76,0
Jardine,,76,63.81,20,94,0
Arkam,,66,53.69,20,103,0
Gatheka,,22,53.94,20,114,0
Ennam,,64,66.63,20,122,0
Togan,,87,66.44,20,129,0
Erkis,,71,55.31,20,141,1
Alharos,,0,55.75,20,150,0
Deadeye,,1,59.63,20,156,0
Ruge,,39,56.19,20,160,0
Ezeg,,2,61.81,20,160,0
Anavok,,86,63.63,20,165,0
Gesod,,87,66.25,20,189,0
Eguda,,73,59.75,20,200,0
Sivrarti,,0,57.13,20,212,0
Ruva,,0,66,20,234,0
Bubbles,,0,62.63,20,238,0
Azefri,,0,60.31,20,241,0
Ehura,,41,59.38,19,77,0
Ronnon,,0,62.13,19,154,0
Numaz,,28,56.44,19,234,0
Ehunum,,0,62.44,18,123,0
Odidnit,,50,58,18,219,2
Comed,,13,54.88,18,229,0
Eshovra,,51,63.63,17,95,0
Janooo,,0,56.38,17,133,0
Zethas,,0,65.13,17,135,0
Nightmate,,46,66.19,17,139,0
Lonnod,,0,61.56,17,224,0
Alisa,,0,57.44,16,98,0
Kimika,,0,62.31,16,126,0
Yami,,66,66.06,16,126,0
Repeat,,4,57.94,16,136,0
Sebavre,,0,57.81,16,146,0
Rogi,,0,58.69,16,243,2
Arkithe,,0,58.88,16,280,0
Orzalag,,0,55.81,15,108,0
Dena,,0,56.94,15,110,0
Killer,,113,64.81,15,134,0
Spartacus,,70,56.06,15,137,0
Dezal,,6,42.25,15,190,0
Enoa,,65,64.13,14,59,0
Orasi,,39,60.19,14,106,0
Cilla,,0,58.5,14,110,0
Vinri,,176,70.69,14,116,0
Suli,,0,62.94,14,116,0
Breezy,,0,60.13,14,130,0
Abiu,,0,55,14,160,3
Talik,,0,51.63,14,178,1
Sarah,,3,59.25,14,196,0
Adin,,0,60.5,14,307,2
Labrazi,,4,60.63,13,106,0
Otoshid,,73,60.44,13,149,1
Efrinros,,0,58.94,13,155,1
Valkyrie,,0,55.25,13,183,1
Erzozog,,0,49.06,13,269,0
Tarzig,,0,49.31,13,343,2
Tadri,,0,51.56,13,375,9
Vuka,,0,57.25,12,89,0
Rada,,0,56.25,12,112,0
Ajetha,,0,58.31,12,116,0
Todanie,,0,50.19,12,116,0
Morta,,105,55.13,12,124,0
Kudret,,0,58.5,12,146,0
Bangerang,,0,59,12,147,0
Loci,,0,50.69,12,390,4
Kris,,0,58.94,11,82,0
Exit,,30,63.25,11,82,0
Reva,,0,60.38,11,115,0
Arteli,,0,59.38,11,130,1
Ninrija,,0,62,11,133,0
Tyjiy,,0,56.25,11,134,0
Allefra,,4,50.81,11,148,0
Sunnymary,,0,50.88,11,159,0
Pupududu,,0,52.5,11,173,0
Jsjkorea,,0,53.63,11,180,3
Amerka,,0,61,11,193,0
Raian,,81,64.56,11,202,0
Inimiga,,0,57.69,11,213,1
Lisboa,,0,49.75,11,242,2
Hukaz,,0,48.06,11,266,0
Sundance,,0,45.75,11,280,3
Brutis,,0,54.56,11,312,1
Sote,,0,57.56,11,341,3
Klocjusz,,0,58.44,10,82,0
Cizot,,5,43.56,10,97,0
Dulan,,35,50.88,10,98,1
Jacks,,0,59.81,10,111,0
Ichuze,,0,54.5,10,126,0
Roysan,,0,56.94,10,126,0
Imul,,0,55,10,128,0
Zura,,0,55,10,164,0
Argisa,,4,60.19,10,165,0
Sheisty,,10,69.38,10,165,0
Wyatt,,108,68.63,10,167,0
Okinat,,5,56.38,10,187,0
Oros,,19,59.31,10,212,1
Veri,,0,51.81,10,215,0
Kenra,,0,51.69,10,234,1
Minori,,0,53.94,10,247,0
Ender,,0,46.81,10,283,2
Tutifruti,,0,60.63,9,82,0
Codna,,0,60,9,110,0
Celian,,1,58.88,9,121,0
Kzinix,,0,57.06,9,132,0
Cetus,,0,55.06,9,132,0
Orgen,,0,56.13,9,136,0
Acothi,,2,60.44,9,147,0
Athula,,0,59,9,149,0
Kegeba,,0,57.13,9,157,0
Ibis,,0,53.06,9,168,0
Papejela,,62,61.56,9,171,0
Abos,,0,43.75,9,277,4
Idren,,0,53.31,9,297,2
Verdat,,0,44.38,9,302,3
Zishuka,,0,46,9,456,10
Erkelal,,49,67.5,8,68,1
Miyabi,,0,54.94,8,88,0
Madara,,0,61.13,8,101,1
Redre,,0,55.75,8,102,1
Nethe,,0,51.94,8,104,0
Anastasia,,0,58.38,8,107,0
Kiji,,0,55.56,8,111,0
Retosha,,1,60.06,8,117,0
Othed,,0,55.94,8,118,1
Liris,,0,59,8,119,0
Layan,,31,60.06,8,120,0
Viridian,,0,46.63,8,122,0
Kissgj,,0,59.75,8,126,1
Crockett,,58,64.75,8,128,0
Kova,,0,59.81,8,133,0
Casi,,0,53.69,8,147,1
Elud,,0,57.88,8,154,2
Helisa,,0,48.25,8,173,0
Missleadg,,129,66,8,174,0
Cidni,,26,63.81,8,187,0
Kunri,,0,51.25,8,193,0
Temphunter,,0,54.31,8,212,0
Dome,,0,55.31,8,214,1
Bumitchy,,0,55.81,8,234,1
Ravra,,0,55.38,8,251,2
Mercy,,0,47.13,8,270,4
Henrique,,0,56.44,8,271,0
Ifmac,,0,49,8,327,1
Hoonam,,0,45.31,8,408,3
Nemoa,,0,49.5,8,432,1
Athena,,0,48.38,8,533,5
Nebrod,,0,45,8,537,9
Reparto,,0,48.13,8,542,2
Darkshine,,0,56.75,7,75,0
Asisa,,0,58.75,7,79,0
Brandilove,,0,50.5,7,82,0
Zedras,,30,68.25,7,86,0
Mafr,,0,55.44,7,86,0
Ecenen,,49,62.25,7,90,0
Ekus,,12,60.13,7,107,0
Titolove,,71,59.75,7,121,0
Okaza,,0,51.13,7,122,1
Vajk,,0,56.81,7,123,0
Neva,,5,63.94,7,126,0
Enuk,,46,70.81,7,128,0
Elad,,0,50.94,7,132,0
Rifpix,,0,45.5,7,133,0
Rigin,,0,50.56,7,136,2
Lena,,0,52.44,7,138,1
Ertin,,0,51.19,7,139,0
Arrietas,,0,55.5,7,141,0
Hizat,,85,59.19,7,141,0
Kana,,0,60,7,141,0
Bthunyer,,45,59,7,145,0
Ibroti,,0,54.69,7,146,0
Test,,0,50.19,7,152,0
Bucetuda,,0,55.56,7,154,0
Ardesil,,23,63.63,7,156,0
Sugomi,,0,58.25,7,159,2
Aspen,,0,48.67,7,159,0
Ecobi,,0,58.75,7,162,0
Nolid,,0,48.44,7,164,1
Jesus,,0,55.88,7,166,5
Gike,,0,55.19,7,168,3
Evizuk,,0,51.5,7,169,0
Elisy,,0,46.5,7,172,0
Idnozi,,31,43.56,7,174,2
Hunter,,0,53.25,7,180,1
Casi,,0,55.5,7,184,0
Izorteg,,0,54.38,7,186,0
Rachel,,0,49.5,7,196,5
Event,,0,46.79,7,199,0
Okrinra,,0,54.44,7,202,0
Athodnok,,0,54.88,7,202,3
Sniper,,0,49.5,7,205,0
Joannavj,,0,52.88,7,214,3
Nida,,0,43.31,7,220,1
Jushi,,0,46.31,7,231,9
Chinchilla,,0,55,7,231,3
Mone,,0,45.88,7,234,1
Zizi,,0,53.13,7,238,1
Sivita,,0,55.44,7,249,1
Oduris,,0,57.38,7,256,7
Muma,,0,56.94,7,257,1
Jerok,,0,57.75,7,257,1
Ecodne,,0,48.06,7,260,3
Kama,,0,49.94,7,260,1
Soneci,,0,53.31,7,272,1
Berrys,,0,52.31,7,273,3
Xeeeeeee,,0,48,7,276,0
Dbrafael,,0,49.56,7,289,11
Zoca,,0,52.19,7,293,1
Remi,,0,46.25,7,294,1
Tiguca,,0,36.63,7,303,3
Lara,,0,34.5,7,304,5
Smedor,,0,41.75,7,306,0
Minihexe,,0,54.06,7,309,8
Eshove,,0,53.19,7,317,2
Inrad,,0,47.5,7,320,5
Kerad,,0,48.38,7,329,1
Elin,,0,47.63,7,330,6
Atel,,0,52.5,7,337,3
Bobafet,,0,43.56,7,359,6
Death,,0,49.31,7,363,4
Othanreg,,0,43.88,7,367,7
Ogasi,,0,48.44,7,367,2
Alirze,,0,50.38,7,370,3
Laha,,0,37.69,7,375,1
Ethigri,,0,48.25,7,382,9
Maja,,0,48.13,7,388,0
Zoses,,0,50.44,7,402,3
Annarasi,,0,45.13,7,415,1
Darkravin,,0,51.63,7,433,3
Lubrase,,0,44.69,7,449,5
Sarina,,0,44.33,7,515,3
Rebresha,,0,48.5,7,570,5
Quinn,,0,52.38,6,71,0
Oanalys,,0,55.44,6,80,0
Mimi,,0,58,6,80,0
Ishodret,,0,52.56,6,84,0
Tuhirza,,0,52.69,6,95,0
Otholi,,0,51.5,6,98,1
Naruza,,0,57,6,98,0
Hivri,,0,58.69,6,101,0
Weakclass,,0,58.31,6,102,0
Eganne,,0,54.13,6,105,0
Buwakaw,,0,55.81,6,107,0
Liche,,0,56.25,6,108,0
Gogo,,0,46.94,6,110,1
Ivirde,,0,47.56,6,121,0
Sofre,,0,46.56,6,121,2
Pewpew,,0,53.13,6,126,0
Rinne,,0,51.69,6,126,0
Leta,,41,62.63,6,129,0
Skadi,,0,49.25,6,130,0
Aligral,,0,46.06,6,132,1
Deha,,0,51.63,6,132,0
Oshug,,0,42.75,6,137,0
Jurem,,0,49.5,6,139,0
Onnajid,,0,48.56,6,140,0
Amenri,,0,46.75,6,140,1
Melly,,0,27.31,6,142,0
Osome,,0,58.25,6,142,0
Eris,,0,53.69,6,144,0
Jagota,,0,37.38,6,145,0
Edud,,0,44.31,6,149,0
Cahed,,0,41.94,6,149,2
Avojuk,,0,47.56,6,150,1
Ohekra,,0,48.94,6,150,1
Ilva,,0,48.81,6,151,0
Kvothetwo,,0,42.31,6,152,0
Nerge,,0,42.13,6,155,0
Onograz,,0,58.38,6,158,0
Turgirce,,0,45.19,6,158,0
Hungly,,0,41.07,6,158,1
Veeranshm,,0,52.31,6,161,0
Odomi,,0,44.5,6,167,1
Ambie,,0,40.31,6,167,2
Lucy,,0,43.5,6,167,2
Fukz,,0,43.69,6,168,0
Skywalker,,0,44.75,6,169,0
Egoca,,0,51.13,6,172,0
Azaza,,0,41.06,6,176,3
Cudri,,0,46.25,6,177,0
Ethuz,,0,45.69,6,181,2
Parzival,,0,44.44,6,182,0
Ibonrum,,0,40.38,6,201,2
Jabun,,0,48.75,6,205,0
Mertvets,,0,41.19,6,208,0
Dunetha,,0,51.56,6,211,0
Vaze,,0,45,6,213,0
Zoes,,0,44.75,6,217,2
River,,0,39.44,6,218,1
Eezzy,,0,34.56,6,220,4
Disa,,0,41.06,6,220,1
Gondahar,,0,51.44,6,221,2
Himec,,0,49.75,6,229,8
Adnil,,0,48.38,6,232,1
Huthuk,,0,47.63,6,233,0
Andrei,,0,37,6,233,1
Ecufrol,,0,47.81,6,234,2
Akoren,,0,53.63,6,235,1
Simela,,0,37.86,6,250,0
Melania,,0,52.06,6,258,3
Styx,,0,51.56,6,260,1
Rorka,,0,46.06,6,262,4
Koshotha,,0,42.13,6,263,2
Mhrtrnc,,0,37.19,6,267,1
Gonadna,,0,39.75,6,270,1
Madara,,0,44.63,6,276,1
Chapadex,,0,34.63,6,276,6
Derzezi,,0,44.25,6,279,1
Enuda,,0,38.81,6,279,3
Bonnidre,,0,49.5,6,284,1
Alll,,0,41.19,6,286,7
Ojihi,,0,42.13,6,290,1
Docha,,0,41.13,6,292,2
Alaid,,0,35.88,6,294,2
Ennan,,0,38.94,6,299,18
Avoha,,0,38.88,6,301,0
Huge,,0,41.25,6,303,8
Izis,,0,27.5,6,311,4
Pingorocho,,0,40.19,6,313,3
Will,,0,39.81,6,313,1
Lufa,,0,29.88,6,319,5
Tewahh,,0,39.5,6,322,1
Cesile,,0,32.69,6,324,2
Lema,,0,40.75,6,324,5
Ethiza,,0,41.19,6,328,0
Amol,,0,41.56,6,334,1
Ahere,,0,36.88,6,336,2
Feelip,,0,40.88,6,338,5
Mcgraw,,0,35.81,6,349,1
Asher,,0,40.06,6,352,7
Nachi,,0,40.19,6,357,0
Snaiper,,0,38.88,6,366,1
Jhurrell,,0,35.88,6,371,5
Ithin,,0,35.56,6,377,2
Sana,,0,31.88,6,384,1
Ircollog,,0,29.13,6,389,0
Ibot,,0,34,6,392,4
Igronnas,,0,41,6,403,4
Mefri,,0,50.25,6,403,0
Jigit,,0,42.31,6,406,11
Segi,,0,41.06,6,414,5
Dedku,,0,40,6,420,11
Dered,,0,36,6,420,5
Ilathad,,0,34,6,421,0
Spyder,,0,45.69,6,425,3
Sharik,,0,34,6,433,1
Mada,,0,36.31,6,441,8
Athemed,,0,37.88,6,457,5
Ziri,,0,40.19,6,470,14
Obugri,,0,37.44,6,472,12
Deadshot,,0,36.88,6,487,8
Egrurdin,,0,40.94,6,488,1
Kame,,0,37.5,6,497,3
Arwen,,0,33.56,6,501,15
Anora,,0,32.25,6,524,3
Evem,,0,35.86,6,552,2
Adagrak,,0,37.19,6,556,1
Runner,,0,45.75,5,64,0
Reche,,0,43.31,5,70,0
Sata,,0,51.31,5,80,0
Aviki,,0,48.06,5,86,0
Holed,,0,49.81,5,93,0
Evtguns,,0,46.06,5,100,0
Trance,,0,45.25,5,107,0
Askayan,,0,45.5,5,108,0
Edug,,0,47.63,5,110,0
Sanso,,0,47.88,5,113,0
Fanatoidx,,0,44.13,5,116,0
Otehi,,0,35.69,5,117,0
Teduti,,0,46.56,5,117,0
Kyglollol,,0,44.63,5,118,0
Asurtik,,0,54.81,5,120,0
Gotemgood,,0,32.38,5,121,0
Sefri,,0,49.25,5,122,0
Kalerda,,0,40.44,5,123,0
Jakothe,,0,50.31,5,129,0
Riasarrah,,0,32.69,5,131,0
Evangeline,,0,41.25,5,131,0
Labethi,,95,57.94,5,132,0
Bova,,0,32.81,5,137,0
Izuna,,0,44.86,5,139,0
Guthes,,0,40.07,5,140,0
Cuthi,,0,43.19,5,141,0
Flip,,0,44.25,5,141,0
Amolus,,0,45.88,5,144,0
Zerk,,0,46.44,5,145,0
Gerdurce,,0,43.56,5,146,0
Anna,,0,42.06,5,149,0
Vadi,,0,34.81,5,149,1
Fatal,,0,54.31,5,150,0
Ahiz,,0,42.75,5,151,0
Vanna,,0,44.63,5,156,0
Bocil,,0,40,5,157,0
Tiri,,0,34.31,5,158,0
Banda,,0,34.44,5,160,0
Vivi,,0,32.94,5,169,0
Hera,,0,44.56,5,169,0
Logog,,0,35.06,5,172,0
Monni,Challenger,0,30.25,5,173,0
Caca,,0,38.25,5,173,0
Temptwo,,0,46.13,5,177,0
Efraned,,0,43.69,5,180,0
Tamasha,,0,38.63,5,182,0
Gggame,,0,31.13,5,183,0
Irdeshi,,0,46.38,5,185,0
Ahan,,0,31.56,5,186,0
Cakrid,,0,39.94,5,190,0
Zelavre,,0,30.13,5,192,0
Idris,,0,49,5,195,0
Takal,,0,30.19,5,197,2
Boris,,0,36.88,5,198,0
Tiched,,0,36.94,5,200,3
Inonri,,0,34.69,5,204,0
Rike,,0,27.19,5,206,0
Albina,,0,34.94,5,213,0
Bronzehero,,0,38.38,5,215,0
Ayzek,,0,30.56,5,218,0
Godslayer,,0,38.94,5,223,0
Hilide,,0,30,5,225,3
Shootyr,,0,34.75,5,231,3
Virgi,,0,25.75,5,232,0
Dede,,0,29,5,242,0
Busa,,0,36.19,5,248,0
Hekashi,,0,31.44,5,253,0
Azim,,0,32.31,5,255,0
Zeron,,0,29.81,5,255,2
Astrail,,0,40.5,5,258,0
Kate,,0,37.44,5,269,0
Gortile,,0,36.44,5,273,0
Dinnek,,0,34.5,5,277,0
Evrurtem,,0,26.63,5,283,0
Solenyaa,,0,28.69,5,285,1
Levra,,0,29.94,5,294,0
Visha,,0,33.13,5,310,2
Deba,,0,29.56,5,355,0
Sule,,0,30.75,5,363,2
Aerdna,,0,32.38,5,382,2
Amis,,0,28.44,5,394,1
Seven,,0,28.81,5,400,0
Segra,,0,32.13,5,402,0
Onamul,,0,36.81,5,413,0
Okrige,,0,39.06,5,437,2
Cicia,,0,28,5,438,0
Onarke,,0,38,5,443,0
Xstrife,,0,29.25,5,445,1
Vinnak,,0,33,5,461,1
Ellizen,,0,25.81,5,496,4
Temunna,,0,25.13,5,517,0
Kigra,,0,29,5,541,2
Ecure,,0,27.63,5,543,2
Metha,,0,29.38,4,102,0
Gashugri,,0,28.69,4,108,0
Bhsmee,,0,31,4,113,0
Burges,,0,30.25,4,120,0
Ipul,,0,41.88,4,124,0
Fuxker,,0,34.31,4,126,0
Lucatero,,36,59.31,4,129,0
Esadum,,0,41,4,130,0
Nightshot,,0,17.67,4,133,0
Nozi,,0,26.56,4,135,0
Obeta,,0,32,4,139,0
Ages,,0,27.94,4,156,1
Trigun,,0,37.63,4,156,0
Jafred,,0,24.25,4,159,0
Damai,,0,32.69,4,165,0
Bicari,,0,21.94,4,179,0
Mandalore,,0,26.63,4,181,0
Mangkanor,,0,33.19,4,181,0
Talia,,0,34.69,4,184,0
Gatunni,,0,27.63,4,186,0
Olympics,,0,27.69,4,189,0
Esod,,0,27.07,4,190,0
Greids,,0,34.06,4,190,1
Soga,,0,23.13,4,190,0
Rudol,,0,35.69,4,192,0
Kakez,,0,25.63,4,197,0
Thrashira,,0,29.31,4,200,1
Irkok,,0,29.31,4,205,1
Nathavri,,0,29.25,4,209,0
Izom,,0,27.31,4,217,2
Adalli,,0,25.44,4,218,0
Radna,,0,29.75,4,222,0
Diki,,0,27.38,4,224,0
Chesl,,0,24.33,4,237,3
Atrel,,0,29.44,4,238,0
Eshoha,,0,21.94,4,240,1
Jirkez,,0,29,4,255,0
Nujibra,,0,26.75,4,259,0
Jones,,0,27,4,275,1
Orkana,,0,22.38,4,280,3
Daen,,0,22.5,4,281,2
Izen,,0,26.07,4,283,2
Arcace,,0,22.88,4,287,2
Kirte,,0,31.25,4,296,1
Dircun,,0,30.79,4,321,0
Akos,,0,22.13,4,323,9
Eman,,0,19.69,4,334,2
Rastan,,0,29.75,4,344,1
Izis,,0,28.63,4,344,4
Lillyth,,0,36.75,4,348,1
Toshud,,0,24,4,352,2
Kaifus,,0,27.19,4,353,3
Hjkly,,0,22.43,4,354,2
Even,,0,28.31,4,357,1
Orid,,0,20.81,4,361,2
Nejura,,0,24.53,4,368,2
Cena,,0,23.19,4,370,3
Ikon,,0,33.63,4,376,1
Skullshot,,0,19.73,4,379,4
Nannaers,,0,21.63,4,383,7
Niciha,,0,27.94,4,393,1
Ghordon,,0,29.5,4,411,1
Adul,,0,24.38,4,419,3
Ezosi,,0,21.69,4,431,0
Kamakiri,,0,20.81,4,432,4
Veris,,0,22.38,4,454,2
Mibel,,0,23.13,4,457,4
Edal,,0,24.06,4,467,7
Dragon,,0,23.81,4,470,2
Alexa,,0,22.6,4,483,9
Gergis,,0,30.81,4,486,2
Elin,,0,18.21,4,558,7
Ruhold,,0,20.13,4,564,2
Suse,,0,20.31,4,570,6
Jcjon,,0,22.44,4,574,7
Cali,,0,30.31,3,107,0
Gavril,,0,29.19,3,109,0
Hera,,0,29.06,3,111,0
Ecothe,,0,27.19,3,112,0
Asumi,,0,28.44,3,115,0
Cofrehi,,0,25.56,3,119,1
Gannuvi,,0,21.14,3,121,0
Lurki,,0,24.93,3,123,0
Eshena,,0,25.75,3,133,0
Vija,,0,23.88,3,133,0
Keltic,,0,26.88,3,140,0
Afregum,,0,23.31,3,147,0
Segruthi,,0,26.75,3,148,0
Kaboo,,0,20.19,3,149,0
Buenhggh,,0,30.88,3,150,1
Zukama,,0,19.07,3,154,1
Wilte,,0,17.81,3,154,0
Lioness,,0,20.81,3,159,0
Saga,,0,25.38,3,162,0
Noji,,0,29.13,3,165,0
Killerj,,0,23.38,3,167,1
Arwen,,0,16.5,3,167,0
Vame,,0,25.19,3,167,1
Dddd,,0,16.67,3,173,1
Grabik,,0,28.88,3,175,0
Oshima,,0,27.81,3,177,2
Obuthi,,0,22.81,3,177,0
Sybertorn,,0,24.31,3,179,0
Ollanra,,0,21.31,3,180,0
Ordacat,,0,30.75,3,180,0
Tarkadal,,0,28.13,3,182,1
Irgil,,0,21.5,3,184,2
Finkli,,0,26.88,3,187,1
Jinwoo,,0,20.94,3,191,2
Bashuki,,0,23.44,3,192,1
Gokog,,0,23.69,3,200,2
Kuri,,0,18.88,3,201,0
Nunen,,0,29.25,3,203,1
Lelaza,,0,22.25,3,203,0
Cobet,,0,24.25,3,204,2
Vorzithi,,0,25.38,3,204,1
Sine,,0,20.69,3,204,1
Orem,,0,23.13,3,205,1
Kimuk,,0,24.44,3,206,2
Azazel,,0,27.69,3,206,1
Kykla,,0,27.69,3,207,1
Pups,,0,17.73,3,211,1
Ccbl,,0,20.06,3,211,0
Fuuckyou,,0,19.33,3,215,0
Onnadus,,0,16.69,3,215,0
Ekfucck,,0,16.64,3,216,0
Ireca,,0,26.81,3,218,0
Omek,,0,24.46,3,220,1
Assassig,,0,20.06,3,221,0
Kwickley,,0,22.06,3,224,0
Narkod,,0,31.25,3,224,2
Alebon,,0,13.5,3,224,2
Maryjane,,0,25.94,3,229,0
Savicha,,0,21.69,3,234,0
Ahmanra,,0,26.56,3,235,3
Mercerbr,,0,20.38,3,236,1
Wolfenxxx,,0,21.56,3,236,2
Onithi,,0,19.63,3,245,0
Aratark,,0,20,3,246,1
Higi,,0,25.88,3,248,0
Trihuy,,0,16.19,3,248,1
Selv,,0,30.19,3,250,2
Illumi,,0,17.75,3,251,0
Mary,,0,25.56,3,251,4
Sime,,0,25.75,3,253,0
Hercok,,0,28.69,3,253,1
Yojmstr,,0,17.13,3,255,0
Ashimare,,0,21.94,3,256,0
Kozuk,,0,18.31,3,257,1
Joshim,,0,16.19,3,260,0
Nesari,,0,30.38,3,266,3
Jarinamosu,,0,20.19,3,267,1
Tema,,0,20.75,3,268,0
Othot,,0,18.13,3,269,0
Balsagna,,0,20.88,3,271,0
Neri,,0,26,3,273,4
Igrog,,0,23.73,3,274,1
Arrr,,0,18.88,3,284,1
Titania,,0,21.6,3,291,6
Madmankat,,0,20.86,3,296,1
Elora,,0,18.81,3,296,1
Kira,,0,25.69,3,297,1
Athennes,,0,29.25,3,297,1
Austin,,0,21.31,3,297,1
Kass,,0,20.44,3,300,2
Ketha,,0,16.81,3,305,0
Lafayette,,0,18.63,3,307,0
Pistoleira,,0,17.44,3,309,2
Sebe,,0,24.31,3,316,0
Punkdawa,,0,19.56,3,333,2
Arcime,,0,20.25,3,339,1
Elak,,0,19.63,3,346,0
Makenju,,0,13.94,3,362,2
Ofriked,,0,16.69,3,365,2
Akrel,,0,18.88,3,371,0
Ansu,,0,23.5,3,374,3
Magwitch,,0,15.86,3,381,0
Nulez,,0,20.38,3,394,2
Ened,,0,16.44,3,398,2
Reiyna,,0,17.31,3,400,2
Gicorce,,0,21.19,3,401,3
Vedaba,,0,23.56,3,403,1
Cookie,,0,21.06,3,408,1
Jeje,,0,20.69,3,416,1
Bruce,,0,17.44,3,428,5
Enem,,0,12.86,3,434,2
Aloce,,0,19.31,3,442,3
Pewpew,,0,18.13,3,442,0
Anisa,,0,18.75,3,443,1
Ihuntu,,0,17.13,3,456,2
Lizethh,,0,16.14,3,458,1
Bigdog,,0,26.69,3,462,0
Maneg,,0,17.06,3,472,1
Bodidi,,0,17.57,3,494,4
Monna,,0,22.44,3,499,1
Tarcalle,,0,16.07,3,500,1
Victoria,,0,21.75,3,536,13
Zozes,,0,19.38,3,538,2
Maverick,,0,21.38,3,581,8
Seka,,0,10.69,3,584,5
Chunok,,0,21.38,3,597,4
Hotinri,,0,19.19,2,68,0
Palas,,0,60.75,2,95,0
Zalluha,,0,10.75,2,100,0
Inava,,0,13.75,2,104,0
Doveshi,,0,13.5,2,110,0
Muda,,0,10.67,2,112,0
Sylvia,,0,23.19,2,114,0
Gunny,,0,18.13,2,116,0
Yermomz,,0,12.88,2,118,0
Zergadna,,0,14.81,2,121,0
Mira,,0,16.5,2,121,0
Gollus,,0,17.13,2,121,0
Abug,,0,17.38,2,122,0
Asus,,0,21.5,2,122,0
Runrom,,0,14.77,2,123,0
Snipe,,0,15.13,2,124,0
Anadnul,,0,17.38,2,125,0
Valira,,0,25.19,2,129,0
Sartana,,0,13.94,2,132,0
Shotz,,0,16.5,2,142,0
Jorot,,0,15.53,2,142,0
Seamen,,0,12.63,2,143,0
Negod,,0,20.94,2,147,0
Nonne,,0,18.63,2,148,0
Soyeon,,0,11.27,2,149,2
Huraz,,0,19.94,2,150,0
Banger,,0,19.43,2,150,0
Aircon,,0,24.09,2,150,0
Lethiga,,0,14.31,2,151,0
Bowbo,,0,15,2,152,0
Talosgg,,0,18.94,2,155,0
Asolli,,0,14.31,2,155,0
Ziku,,0,13.31,2,157,0
Ofrirek,,0,15.07,2,158,1
Arzokem,,0,17.44,2,163,0
Nuge,,0,14.44,2,165,0
Lorgusa,,0,15.13,2,166,0
Yuniqt,,0,10.83,2,170,0
Innacha,,0,16.73,2,172,0
Tollam,,0,27.19,2,173,0
Erguk,,0,15.06,2,177,0
Okrenna,,0,22.4,2,181,0
Dark,,0,15.63,2,184,0
Roki,,0,14.53,2,186,0
Junyoung,,0,12.75,2,188,2
Judaba,,0,13.07,2,189,0
Ajen,,0,15.56,2,190,0
Xyzab,,0,16.25,2,191,0
Devrom,,0,17.63,2,192,0
Jjmcoin,,0,11.75,2,193,0
Anim,,0,14.07,2,195,0
Durza,,0,17,2,196,0
Robiga,,0,14.56,2,197,0
Pandaget,,0,24.5,2,198,0
Kristae,,0,17.06,2,201,0
Event,,0,15.93,2,209,0
Drobovik,,0,15.38,2,210,0
Lacoshi,,0,13.75,2,214,0
Rustcohle,,0,11,2,216,2
Arzarkez,,0,18.88,2,221,0
Ellodne,,0,18.94,2,222,0
Hitarza,,0,37.75,2,222,0
Blake,,0,13.31,2,223,0
Egrujal,,0,17.69,2,227,0
Guzla,,0,16.71,2,228,0
Ohena,,0,11.69,2,229,1
Eliga,,0,14.31,2,232,0
Juseli,,0,14.19,2,234,0
Ishuthi,,0,18.19,2,240,0
Enin,,0,15.19,2,244,0
Nieli,,0,8.86,2,246,5
Vaterge,,0,14.88,2,247,0
Enin,,0,13.07,2,249,2
Shotta,,0,13.31,2,256,0
Ojame,,0,11.44,2,257,2
Yuno,,0,9.06,2,260,0
Rayash,,0,14.81,2,262,0
Sariel,,0,12.94,2,269,0
Jeti,,0,18.69,2,273,0
Korin,,0,14,2,273,5
Mbuhbohu,,0,14.19,2,289,2
Vushice,,0,10.2,2,300,0
Sixteen,,0,16.13,2,303,0
Lusy,,0,9.43,2,319,1
Adose,,0,13.63,2,334,0
Igethud,,0,9.6,2,335,1
Azum,,0,12,2,337,2
Just,,0,9.21,2,346,3
Jane,,0,18.5,2,386,0
Gilivri,,0,17.06,2,415,0
Ilis,,0,9.62,2,420,8
Ekibi,,0,8.67,2,423,9
Huevof,,0,13.8,2,423,0
Ogothi,,0,16.29,2,495,2
Deve,,0,9.92,2,508,1
Ogama,,0,10.69,2,523,8
Pers,,0,9.5,2,530,1
Uggugg,,0,9.71,2,532,1
Kali,,0,58.81,1,89,0
Vifratha,,130,69.06,1,89,0
Alucard,,53,68.19,1,99,0
Keji,,0,50.44,1,100,0
Cdma,,0,10.88,1,116,0
Narcirdi,,0,15.69,1,119,0
Telepawka,,0,19.63,1,126,0
Simahi,,0,53.06,1,127,0
Free,,0,12.06,1,128,0
Reshe,,0,26.63,1,128,0
Etala,,0,17.93,1,130,0
Sunny,,124,65.81,1,134,0
Havok,,0,13.44,1,137,0
Vagen,,0,7.62,1,137,0
Barizon,,0,47.69,1,140,0
Eguda,,0,16.87,1,141,0
Araka,,0,14.13,1,142,0
Kunnez,,0,8.15,1,143,0
Angel,,0,18.44,1,143,0
Honad,,0,8.67,1,143,0
Predator,,0,11,1,145,2
Jameltoe,,0,21.19,1,146,0
Bera,,0,29.43,1,148,0
Berguse,,0,7.63,1,150,0
Seshet,,0,7.23,1,152,0
Ovek,,0,37.88,1,159,0
Anna,,0,11.44,1,160,0
Talga,,0,13.71,1,164,0
Ebusa,,0,9.94,1,166,0
Pewpew,,0,11.07,1,171,3
Kukerge,,0,11.53,1,173,0
Atis,,0,9.58,1,182,0
Gabe,,0,8.38,1,182,0
Jooo,,0,8.46,1,183,0
Zelusi,,0,15.5,1,184,0
Junek,,0,11.75,1,184,1
Ibrunnus,,0,14.94,1,187,1
Nifra,,0,8.79,1,189,0
Izunrot,,0,9.27,1,190,0
Edis,,0,11.21,1,192,0
Zargen,,0,12.4,1,192,1
Daibacpl,,0,10.77,1,193,1
Hile,,0,10.08,1,197,0
Selacia,,0,14.93,1,202,1
Caje,,0,13.79,1,208,0
Ovil,,0,11.69,1,209,1
Acil,,0,17.81,1,209,1
Temi,,0,9.64,1,210,0
Kasu,,0,38.13,1,210,0
Golag,,0,9.85,1,212,0
Kuthot,,0,17.56,1,212,0
Bivrera,,0,10.43,1,213,0
Ojortoz,,0,9,1,214,0
Agrata,,0,9.33,1,214,0
Ppqq,,0,10.23,1,216,1
Afrik,,0,12,1,217,2
Cusos,,0,11.14,1,219,0
Elmarshid,,0,8.67,1,222,0
King,,0,8.77,1,222,0
Adilliz,,0,9.31,1,226,2
Alis,,0,10.08,1,227,1
Gonom,,0,15.63,1,229,0
Morpherus,,0,18.94,1,230,0
Hibrethi,,0,10,1,234,0
Hilak,,0,8.36,1,235,0
Second,,0,9.46,1,235,0
Bezabre,,0,9.43,1,236,2
Wotan,,0,8.14,1,238,2
Laplace,,0,9.88,1,240,0
Notsmart,,0,9.54,1,242,1
Ohra,,0,10.15,1,247,0
Cherils,,0,12.13,1,249,0
Deax,,0,10.18,1,249,0
Dunorgi,,0,11.69,1,250,0
Arrow,,0,8.38,1,254,0
Gircina,,0,12.93,1,255,0
Kesong,,0,8.14,1,257,3
Telli,,0,8.91,1,260,1
Hirdi,,0,9.08,1,263,0
Poseidon,,0,9.85,1,264,0
Bune,,0,8.25,1,266,3
Comadra,,0,11.54,1,271,0
Echem,,0,13.31,1,271,0
Girta,,0,7.18,1,271,1
Evantia,,0,9.17,1,273,0
Tuxuu,,0,7.79,1,275,5
Muci,,0,7.85,1,276,4
Odurci,,0,14.07,1,277,1
Navis,,0,9.6,1,279,0
Jingwei,,0,11.13,1,279,1
Dandalis,,0,8.5,1,280,1
Moka,,0,8.5,1,281,0
Guvra,,0,35.69,1,282,0
Done,,0,8.5,1,283,2
Nosferus,,0,8.92,1,287,0
Samena,,0,8.09,1,290,0
Karde,,0,10.86,1,292,1
Gatun,,0,8.79,1,299,0
Kosi,,0,11.23,1,300,0
Jethol,,0,8.21,1,300,0
Rocky,,0,9.23,1,300,0
Irzubem,,0,8.33,1,305,0
Caleandra,,0,9.29,1,306,1
Suhani,,0,10.21,1,308,0
Alice,,0,9.57,1,309,0
Vazat,,0,8.87,1,309,2
Eventhaha,,0,9.25,1,310,0
Galard,,0,8.83,1,314,1
Hemp,,0,9.69,1,315,0
Niciz,,0,10.92,1,318,2
Vibuji,,0,11.45,1,320,1
Shawad,,0,9.42,1,320,0
Hunterd,,0,6.25,1,321,0
Zure,,0,6.91,1,323,0
Emily,,0,7.86,1,324,0
Ajegre,,0,7.38,1,329,3
Tonyh,,0,7.5,1,336,1
Ladre,,0,8.18,1,340,0
Acunrik,,0,9.93,1,342,1
Kodra,,0,7.77,1,345,1
Zood,,0,12.67,1,347,0
Bossk,,0,9.62,1,347,0
Dysjk,,0,8.23,1,352,0
Zabi,,0,10.38,1,354,1
Pioner,,0,9.69,1,354,1
Sokashe,,0,8.42,1,356,1
Lohaka,,0,9.15,1,359,2
Sovaga,,0,9.82,1,361,1
Miyah,,0,8.81,1,367,0
Evrod,,0,11.79,1,370,0
Telaraj,,0,15.54,1,371,0
Beonica,,0,7.27,1,373,0
Xxsky,,0,7.42,1,381,1
Adali,,0,12.94,1,382,2
Guchi,,0,14.13,1,390,1
Akova,,0,8.91,1,392,2
Modron,,0,11.54,1,397,1
Nikkodarfs,,0,10.67,1,403,3
Sazi,,0,9.13,1,408,2
Nitodra,,0,6.77,1,409,3
Dodre,,0,8.69,1,413,0
Tashisa,,0,9,1,416,3
Diba,,0,13,1,421,4
Ijakra,,0,7.19,1,428,2
Inana,,0,8.4,1,437,2
Aculem,,0,7.6,1,441,1
Rose,,0,7.55,1,447,12
Darkdad,,0,9.91,1,454,2
Seritulla,,0,7.43,1,456,3
Giulia,,0,9,1,490,3
Dirasa,,0,8.71,1,506,1
Jose,,0,5.62,1,508,1
Possex,,0,10.36,1,510,0
Narukra,,0,8.42,1,520,1
Deda,,0,6.58,1,597,3
