Chinadoll,"War Hero",2138,75.19,157,593,0
Chinadv,,2133,75.25,156,557,1
Korshark,,2135,75.13,156,557,0
Byroad,,2037,75.25,156,572,0
Guitarwolf,,2135,75.25,156,586,0
Koronecue,,2121,75.19,156,590,2
Okon,,2063,75.13,153,510,1
Volk,,2130,75.13,153,537,1
Kordidi,,1929,74.88,153,548,0
Amaris,,2100,74.81,153,561,1
Koryeolmoo,,2105,75.06,153,575,1
Chinahebi,,2040,75.19,152,563,4
Drumpig,,1958,74.5,152,563,1
Chinaaaaaa,,2000,74.63,151,564,0
Noxlnt,,2041,74.13,151,598,1
Chinalz,,1983,74.75,150,494,0
Korsasin,,2119,74.81,150,550,1
Kormando,,2087,74.38,150,553,3
Korbruce,,2077,74.63,150,580,1
Mrdovenb,Centurion,2034,74.81,149,547,2
Hoon,,1998,74.31,148,542,4
Madoutvnbg,Champion,1911,74.44,148,554,3
Chinared,,2017,74.13,148,589,4
Karzes,,2017,74.19,148,590,13
Dude,,1957,73.13,147,491,1
Chinas,,2054,74.88,147,538,2
Korbudd,,2065,74.56,147,548,1
Korya,,2036,74.56,147,554,2
Chinakkk,,2049,74.56,147,563,1
Keke,,1783,74,146,401,0
Chinalsp,,2001,74.88,146,495,3
Korbong,,2107,74.63,146,528,2
Skybreaber,Warlord,1938,74.56,146,542,5
Outlier,,2064,74,146,545,7
Aloris,,2047,74.25,146,548,1
Rushy,,2000,73.63,146,550,1
Korevans,,2089,74.13,146,558,2
Koria,,2056,74.06,146,564,6
Loser,,2067,73.94,146,566,3
Chinapeace,,1994,73.88,146,581,0
Okitaanri,,2064,74.69,146,585,2
Chica,,2057,73.81,146,591,4
Korzzi,,2018,74.5,146,591,7
Xman,,1871,73.88,146,594,5
Rufedya,,2055,73.63,146,598,4
Chinahehe,,1963,74.81,145,366,6
Natasha,,2047,74.31,145,459,0
Simbecode,,1983,73.94,145,475,1
Bennet,,2024,74.25,145,505,2
Korori,,2027,74.25,145,542,1
Nahe,,1995,73.69,145,548,3
Gathi,,2042,74.63,145,554,2
Sauzer,,2030,73.5,145,591,3
Chinaly,,2012,74.5,144,494,0
Baipiao,,1906,74.63,144,575,3
Xerxes,,2016,74.69,144,596,5
Eowyn,,2102,73.69,143,448,1
Ohovi,,1897,74.13,143,483,1
Noshad,,2012,74,143,492,4
Gandlfwhit,,1979,74.13,143,506,5
Jilliji,,2023,74,143,525,5
Mananachio,,2001,74.13,143,541,1
Enreda,,2003,73.75,143,555,4
Korddo,,1951,74,143,556,3
Castani,,2034,74.13,143,563,3
Nuts,,2003,73.81,143,569,2
Ijud,,1956,73.94,143,569,4
Korrisk,,1959,74,143,573,4
Oppa,,2012,74.06,143,573,3
Sher,,2078,74.19,143,581,9
Cozoz,Challenger,1956,73.69,143,595,1
Warrior,,2025,74.13,142,516,10
Randy,,1905,73.88,142,532,1
Allun,,1839,73.81,142,547,1
Jench,,1637,73.94,142,561,3
King,,1938,73.69,142,577,1
Parmesan,Challenger,1933,73.44,142,587,5
Karyna,,1905,73.5,141,427,2
Korsssss,,1892,74.31,141,459,2
Cnyoyo,Challenger,1854,73.81,141,473,2
Zata,Challenger,1952,74.94,141,477,4
Kordokgot,,2010,73.63,141,482,1
Korw,,1992,73.56,141,505,4
Orot,,1930,73.75,141,511,0
Korean,,1952,74.5,141,527,2
Korea,Centurion,1891,72.75,141,528,8
King,,1934,73.69,141,533,5
Rane,,1990,74,141,535,5
Hega,Centurion,2029,74,141,548,7
Xena,,1887,74.06,141,552,1
Jove,,2058,73.44,141,559,2
Kordantae,,2001,74,141,560,4
Korjjoo,,1948,74.06,141,580,6
Grevin,,1761,73.31,141,597,4
Jeremy,,2046,74.13,140,351,0
Cnkirkim,,2001,73.94,140,366,3
Mklove,,2035,73.88,140,413,2
Piching,,2001,73.5,140,479,2
Kohoho,,1984,74.19,140,521,4
Alire,,1806,73.38,140,526,5
Zilum,Challenger,1891,73.5,140,529,3
Sobe,,1787,73.5,140,556,5
Nigil,,1885,74,140,564,4
Zekram,,1919,72.88,140,582,8
Gold,Challenger,1992,74.13,140,586,2
Bella,,1816,73.31,140,591,7
Beowulf,,1829,74.38,140,594,0
Sven,,2004,73.94,139,533,4
Otharde,,1922,73.38,139,562,1
Kume,,1988,74.31,138,428,3
Emig,,1965,73.69,138,444,2
Vnrai,,1949,74.31,138,489,5
Braden,,1963,73.69,138,489,6
Zovude,,1905,73.63,138,494,3
Oral,,1498,74.25,138,512,1
Boros,,1877,73.75,138,520,3
Agun,,1964,73.5,138,527,1
Kore,,2001,73.88,138,535,2
Wavedance,,1915,73.13,138,536,5
Volikina,,1763,74.13,138,538,6
Farmacia,Challenger,1999,73.25,138,539,1
Korhero,,1876,72.81,138,544,9
Srna,,1902,73.75,138,545,2
Zazi,,2035,74.13,138,549,2
Matrempit,,1936,73.5,138,552,1
Eshivra,Challenger,1575,73.06,138,555,3
Torgri,,2009,73.25,138,568,4
Korgazua,,1979,72.75,138,572,6
Demone,,1932,74.19,138,572,0
Distopico,,1998,72.75,138,577,1
Riva,,1571,73.63,138,585,5
Omazi,,1650,74.13,138,587,1
Torum,,1682,74,138,594,2
Omil,,1935,74.38,138,595,7
Korspring,Challenger,1895,72.81,138,596,4
Sheridal,,1881,73.81,137,444,2
Myxa,,1953,74.13,137,447,2
Chinahc,,1949,74,137,459,7
Azerik,,1953,73.88,137,496,2
Akuchi,,1453,74.06,137,508,18
Lotus,,1873,74.56,137,512,3
Korala,Challenger,1441,73.06,137,520,2
Jiejie,,1882,73.44,137,533,4
Shamgar,,1839,73.38,137,547,2
Adros,,1804,73.69,137,560,4
Kamok,,1908,73.5,137,563,4
Olam,,2002,73.44,137,570,3
Evandriel,,1916,72.94,137,573,9
Koranmin,,1516,74.19,137,577,1
Random,,1786,74,136,427,1
Wsaiyt,,1934,74.19,136,476,2
Bronzie,,1954,74.13,136,480,0
Pearl,,1923,74.31,136,519,2
Tongdal,,1874,73.25,136,524,10
Vidas,,1871,74,136,532,2
Zodnig,,1189,74.19,136,538,3
Delyan,,1839,73.19,136,543,6
Korseason,,1960,73.88,136,550,3
Solida,Centurion,1984,73,136,573,3
Kormari,Challenger,1984,73.31,136,580,11
Aeonflux,Challenger,1042,73.06,136,585,1
Kephik,,1209,73.06,136,595,0
Laxouser,,1895,73.94,135,303,1
Korboss,,1986,73.81,135,323,3
Debra,,1976,73.69,135,362,0
Nana,,1847,74.19,135,363,2
Voca,Challenger,1722,73.69,135,364,2
Namasa,,1668,73.63,135,391,0
Korkormo,,1924,73.5,135,402,4
Tirturda,,1597,72.63,135,402,0
Dina,,1815,73.31,135,434,1
Korjyp,,2023,74.06,135,449,1
Jobby,,1759,72.94,135,458,3
Nivi,,1868,73.94,135,541,4
Corpax,,1462,74.13,135,560,0
Zennet,,1213,73.38,134,460,4
Immortal,,1977,73.13,134,494,12
Tisan,,1803,72.5,134,547,5
Voin,Challenger,1855,73.5,134,556,3
Lola,,1492,73.38,134,568,3
Premium,,892,74.06,134,587,2
Zeche,,1838,72.69,133,391,2
Urmom,,1658,73.56,133,398,3
Korko,,1971,73.44,133,403,5
Rohisa,,1975,74.69,133,423,4
Booboobear,,1370,73.38,133,424,1
Linda,,1909,73.5,133,424,10
Sandra,,1968,73.56,133,429,2
Darkmoon,,1783,73.56,133,441,0
Talorcix,,1718,74.13,133,453,2
Zuda,Centurion,1896,72.44,133,464,2
Harzi,,1838,73.75,133,467,1
Ambeckett,,1876,72.88,133,473,0
Ohbaac,,1942,73.44,133,474,8
Wwwwwwwwww,,1676,74,133,504,3
Brissa,,1634,73.5,133,515,2
Zilver,,1424,73.19,133,519,1
Segrog,,1279,74.06,133,524,2
Bronze,,1010,73.25,133,543,5
Miris,,1804,74.44,133,549,6
Koryun,,1881,73.88,133,556,2
Ikugoz,,1645,73.75,133,556,0
Mnimehkehr,,1256,73.5,133,560,0
Odrak,,1421,73.69,133,561,1
Nenez,,1023,73.44,133,564,6
Elvebee,,2022,74.44,133,567,4
Katana,,1363,73.81,133,575,5
Minnoca,,1844,73.5,133,578,3
Amidamaru,,1895,73.63,133,584,3
Haha,,1886,73.38,133,597,2
Koreafleta,,1410,72.56,132,303,2
Korvani,,1947,74.63,132,357,4
Kormoly,,1891,72.5,132,402,0
Ireca,,1974,73.75,132,446,3
Korsanti,,1770,73.88,132,453,6
Anbodit,,1822,72.56,132,475,6
Korzzbb,,1959,73.5,132,502,4
Lote,,1757,73.25,132,505,6
Tankertwo,,1712,73.56,132,510,1
Korkys,,1793,73.25,132,518,4
Zana,,1303,72.81,132,519,3
Korjadu,,1881,74.06,132,530,1
Gokote,,1839,73.88,132,531,1
Jraggun,Centurion,1815,74.19,132,536,2
Cocoa,,2063,74.06,132,557,1
Korzore,,1968,73.81,132,559,4
Buleme,,1611,73.19,132,561,3
Musashi,,1698,74.31,132,586,7
Sipsy,,758,73.31,132,594,1
Kettel,,1879,73.63,132,594,4
Korhahama,,1718,72.69,132,595,3
Ambeckett,,1846,72.81,131,383,2
Pain,,2015,73.56,131,401,6
Durdi,,1897,73.69,131,409,6
Noobdog,,1682,72.81,131,414,3
Gachig,,1933,74,131,419,2
Cjay,,1540,73.75,131,423,2
Mollla,,1969,73.44,131,426,2
Frontman,,1790,72.63,131,468,1
Marionne,,811,72.88,131,472,1
Zishi,,712,73.13,131,476,5
Hunug,,1883,74.06,131,485,4
Efemera,,1462,74.38,131,491,5
Lezi,,2002,73.75,131,511,1
Wintay,,1807,73.5,131,526,3
Kate,,1901,73.81,131,531,2
Rucheyok,,1389,72.44,131,538,3
Balduria,,1706,73.63,131,539,1
Vaca,,1497,73.19,131,550,0
Seema,,1231,72.94,131,555,5
Oops,,1939,74.69,131,556,2
Darlok,,1538,74.06,131,566,4
Willyanb,,1919,73.31,131,567,6
Djonxxl,,1258,73.63,131,573,0
Zedas,,1425,73.63,131,586,0
Fagin,,1569,73.06,131,587,2
Ibajun,,1267,73.25,131,589,5
Bobe,,2054,73.44,130,232,0
Kurwa,,2100,73.75,130,253,2
Juno,,1949,73.25,130,285,2
Meri,,1464,73.5,130,301,3
Korpop,,1911,73.5,130,301,1
Chinawyf,,1803,73.31,130,308,1
Nirvana,,1755,73.19,130,315,0
Esyein,,1779,73.69,130,325,1
Pakaimask,,1906,73.44,130,326,0
Punch,,1418,73.13,130,329,1
Khan,,1941,73.94,130,335,2
Kormorning,,1845,72.44,130,348,11
Loka,,1931,72.75,130,356,1
Atadik,,1928,73.44,130,367,2
Korhit,,1869,73.38,130,371,2
Creditcard,,1881,73.06,130,376,1
Kava,,1473,72.44,130,387,2
Chinazl,,494,74.25,130,394,0
Sagar,,836,73,130,399,1
Vnhero,,1734,72.5,130,402,2
Hliwat,,1657,73.13,130,402,0
Innim,,1454,73.19,130,409,0
Korssss,,1845,73.25,130,414,1
Sarkug,,1322,72.88,130,427,0
Korvacon,,1906,73.13,130,433,0
Korqaws,,1891,73.63,130,434,6
Korwww,,1940,73,130,439,12
Mishas,,1848,73.5,130,446,1
Lilith,,1300,73.81,130,456,0
Harith,Challenger,1109,73.06,130,462,2
Bluewind,,1964,73.75,130,474,5
Abcz,,1404,72.75,130,476,2
Sara,,1812,73.69,130,492,3
Salamat,,1875,74,130,496,4
Gijiji,,936,73.31,130,508,1
Egel,,987,72.69,130,514,2
Ashasus,,1249,73.25,130,516,0
Jaran,,1137,72.44,130,518,1
Alice,,1361,73.38,130,536,2
Korsson,,1648,73,130,536,1
Bere,,1525,73.69,130,542,2
Epic,,1880,73.19,130,544,1
Tabos,,1508,73.31,130,547,3
Samsung,,1205,73,130,561,1
Blarblade,,1784,73.25,130,572,9
Ruob,,1532,72.88,130,580,6
Rose,,2041,73.13,130,589,9
Habi,,1223,73.38,130,595,5
Rudiment,,2152,74.31,129,318,3
Beshi,,1097,72.44,129,513,2
Jake,,1116,72.81,129,544,1
Lapsusbaxs,,693,72.94,129,560,2
Azuritez,,1682,73.75,129,569,1
Badak,,432,73.38,129,596,3
Kalidasa,,1397,73.69,129,599,8
Evuz,,1974,73.81,128,445,11
Korpang,,2043,73.06,128,472,5
Darshan,,1382,73.88,128,486,4
Nuzan,,1835,72.5,128,501,9
Kormelody,,1564,72.81,128,505,2
Dupre,,1978,72.69,128,512,4
Girenna,,1806,73.88,128,516,13
Hozak,,1072,72.44,128,527,0
Katuk,,867,73.06,128,529,3
Genrhys,,1561,73.44,128,530,2
Korordeje,,1729,72.88,128,532,2
Mate,,1478,72.81,128,536,1
Niovi,,536,72.81,128,540,1
Siruka,,780,73.44,128,541,3
Heri,,1738,73,128,542,5
Walter,,1162,72.31,128,544,3
Athet,,1132,72.56,128,557,7
Ddddlete,,1257,73.81,128,559,3
Bronhild,,1809,73,128,559,1
Iron,,1414,73.19,128,568,2
Korvvv,,1278,73.25,128,569,4
Broiok,,1276,72.69,128,594,12
Amos,,1355,73.94,128,597,1
Antarious,,961,72.94,128,599,1
Ortojes,,1631,72.81,127,307,3
Huaweipro,,2119,73.75,127,322,2
Lazymoron,,2026,74.69,127,334,0
Allakri,Challenger,1229,72.94,127,404,1
Chinabbbbb,,1878,73.25,127,450,9
Casacondo,,1345,72.63,127,468,5
Cule,,1065,73.38,127,469,2
Ranna,,1557,73.19,127,470,11
Ihatesleep,,722,73.25,127,485,4
Supaslow,,1827,72.56,127,517,3
Rusoul,,1675,72.13,127,517,2
Starmed,,1891,74.06,127,527,9
Rutagan,Challenger,1740,73.19,127,528,9
Jollypop,,1484,73.94,127,539,2
Wulfgar,,1016,72.75,127,541,2
Muthim,,775,72.13,127,555,1
Bbongdal,,1314,72.19,127,565,12
Sanerci,,1681,72.75,127,581,5
Kojan,,917,72.94,127,588,4
Holangi,Challenger,1652,73,127,592,0
Lewar,,1677,73.13,127,593,14
Lowkey,,493,72.5,127,595,2
Korny,,904,72.56,126,461,0
Jadu,,1651,72.94,126,461,2
Sunny,,1561,72.81,126,473,15
Ulan,,1559,73.56,126,525,12
Omog,,1555,73.94,126,532,3
Jemeg,,1200,73.13,126,533,1
Korcella,,1402,73.5,126,541,8
Eustachy,,1748,73.25,126,546,1
Kent,,1857,72.56,126,547,4
Smerch,,1524,72.88,126,553,2
Reme,,1744,73.63,126,561,4
Goriak,,1054,71.56,126,570,0
Vugram,,1345,73.31,126,571,0
Danby,,1368,73.31,126,576,8
Luck,,2007,72.56,126,581,7
Hithe,,944,72,126,583,2
Storm,,1368,72.94,126,585,4
Yuri,,1849,73,125,206,1
Tibrek,,1957,72.75,125,226,1
Jeffrey,,2050,72.63,125,232,3
Liana,,1325,72.94,125,238,0
Time,,1801,73.31,125,240,1
Korsf,,1917,74.38,125,263,2
Psyche,,1995,73.69,125,265,0
Jinnulli,,1710,72.81,125,278,0
Zaten,,1483,72.88,125,295,3
Hero,,1675,72.81,125,297,1
Rina,,1761,73.25,125,304,0
Eriri,Challenger,1869,73.38,125,307,0
Genieus,,1904,73.63,125,336,1
Korelviwb,,1888,73,125,349,0
Bonnie,,1034,72.81,125,356,0
Heroina,,1456,72.88,125,356,1
Otosa,,1480,73.38,125,357,0
Sylviani,,834,73.75,125,358,0
Daggers,,1866,72.88,125,366,4
Love,,1571,73.13,125,367,5
Krmindal,,1886,73.44,125,369,2
Ethus,,1657,72.75,125,374,0
Iskateli,,1280,73.44,125,385,1
Nekron,,581,72.88,125,390,0
Buniz,,1369,73.31,125,404,0
Soda,,1597,73.44,125,410,3
Garthok,Challenger,1886,73.38,125,411,1
Korgod,,1646,72.69,125,434,4
Sacez,,1320,72.25,125,444,2
Vaja,,1450,73.13,125,444,0
Odrid,,1607,72.56,125,449,1
Korjj,,1900,72.94,125,478,6
Dorko,,1875,73.5,125,480,3
Onnuvrum,,1458,72.5,125,492,8
Meseg,,1436,72.63,125,493,3
Ezashi,,1344,72.38,125,503,1
Seti,,1500,73.19,125,504,0
Ojan,,1459,73.88,125,504,3
Temponi,,1335,73.19,125,513,0
Zolle,,1641,73.06,125,548,1
Wystelle,,1684,73.31,125,556,2
Dirtyvla,,1310,73,125,557,5
Koryoo,,1891,73.81,124,269,1
Newbie,,1557,72.69,124,341,1
Hera,,1353,73.06,124,382,0
Senesh,,1815,72.94,124,392,7
Athilig,,1177,72.38,124,444,1
Arduk,,1932,73.31,124,446,0
Sajom,,1444,73.13,124,487,2
Griffin,,1904,72.38,124,494,7
Nazos,,1730,72.25,124,506,2
Othom,,1615,73.06,124,524,1
Kubikra,,1656,73.5,124,537,1
Javren,,1335,71.81,124,540,0
Koriooi,,1363,72.63,123,346,2
Toga,,860,72.69,123,381,3
Yrsys,,788,73.13,123,383,0
Helepelu,,1779,73.44,123,392,3
Eeeeeeeeee,,861,73.63,123,408,1
Liiii,,1232,72.75,123,411,1
Sanna,,1549,72,123,411,1
Kordokgo,,1614,73.13,123,412,3
Gigi,,1245,72.69,123,412,1
Ruka,,2021,73.44,123,420,2
Kortobi,,1763,72.56,123,440,2
Goca,,1442,72.25,123,455,2
Korhibe,,928,73.06,123,457,0
Korjh,,1222,72.94,123,460,1
Athena,,985,72.38,123,469,6
Ikokid,,1494,72.88,123,471,7
Mario,,1714,72.56,123,489,4
Sishiji,,883,72.25,123,490,1
Obsidium,,1783,73.13,123,496,2
Lamb,,1637,72.81,123,498,14
Korblue,,1075,72.81,123,503,13
Emal,,1383,72.75,123,503,2
Baikaishui,,1223,72.5,123,509,3
Kitara,,747,71.38,123,509,5
Malvado,,1017,72.19,123,512,1
Kinnu,,1863,72.69,123,526,6
Karza,,1264,72.44,123,535,10
Daaroo,,1366,72.81,123,536,3
Oshacum,,1032,72.81,123,539,2
Deki,,1580,72.5,123,545,4
Oxonito,,710,73,123,546,1
Ododok,Challenger,856,73.56,123,547,3
Weeble,,1660,73.69,123,551,3
Adrenni,,815,72.56,123,559,5
Kenoma,,737,73.75,123,561,2
Moypasan,,1200,72.63,123,566,3
Dirgez,,1630,73.81,123,568,3
Cabatha,,999,73.69,123,569,2
Ecaz,,1663,72.25,123,571,4
Putina,,832,72.31,123,572,2
Bbcooper,,699,73.19,123,580,6
Bima,,851,72.06,123,582,1
Ozas,,1935,74.19,123,585,8
Miso,,723,73.75,123,596,4
Bilibili,,1939,73.88,122,324,5
Casak,Challenger,1580,72.44,122,401,0
Chanksi,,1372,73.38,122,426,3
Mobak,,1458,72.88,122,431,2
Damian,,1304,72.63,122,445,10
Amunne,,790,72,122,470,3
Belphegor,,1539,72.63,122,507,4
Kairayn,Challenger,567,71.75,122,521,1
Ebrame,,997,72.56,122,522,1
Bona,,811,71.56,122,560,2
Gidna,,820,72.69,122,566,12
Lukita,,1321,72.75,122,579,5
Liza,,1287,71.25,122,584,8
Kornewbal,,1474,73.44,121,378,7
Korjaji,,1171,73.06,121,380,1
Ibirtag,,887,72.44,121,380,0
Kornewbie,,1900,73.13,121,407,3
Maxeventy,,985,72.88,121,413,5
Reloca,,783,71.75,121,418,5
Gunzu,,1206,72.69,121,419,0
Icothi,,1256,73.56,121,425,2
Alkonavt,,422,72.94,121,429,4
Acok,,1840,73.31,121,436,1
Scrub,,1347,72.56,121,437,2
Zesa,,1260,72.94,121,441,2
Ares,,699,72.56,121,448,3
Tuvre,,1468,73.13,121,469,4
Tyrho,,1319,72.44,121,476,5
Noname,,970,72.13,121,478,4
Odin,,1695,73.5,121,485,0
Aaaaa,,744,72.19,121,498,0
Erzol,Challenger,486,71.75,121,503,2
Melim,,1748,73.19,121,505,14
Zurge,,1220,72.75,121,515,2
Teduk,,490,72.75,121,518,2
Hezi,,1108,73.25,121,518,1
Onivra,Challenger,980,72.81,121,522,1
Arobam,,1761,72.94,121,523,2
Hungvn,,1242,72.19,121,527,6
Haki,,1139,72.56,121,536,2
Rokuk,,1621,72,121,552,2
Saba,,955,73.25,121,554,17
Odozzzz,,1261,73.13,121,559,2
Odin,,709,73.38,121,563,1
Vethunra,,1341,73.13,121,574,6
Youmu,,673,71.31,121,575,5
Dumakra,,1290,72.75,121,579,1
Menri,,787,72,121,585,3
Nathan,,1054,73.5,121,590,11
Hamstercl,,1070,72.63,121,591,0
Caca,,722,73.25,121,593,0
Vollhonk,,725,73.06,121,596,1
Tela,,852,73.38,121,596,9
Osoged,,1303,72.69,121,598,10
Anortin,,1018,73.19,121,599,11
Takiexp,,1787,73.31,120,189,0
Edrarze,,1383,74.44,120,220,1
Tooslow,,2043,72.69,120,222,0
Icevrud,,1465,73,120,253,0
Saint,,1451,73.19,120,255,0
Labi,,1718,73.69,120,258,0
Annie,,1734,72.75,120,264,0
Kormamamia,,1246,73.44,120,264,4
Korciel,,1513,72.81,120,265,1
Ebethon,,1156,72.56,120,279,2
Ruparaga,,2094,73,120,281,11
Ellovre,,1642,72.63,120,284,0
Athata,,1471,72.44,120,290,0
Hodnin,,1321,72.81,120,295,0
Korandowin,,1705,73.44,120,296,0
Curcal,,1375,73.13,120,296,4
Busot,,792,73.38,120,300,0
Parkkun,,1252,72.38,120,301,0
Korzer,,1821,72.44,120,310,1
Cuchik,,1641,72.69,120,314,0
Gotti,,1679,72.38,120,318,0
Ragnar,,772,73,120,318,0
Korjunwoo,,1470,72.19,120,323,1
Anrhfflq,,1352,72.56,120,333,0
Rerdahi,,1531,73,120,338,4
Babo,,1666,72.25,120,344,5
Kordn,,1889,71.56,120,349,7
Tone,,980,71.31,120,350,2
Lilynguyen,,1604,71.75,120,351,1
Robiba,,511,72.56,120,358,1
Pooty,,1090,71.19,120,362,0
Trumpsux,,1225,72.5,120,364,3
Korjaja,,1620,72.56,120,365,2
Gathe,,1042,73.25,120,372,1
Idim,,877,72.63,120,374,8
Delete,,1202,72.94,120,376,0
Oluda,,1963,73.19,120,377,2
Venniche,,1626,72.69,120,385,4
Gazi,,878,72.63,120,388,0
Clarie,,1540,72.5,120,389,0
Rose,,1109,73.31,120,396,14
Arin,,1589,72.75,120,400,10
Bear,,1652,72.94,120,406,5
Koreaaa,,1196,73.06,120,412,2
Agra,,1239,72.19,120,413,3
Poly,,1784,73.44,120,417,4
Runa,,1480,73.69,120,419,1
Tunnil,,1455,73.06,120,421,0
Jega,,1146,71.5,120,422,4
Kenny,,626,71.88,120,426,0
Ranola,,1821,72.56,120,434,1
Nevi,,912,73.31,120,450,9
Onacha,,1055,73.19,120,450,4
Valkyrie,,1206,71.63,120,453,3
Tele,,1420,72.75,120,454,17
Finntroll,,1142,72.63,120,456,1
Yria,,1874,72.94,120,470,6
Kirinra,,1864,72.31,120,470,8
Deme,,1817,73.63,120,474,10
Ssugle,,1042,72,120,476,1
Zere,,1949,74.5,120,477,0
Mare,,1329,73.19,120,479,4
Korsky,,984,73.31,120,479,1
Kuvri,,841,72.06,120,486,0
Slack,,1135,73.88,120,491,7
Ciri,,636,72.56,120,493,0
Sukri,,855,72.88,120,494,1
Maxspeed,,865,72.69,120,501,4
Qxxsxxp,,638,70.94,120,502,5
Korteam,Challenger,1675,72.75,120,509,23
Lannig,,673,72.19,120,516,0
Azos,,1129,73.19,120,520,5
Temp,,1149,73.19,120,521,7
Gagoboang,,1050,71.19,120,532,0
Kkuri,,1264,73.06,120,532,5
Duke,,499,72.44,120,543,1
Ninica,,817,72.56,120,547,0
Experience,,1535,73.06,120,549,0
Ochol,,1181,72.56,120,551,5
Zona,,868,72.56,120,557,2
Izag,,695,72.88,120,558,0
Killefre,,699,72.31,120,565,1
Caca,,1145,71.88,120,583,0
Mokehi,,1816,72.5,119,382,10
Grinder,,877,72.44,119,418,1
Korhit,,1472,72.56,119,506,2
Jazi,,1175,72.69,119,520,0
Erdikam,,1327,72.75,119,555,5
Jabe,,715,72.56,119,566,1
Okrata,,889,72.81,119,577,3
Ladyluck,,1216,73.13,119,592,1
Berdan,,911,72,118,319,1
Gobe,,1240,72.69,118,369,2
Zebulon,,785,73.69,118,381,3
Beercules,,723,72.38,118,381,1
Nickname,,1937,73.13,118,402,1
Taykoe,,1457,73.38,118,414,1
Andromeda,,954,72.75,118,427,2
Zukek,,1194,73.06,118,446,0
Ecoz,,1007,71.63,118,473,3
Metuke,,1163,72.38,118,490,4
Igalli,,444,72.63,118,532,5
Isherki,,1172,72.25,118,535,2
Kojote,,612,73,118,540,2
Atuha,,655,72.31,118,540,2
Meggsy,,1056,72.56,118,544,12
Ivos,,780,73,118,546,24
Mardmax,,984,72.38,118,553,4
Lenni,,634,71.38,118,553,2
Ogod,,694,71.88,118,556,6
Genos,,1079,72.06,118,560,11
Zekrima,,1250,72.5,118,561,6
Moshas,,1252,71.94,118,566,1
Iridnus,,573,72,118,576,3
Slade,,707,72.75,118,581,6
Muja,,1505,72.75,118,582,6
Octo,,1253,71.44,118,586,3
Dedni,,814,72,118,594,4
Leon,,1370,72.31,117,269,4
Seeeb,,1499,72.38,117,301,5
Kame,,1309,72.94,117,323,3
Strangeluv,,1598,73.38,117,384,1
Igrum,,1072,72.44,117,463,4
Ebant,,1401,72.44,117,495,5
Agrit,,1085,73.06,117,501,3
Byechunne,,1122,72,117,503,8
Ozora,,1112,71.5,117,505,3
Korg,,828,72.88,117,506,10
Takrik,,633,72.25,117,512,2
Tesam,,1346,73.38,117,525,2
Jakira,,791,72.38,117,527,9
Rings,,1175,71.88,117,531,3
Hana,,1312,72.13,117,538,5
Cath,,701,72.31,117,558,3
Night,,1519,72.88,117,582,9
Xidnlst,,1421,72.31,117,591,2
Tetrax,,1633,71.94,116,333,6
Tien,,1144,72.13,116,369,1
Vgfdgjj,,1012,72.75,116,402,2
Korsky,,695,72.75,116,409,2
Fuzzy,,1108,72.5,116,416,7
Kondon,,674,72,116,449,3
Zubi,,536,73.44,116,482,3
Efran,,938,71.25,116,486,2
Nushoni,,953,72.5,116,499,0
Dehi,,980,73.75,116,515,5
Gonadius,,638,73.06,116,518,2
Avoz,,760,70.63,116,520,1
Glad,,1137,71.88,116,520,4
Muta,,927,72.31,116,526,6
Lati,,1048,71.75,116,526,7
Duongvnn,,922,72.69,116,529,2
Zazi,,466,71.63,116,535,8
Erad,,778,72.69,116,556,7
Noel,,839,73.31,116,559,2
Gakrok,,757,72.94,116,561,9
Mango,,1806,72.38,116,567,2
Qrionzigi,,572,72.81,116,570,6
Swiftblade,,683,71.44,116,574,15
Noroo,,1346,71.88,116,575,3
Ajeci,,817,72,116,576,2
Rovi,,805,72.69,116,581,2
Zahra,,574,72.63,116,581,2
Fatbiatch,,656,71.88,116,582,5
Zasham,,459,72.88,116,593,16
Mejak,,682,71.94,116,597,1
Babs,,1170,73.88,115,198,0
Tosa,,1357,73,115,203,0
Hikra,,1188,73.5,115,212,0
Gajikri,,692,73.56,115,229,0
Abaz,,1434,72.5,115,232,0
Juggernut,,1304,71.94,115,233,8
Dogefather,,1327,73.13,115,249,0
Jozi,,1609,71.69,115,255,1
Chinawyl,,1442,72.63,115,262,2
Suti,,1366,72.81,115,263,2
Arcom,,1874,72.88,115,279,5
Aura,,791,72.75,115,280,4
Drakans,,1106,72.31,115,282,0
Elut,,812,73.19,115,282,0
Argento,,817,74.25,115,288,1
Goldpayhez,,599,72.63,115,288,0
Korkiller,,1516,72.88,115,292,2
Icig,,1323,71.75,115,296,1
Pukus,,611,72.5,115,298,3
Kutha,,1599,72.44,115,298,1
Buze,,1122,72.63,115,306,6
Cejisha,,1347,73.25,115,308,2
Aleksei,,1230,72.06,115,309,0
Doci,,389,72.13,115,311,0
Okalen,,318,74.5,115,314,1
Duji,,1298,72.31,115,315,2
Griffith,,1119,72.94,115,324,0
Mabel,,752,72.25,115,325,0
Ruevent,,754,72.56,115,327,1
Kordojes,,1638,73,115,329,4
Soga,,1080,72.69,115,332,3
Nalee,,586,70.69,115,336,0
Suzakri,,1179,73.25,115,345,3
Toto,,1901,72.5,115,353,13
Laffcarla,,1731,73.5,115,353,2
Bobo,,547,71.63,115,355,2
Mudi,,1054,71.81,115,367,6
Oshannet,,1782,73.31,115,368,1
Cimoda,,796,73.38,115,373,9
Ajossi,,1274,72.56,115,373,8
Bube,,1019,72.31,115,376,0
Huke,,1014,71.5,115,382,4
Ezad,,1288,72.25,115,386,1
Imere,,564,72.25,115,394,6
Lenfaki,Challenger,987,72.56,115,405,0
Trebor,,736,72.5,115,413,2
Ronja,,1543,72.94,115,414,21
Athecuz,,1204,73.31,115,417,7
Lapeppa,,1266,72.25,115,418,1
Erim,,742,72.88,115,427,1
Nameless,,817,72.88,115,446,1
Strike,,518,71.75,115,451,0
Test,,626,72.25,115,461,1
Jidun,,689,72.75,115,462,0
Korgoleein,,582,71.94,115,471,28
Cargosa,,1656,72.13,115,473,2
Teda,,839,73.44,115,476,3
Korkim,,1426,72.94,115,484,24
Jaxson,,1009,72.25,115,499,1
Nazgul,,933,72.5,115,500,4
Chilly,,976,71.44,115,504,2
Ovrore,Challenger,450,72.44,115,507,13
Gizmo,,836,72.38,115,509,2
Brook,,837,72.25,115,511,0
Nivi,,1052,72.56,115,512,1
Elise,,1091,72.81,115,524,5
Vemane,,1039,72.69,115,530,12
Lortota,,573,72.25,115,531,4
Tucat,,443,73.13,115,540,6
Ursule,,1108,72.75,115,543,6
Rulon,,1755,72.88,115,545,12
Cuti,,710,71.63,115,558,6
Bufrin,,1027,73.06,115,576,1
Sudnole,Challenger,790,72.06,115,583,1
Geri,,529,71.56,115,592,0
Gaosmash,,1638,72,114,286,2
Majestic,,882,73.19,114,494,3
Ecul,,663,72.63,114,550,7
Jili,,418,71.13,114,563,0
Vytas,,1084,71.81,114,565,8
Korlini,,1426,72.56,114,586,20
Idas,,1542,72.5,113,199,0
Iron,,1104,72.56,113,236,1
Ueueueueu,,1057,72.19,113,308,1
Valkyrie,,1655,73,113,334,7
Filina,,1154,72.19,113,366,1
Dunichtich,,744,72.38,113,371,8
Poppy,,558,72.63,113,385,1
Oleg,,992,71.5,113,390,0
Bollum,,538,72.13,113,398,1
Sage,,996,73,113,411,1
Gathetha,,1526,71.81,113,417,2
Runuba,,694,72.25,113,422,1
Idnorken,,578,72.13,113,422,3
Kumamaku,,842,72.56,113,432,3
Zhanshi,,1228,71.94,113,432,3
Zala,,1312,72.75,113,439,25
Luriz,,785,71.63,113,449,6
Dackfayden,Challenger,729,71.06,113,452,1
Kaldalis,,1088,71.88,113,453,0
Ergishoz,,825,71,113,475,8
Ruletka,,380,71.75,113,477,2
Ggggg,,733,71.31,113,484,2
Trialthree,,503,72.38,113,485,1
Kenji,,916,71.56,113,493,2
Dramali,,875,71.25,113,494,0
Ithina,,530,71.63,113,505,4
Tera,,792,72.56,113,506,5
Jason,,843,72.94,113,509,3
Abote,,508,71.75,113,511,1
Alefred,,538,71.88,113,525,5
Momoka,,814,72.5,113,526,1
Imurta,,497,71.69,113,534,2
Nettles,,1221,72,113,543,4
Sura,,999,71.88,113,544,6
Zirdunre,,637,72.25,113,544,5
Livre,,556,72.44,113,546,2
Idok,,1010,70.88,113,558,1
Amosis,,1520,73.13,113,560,0
Orezit,,620,71.44,113,560,3
Vuthoha,,442,72.31,113,576,3
Erock,,348,72.69,113,577,2
Meatfreak,,549,72.06,113,579,0
Mone,,655,72.38,113,583,2
Event,,648,71.06,113,583,8
Akame,,1151,71.94,113,587,3
Mubri,,856,71.56,113,589,9
Devil,,637,70.75,113,591,3
Zevrom,,735,71.75,113,591,9
Aguz,,1013,72.31,113,594,1
Lala,,667,71.5,113,597,2
Vicuti,,1111,71.5,113,598,1
Kkkkk,,800,72.25,112,339,3
Immortal,,1463,71.38,112,378,1
Alnitak,,938,72.5,112,398,1
Slasher,,902,72.38,112,398,1
Bmwxseries,,1624,71.31,112,419,20
Irgam,,549,71.88,112,432,2
Martis,,559,72.31,112,438,3
Kesswar,,926,71.5,112,440,21
Burma,,630,72.69,112,513,7
Kongs,,1155,71.19,112,517,7
Hidam,,514,71.69,112,518,2
Korlovesia,,1194,72.56,112,524,5
Zeba,,1288,72.88,112,528,5
Fixed,,823,72.63,112,546,5
Mome,,545,70.75,112,550,1
Roshem,,708,71.25,112,564,7
Jobrig,,594,72.06,112,570,1
Ovozit,,668,71.75,112,571,1
Obergoz,,514,72.13,112,575,3
Jack,,760,72.81,112,575,2
Rivreg,,515,71.5,112,579,1
Alexlenh,,882,72,112,584,5
Icetik,,752,71.5,112,591,1
Ahokon,,787,72.44,111,253,3
Cocytus,,1097,72,111,342,3
Xena,Challenger,1027,72.38,111,355,1
Fruitpunch,,1091,72.06,111,382,1
Noname,,1066,74.63,111,436,4
Cesi,,1208,72.13,111,444,15
Vivrat,,744,71.19,111,446,4
Cavri,,519,71.69,111,459,7
Togot,,1127,71.38,111,466,3
Saynotoccp,,1181,72.63,111,466,0
Mekron,,689,71.44,111,483,3
Achilles,,548,73.25,111,484,0
Chinalz,,1334,73.13,111,484,6
Tejove,,519,70.25,111,502,1
Arzachi,,527,71.81,111,502,1
Hache,,762,72.75,111,517,1
Ffff,,1181,71.69,111,526,6
Miryam,,514,71.63,111,528,0
Covin,,476,73.5,111,535,0
Aswqww,,743,72.06,111,539,5
Ramit,,421,72.44,111,543,4
Rogue,,590,72.63,111,544,2
Marigr,,1242,72.13,111,550,3
Aurelia,,942,73.38,111,551,5
Hopper,,571,72.81,111,562,1
Kubuz,,683,72.13,111,568,4
Repinuj,,582,72.81,111,573,7
Valkyron,,650,74,111,574,4
Arel,,1431,71.94,111,581,1
Dedrethe,,584,71.5,111,582,2
Hekatori,,1497,71.75,111,588,3
Kimyao,,482,71.06,111,590,1
Hihez,,1044,71.81,111,594,2
Degreba,,526,72.69,111,595,4
Kata,,898,72.5,111,598,1
Ekonon,,2110,73.63,110,57,0
Norca,,2024,72.94,110,67,0
Korco,,2037,73.5,110,81,0
Nemesis,,1953,73.19,110,95,0
Korysw,,1762,72.38,110,104,0
Romme,,2049,73.06,110,104,4
Abner,,2072,73.13,110,118,0
Deadpool,,892,72.38,110,131,0
Tartez,,2049,73.56,110,136,4
Ejovud,,1562,72.88,110,146,0
Ampetamine,,1660,72.63,110,152,1
Land,,1477,73.44,110,165,3
Samsung,,1165,72.63,110,168,1
Rurcat,,1580,72.5,110,168,0
Edigen,,1017,73.06,110,174,1
Kekehi,,769,72.63,110,178,3
Dogecn,,718,73.94,110,178,0
Luthid,,1061,72.63,110,185,3
Monocarpic,,361,72.38,110,186,1
Natalina,,1173,72.63,110,190,2
Araz,,1448,72.25,110,191,6
Kodiz,,915,72.63,110,192,1
Ncoevega,,999,72.19,110,193,0
Korvalor,,1972,72.88,110,193,11
Jella,,1772,72.13,110,194,3
Ssadssori,,1220,72.81,110,197,1
Varda,,1231,71.5,110,200,2
Noge,,558,71.75,110,200,0
Orkohid,,1958,72.38,110,203,9
Doret,,1455,71.94,110,205,1
Dortog,,1777,72.94,110,208,2
Orisha,,519,72.31,110,209,0
Arodil,,1237,71.19,110,209,1
Nala,,1607,72.69,110,210,0
Korace,,1365,72.69,110,216,3
Gole,,912,71.5,110,227,1
Abednag,,1066,72.69,110,228,0
Kodam,Challenger,1346,72.56,110,232,16
Trippah,Challenger,707,73.31,110,237,0
Asesina,,1028,72.31,110,237,2
Mousse,,1243,72.13,110,240,0
Ceki,,1356,71.81,110,242,5
Ariz,,590,72.88,110,248,2
Tristan,,896,72.06,110,264,0
Thronnnnnn,,903,71.5,110,264,0
Arawn,,964,72.5,110,265,1
Jishe,,736,71.81,110,267,0
Anek,,1625,73.13,110,269,3
Kokclc,,994,71.5,110,269,2
Kortirdi,Challenger,1739,72.63,110,270,19
Yongdragon,,1029,71.81,110,273,0
Odee,,1496,72.63,110,274,3
Curke,,1163,71.69,110,274,1
Eshurdot,,825,72.13,110,281,3
Kiki,,968,71.75,110,282,1
Ikin,,966,73.38,110,288,1
Kige,,978,71.56,110,292,0
Champion,,750,72.13,110,293,5
Ozel,,842,71.06,110,298,3
Zeoul,,1057,72.69,110,298,4
Evodog,,1038,71.44,110,299,1
Nara,,550,72.19,110,299,0
Anbtoon,,1090,72.56,110,304,1
Runa,,1685,73,110,310,14
Orum,,1183,72.56,110,312,3
Izan,,905,72.5,110,313,2
Djzt,,1101,71.75,110,313,5
Orzochel,,1439,72.75,110,314,2
Hella,,768,73,110,315,0
Tuva,,782,72.5,110,317,5
Vunre,,873,73.31,110,317,0
Delete,,654,71.88,110,320,0
Atebas,,1377,71.81,110,322,3
Izan,,1733,73.31,110,326,2
Damage,,1272,71.31,110,328,5
Agotha,,531,72.63,110,328,1
Jessica,,380,71.69,110,331,6
Riheve,,909,72.25,110,335,0
Munnut,,841,75.19,110,339,0
Lizbeth,,769,72.25,110,341,9
Chinaddup,,1042,71.06,110,341,1
Tode,,1477,72.06,110,342,9
Vonne,,843,71.25,110,344,0
Breakstuff,,1481,72.13,110,349,30
Mypsj,,566,70.75,110,351,0
Nihurca,,1318,72.69,110,352,4
Acerkuk,,690,72.13,110,352,0
Crazyfrog,,574,70.94,110,353,0
Ezirzug,,592,72.75,110,355,0
Liness,,617,71.25,110,357,3
Anbtoon,,1296,72.38,110,357,0
Amin,,733,72.44,110,358,0
Bedri,,1447,71.75,110,360,5
Zethargi,,1025,72.75,110,360,0
Huodong,,373,71.56,110,364,2
Ginrek,,1034,72.25,110,369,0
Hithoka,,403,72.44,110,370,1
Adunakat,,969,71.19,110,370,2
Mogrid,,306,72,110,372,0
Luha,,457,71.81,110,373,0
Ircorcok,,785,72.75,110,376,0
Aduded,,713,72,110,377,1
Wwwo,,493,70.69,110,377,0
Vegemite,,1014,72.63,110,379,0
Ortese,,1388,72.75,110,381,6
Idneban,,937,72.69,110,381,1
Winny,,580,71.38,110,383,0
Dagon,,1296,72.44,110,384,2
Iamlegend,,960,72.75,110,384,14
Nvwarior,,1019,71.38,110,386,1
Imos,,614,72,110,390,0
Tempelle,,480,71.75,110,392,0
Badre,,530,71.69,110,392,1
Irregular,,496,71.75,110,393,12
Harke,,567,72.63,110,393,0
Dewiperang,,937,71.88,110,395,1
Osiz,,398,72.44,110,398,0
Banana,,835,72.5,110,398,1
Icubam,,461,72.31,110,404,1
Ogrez,,991,72.38,110,405,21
Ardisi,,530,72.31,110,406,5
Kitha,,533,73.25,110,409,1
Rakarda,,1134,72.75,110,410,2
Vimik,,1246,70.94,110,411,1
Maje,,513,71.94,110,412,1
Ilabi,,1332,72.44,110,418,0
Emut,,916,73.5,110,419,3
Ovrala,,885,72,110,420,3
Bigbang,,576,72.19,110,420,0
Lotura,,580,71.88,110,424,0
Kabrit,,752,71.69,110,427,0
Zumonni,,502,72.13,110,427,0
Cobred,,1257,72.5,110,428,3
Sorrow,,988,73.25,110,434,3
Chris,,1181,72.94,110,437,1
Fellatrice,,424,72.56,110,438,0
Akiela,,1060,71,110,446,0
Zokhan,,926,72.56,110,447,0
Nirci,,406,71.75,110,453,7
Bunnunra,,571,72.25,110,459,1
Blah,,337,71.25,110,460,0
Natha,,456,72.63,110,465,1
Amut,,394,72.94,110,472,0
Kothadi,,562,72.06,110,475,18
Oooooooo,,908,71.94,110,476,0
Zack,,435,71,110,479,2
Pastel,,1621,73.19,110,481,0
Hazurte,,731,71.44,110,481,3
Hoho,,1097,72.75,110,485,6
Babo,,452,72,110,499,1
Bagret,,1081,73.56,110,502,0
Sonroha,,1031,71.75,110,504,13
Sime,,820,72.44,110,505,3
Kugerca,,637,72.38,110,509,2
Laduhe,,738,71.31,110,521,1
Gunda,,778,72.13,110,524,0
Gypsy,,1026,70.88,110,527,3
Athos,,424,70.88,110,537,2
Onnila,,1061,71.63,110,538,0
Camillez,,675,71.19,110,542,2
Topo,,1566,71.38,110,549,21
Suhuca,,335,71.25,110,557,2
Eral,,557,72.25,110,558,3
Ciselle,,762,72.25,110,560,5
Zuval,,459,71.81,110,568,1
Lycan,,676,70.88,110,576,3
Sona,,511,71.75,110,599,1
Samus,,1488,72.63,109,281,1
Arezal,,1228,71.25,109,456,7
Vovra,,1259,71.06,109,486,8
Farmme,,591,71.88,109,509,8
Korbbq,,940,70.69,109,535,2
Revil,,489,71.13,109,549,1
Animus,,988,72.38,109,550,10
Wazzup,,532,71.5,109,557,2
Athon,Challenger,960,72.44,109,587,4
Kerdafra,,1251,71.06,108,382,0
Lucy,,468,71.44,108,389,0
Logen,,1181,71.25,108,392,1
Cames,,469,71.69,108,415,2
Derho,,551,71.56,108,428,1
Emurdot,,262,71,108,440,2
Hogis,,438,71.56,108,443,1
Fjews,,378,71.75,108,468,7
Siochaire,,1179,72.88,108,482,3
Emive,,673,71.75,108,482,10
Lmand,,386,71.88,108,492,2
Mire,,961,72.19,108,492,3
Rirtit,,753,72.38,108,499,10
Izucil,,1499,71.75,108,504,5
Scilla,,1005,71.06,108,511,2
Soso,,707,72.06,108,513,1
Nijodni,,712,71.63,108,514,1
Brutal,,469,71.94,108,525,3
Goza,,884,72.25,108,526,2
Laborne,,789,71.94,108,543,6
Dirtyfeet,,1067,73.25,108,544,2
Sena,,1392,71,108,544,7
Ezoca,,869,71.81,108,554,0
Emella,,635,71.25,108,560,4
Xxxx,,444,72.56,108,574,6
Tigirdi,,585,70.81,108,576,4
Testool,,1312,70.56,108,585,22
Denaya,,436,72.13,108,587,1
Dece,,1100,73.38,108,588,3
Kame,,783,71.81,108,598,3
Iged,,1140,71.56,107,380,10
Therealwwe,,552,72.13,107,425,0
Ranaz,,493,72.44,107,457,6
Adejus,,777,72.31,107,481,3
Quoro,,611,72.69,107,508,2
Gggg,,1382,70.69,107,509,8
Temporary,,1096,71.44,107,509,1
Giga,,592,71.69,107,520,0
Hasille,,580,72.88,107,558,3
Vude,,576,71.63,107,561,0
Baam,,753,71.38,107,564,17
Time,,1024,71.31,107,568,10
Livun,,408,71.56,107,571,0
Tibul,,443,72.19,107,576,5
Sexy,,554,71.69,107,584,0
Dogruz,,467,71.94,107,591,2
Surcuzi,,1754,72.94,106,116,7
Mesi,,1406,72.81,106,241,2
Jingles,,1356,72.5,106,347,2
Omac,,627,71.81,106,352,7
Evekem,,727,71.81,106,362,4
Bronzeman,,1227,72.06,106,402,3
Lega,,415,71.5,106,403,2
Pretty,,455,72.06,106,412,8
Ballz,,525,72.5,106,422,1
Tothemoon,,940,71,106,428,6
Tirziva,,1254,71.88,106,447,5
Vikra,,636,71.56,106,458,1
Hanraha,,935,71.06,106,458,3
Tami,,958,71.94,106,462,2
Thumper,,1272,72.56,106,471,2
Kkkk,,1007,72.75,106,481,3
Warshoxx,,423,70.75,106,523,3
Haron,,973,71.31,106,530,0
Lanfear,,580,71.69,106,551,7
Deka,,640,72.63,106,555,4
Mapa,,468,72.44,106,563,2
Kagi,,508,72.56,106,564,2
Keral,,949,71.13,106,569,2
Otoclave,,489,71.5,106,576,6
Lilit,,882,71.44,106,579,7
Chinav,,1769,73.38,105,35,0
Cold,,2081,73.44,105,36,0
Ferrari,,2097,73.5,105,38,0
Bine,,2066,74.31,105,40,0
Umbradei,Warlord,1368,73.13,105,64,0
Domdom,,1739,73.06,105,66,0
Besa,,1731,72.81,105,67,0
Surdane,,1288,73.19,105,77,1
Mosa,,2017,72.94,105,86,3
Vita,,1955,73,105,92,0
Ladud,,1318,73,105,97,1
Izurdi,,1301,72.56,105,125,0
Mibis,,1200,71.81,105,131,1
Razeca,Challenger,1743,72.38,105,136,1
Korsso,,1082,72.94,105,153,0
Qnfrk,,871,71.81,105,161,1
Phni,,1004,72.56,105,187,2
Buka,,1455,72.81,105,196,1
Zerzudra,,1137,71.69,105,218,0
Clipse,,1290,72,105,226,0
Musha,,771,70.88,105,232,1
Lasky,,857,71.69,105,238,1
Vece,,575,71.13,105,280,7
Veci,,629,72,105,281,1
Korgorebab,,1028,72.44,105,284,12
Cilli,,617,71.19,105,289,0
Gronk,,943,70.75,105,304,0
Azeke,,907,71.38,105,309,3
Ezergat,,854,72.75,105,316,0
Zoids,,539,70.81,105,318,0
Kishi,,691,71.19,105,324,0
Sett,,960,71.06,105,357,4
Iruza,,596,72.56,105,365,0
Anuk,,1228,71.31,105,369,0
Bronzewar,,696,71.5,105,379,1
Tootoo,,548,71.5,105,388,0
Gertrud,,502,71.19,105,417,0
Mroc,,685,70.44,105,417,1
Bartos,,815,70.75,105,422,0
Wargesha,,580,71.19,105,437,0
Double,,589,72.25,105,448,0
Arcezim,,298,70.88,105,450,4
Monok,,332,69.63,105,451,3
Lindasah,,667,71.44,105,459,2
Ivos,,788,72.94,105,505,2
Lere,,962,72.5,105,528,5
Brak,,1320,72.38,105,552,52
Frifaire,,390,70.5,105,555,4
Korzoro,,454,70.56,105,576,6
Measgolas,,550,71.75,105,586,8
Iven,,429,71.44,105,587,6
Agrirkil,,689,72.25,105,592,1
Kuka,,1094,71.44,105,596,25
Inned,,417,72.25,104,341,1
Ononi,,1122,72,104,347,4
Freonix,,510,74.75,104,387,0
Fredek,,515,72.44,104,391,1
Voti,,377,71.19,104,434,2
Bushpoker,,961,72,104,445,5
Cori,,502,72.19,104,487,0
Renneci,,693,70.94,104,503,5
Kuhud,,344,72.5,104,530,8
Zarna,,578,71,104,534,0
Eventhero,,750,72.19,104,539,13
Arid,,491,71.31,104,550,1
Werner,,540,71,104,575,0
Eventra,,519,70.75,104,590,4
Event,,264,70.94,103,369,1
Toomaniii,,878,71.75,103,374,2
Rothubri,,627,72.06,103,378,2
Kiiii,,612,71.19,103,380,2
Eventhero,,804,72.25,103,386,0
Newevent,,1052,71.75,103,419,3
Asriel,,312,71.81,103,426,2
Bytha,,648,71.63,103,434,1
Karta,,1028,72.94,103,441,3
Lekuk,,684,72.5,103,446,0
Korgal,,708,71.56,103,450,8
Jisrif,,460,71.69,103,452,3
Mohul,,894,71.94,103,485,1
Jilla,,605,71.81,103,487,1
Itishog,,295,70.56,103,494,2
Lastjumper,,899,71.69,103,502,2
Help,,646,70.94,103,503,2
Korartifac,,954,71.44,103,513,11
Nala,,1038,71.56,103,516,2
Korxman,,635,70.69,103,519,0
Pucak,,444,71.25,103,544,10
Quantum,,664,72.13,103,584,2
Lagatha,,764,70.94,103,584,3
Sakrirti,,1463,72,102,268,2
Tami,,761,72.38,102,300,0
Gilgamesh,,595,70.5,102,319,2
Beerko,,946,71.13,102,353,2
Harald,,458,71.81,102,386,0
Jellanre,,668,72,102,387,17
Windee,,458,72.38,102,405,6
Atemp,,848,73.06,102,416,1
Nege,,473,71.13,102,417,3
Kechibka,,376,70.75,102,487,7
Hinatta,,473,71.81,102,497,2
Enruzi,,881,72.06,102,511,9
Jurgi,,243,70.81,102,526,1
Booberry,,462,71.69,102,535,2
Evon,,380,69.19,102,545,1
Sifra,,428,72.56,102,546,3
Lorenzo,,360,70.81,102,563,2
Kapowee,,739,72.5,102,564,5
Isla,,472,71.19,102,568,5
Rose,,334,72,102,572,0
Jusit,,447,70.75,102,574,2
Hell,,676,72,101,328,1
Eshehe,,1792,71.69,101,333,4
Susa,,333,71.13,101,402,6
Minerva,,606,71.56,101,420,4
Trasher,,296,72,101,445,5
Vivienne,,294,72.44,101,450,1
Zadoc,,723,70.75,101,466,2
Ikasa,,1055,71.69,101,482,3
Luma,,712,71.56,101,484,3
Yiotaki,,473,71.88,101,502,3
Klonn,,1231,72.19,101,513,9
Balanches,,345,71.31,101,520,2
Athiz,,720,72.81,101,522,28
Sushi,,1238,72.69,101,536,4
Givrava,,777,70.94,101,541,6
Arthas,,985,70.88,101,541,14
Alodi,,714,70.5,101,543,9
Joti,,442,70.56,101,551,0
Ethig,,336,70.75,101,554,2
Jurge,,399,68.75,101,561,0
Ogiz,,567,70.44,101,571,3
Jakob,,351,72.63,101,571,2
Ezise,,849,70.75,101,573,4
Zonnedre,,398,72.38,101,575,3
Stumpy,,584,71,101,577,4
Erkabi,,541,71.13,101,579,10
Andy,,904,71.5,101,579,4
Bluelabel,,634,71.63,101,598,2
Kortime,,2081,73.81,100,30,0
Iridi,,1875,73,100,33,0
Roshomi,,2088,73.56,100,33,0
Xxxxxx,,2031,72.63,100,36,0
Sishuce,,1979,72.38,100,45,0
Evegri,,1629,72.69,100,54,0
Chinacctv,,1969,72.31,100,63,0
Okabri,,1964,72.69,100,79,0
Cusnkara,,1618,72.31,100,80,2
Korgolds,,1408,72.69,100,81,0
Ercil,,809,71.88,100,92,0
Sortek,,1778,72.25,100,96,0
Magori,,1470,72.38,100,101,1
Kordk,,1274,72.5,100,101,1
Heche,,1357,71.13,100,111,1
Nosela,Challenger,1417,71.5,100,113,5
Letto,,1135,71.25,100,116,0
Amorzud,,1389,73.13,100,140,2
Korooooooo,,551,72.5,100,143,0
Akrathed,,1595,72.19,100,149,1
Cude,,669,72.81,100,149,0
Togara,,571,72.13,100,150,0
Ethusun,,934,70.75,100,185,0
Rubeer,,945,71.19,100,185,0
Marusia,,795,71.06,100,186,0
Avort,,1188,72.13,100,196,2
Mygirl,,1605,72.69,100,210,10
Eluji,,920,71.06,100,217,2
Ramona,,715,71.19,100,224,3
Okrejeg,,577,72.94,100,226,1
Innula,,339,72.25,100,229,0
Kormini,,934,71,100,232,0
Damanegi,,754,71.19,100,233,1
Venik,,681,70.69,100,238,2
Masel,,680,70.69,100,240,1
Dumpling,,913,71.94,100,243,3
Zood,,667,70.06,100,255,1
Merise,,599,71,100,264,1
Eventy,,624,72.25,100,265,1
Rozole,,416,70.81,100,281,0
Tortle,,921,70.75,100,282,1
Lathe,,534,72,100,289,2
Kordeme,,761,70.94,100,290,5
Ivurgan,,288,70.75,100,290,0
Haron,,187,71.13,100,290,5
Okis,,342,70.5,100,293,1
Vereblue,,723,72.06,100,294,1
Itigi,,366,70.88,100,307,4
Avisis,,434,71.38,100,308,2
Loolek,,562,70.19,100,309,0
Roland,,266,71.13,100,313,0
Lussi,,288,72.31,100,314,0
Ivuk,,509,71.5,100,314,1
Derschau,,791,70.63,100,319,0
Gahe,,273,69.88,100,320,0
Jorgun,,1170,71.44,100,322,1
Belemi,,308,70.25,100,322,1
Cojez,,452,71.25,100,330,0
Korcrown,,614,71.75,100,335,0
Hashe,,423,70.94,100,338,0
Jiga,,557,70.5,100,340,1
Lucy,,480,63.63,100,343,2
Ethishe,,377,69.81,100,344,0
Zelukri,,626,70.75,100,344,2
Asam,,433,71,100,350,1
Heseba,,251,70.69,100,361,0
Jame,,681,70.38,100,363,6
Barbara,,387,70.63,100,365,3
Vortomi,,457,71.81,100,368,1
Methe,,892,72.38,100,369,8
Luxubu,,831,70.56,100,374,0
Oruzit,,460,70.75,100,377,2
Odras,,432,71.13,100,379,0
Aninra,,539,62.88,100,381,5
Mazul,,445,71.75,100,384,0
Ephrium,,909,71.81,100,385,3
Make,,401,72.19,100,386,5
Coorno,,363,70.56,100,393,1
Gedid,,624,70.5,100,396,2
Atuthid,,414,71.94,100,398,11
Garkut,,913,70.44,100,398,21
Kenuche,,440,70.75,100,401,0
Khor,,841,71.69,100,402,1
Ahira,,297,71.88,100,404,0
Victory,,704,72.31,100,413,2
Ivadra,,304,72.44,100,413,2
Ragath,,314,71.06,100,417,3
Sekos,,306,71.63,100,427,0
Linh,,327,70.31,100,427,0
Inkkk,,779,70.81,100,430,4
Kibe,,206,71.13,100,435,0
Jobabauta,,625,71.56,100,437,4
Evarkas,,305,70.81,100,438,0
Cice,,245,66.38,100,440,0
Zaine,,264,67.88,100,441,1
Fallen,,353,70.69,100,454,1
Cidan,,466,71.5,100,459,0
Proraina,,364,67.06,100,462,5
Nirce,,436,70.81,100,462,2
Kael,,902,70.81,100,480,1
Korin,,1057,71.31,100,492,1
Tithus,,273,69.63,100,492,1
Kimber,,917,73.88,100,493,1
Edartan,,343,70.88,100,499,9
Yoyo,,446,71,100,500,7
Ogutha,,469,71.25,100,502,0
King,,429,70.69,100,507,6
Tristan,,955,71.94,100,509,0
Victrix,,276,71.44,100,512,5
Sena,,475,70.75,100,516,22
Orok,,464,66.5,100,518,7
Korhong,,875,70.94,100,518,8
Mekuk,,259,70.81,100,528,15
Bize,,314,70.56,100,529,20
Onnol,,579,71.13,100,529,5
Lullute,,309,71.06,100,530,1
Sujod,,447,70.38,100,539,8
Eralan,,714,70.31,100,548,0
Kide,,395,71.38,100,563,3
Ecoja,,335,70.63,100,565,3
Sishal,,353,70.5,100,567,1
Annasa,,513,71.5,100,571,3
Ejinrag,,280,70.94,100,579,2
Diudiu,,416,72.13,100,582,2
Andraste,,986,71.81,100,588,6
Dircutha,,351,72.25,100,596,59
Goki,,269,70.13,100,597,20
Hodi,,793,71.06,99,270,1
Cotaigne,,806,72,99,370,1
Asot,,802,71.56,99,404,2
Weew,,585,71.38,99,421,0
Nyxy,,1032,73.06,99,459,10
Ahet,,427,70.88,99,471,2
Vudorce,,426,72.13,99,475,1
Canavan,,362,71.81,99,478,12
Tally,,478,71.56,99,480,0
Ergal,,554,71.25,99,482,11
Ssiball,,404,68.69,99,559,3
Gudin,,590,70.44,99,566,0
Kvokot,,315,71.63,99,571,0
Nazan,,410,71.75,98,426,5
Dakon,,364,70.63,98,442,1
Creampie,,399,70.69,98,457,1
Cellut,,379,69.81,98,472,2
Dodi,,378,70.63,98,483,1
Ruyoda,,631,71.31,98,486,4
Meza,,441,70.81,98,500,2
Isezim,,738,71.19,98,512,2
Mivug,,284,71.19,98,515,6
Fakucis,,449,71.5,98,518,1
Sheshe,,958,73.44,98,530,1
Ruviktor,,577,72.75,98,551,6
Darkeye,,442,70.75,98,555,2
Sara,,290,70.38,98,558,1
Soside,,339,71,98,569,5
Ashak,,675,71.63,98,570,2
Rest,,607,70.31,97,363,5
Ovrut,,553,71.44,97,389,0
Spastix,,882,71.31,97,410,3
Ercul,,407,71.19,97,423,4
Yoiyoihe,,670,65.19,97,435,2
Sijim,,534,72.63,97,453,13
Emog,,532,71.5,97,499,0
Jora,,369,71.69,97,504,1
Cenosi,,299,71.06,97,507,2
Testas,,305,70.69,97,530,2
Nalloni,,355,70.5,97,533,0
Lucky,,413,71.81,97,535,6
Garzam,,267,71.13,97,535,2
Kardigrind,,675,72.44,97,538,10
Banvaochim,,338,70.38,97,538,3
Torg,,690,71.06,97,542,2
Orzok,,645,70.69,97,562,0
Alune,,821,71.13,97,574,3
Ojeche,,834,70.56,97,586,7
Maceri,,355,70.94,97,587,5
Razec,,304,70.44,97,594,5
Dariya,,372,71.13,97,594,1
Yomomma,,474,72.25,96,288,0
Temm,,663,71.38,96,442,2
Akechi,,288,70.25,96,464,0
Anuge,,297,68.56,96,466,2
Ynci,,803,70.44,96,471,4
Erkizud,,898,71,96,479,2
Cbanditc,,299,70.38,96,483,3
Naeunyoo,,825,71.31,96,483,9
Dige,,281,70.69,96,490,3
Eval,,604,71.88,96,508,2
Irkes,,269,69,96,509,1
Cassandra,,359,67.13,96,510,1
Kidi,,453,71,96,513,2
Torgrimus,,292,70.13,96,521,7
Cashon,,362,71,96,522,2
Kanan,,290,69.94,96,536,8
Numpsi,,456,71.19,96,549,28
Boziii,,662,70.75,96,552,0
Oheg,,363,70.81,96,553,13
Mirta,,362,71.19,96,587,5
Amima,,410,71.25,96,595,9
Vanri,,429,72.31,96,595,1
Sprite,,468,69.38,95,124,1
Kordalf,,507,71.38,95,160,1
Giga,,1003,72,95,165,2
Bartes,,470,72.38,95,191,1
Aleria,,425,69.19,95,233,1
Vazuk,,255,71,95,237,1
Adredne,,260,71.94,95,238,7
Ertoja,,796,71.56,95,244,0
Oziga,,273,72.06,95,258,1
Majek,,876,70.88,95,262,1
Poseidon,,854,72.38,95,275,2
Hoooo,,329,66.25,95,277,0
Adek,,451,70.88,95,282,0
Seven,,687,72.44,95,285,0
Alice,,391,72.31,95,287,3
Sekad,,880,70.56,95,292,12
Alam,,786,72.06,95,309,2
Primal,,868,71.88,95,314,1
Cassy,Challenger,450,69.25,95,316,0
Arusa,,371,71.06,95,324,4
Keta,,500,70.44,95,337,1
Adrien,,305,71.13,95,340,1
Lovri,,341,70.69,95,345,1
Bafrod,,770,69.63,95,351,10
Inoz,,622,71.81,95,352,5
Ceze,,215,68.56,95,356,3
Curkad,,259,72,95,359,1
Vashad,,515,70.94,95,360,0
Osheo,,1011,70.81,95,368,0
Gera,,319,71.44,95,371,1
Kirte,,383,71.44,95,371,0
Sunek,,515,71.56,95,378,0
Mari,,729,71.25,95,379,0
Bbanditb,,277,71.13,95,408,1
Kolla,,329,66.75,95,420,10
Emozug,,433,71,95,441,0
Zooms,,208,70.63,95,443,2
Surkoz,,647,70.69,95,468,5
Mennuz,,371,70.94,95,479,2
Ithel,,291,70.25,95,501,1
Betun,,505,70.25,95,507,0
Annnimusss,,717,69.5,95,514,2
Sasi,,435,70.88,95,519,0
Illoz,,357,71.56,95,527,4
Abandita,,279,70.19,95,529,0
Iuniverse,,570,70.81,95,536,1
Newer,,598,70.69,95,537,6
Furia,,417,65.44,95,538,3
Riitz,,246,70.06,95,539,2
Prophet,,416,70.31,95,565,0
Zorgie,,393,70.75,95,566,4
Tenom,,314,70.69,95,567,0
Hemun,,555,70.81,95,585,0
Abim,,412,70.56,94,305,3
Ronaldo,,274,69.69,94,311,4
Rimoda,,359,70.5,94,312,2
Odon,,255,69.88,94,431,16
Gaypower,,1028,72,94,476,61
Nunurdi,,437,70.75,94,500,17
Cleave,,224,70.75,94,513,21
Wonder,,407,71.06,94,555,1
Irkorce,,361,70.38,94,561,2
Gagre,,589,70.63,94,566,11
Corgurde,,254,70.88,94,566,3
Runa,,277,70.63,94,580,13
Jinom,,502,70.5,93,355,27
Tinnena,,461,70.31,93,385,2
Mabe,,294,69.94,93,386,0
Sita,,401,71.31,93,403,37
Ahadre,,596,70.44,93,459,3
Bakaaa,,251,70.38,93,476,1
Systina,,272,70.69,93,488,9
Zevivra,,482,70.5,93,491,4
Golda,,552,70.69,93,503,5
Kosha,,303,70.5,93,510,2
Anated,,405,71.06,93,531,10
Arum,,557,72.25,93,531,0
Eventant,,401,70.69,93,546,6
Coco,,302,71.13,93,579,12
Cumuji,,328,68.88,93,592,11
Othafrit,,384,70.81,93,593,2
Chyna,,337,69.31,92,330,4
Mardil,,845,71.19,92,357,3
Akuapkk,,204,71.19,92,402,6
Tightpus,,344,70.69,92,415,3
Viseshe,,650,67.69,92,430,23
Tovi,,319,70.63,92,430,3
Athene,,818,72.5,92,432,4
Green,,531,70.31,92,442,5
Exknight,,248,68.88,92,442,0
Adoz,,336,70.81,92,452,9
Enize,,613,70.75,92,457,12
Theugly,,507,72.31,92,467,10
Warrior,,288,70.38,92,485,6
Gibri,,272,70.56,92,485,17
Jabi,,223,71.56,92,495,1
Zine,,252,67.31,92,515,2
Nuthem,,254,70.63,92,525,2
Agusha,,959,70.25,92,527,5
Ekruta,,348,70.5,92,542,7
Zule,,398,69.25,92,557,5
Artisha,,352,70.5,92,560,8
Kihede,,262,70.5,92,561,4
Voin,,510,71.38,92,562,9
Nifri,,395,70.75,92,562,1
Caytien,,256,70.25,92,563,0
Othebam,,324,70.75,92,570,1
Virobi,,595,70.19,92,571,4
Asteria,,558,70.88,92,572,4
Emedusa,,377,70.56,92,579,7
Faremis,,678,68.13,92,579,11
Trytatam,,561,70.81,92,581,1
Ovrevun,,319,70,92,583,8
Ecerid,,262,70.56,92,584,1
Golol,,355,69.38,92,590,3
Eleven,,313,70.5,92,594,3
Lily,,454,70.63,92,595,0
Jejuza,,588,71.31,91,140,0
Gilda,,308,71.5,91,326,9
Delerke,,268,73.31,91,343,1
Acudnot,,422,72.31,91,375,6
Gali,,519,70.69,91,376,3
Topor,,254,70.5,91,382,2
Itargi,,374,70.25,91,404,0
Kill,,301,70.38,91,437,3
Cathe,,585,70.63,91,444,4
Teba,,338,71.13,91,458,0
Winner,,268,69.19,91,469,0
Koreakang,,329,70.44,91,469,3
Mrthuglife,,420,71.38,91,474,3
Sureje,,432,70.06,91,483,4
Kaldas,,317,72.5,91,486,34
Marianek,,326,70.88,91,491,5
Suxmykok,,564,71.19,91,494,5
Ejozi,,335,70.25,91,506,15
Ollat,,351,70.69,91,521,5
Rudeus,,455,70.75,91,523,5
Ninrek,,456,69.75,91,534,2
Dasutha,,326,70.13,91,544,3
Sikam,,362,68.63,91,552,4
Thocvaomom,,260,70.31,91,563,3
Otham,,290,70.81,91,564,8
Xepakl,,247,70.75,91,571,6
Mighty,,808,70.63,91,575,12
Risa,,309,69.69,91,581,3
Abethid,,852,71.06,91,583,37
Bora,,938,72.88,90,56,0
King,,713,70.56,90,76,0
Recorrer,,869,71.69,90,76,0
Athena,,526,72.5,90,82,0
Rahordi,,949,72.44,90,98,0
Lidnocha,,913,67.25,90,113,0
Merlina,,748,71.13,90,122,1
Blingbling,,728,70.19,90,123,0
Legolas,,475,72.13,90,125,2
Gimli,,423,72.13,90,127,10
Edge,Challenger,669,71.19,90,141,0
Freija,,850,70.56,90,142,0
Ijad,,688,68.88,90,156,2
Igrusil,,528,68.06,90,166,1
Xxoo,,355,71.13,90,169,3
Nhat,,887,71.13,90,201,0
Barzul,,276,70.5,90,208,3
Heck,,233,70.06,90,211,0
Slasher,,511,71.31,90,226,0
Niga,,345,71.25,90,228,0
Bunk,,253,71.88,90,232,0
Zara,,411,70.5,90,237,0
Venoka,,664,71.13,90,250,1
Zichi,,309,71.19,90,253,0
Zaruby,,586,72.31,90,255,0
Meiss,,222,65.31,90,258,0
Kims,,343,70.06,90,260,0
Iricun,,670,72.38,90,261,1
Cobuda,,356,62.13,90,263,0
Yaho,,662,71.06,90,264,0
Bavri,,552,69.69,90,270,0
Ageda,,344,70.81,90,270,0
Itemed,,372,70.63,90,274,3
Ashoke,,336,71.44,90,283,0
Sezona,,202,70.75,90,284,1
Rumi,,429,70.5,90,284,1
Bronzey,,940,71.38,90,285,5
Ifred,,270,71.5,90,287,4
Moti,,261,69.88,90,294,7
Huss,,603,70.75,90,305,1
Astoria,,926,72.19,90,309,0
Angelyna,,247,71.75,90,310,0
Loken,,195,61.88,90,311,0
Joel,,773,70.69,90,314,1
Sindrom,,518,70.44,90,315,0
Gegud,,367,70.75,90,320,1
Anna,,248,67.69,90,320,1
Jicoda,,317,70.88,90,324,0
Cardel,,736,70.69,90,331,2
Wydms,,994,70.31,90,334,8
Boza,,353,70.06,90,334,0
Kurdun,,251,67.19,90,342,1
Nice,,438,70.5,90,347,0
Kela,,396,70.38,90,349,18
Lumon,,286,70.38,90,350,5
Jaza,,295,70.38,90,355,0
Fastblade,,360,70.69,90,359,0
Razor,,182,65.88,90,364,0
Imerda,,313,68.88,90,366,2
Trytry,,541,70.5,90,369,0
Lume,,726,70.44,90,372,2
Cotis,,590,70.69,90,378,2
Akrol,,203,70.13,90,381,1
Kigi,,317,71,90,385,1
Nemara,,215,70.63,90,387,1
Mikehunt,,223,69.19,90,389,2
Osham,,608,69.69,90,392,1
Bryu,,384,71.63,90,392,1
Ahet,,318,70.38,90,396,6
Odniz,,258,72.63,90,398,4
Event,,254,69.13,90,404,10
Slapyomama,,530,70.19,90,405,2
Ligi,,385,69.06,90,407,0
Vnkaljx,,355,70.63,90,412,2
Kucole,,295,71.19,90,417,1
Elencalime,,451,70.63,90,417,0
Koza,,606,70.94,90,423,1
Minnow,,575,71.06,90,424,0
Granis,,542,70.31,90,425,0
Gidoca,,209,67.94,90,429,2
Yarost,,523,71.31,90,431,1
Vori,,304,69.13,90,437,3
Aesir,,423,68.75,90,437,1
Bryza,,374,71.25,90,439,0
Nocashloc,,241,70.5,90,442,14
Hera,,364,70.81,90,442,2
Ecevan,,238,69.81,90,443,2
Biotch,,353,71,90,445,1
Evozek,,239,68.56,90,451,0
Sede,,520,70.38,90,454,2
Korbooral,,577,68.19,90,455,0
Lirte,,265,47.56,90,456,2
Ithajil,,442,70.19,90,470,11
Osos,,241,70.06,90,472,0
Prometheus,,529,72.19,90,478,1
Sirtige,,282,70.56,90,482,1
Obrakris,,214,69.31,90,482,7
Rube,,506,69.19,90,485,2
Petrova,,362,71.31,90,495,1
Bosad,,213,70.94,90,499,10
Lola,,540,71.06,90,503,1
Ironni,,242,70.06,90,504,15
Odnas,,772,70.94,90,505,4
Farin,,613,71.25,90,505,0
Orgot,,229,69,90,507,0
Inotsobre,,553,70.06,90,512,0
Erardid,,457,70.5,90,515,1
Merona,,598,70.44,90,521,3
Ahera,,378,70.63,90,526,1
Lurker,,249,70.75,90,533,9
Eventgold,,425,70.31,90,543,5
Ruge,,367,70.38,90,548,0
Ozogi,,238,70.44,90,549,1
Arcivi,,258,70.25,90,560,0
Starjhy,,456,70.75,90,561,0
Pedro,,338,71,90,564,0
Nazral,,340,69.94,90,573,26
Besi,,254,67.13,90,593,1
Yelena,,353,71.13,90,596,13
Korsemak,,556,71.44,89,305,26
Anil,,338,70.06,89,337,2
Hansong,,203,63,89,344,1
Eppptaken,,274,70.06,89,438,5
Sasxd,,466,72.25,89,467,0
Ezahi,,341,69.94,89,543,0
Conan,,296,70.38,89,561,17
Ninja,,509,70.5,89,588,0
Tirti,,311,68,88,388,2
Zunos,,472,70.06,88,398,7
Redukri,,198,69.81,88,447,21
Debil,,218,69.19,88,459,4
Tcktre,,392,70.19,88,492,0
Eswing,,277,70.5,88,498,3
Misa,,232,70.94,88,508,1
Sparticus,,248,69.44,88,518,2
Debusa,,283,69.31,88,518,8
Ultima,,272,70.31,88,521,6
Tosha,,242,72.25,88,523,4
Limmara,,226,70.38,88,548,5
Artobi,,537,70.31,88,549,5
Trinebarba,,496,71.31,88,562,3
Fool,,216,70.13,88,562,5
Nica,,828,71.63,88,576,5
Hasula,,542,72.19,88,578,3
Omol,,233,70.38,88,579,4
Datebe,,286,65.31,87,273,1
Sozane,,422,70.63,87,292,0
Corvette,,199,70.5,87,340,2
Enigma,,150,62.75,87,352,5
Hoho,,755,69.94,87,441,3
Lesha,,394,70.31,87,448,5
Lari,,433,69.56,87,471,6
Kaga,,672,69.5,87,482,1
Ivokod,,391,68.5,87,486,6
Kicia,,213,70.44,87,499,1
Inneciz,,462,70.63,87,528,3
Eshetha,,221,70.69,87,532,1
Besi,,446,72,87,536,1
Atella,,251,70.44,87,545,4
Evon,,341,70.69,87,572,4
Agridos,,338,69.69,87,577,0
Ruper,,331,70.75,87,578,0
Furiosa,,300,70.5,87,580,3
Montana,,224,68.25,87,582,0
Pelleus,,382,70.56,87,582,20
Azurta,,269,68.38,87,595,7
Pidor,,251,68.44,87,597,4
Europa,,330,66.25,86,298,4
Trillo,,356,70.63,86,339,0
Westerling,,312,70.19,86,366,2
Upfast,,305,68.88,86,390,5
Imoz,,358,71.31,86,408,2
Abuz,,221,67.31,86,428,1
Katy,,390,72.5,86,454,1
Ibrogol,,340,70.63,86,476,9
Narga,,400,70.81,86,477,15
Romka,,764,70.13,86,488,3
Hiji,,392,73,86,489,0
Tarus,,671,71.38,86,491,6
Ronunni,,666,71.31,86,493,3
Nemes,,253,70.25,86,519,2
Sizi,,412,71.44,86,534,0
Sake,,290,69.94,86,539,8
Goblok,,277,68.56,86,553,10
Huziha,,226,64,86,570,1
Ahos,,266,65.25,86,584,9
Ogasa,,1072,72.5,85,95,0
Nash,,373,70.94,85,128,10
Whooni,,252,68.13,85,147,0
Izethil,,596,71.5,85,185,13
Krolex,,235,68.5,85,207,1
Stein,,709,71.19,85,226,7
Gala,,419,70.81,85,232,0
Zaget,,272,70.25,85,241,1
Mabeti,Challenger,661,70.31,85,242,1
Jkkkkk,,375,68.56,85,247,0
Cattleya,,491,68.25,85,248,2
Tujekra,,287,72.06,85,261,23
Kama,,447,70.63,85,264,0
Matilda,,489,71.56,85,272,0
Yahoowar,,393,64.31,85,281,0
Aluzardo,,267,70.31,85,281,0
Testing,,512,61.88,85,283,2
Cake,,486,70.31,85,300,0
Anjel,,345,69.81,85,315,0
Mizis,,202,70,85,324,1
Ikurcud,,218,68.75,85,326,0
Mokpo,,271,70.5,85,329,0
White,,357,70.31,85,333,0
Argos,,433,70.56,85,335,44
Tuna,,502,71.06,85,346,2
Meva,,201,68.81,85,363,5
Boss,,237,69.38,85,364,0
Poly,,450,70.44,85,366,0
Abel,,260,69.94,85,367,1
Algebra,,348,66.19,85,373,3
Keke,,320,70.75,85,374,2
Basin,,201,70.25,85,377,24
Ecargil,,990,72.63,85,386,0
Ovinrem,,417,70.13,85,408,8
Orguillox,,470,70.63,85,450,1
Vituda,,253,67.44,85,455,4
Skiper,,248,65,85,456,0
Vorti,,224,68.75,85,458,8
Hiched,,615,71,85,480,0
Ashude,,289,70.19,85,504,0
Bubbagump,,279,70.75,85,514,1
Haja,,271,69.81,85,531,4
Gonads,,243,66.13,85,534,4
Buhi,,437,66.94,85,558,5
Tega,,247,70.56,85,570,6
Omovre,,483,69.13,85,576,12
Hudi,,493,69.75,85,596,0
Ocim,,380,72.25,84,229,0
Tujuta,,194,65,84,302,8
Yong,,183,68.63,84,342,11
Ivadnum,,414,69.38,84,357,5
Lucia,,288,71.13,84,387,2
Torca,,256,69.81,84,433,5
Ikil,,312,65.94,84,451,5
Valraya,,242,71.13,84,498,4
Artyrax,,386,68.31,84,506,2
Vochi,,242,70.5,84,536,2
Marina,Challenger,258,65.69,83,212,0
Nini,,435,71.63,83,283,4
Linde,,218,69.56,83,334,3
Bbosal,,197,64,83,364,6
Ethas,,478,70.94,83,370,2
Bronze,,288,68.13,83,453,2
Jucel,,299,67.81,83,463,1
Korjjk,,616,70.56,83,490,1
Eves,,268,65.69,83,533,0
Cudrerti,,222,70.44,83,557,4
Echergon,,407,68.75,83,562,5
Inari,,324,69.69,83,568,3
Alis,,284,70.13,83,581,2
Tosi,,421,69.25,82,180,1
Baggins,,536,71.06,82,336,0
Voltz,,290,67.56,82,361,3
Olleta,,165,66,82,371,1
Vudnasa,,199,69.94,82,382,11
Novin,,305,70.44,82,388,2
Fhjl,,188,70.38,82,422,7
Leshathi,,193,69.56,82,442,2
Edris,,340,71.13,82,453,0
Mudra,,251,71.19,82,478,0
Emesha,,272,71.88,82,497,0
Agrohe,,195,70.13,82,499,9
Flic,,376,72.13,82,508,1
Becik,,437,70.38,82,512,0
Altrinian,,228,71.5,82,537,2
Kehodni,,232,67.31,82,551,0
Ruffel,,574,70.63,82,554,2
Jeepy,,213,71.38,82,560,2
Athena,,328,69.81,82,575,5
Othoritai,,354,71.25,81,312,1
Ozuhe,,397,68.63,81,434,4
Bilbo,,457,70.81,81,434,1
Galoda,,164,66.25,81,460,23
Irzograd,,475,70.56,81,475,42
Eharul,,292,68.81,81,517,0
Akrul,,231,72.81,81,536,0
Moon,,264,70.5,81,540,2
Mohrencoop,,198,70.44,81,545,3
Ardut,,243,68.19,81,568,3
Arthur,,235,70.44,81,569,7
Onruche,,285,70.88,81,582,4
Ergis,,240,70.5,81,599,2
Korss,,428,70.88,80,83,0
Chinayk,Challenger,639,67.75,80,100,0
Elron,,389,70.75,80,113,0
Seminra,,260,70.94,80,138,0
Toutou,,551,70.81,80,146,3
Sadness,,661,70.31,80,154,0
Giriga,,161,70.81,80,165,0
Vortigern,,378,67.13,80,179,0
Ishibra,,367,71.13,80,198,0
Kathosa,,163,68.63,80,220,0
Ibibik,,456,70.44,80,234,1
Chinabujas,,438,69.44,80,239,3
Ithara,,338,69.19,80,250,0
Hine,,287,69.63,80,259,0
Etovi,,375,68,80,269,0
Beebe,,316,70.19,80,286,6
Rulle,,1242,73.5,80,288,2
Jaygee,,278,71.38,80,288,0
Gide,,281,70.13,80,296,1
Otinuz,,327,67.31,80,297,0
Teela,,278,68.75,80,297,1
Aakakak,,315,65.06,80,310,7
Secret,,274,64.75,80,316,3
Bubble,,257,69.06,80,325,2
Vortecese,,233,65.31,80,327,3
Shorty,,206,69.19,80,329,0
Eeshta,,184,70.5,80,339,0
Reve,,324,68.13,80,341,0
Elievent,,309,62.63,80,343,1
Kuka,,220,70.06,80,370,2
Arkam,,508,70.38,80,376,0
Matithe,,276,69.44,80,379,2
Jeban,,322,66.5,80,383,5
Mevun,,184,68.56,80,386,0
Jeonsa,,208,70.69,80,388,1
Gloria,,230,71.25,80,390,0
Champion,,451,71,80,396,0
Ziga,,418,70.38,80,407,0
Ibron,,823,70.94,80,413,38
Buubabad,,240,68.56,80,415,3
Ijas,,147,69.25,80,419,0
Hudi,,153,68.69,80,420,1
Hanren,,174,69.5,80,439,0
Bujan,,270,66.88,80,441,6
Acus,,103,64.31,80,445,37
Dothe,,245,70.5,80,448,2
Asdfg,,254,64.69,80,459,14
Toto,,329,70.38,80,467,0
Guerro,,259,70.44,80,469,3
Balmond,,361,66.81,80,470,0
Ortodi,,264,70.31,80,477,2
Histoevent,,261,68.63,80,478,1
Jullin,,634,70.25,80,480,0
Adabes,,206,70.31,80,488,8
Irgime,,328,70.69,80,491,1
Nodashe,,211,68.56,80,502,1
Caba,,207,69.88,80,503,0
Twoslash,,332,68.38,80,505,2
Rubre,,274,69.25,80,514,0
Enraza,,292,70.63,80,526,0
Judrari,,260,67.38,80,526,0
Rerkilla,,432,67.63,80,531,6
Ethodrtwo,,293,70.25,80,537,0
Onula,,430,65.56,80,539,3
Roda,,281,69.63,80,543,0
Vavilon,,469,70.44,80,545,0
Demonclaw,,272,70.69,80,546,4
Biasg,,520,70.38,80,551,2
Mqcuc,,438,69.88,79,333,1
Twice,,417,70.88,79,380,1
Zinrod,,160,68.31,79,394,6
Hoya,,299,70.31,79,407,1
Kitteh,,172,70.69,78,149,0
Tres,,188,71.44,78,175,0
Barbarian,,165,69.69,78,350,1
Moshet,,231,69.69,78,368,0
Bluestar,,193,69.25,78,415,9
Chidep,,873,71.31,78,547,6
Ajas,,183,69.81,78,557,10
Obrethe,,507,69.63,78,558,6
Enrot,,179,68.44,78,573,6
Poop,,228,69.81,78,584,3
Thuan,,196,69.31,77,236,0
Shuuook,,239,65.38,77,256,1
Suleiman,,241,70.25,77,324,0
Zeta,,155,68.5,77,356,4
Tarat,,331,70.44,77,369,1
Medi,,248,66.88,77,445,1
Yubich,,276,66.94,77,472,4
Givrirda,,345,69.69,77,487,1
Drakarc,,323,69.81,77,499,2
Isom,,279,67.25,77,503,3
Catog,,209,68.13,77,506,55
Ifrin,,306,70.69,77,517,1
Enasha,,223,67.5,77,518,0
Nusty,,428,70.25,77,541,14
Sethaz,,236,70,77,562,1
Sicate,,381,70.5,77,568,4
Harda,,508,69.81,77,588,9
Leonidas,,293,70.56,76,285,1
Simat,,396,70.94,76,362,3
Idace,,226,70.56,76,432,1
Zatt,,216,68.38,76,457,1
Ishehen,,212,70.31,76,461,1
Lobrina,,412,63.75,76,474,10
Avebreg,,203,68.56,76,522,10
Conan,,372,70.38,76,538,13
Farm,,204,70.31,76,556,2
Eivor,,400,70.38,76,575,5
Buba,,239,68.56,76,576,6
Kordori,,552,73,75,115,0
Shaira,,237,64.13,75,152,0
Nille,,173,68.81,75,204,0
Sonja,,335,68.56,75,218,2
Shikaku,,245,71.81,75,225,0
Eateat,,323,70.31,75,234,0
Anbtunini,,390,70.88,75,241,0
Eleki,,232,64.94,75,265,0
Korkus,,308,68.38,75,275,7
Vane,,402,69.94,75,293,0
Ellubut,,580,70,75,306,0
Erashok,,237,69.13,75,312,1
Gottem,,214,70.56,75,320,2
Yeoja,,152,70.44,75,352,0
Vores,,380,70.5,75,391,5
Migit,,156,65.25,75,397,1
Bami,,333,65.63,75,416,1
Ciba,,182,68.31,75,417,1
Sada,,811,71.81,75,418,19
Aqwe,,535,69.94,75,423,0
Arya,,441,70.75,75,427,3
Control,,184,65.88,75,483,1
Esolla,,179,68.13,75,507,0
Mathote,,223,69.31,75,519,4
Jareljohn,,321,69.56,75,571,3
Heather,,559,70.69,74,169,0
Bina,,247,64.81,74,254,5
Cokra,,98,66.88,74,288,2
Event,,150,70.31,74,329,0
Dreico,,232,66.69,74,342,2
Thermopoli,,358,70.31,74,364,7
Ninina,,235,70.44,74,545,6
Bluerocket,,298,70.44,74,554,1
Eventor,,293,70.63,74,580,0
Igog,,239,67.81,74,599,1
Serdem,,192,70.06,73,337,6
Boobox,,422,70,73,415,6
Hirum,,254,69.63,73,435,0
Barbarian,,174,68.19,73,529,5
Dist,,182,68.19,73,559,2
Arthur,,208,68,73,572,1
Ihin,,396,66.25,73,585,1
Girl,,228,70.06,73,595,2
Lori,,177,70.44,72,266,0
Rowyna,,255,68.13,72,299,2
Stat,,401,68.38,72,327,7
Cleetoris,,399,69.94,72,342,0
Esibra,,202,68.88,72,367,1
Dargutha,,220,69.38,72,451,2
Ilas,,211,67.44,72,462,1
Steakum,,328,69.56,72,487,3
Jotha,,193,69.75,72,495,2
Renion,,201,69.56,72,497,1
Panther,,307,69.88,72,509,1
Babushka,,373,70.19,72,518,2
Larca,,189,70.69,72,586,4
Banid,,203,66.75,72,587,4
Zvera,,159,70.81,71,274,4
Hachud,,249,66.5,71,284,1
Koma,,172,65.56,71,291,3
Elysiandyl,,585,70.63,71,362,0
Buzi,,123,56.88,71,387,4
Judnorza,,294,68.13,71,407,0
Thorny,,314,67.94,71,446,2
Ceja,,248,69.94,71,466,6
Eman,,141,68.56,71,477,3
Hero,,179,70.25,71,484,26
Gmlll,,117,70.19,71,492,3
Avad,,371,67.06,71,540,3
Akulele,,208,66.38,71,558,2
Rohim,,225,69.75,71,564,0
Totoni,,537,71.31,70,68,0
Vvvv,,364,70.13,70,107,0
Devin,,308,65.44,70,124,0
Adnal,,197,70.44,70,193,0
Cumgutter,,169,69.69,70,210,4
Cuha,,173,68.81,70,219,0
Jila,,329,70.31,70,223,10
Culle,,319,70.63,70,231,0
Chiring,,237,64.63,70,252,1
Tmitros,,419,70.13,70,254,0
Ithehuz,,216,69.63,70,254,0
Ejovi,,152,67.88,70,273,1
Odeg,,158,67,70,274,0
Ivacel,,106,64.06,70,288,1
Kittti,,369,68.63,70,293,0
Arthur,,172,70.75,70,310,0
Teukul,,322,70.13,70,311,0
Yeoja,,157,70,70,311,0
Annie,,168,68.81,70,316,0
Ihen,,306,69.25,70,317,7
Terlok,,206,67.31,70,322,0
Chalir,,155,68.44,70,337,0
Kedra,,120,70.13,70,366,0
Itirke,,182,69.63,70,366,0
Acid,,148,69.75,70,373,1
Iriteg,,247,69.56,70,373,0
Memory,,203,70.44,70,376,0
Sumhahahum,,649,71.94,70,381,0
Mozag,,305,70,70,384,2
Izela,,154,68.5,70,392,0
Amim,,760,71.06,70,395,0
Ercanne,,328,68.19,70,398,21
Egul,,222,66.44,70,400,0
Odil,,208,70.75,70,423,0
Bethany,,348,69.44,70,441,0
Mostdamage,,442,71.63,70,445,1
Decocha,,309,68.94,70,450,2
Cartel,,205,66.88,70,461,0
Maria,,312,70.06,70,505,0
Azist,,242,65,70,507,0
Isutak,,260,69.06,70,512,3
Booboo,,406,70.38,70,516,0
Hyouka,,372,65.31,70,526,0
Reina,,198,64.06,70,531,0
Sisegi,,154,69.19,69,408,1
Kuya,,403,71.69,69,439,1
Sire,,362,69,69,543,4
Hedaza,,416,68.31,69,570,0
Blek,,210,68.06,69,576,6
Asecun,,270,65.31,69,583,2
Odofras,,198,71.19,68,218,2
Jdhlion,,199,64.19,68,346,0
Ocil,,227,70.19,68,389,1
Edul,,247,70.56,68,392,4
Dathi,,152,70.5,68,419,1
Itheza,,290,70.75,68,424,1
Meatsack,,275,62.75,68,432,1
Kizil,,307,70.5,68,435,2
Kushime,,197,68.75,68,455,0
Naga,,363,65.19,68,459,0
Somod,,285,67.56,68,471,1
Bacothe,,139,67.13,68,485,4
Thuca,,117,70.38,68,508,1
Ceji,,257,69.94,68,518,5
Giji,,247,66.25,68,537,8
Nobunaga,,199,65,68,538,0
Afrulle,,304,70.13,68,548,1
Power,,160,62.81,68,563,1
Evenfour,,231,63.88,68,570,7
Dece,,138,68.69,67,223,1
Nehuta,,145,65.63,67,381,0
Namja,,130,68.94,67,393,4
Machomucho,,247,69.88,67,396,4
Edrem,,379,70.44,67,398,0
Jolom,,179,67.31,67,404,0
Ethulul,,470,70.63,67,428,0
Nana,,180,65.5,67,463,1
Otadna,,222,69.13,67,492,3
Bull,,151,69.44,67,556,7
Odin,,353,70.81,67,557,1
Quinndar,,254,70.75,67,562,0
Irkachi,,338,68.94,67,564,1
Decani,,218,65.5,67,572,1
Zorro,,280,69,67,576,1
Gray,,337,70.44,66,251,4
Kormango,,232,67.19,66,278,5
Tpaqpt,,170,67.94,66,326,2
Lana,,247,68.13,66,384,3
Gudraci,,218,66.94,66,400,1
Kimrapid,,228,61.81,66,404,8
Edagras,,149,67.19,66,424,3
Esel,,163,70.25,66,441,2
Ilol,,155,66.38,66,449,6
Bohuz,,195,67.56,66,482,1
Bahe,,188,66.5,66,495,6
Minna,,142,70.06,66,509,2
Ardosom,,229,68.88,66,545,6
Cerdid,,226,67.06,66,575,5
Nezug,,232,63.38,66,578,3
Cindi,,228,69.5,66,597,2
Mywife,,144,72.63,65,190,0
Vethez,,91,65.69,65,192,0
Shiroko,,97,68.75,65,230,0
Glenn,,307,69.44,65,234,0
Ultimus,,250,68.38,65,250,2
Ovrethag,,120,68.31,65,291,0
Oheni,,149,69.06,65,321,1
Lacrema,,193,70.81,65,339,0
Susy,,189,69.44,65,377,0
Limestone,,242,71,65,382,0
Mohel,,202,68.5,65,393,0
Orca,,167,67,65,394,2
Bastion,,223,65.69,65,410,0
Cithase,,434,68.06,65,413,4
Imathig,,197,69.94,65,434,0
Gotara,,288,65.81,65,436,0
Evento,,174,70,65,445,0
Neve,,391,67.38,65,448,2
Polodious,,204,65.25,65,450,1
Pandasan,,260,69,65,479,4
Besau,,176,68.94,65,485,0
Sinum,,194,67.69,65,492,4
Cati,,399,70.31,65,502,1
Scarface,,180,65.88,65,503,9
Jigi,,206,62.38,65,513,1
Boboboy,,293,68.69,65,557,17
Shepherd,,129,69.5,64,208,0
Warbar,,121,66,64,215,0
Yena,,133,69.38,64,258,3
Elomelo,,103,66.44,64,294,2
Azusa,,157,61.13,64,309,0
Kkkkillya,,183,66.94,64,361,3
Kuni,,160,70.19,64,367,2
Cehani,,132,66.81,64,398,0
Nire,,227,70.75,64,442,1
Avron,,255,69.75,64,455,0
Cerkun,,236,70.5,64,472,5
Inaka,,211,67.19,64,502,3
Event,,217,66.44,64,527,0
Edruche,,303,65.94,64,535,4
Patty,,215,67.13,64,537,0
Ozarci,,212,70,64,538,1
Sere,,210,64.88,64,554,3
Goset,,159,68.63,64,584,1
Chinachun,,105,67.88,63,240,4
Janinri,,285,70.13,63,291,7
Nibron,,118,69.06,63,345,3
Maakekol,,135,67.56,63,366,1
Jura,,98,67.19,63,396,2
Nagaz,,194,66.13,63,418,0
Avira,,245,67,63,441,4
Erim,,261,70.63,63,458,2
Serackii,,173,68.25,63,503,8
Longs,,132,68.44,63,555,2
Onnat,,171,66,63,557,3
Siga,,165,64.81,63,561,2
Etik,,206,60.69,63,565,1
Hutid,,170,66,63,566,3
Minnow,,206,68.38,63,587,2
Memovre,,198,64.38,63,587,0
Rivri,,348,69.63,63,591,4
Zive,,154,65,62,271,0
Sarcodra,,131,70,62,293,10
Heshe,,134,63.69,62,298,3
Pipoca,,169,66.56,62,316,1
Knowone,,103,64.81,62,353,2
Erzudraz,,123,69.94,62,415,0
Event,,362,70.75,62,423,0
Byul,,229,68.56,62,447,8
Valklyrs,,185,70.38,62,457,6
Sauron,,161,63.69,62,461,0
Michi,,182,65.44,62,477,4
Lille,,171,68.31,62,482,0
Limari,,196,69.44,62,485,0
Lila,,200,70.13,62,497,4
Emodi,,217,70.31,62,581,0
Stark,,146,67.19,62,586,0
Pycyheo,,219,62.19,62,591,1
Elanor,,178,68.88,62,591,0
Hovroga,,304,63.69,62,593,1
Moymoy,,126,63.69,62,599,3
Annuk,,80,58.56,61,171,2
Meline,,172,68.56,61,239,2
Shtbottle,,182,64.88,61,254,1
Besel,,178,68.75,61,301,3
Alidor,,111,70.5,61,360,3
Irving,,277,70.69,61,384,0
Jabez,,92,67.94,61,415,5
Arauna,,137,67.94,61,448,2
Wackdasac,,138,65.38,61,498,5
Xeoreno,,165,68.38,61,505,3
Arzis,,157,62.5,61,522,12
Wwwwc,,214,69.19,61,531,8
Maiy,,181,58,61,585,4
Hezi,,219,66.38,61,594,1
Kalenne,,174,65.69,60,171,0
Therag,,93,68.38,60,198,0
Kithi,,91,65.5,60,209,0
Warevent,,120,70.31,60,209,0
Cashncarry,,160,67.75,60,226,1
Tokrol,,85,54.75,60,230,0
Zali,,103,64.13,60,242,0
Zudri,,127,66.19,60,266,0
Cory,,263,65.38,60,266,0
Omum,,296,63.69,60,282,0
Zena,,135,65.19,60,289,0
Rivi,,182,61.38,60,292,0
Acez,,353,70.81,60,297,0
Kevin,,729,71,60,302,0
Flipable,,90,63.19,60,309,0
Coda,,326,70.75,60,314,0
Evroca,,175,66,60,319,0
Hairypp,,380,69.75,60,335,0
Blackthorn,,278,69.06,60,341,2
Irteme,,233,66.38,60,348,1
Apocalypta,,307,67.38,60,367,0
Achika,,397,71.06,60,370,1
Coco,,138,70.06,60,400,0
Maka,,230,64.44,60,402,0
Jameson,,348,68.88,60,411,0
Honos,,297,65.13,60,421,0
Master,,186,66.56,60,425,0
Zercethe,,128,62.63,60,428,0
Jamuzi,,215,65,60,430,1
Tyrannitar,,208,68.5,60,433,1
Evred,,199,65.31,60,457,0
Adrel,,151,61.69,60,470,6
Ratan,,196,70.13,60,471,0
Melody,,281,70.44,60,476,0
Ladycho,,129,61.63,60,488,2
Docicha,,299,64.69,60,530,0
Enuhol,,238,67.31,60,534,0
Zovi,,85,62.69,59,179,0
Horkin,,182,70.75,59,360,2
Saran,,171,72.31,59,406,0
Ogrim,,156,66.44,59,427,0
Duluz,,147,70.38,59,486,3
Destroyer,,100,65.56,59,500,1
Ezez,,245,70,59,516,3
Fyre,,171,64.13,59,569,5
Seventh,,188,65.5,59,594,0
Barke,,270,68.81,58,207,4
Azin,,105,70.13,58,309,0
Zozem,,120,68.38,58,314,2
Nerdi,,291,67.88,58,339,0
Conan,,162,65,58,343,0
Movravi,,122,69.69,58,398,0
Boni,,288,69.25,58,416,0
Maxximous,,110,70.25,58,452,1
Tanker,,186,62.06,58,475,1
Veva,,236,66.19,58,501,12
Bovverboy,,262,69.56,58,508,4
Fapfapman,,175,69.19,58,511,7
Matilda,,186,69.44,58,520,0
Giga,,249,68,58,543,0
Shorttimer,,139,70.25,57,283,0
Genesis,,160,59.88,57,301,0
Amera,,89,61.75,57,332,0
Zema,,114,65.56,57,363,0
Roce,,207,64.25,57,366,1
Zojet,,251,69.13,57,368,0
Gohed,,148,65.63,57,375,1
Venom,,148,64.69,57,375,0
Marius,,142,69.5,57,375,3
Rawsoul,,212,67.56,57,386,3
Inevak,,197,65.69,57,399,0
Donnurzi,,233,65.38,57,420,0
Ladysaws,,164,66.38,57,424,3
Diablo,,177,65.13,57,430,0
Merlotitko,,132,66.56,57,463,0
Zoleta,,117,66.63,57,469,3
Dinglebury,,132,69.63,57,485,5
Jumes,,227,67.31,57,499,1
Tuffenuff,,223,65.06,57,524,2
Zekoshe,,127,66.19,57,539,0
Izid,,148,62.94,57,588,0
Wine,,170,67.56,57,599,0
Ohanut,,108,65.69,56,339,0
Enul,,121,62.31,56,386,1
Kormung,,263,70.69,56,409,9
Leoking,,168,64.19,56,411,2
Ocez,,120,66.13,56,489,3
Zortofri,,353,70.5,56,493,2
Chaos,,161,69.88,56,496,4
Erzudri,,113,65.94,56,506,1
Aplez,,187,67.63,56,524,1
Delia,,75,69.88,55,91,1
Jagug,,99,64.81,55,117,0
Deazi,,268,70.38,55,187,1
Nazgull,,348,70.44,55,206,0
Primm,,123,65.25,55,232,0
Athiz,,252,63.06,55,244,0
Tikraci,,93,69.69,55,255,0
Otto,,323,69.5,55,259,1
Makajda,,134,64.38,55,284,0
Atis,,220,68.69,55,314,0
Ahudal,,100,61.06,55,323,0
Ozun,,103,64.94,55,325,0
Bedus,,152,68,55,335,0
Ertun,,179,68.31,55,341,0
Inyong,,156,67.5,55,347,0
Runevent,,274,68.31,55,352,1
Code,,129,64.25,55,363,0
Nufra,,176,68.25,55,365,0
Reyscyber,,150,68.81,55,367,0
Sidechick,,138,68.5,55,370,0
Quereva,,189,69.69,55,385,0
Gisim,,111,60.5,55,401,5
Bete,,154,62,55,403,0
Voyaka,,173,64.06,55,404,0
Testwar,,122,63.31,55,419,0
Ikrazak,,213,69.75,55,440,0
Nilli,,110,60.31,55,445,1
Kodrug,,157,67.19,55,446,0
Hither,,133,66.56,55,505,0
Taoduong,,257,70.56,55,568,0
Klark,,163,68.81,55,578,0
Tymczasowa,,263,70.44,55,581,0
Juce,,95,66.19,54,243,0
Dospekpek,,83,60.63,54,282,0
Alurta,,130,64.56,54,333,1
Mossy,,31,63.44,54,361,0
Turus,,124,70.69,54,370,3
Cubanec,,244,70.06,54,374,3
Kehez,,184,64.25,54,447,0
Rocinante,,145,69.38,54,449,0
Kaloma,,143,66.88,54,464,0
Pinkman,,113,64.69,54,485,0
Mogris,,127,64.94,54,565,1
Egril,,106,62.69,54,572,2
Megumim,,144,66,54,584,3
Zenida,,105,60.31,54,592,0
Alil,,196,63,54,598,0
Vashe,,224,70.13,53,288,2
Light,,115,65.06,53,308,1
Gisel,,129,67.81,53,331,1
Sogri,,81,65,53,351,5
Duee,,73,69.75,53,359,2
Lurzig,,131,64.75,53,379,0
Ciji,,151,60.06,53,391,2
Vurge,,128,63.56,53,393,0
Cesi,,53,61.88,53,395,0
Ogrut,,123,68.44,53,408,1
Amak,,113,69.38,53,417,7
Alibert,,120,64.75,53,424,2
Nacera,,161,64.75,53,429,0
Troete,,304,68.94,53,444,1
Haski,,104,59.81,53,477,1
Hirtul,,129,64.5,53,483,2
Derakon,,127,69.13,53,495,1
Nane,,88,70.06,53,502,0
Kogneuz,,181,66.25,53,507,2
Sosilina,,92,61.75,53,516,1
Bambam,,138,68.75,53,524,3
Giuseppina,,156,66.63,53,533,2
Reha,,109,61.69,53,542,0
Lozi,,124,66,53,549,13
Xoox,,160,71.06,53,571,0
Acer,,217,69.56,53,573,1
Ameno,,156,70,53,584,5
Jenaya,,119,65.44,53,587,1
Cula,,152,64.44,52,173,0
Kete,,220,71.44,52,182,0
Omos,,112,67.69,52,205,0
Rolling,,141,61.88,52,243,0
Frida,,167,70.06,52,280,1
Imevret,,171,67.75,52,302,0
Grinder,,114,64.19,52,322,2
Ceti,,259,61.75,52,325,0
Lunne,,124,64.94,52,331,0
Kinder,,114,63.63,52,349,0
Eleve,,107,65.5,52,359,0
Geshi,,117,64.25,52,369,0
Etovra,,97,64.19,52,403,1
Lanne,,78,69.38,52,407,0
Welpman,,337,70.31,52,419,0
Lanreka,,121,65.81,52,431,1
Pizdura,,183,62.13,52,432,1
Alez,,211,67.44,52,445,0
Jija,,111,67.56,52,449,1
Artatus,,191,67.56,52,465,0
Dorkit,,152,61.44,52,470,0
Juki,,110,68.44,52,470,1
Wanda,,122,66.81,52,473,0
Tithun,,156,65.5,52,479,1
Mulan,,185,70.06,52,479,0
Rakol,,82,62.75,52,495,0
Anros,,228,67.44,52,506,2
Uschi,,149,65.81,52,512,0
Cerdi,,162,65.63,52,516,0
Amezi,,259,68.81,52,544,0
Vithe,,135,70.81,52,545,0
Luba,,173,70.25,52,545,0
Egahim,,125,65.88,52,551,1
Oket,,130,65.44,52,580,1
Metlut,,71,63.63,51,205,1
Grunt,,60,68.75,51,254,1
Hanra,,193,63.75,51,267,0
Buger,,63,55.63,51,280,1
Ajendar,,112,62.63,51,311,0
Klaw,,135,68.56,51,336,2
Nacsoht,,122,69.75,51,337,0
Ajan,,108,68.13,51,342,1
Etikre,,96,64.69,51,382,2
Gimist,,151,62.81,51,388,0
Cubb,,95,62.63,51,420,0
Ored,,147,61.44,51,426,1
Midknite,,130,61.38,51,437,3
Midna,,116,62.06,51,492,2
Irude,,110,62.44,51,497,3
Alen,,103,63.81,51,510,1
Sabra,,144,65.69,51,510,0
Gatarde,,162,65.19,51,512,6
Aurora,,144,60,51,522,4
Cezil,,155,67.13,51,537,4
Zaza,,292,69.25,51,590,4
Erem,,287,70.38,50,97,0
Dona,,129,65.44,50,157,0
Jerrypark,,51,62.81,50,168,0
Temp,,104,67.19,50,169,0
Ezukrim,,70,69.13,50,176,0
Greizon,,191,64.06,50,186,0
Acos,,98,62.31,50,204,0
Boomgirl,,91,69.19,50,243,0
Hagnarox,,149,70.06,50,247,0
Willy,,136,65.31,50,255,0
Dayvyd,,134,67.44,50,260,0
Namug,,215,68.25,50,276,0
Princezna,,70,63.13,50,277,0
Zerdalle,,91,68.75,50,279,0
Vergi,,83,62.63,50,281,0
Agebet,,163,68.69,50,282,0
Thor,,168,71.81,50,288,0
Plagra,,141,62.94,50,293,0
Orek,,95,58.38,50,296,0
Tebre,,129,62.19,50,298,0
Radigen,,122,63.81,50,299,0
Azalynn,,66,62.25,50,301,0
Heavy,,97,67.31,50,311,0
Ogidne,,190,58.94,50,313,6
Elize,,126,64.56,50,327,0
Ovole,,129,63.94,50,332,0
Adog,,98,63.63,50,332,0
Zena,,116,71,50,340,0
Shibby,,133,67.31,50,343,0
Dassd,,139,67.06,50,345,0
Zigi,,228,70.63,50,347,0
Zabi,,193,62.19,50,350,0
Hulam,,60,60,50,354,0
Luze,,160,66.69,50,355,0
Briz,,146,65.69,50,363,0
Luna,,90,67.25,50,364,0
Eduzerab,,46,60.56,50,371,0
Akimag,,115,60.94,50,373,0
Killers,,67,61.63,50,377,1
Sogrem,,95,63.19,50,387,0
Eris,,219,69.63,50,387,0
Yukki,,66,64.56,50,395,0
Lynn,,85,62.63,50,396,0
Relarti,,133,65,50,400,0
Dirom,,75,62.31,50,403,0
Irtud,,127,69.06,50,415,0
Desyy,,104,61.25,50,422,0
Ortodoksja,,189,62.38,50,427,0
Puppydog,,92,63.5,50,446,0
Odurkos,,92,63.19,50,449,0
Aboham,,193,62.5,50,457,0
Diana,,135,70.63,50,474,0
Huodong,,148,62.44,50,475,0
Demia,,114,61,50,482,0
Roza,,129,63,50,490,0
Diana,,250,65.88,50,491,3
Zombie,,77,58.19,50,500,1
Nirze,,129,51.56,50,513,0
Fmfatai,,81,61.75,50,537,0
Stumpy,,107,64.81,49,375,0
Trianss,,74,59.94,49,448,1
Worrier,,227,64.94,49,546,1
Kulzizz,,136,61.44,49,548,2
Adam,,196,61.38,49,559,2
Rezi,,60,70.25,48,158,0
Ecnahcon,,40,63.88,48,172,1
Bigusdikus,,109,65.13,48,226,0
Adrem,,132,67.19,48,299,2
Hocan,,143,63.5,48,349,0
Basok,,54,63.56,48,415,1
Oberwelle,,121,62.5,48,425,1
Rebis,,107,63.19,48,457,0
Chrissoo,,153,65,48,466,6
Micucci,,230,70.25,48,501,2
Ruby,,136,69.63,48,526,0
Avras,,97,64.69,48,557,9
Asmo,,104,54.31,48,572,2
Vandora,,185,57.81,48,591,7
Bozi,,54,64.5,47,164,0
Mattie,,89,64,47,326,1
Othise,,66,65.13,47,368,0
Darksun,,200,68.38,47,371,0
Nuzari,,212,62.75,47,393,0
Ercum,,89,65.13,47,394,0
Akashos,,179,69.94,47,422,0
Egran,,145,63.13,47,424,1
Sikabe,,184,67.38,47,427,0
Anabell,,170,65.13,47,446,1
Erkenri,,111,67.06,47,454,1
Asibra,,126,60.56,46,170,0
Kiduni,,59,67.06,46,227,0
Egovis,,138,65.63,46,258,0
Maria,,133,57.44,46,260,0
Zuka,,142,71.13,46,303,2
Sicit,,88,61.5,46,319,0
Videl,,101,69.25,46,380,2
Hotaz,,138,59.75,46,380,0
Rosbeli,,116,56.5,46,581,6
Isok,,73,57.44,45,167,0
Zena,,124,60,45,187,1
Mezi,,95,68.06,45,241,0
Runuk,,91,65.88,45,250,0
Eventla,,100,64.69,45,250,0
Civat,,98,64.5,45,258,0
Bethom,,166,67.56,45,261,0
Rocky,,239,68.5,45,298,0
Temporaire,,110,60.63,45,299,0
Shades,,104,64.25,45,305,0
Vula,,144,64.5,45,307,0
Wrzefiro,,164,61.63,45,325,0
Slayer,,68,60.81,45,328,0
Etiret,,77,65.5,45,356,0
Zihoje,,226,67.06,45,376,0
Warlord,,64,62.88,45,436,0
Kaladin,,113,56.31,45,454,0
Emen,,128,61.07,45,514,0
Skyline,,77,69.19,44,133,0
Ogna,,130,68.25,44,188,0
Vethun,,85,61.94,44,249,0
Hoze,,90,64.88,44,264,0
Enon,,82,62.19,44,324,1
Odrim,,91,66.31,44,339,1
Asag,,69,61.94,44,342,0
Ligri,,66,62.88,44,345,0
Egida,,102,63.19,44,380,0
Methi,,148,68.13,44,450,0
Evesa,,103,66.63,44,493,1
Tomi,,189,69.44,43,287,0
Tone,,98,65.56,43,309,0
Ednoz,,53,66.19,43,337,2
Vami,,119,63.38,43,374,0
Brenda,,82,64.25,43,501,0
Tejon,,87,69.44,43,506,1
Serbet,,78,68.19,43,514,3
Bechon,,123,69.44,42,160,0
Xrudra,,108,62.06,42,289,0
Musha,,172,62.38,42,307,2
Gero,,61,64.63,42,346,0
Tibet,,117,66.75,42,389,0
Vukri,,118,64.69,41,307,3
Swordguy,,50,64.19,41,337,2
Gice,,86,64.31,41,345,2
Yiyuyiyu,,101,64.06,41,347,2
Cthullu,,93,56.75,41,355,0
Juca,,22,62.38,41,422,2
Sidra,,138,59.94,40,103,0
Peggyhill,,104,55.5,40,115,0
Nisi,,130,68.5,40,144,0
Shadow,,49,61.06,40,203,0
Obis,,161,65.69,40,204,0
Tangtang,,123,67.31,40,226,0
Diadem,,49,60.88,40,240,0
Gigrak,,49,61.69,40,248,1
Amil,,48,64.25,40,248,0
Karen,,114,64.81,40,280,0
Namoshe,,65,64.56,40,286,0
Rilana,,31,60.75,40,299,0
Seabass,,95,63.88,40,327,0
Kusa,,107,63.75,40,347,0
Lana,,68,59.06,40,396,0
Kecaha,,88,53.44,40,408,0
Orcehe,,90,62.81,40,412,0
Vader,,104,61.94,40,412,0
Kayle,,73,60.56,40,414,0
Ivred,,88,65.38,39,326,0
Ofrethi,,22,59.63,39,338,0
Lelochi,,197,67.5,38,157,0
Koja,,38,59.5,38,184,0
Zerde,,59,63.81,38,187,0
Obron,,101,66.13,38,223,1
Titan,,60,63.38,38,545,2
Gaka,,138,68.63,37,302,2
Ivitit,,49,45.38,37,387,0
Gladiator,,106,62.63,36,166,0
Atul,,109,66.38,36,212,0
Rose,,74,60.81,36,321,0
Idrargi,,54,64.06,35,133,0
Lalud,,17,62.13,35,165,0
Zero,,102,63.13,35,192,0
Erogwum,,94,67.13,35,219,0
Lexandria,,67,60.69,35,339,0
Sity,,74,63.5,35,359,0
Atuza,,184,70,34,110,0
Fubar,,33,55.38,34,155,0
Kitiara,,91,66.06,34,188,0
Athidek,,68,64.88,34,214,0
Covenna,,61,67.56,34,327,2
Alucard,,75,64.25,34,328,0
Edrivuz,,32,59.19,34,458,2
Tisi,,182,65.56,33,125,0
Ennechut,,139,64.94,33,135,1
Govris,,59,58.19,33,151,1
Duuh,,40,64.38,33,275,1
Serkucha,,121,57.56,33,373,1
Anuvis,,55,65.94,33,474,2
Sudabe,,31,57.38,33,475,3
Bronzecard,,58,63.38,32,150,0
Abbyxxe,,29,62.56,32,170,0
Okey,,79,56.88,32,175,0
Afan,,32,58.81,32,269,0
Bobe,,48,61.88,32,310,0
Andrew,,45,70.75,32,329,0
Irzog,,77,61.25,31,155,0
Madamba,,43,62.75,31,178,1
Dmsguq,,70,66.38,31,183,0
Ploki,,86,58.44,31,194,1
Gstring,,47,66.75,31,279,1
Test,,98,59.63,31,378,0
None,,58,65.06,30,88,0
Irkothi,,81,62.81,30,108,0
Ollud,,16,62.81,30,126,0
Ublock,,109,64.63,30,153,0
Hodor,,103,64.38,30,172,0
Sidious,,86,60.69,30,174,0
Kingtceee,,14,57.81,30,175,0
Pegasus,,33,59.75,30,179,0
Argiti,,50,61,30,191,0
Phuqueoff,,99,63.75,30,194,0
Raheema,,102,56.5,30,206,0
Kithez,,31,67,30,220,0
Endless,,130,60.75,30,228,0
Tofuguy,,81,67.13,30,251,0
Sova,,48,70.19,30,262,0
Quixote,,146,60.75,30,275,0
Illeg,,66,57.19,30,398,0
Desmond,,22,60.75,29,156,0
Osus,,45,61.44,29,215,1
Hfhfjd,,64,65.38,29,245,0
Titi,,13,58.56,29,253,0
Star,,199,66.88,29,284,0
Picklez,,5,58.19,28,203,0
Rosjanin,,135,68.81,28,430,3
Labutha,,48,49,28,436,2
Zentiya,,74,69,27,157,0
Olurge,,13,59.81,27,196,0
Erig,,59,63.56,27,282,1
Hera,,80,57.88,27,387,1
Lortora,,68,62.63,26,137,0
Akergek,,82,67.13,26,168,0
Berserk,,53,61.5,26,230,0
Dikrat,,156,68.31,26,320,1
Baldezh,,66,57.56,25,160,0
Perkynips,,6,59.63,25,166,0
Krijger,,90,68.19,25,290,0
Okizut,,80,63.94,25,474,0
Siget,,37,63.5,24,203,0
Achille,,17,61.44,23,130,1
Goatboss,,0,40.69,23,149,0
Dalin,,105,63.69,23,183,1
Slasher,,99,64.88,23,197,1
Lugani,,100,63,23,204,1
Bogroz,,50,64.5,23,290,2
Ginel,,13,63.81,23,391,3
Etena,,0,63.25,22,321,0
Soburi,,117,56.06,22,405,1
Ruthie,,78,55.88,22,472,4
Gumi,,7,55.31,21,96,1
Aberze,,36,65.5,21,230,1
Rika,,16,52.63,20,61,0
Rockrusher,,21,46.13,20,90,0
Kobone,,69,55.13,20,111,0
Emega,,7,58.25,20,114,0
Zirutha,,28,64.38,20,123,0
Dagathi,,1,62.5,20,127,0
Senna,,3,59.94,20,144,0
Rexorr,,111,67.44,20,144,0
Xtena,,120,67.81,20,144,0
Allod,,0,59.13,20,150,0
Edrafrul,,29,56.94,20,162,0
Okrirga,,3,50.13,20,174,0
Timowerner,,0,59,20,228,0
Eric,,74,60.44,20,240,0
Liam,,53,44.19,20,278,0
Tiana,,4,63.75,19,147,0
Ereta,,0,57.13,19,148,0
Ijes,,4,68.75,19,174,0
Rutiger,,76,72.38,19,195,0
Barbette,,18,56.94,19,199,0
Bithi,,0,58.88,19,344,0
Demihi,,0,52.19,18,85,0
Dordid,,11,57.38,18,128,0
Gargar,,32,58.69,18,132,1
Itham,,38,62.25,18,160,1
Restwurz,,16,60.38,18,168,0
Ezig,,38,63.5,18,233,1
Sasha,,0,60.5,18,363,7
Dddd,,0,47,18,406,1
Miti,,181,65.25,17,84,0
Odizek,,50,60.56,17,127,0
Zora,,72,68.25,17,128,0
Losvegetos,,0,58.94,17,132,0
Hogi,,81,57.63,17,135,0
Vama,,6,61.19,17,136,0
Erdothan,,0,56.69,17,211,1
Demoncry,,0,57.69,17,309,0
Rendy,,53,45.56,17,493,1
Niki,,4,59.56,16,87,0
Bachami,,58,59.38,16,88,0
Ogokrik,,0,59.44,16,141,0
Tomi,,101,61.13,16,169,0
Anya,,0,54.75,16,346,0
Jurgebri,,0,61.31,15,96,0
Idritha,,0,54.75,15,118,0
Minato,,0,60.56,14,81,0
Ojin,,0,57.69,14,142,0
Helga,,24,62.13,14,164,0
Abahag,,0,56.06,14,167,0
Gahmry,,54,56.25,14,206,0
Axelot,,4,57.38,14,208,0
Black,,0,57.79,14,252,0
Miroa,,0,58.13,14,266,0
Serzilijen,,19,54.56,14,391,0
Bard,,6,59.69,13,129,0
Cethekra,,6,52.5,13,131,0
Sinri,,68,65.44,13,132,0
Sezan,,0,60.81,13,177,0
Ohonrem,,0,58.69,13,180,1
Zuse,,0,55.75,13,199,0
Ataviel,,0,56,13,215,1
Kimada,,29,66.38,13,243,1
Solod,,0,57.44,13,272,1
Legacy,,0,51,13,389,0
Temel,,0,59.69,12,101,0
Mindor,,116,63.25,12,110,0
Osevek,,0,51.5,12,218,0
Cesar,,0,48.38,12,244,0
Kanrale,,0,50.81,12,245,0
Celli,,0,44.88,12,259,0
Bear,,0,59.88,12,260,0
Valavi,,0,58.13,11,116,0
Adrefrus,,14,58.5,11,137,1
Itonaz,,0,58.75,11,192,1
Sauron,,0,53.5,11,210,0
Ragot,,0,60.13,11,233,0
Arcurkos,,0,57.38,11,293,1
Rathe,,53,55.31,10,97,0
Niteche,,215,17.19,10,101,0
Giris,,0,60.44,10,102,0
Hinomoto,,81,61.88,10,132,0
Boomevent,,0,56.06,10,153,0
Emed,,0,55.69,10,155,0
Vallenia,,0,54.25,10,158,0
Oronnos,,0,50.75,10,160,0
Ithet,,17,60.94,10,162,0
Agad,,0,56.06,10,163,0
Carlos,,0,56.19,10,169,0
Yagunopru,,0,42.38,10,205,0
Taja,,0,51.5,10,228,0
Twink,,0,51.44,10,229,0
Xxxxx,,0,42.88,10,235,2
Bard,,0,55,10,236,0
Bloodhawk,,0,41.93,10,251,0
Ronin,,0,44.13,10,268,2
Jikiri,,0,44.56,10,389,0
Ladyleader,,0,56.88,10,424,0
Relentless,,0,61.31,9,98,0
Some,,42,61.63,9,99,0
Kormonster,,0,50.44,9,105,1
Voinalex,,0,58.38,9,133,0
Zethud,,1,56.75,9,154,0
Rabica,,0,54.38,9,179,1
Sonani,,0,53.88,9,187,0
Fire,,0,54.88,9,188,0
Mokra,,0,56.94,9,192,0
Voda,,0,57.13,9,216,0
Onnurdi,,0,50.94,9,278,0
Erikum,,0,66.13,9,313,1
Tituz,,0,52.31,9,364,4
Avadi,,0,52.5,9,416,0
Yael,,0,47.88,9,458,3
Dimak,,0,58.31,8,112,0
Dogisi,,0,53.25,8,121,0
Vithas,,65,64.06,8,122,0
Hugo,,80,71.44,8,126,0
Disige,,0,45.88,8,136,0
Zali,,0,56.31,8,136,0
Amazon,,3,59,8,140,1
Vadogi,,0,58.56,8,141,1
Ynwell,,2,54.31,8,149,1
Savnt,,0,55.19,8,166,0
Pulya,,0,52.31,8,173,1
Orkhuth,,0,44.19,8,186,2
Anastas,,0,51.69,8,202,0
Akrokel,,0,59.81,8,205,1
Ohorki,,0,57.06,8,211,0
Mila,,5,60.5,8,215,1
Basharella,,0,52.19,8,218,1
Tere,,0,45.56,8,229,2
Blindzero,,0,54.06,8,248,1
Oragruz,,0,47.06,8,257,0
Imibris,,0,51.63,8,274,1
Pandora,,0,51.31,8,276,1
Melone,,0,56.81,8,299,0
Ojuk,,0,52.19,8,301,5
Warrads,,0,56.81,8,301,0
Anung,,0,53.06,8,309,1
Asedul,,0,44.81,8,336,4
Horta,,0,51.31,8,353,3
Ebucen,,0,50.25,8,354,6
Silil,,0,47.06,8,446,0
Orcas,,0,45.13,8,449,3
Himyra,,0,44.5,8,467,3
Morez,,0,49.69,8,468,3
Flidrid,,0,51.19,8,519,4
Guarana,,0,53.31,8,532,4
Douuuuu,,0,44.69,8,559,10
Krjoon,,0,42.94,7,73,1
Nosleep,,18,61.94,7,85,0
Teel,,6,58.31,7,102,0
Ciga,,0,56.56,7,105,0
Nigri,,17,58.06,7,110,0
Ononad,,0,59.81,7,114,0
Orcerid,,0,53.69,7,131,0
Asidrik,,13,43.81,7,147,0
Oliz,,86,67.38,7,154,0
Event,,77,64.06,7,156,0
Zibe,,0,54.13,7,159,0
Joker,,30,60.44,7,160,0
Athathul,,0,53.63,7,167,0
Karatekid,,11,55.94,7,171,0
Hell,,0,45.13,7,175,2
Obran,,0,50.63,7,176,0
Ibokre,,0,55.19,7,178,0
Codirzi,,0,59.13,7,185,0
Korla,,4,60.19,7,207,1
Eshargi,,0,45.69,7,222,1
Adnuz,,0,57.63,7,226,0
Shalala,,0,52.69,7,228,0
Carla,,0,50.38,7,229,0
Rarala,,0,48,7,230,3
Cegede,,0,56.69,7,232,0
Dojel,,62,66,7,235,0
Lanra,,0,56.38,7,235,0
Oshegik,,0,60.44,7,255,0
Ithokrol,,0,56.75,7,259,0
Allem,,0,35.81,7,268,0
Quate,,0,51,7,270,0
Osushi,,0,51.13,7,273,0
Huvreg,,0,40.43,7,283,4
Mochin,,0,54.63,7,291,1
Orgrim,,0,52.31,7,303,5
Dajuce,,0,53.5,7,303,0
Miramira,,0,48.75,7,305,0
Rohora,,0,56.44,7,306,0
Getella,,0,53.69,7,309,0
Luna,,23,63,7,321,0
Titan,,0,59.19,7,322,3
Spartan,,0,53.88,7,326,0
Alom,,0,41.38,7,334,3
Lilit,,0,48,7,334,2
Godlike,,0,44.94,7,345,14
Squirrel,,0,49.38,7,347,0
Killua,,0,45.25,7,354,3
Rokeva,,0,50.94,7,354,3
Koranna,,0,25.56,7,368,24
Darkvisage,,0,46.19,7,369,2
Koti,,0,45,7,371,0
Ntspw,,0,19.75,7,375,3
Muthita,,0,50.06,7,389,1
Cadraba,,0,49,7,393,0
Ekrovi,,0,38.81,7,399,1
Rodnos,,0,56.19,7,409,7
Gova,,0,47.5,7,418,1
Jenefer,,0,43,7,418,0
Omnom,,0,44.38,7,419,1
Gaza,,0,54.19,7,420,2
Bertha,,0,50.88,7,425,0
Brock,,0,34.06,7,428,4
Ojarke,,0,45.56,7,431,0
Flixi,,0,37.94,7,435,12
Ergirca,,0,53.88,7,435,1
Deppo,,0,50.25,7,446,7
Sazi,,0,45,7,449,0
Abafre,,0,43.13,7,473,5
Cinna,,0,50.38,7,489,2
Badass,,0,50.38,7,491,4
Dokosha,,0,45.44,7,497,0
Rigad,,0,44.94,7,504,0
Warr,,0,52.06,7,507,0
Ogis,,0,42.94,7,508,2
Criptideo,,0,40.94,7,561,1
Ojege,,0,38,7,572,7
Gureji,,0,49.31,7,573,8
Akomizz,,0,40.06,7,592,5
Ziazz,,0,53.81,6,86,0
Sluzzah,,0,59.25,6,87,0
Reydemonio,,0,58.56,6,89,0
Egebam,,0,27.94,6,92,0
Luise,,0,59.63,6,93,0
Mahodra,,0,57.5,6,96,0
Tuba,,0,52.56,6,106,0
Guzi,,0,46.81,6,107,1
Casein,,0,30.69,6,110,0
Veeann,,0,54.88,6,118,0
Droselda,,0,46.2,6,125,0
Rizi,,0,47.75,6,132,0
Irtunni,,0,46.94,6,144,0
Mimunri,,0,46.25,6,147,2
Kengkong,,0,50,6,148,1
Isut,,0,48.31,6,149,0
Deti,,0,46.69,6,150,0
Ishal,,0,43.31,6,155,3
Sister,,0,50.06,6,157,0
Jpfiry,,0,54.38,6,163,0
Duma,,0,44.19,6,163,2
Duca,,0,52.19,6,165,0
Ozan,,0,55.06,6,171,0
Ivag,,0,48.63,6,174,0
Bdel,,0,50.94,6,177,1
Ligogo,,0,49.13,6,182,0
Bajagre,,0,51.81,6,186,0
Clunge,,0,34.31,6,188,1
Joon,,0,38.88,6,190,1
Abaki,,0,39.44,6,190,0
Efrocam,,0,44.56,6,194,0
Gonosa,,0,39.25,6,194,1
Gandalf,,0,51.19,6,195,2
Silvermane,,0,30.31,6,195,2
Ekrula,,0,46.5,6,197,0
Kurda,,0,44.69,6,198,2
Killerldog,,0,45.19,6,198,1
Baamut,,0,53,6,199,3
Candy,,0,47.25,6,200,1
Chongfengm,,0,44.94,6,202,2
Hydrogen,,0,39.94,6,203,1
Feelgood,,0,42.81,6,204,1
Kahn,,0,56.38,6,210,0
Aaron,,0,43,6,212,0
Larohi,,0,49.5,6,214,0
Pong,,0,51.94,6,217,1
Alexa,,0,48.94,6,221,0
Secel,,0,36.94,6,222,0
Amishon,,0,49.13,6,223,4
Conan,,0,49.63,6,224,2
Alus,,0,40.31,6,231,4
Allyssa,,0,34.88,6,238,4
Kura,,0,47.19,6,249,2
Libra,,0,41.56,6,251,1
Ennubroz,,0,41.63,6,257,0
Shenna,,0,45.31,6,258,3
Jfxhvvq,,0,44.31,6,260,2
Ibethe,,0,46.56,6,261,3
Onag,,0,36.88,6,268,0
Betirza,,0,38.63,6,273,3
Biva,,0,49.75,6,277,1
Zarkud,,0,54.31,6,279,1
Osusi,,0,38.75,6,280,1
Greydon,,0,53.19,6,280,0
Atheism,,0,41.13,6,285,4
Kukuruzka,,0,45.25,6,288,1
Zantetsu,,0,40.57,6,295,0
Ashije,,0,41.06,6,298,1
Kallali,,0,50.19,6,299,1
Hash,,0,39.75,6,299,1
Batod,,0,44.36,6,299,1
Bartolo,,0,35.25,6,305,0
Malan,,0,46.31,6,315,0
Ofrise,,0,42.38,6,319,2
Champ,,0,44,6,323,0
Stolas,,0,41.81,6,324,3
Ciel,,0,39.44,6,336,2
Murgunni,,0,38.44,6,339,1
Suwo,,0,48.81,6,347,0
Ordaceg,,0,36.71,6,356,2
Kakirda,,0,44.31,6,364,2
Idafris,,0,38.81,6,365,1
Artogud,,0,38.94,6,365,8
Navat,,0,40.19,6,368,4
Hugoboss,,0,36.71,6,375,5
Begrise,,0,36.31,6,379,2
Ruri,,0,44.31,6,386,3
Duti,,0,39.94,6,388,5
Antoi,,0,48.69,6,393,3
Moge,,0,39.38,6,397,1
Qwer,,0,32.25,6,416,6
Aseros,,0,36.19,6,420,6
Lannos,,0,35.38,6,422,2
Duran,,0,34.88,6,423,1
Zugosha,,0,43.56,6,436,1
Ardus,,0,29.75,6,438,16
Sidoze,,0,32.56,6,438,2
Socharga,,0,36.5,6,448,3
Dukra,,0,34.06,6,450,4
Cmcharms,,0,47.75,6,459,12
Akhum,,0,40.38,6,468,5
Herzetha,,0,43.75,6,472,4
Ofrik,,0,38,6,477,11
Ozol,,0,38.31,6,480,2
Zefri,,0,31.23,6,526,23
Ibiz,,0,45.13,6,543,2
Mardidne,,0,41.25,6,573,2
Ravi,,0,34.44,6,573,6
Orzug,,0,39.75,6,594,6
Ejori,,0,48.94,5,76,0
Nextone,,0,52,5,78,0
Ivut,,0,30.56,5,90,0
Dathe,,0,52.88,5,96,0
Rakre,,0,52.25,5,108,0
Ehima,,0,36.38,5,108,0
Isene,,0,43.63,5,110,0
Haspppp,,6,71.5,5,111,0
Hethos,,0,54.94,5,113,0
Zxssss,,0,41.13,5,120,0
Yuihatano,,36,56.88,5,123,0
Rirzica,,0,49.06,5,134,0
Athen,,0,33.88,5,143,0
Oton,,0,43.56,5,148,0
Horturza,,0,47.94,5,152,0
Zugruz,,0,45.13,5,152,0
Acolos,,0,51.81,5,154,0
Otez,,0,32.44,5,157,2
Hishol,,0,55,5,162,0
Vila,,0,44,5,174,0
Jayfish,,0,34.81,5,182,0
Blackwind,,0,47.81,5,187,0
Jane,,0,38.63,5,188,0
Kill,,0,41.63,5,191,0
Derjenige,,0,51.06,5,193,0
Idneti,,0,45.31,5,198,0
Tisig,,0,46.19,5,199,0
Akuz,,0,42.94,5,200,0
Irkiti,,0,44.94,5,201,0
Xenax,,0,47.69,5,201,0
Etonus,,0,40.56,5,201,0
Mudna,,0,37.69,5,203,0
Biggunna,,0,30.19,5,204,0
Moge,,0,31.94,5,205,0
Grappler,,0,22.15,5,206,1
Zerak,,0,48.56,5,212,0
Akratha,,0,46.25,5,214,0
Rawone,,0,38.69,5,217,0
Ashus,,0,36.38,5,219,0
Jaximus,,0,36.19,5,219,0
Cejuz,,0,44.69,5,224,0
Blorte,,0,28.06,5,230,0
Cela,,0,31.44,5,232,0
Irine,,0,33.44,5,238,0
Donukecai,,0,45.25,5,239,0
Roma,,0,33.43,5,245,0
Bayta,,0,43.75,5,250,0
Warque,,0,35.63,5,252,1
Anneg,,0,28.25,5,253,1
Vonurga,,0,36,5,254,0
Dokodni,,0,35,5,255,0
Irimek,,0,20.88,5,259,2
Raidden,,0,43.75,5,270,0
Micus,,0,40.44,5,271,0
Dorzi,,0,30.94,5,279,3
Orodug,,0,37.75,5,296,0
Tishica,,0,27.75,5,300,0
Viseshi,,0,51.06,5,308,0
Zajin,,0,31.19,5,315,3
Sword,,0,31.69,5,337,0
Mrfxxku,,0,37.69,5,341,0
Eledag,,0,29.38,5,344,0
Lergut,,0,33.2,5,358,0
Fury,,0,31.69,5,362,1
Gave,,0,27.06,5,366,1
Sadnina,,0,36.19,5,373,0
Lokri,,0,29.94,5,379,4
Xena,,0,21.81,5,385,11
Dailianys,,0,36.44,5,402,0
Vogroshe,,0,35.19,5,415,6
Akel,,0,25.5,5,420,5
Juve,,0,22.19,5,435,0
Veola,,0,28,5,450,2
Sonja,,0,38.94,5,463,0
Dagingkuda,,0,33.13,5,479,26
Linkie,,0,27.31,5,498,1
Irezud,,0,31.25,5,532,3
Jeremiah,,0,26.81,5,547,1
Prospero,,0,24.81,5,558,0
Idrad,,0,33.25,5,595,0
Ofrubi,,0,25.31,4,89,0
Dathas,,0,29.69,4,116,0
Kalam,,0,46.38,4,126,0
Edem,,0,33.31,4,139,0
Muadib,,0,48.94,4,141,0
Gerriline,,0,21.06,4,156,0
Nashe,,0,26.19,4,156,0
Peekaboo,,0,31,4,160,0
Kuta,,0,32.5,4,165,0
Vusag,,0,34,4,166,0
Charlie,,0,33.88,4,172,0
Egraje,,0,39.19,4,173,0
Anatuz,,0,41,4,176,0
Ocashe,,0,31.69,4,176,0
Gohun,,0,23.44,4,182,0
Mumbriks,,0,30.88,4,186,0
Magonigal,,0,33.25,4,187,0
Kogi,,0,28.5,4,196,0
Freya,,0,34.44,4,197,0
Komorte,,0,28.19,4,198,0
Vihaan,,0,26.75,4,208,1
Meconna,,0,36.44,4,209,0
Osus,,0,34.44,4,211,0
Ozieee,,0,32.63,4,216,0
Boji,,0,32.13,4,216,0
Bill,,0,33.44,4,222,0
Evony,,0,36.19,4,230,0
Kenn,,0,32.81,4,235,0
Dirda,,0,21.31,4,236,0
Vola,,0,31.56,4,238,0
Olga,,0,30.38,4,238,0
Ogrum,,0,34.47,4,248,0
Heti,,0,23.81,4,262,0
Omil,,0,25.31,4,264,0
Obrad,,0,28.06,4,266,0
Vackah,,0,27.44,4,274,0
Makalei,,0,28.19,4,275,1
Vufri,,0,29.81,4,282,0
Risoles,,0,29.19,4,283,1
Zatasi,,0,27.75,4,286,0
Hoho,,0,24.88,4,287,0
Charlie,,0,31,4,287,0
Efrobril,,0,26.63,4,289,0
Lucietta,,0,32.38,4,292,1
Shia,,0,30.07,4,312,0
Ophideus,,0,26.75,4,318,0
Knightcnz,,0,31.81,4,320,0
Nevre,,0,26.13,4,334,3
Bose,,0,23.06,4,338,1
Locig,,0,25.81,4,340,0
Kusonoob,,0,31.94,4,345,0
Xerxes,,0,36.63,4,349,0
Karnak,,0,22.88,4,366,1
Zuxang,,0,22.13,4,367,4
Uebanka,,0,30.13,4,391,0
Azeva,,0,29.13,4,391,1
Tari,,0,27.38,4,392,1
Chimaotatz,,0,22.63,4,394,1
Lilihe,,0,24.31,4,418,0
Tasha,,0,24.81,4,424,1
Kabre,,0,25.38,4,426,7
Gorisi,,0,25.38,4,429,5
Rome,,0,24.31,4,437,1
Rzcla,,0,27,4,452,0
Sauron,,0,17.5,4,481,6
Eshanrut,,0,28.38,4,508,1
Maja,,0,26.31,4,511,1
Olethen,,0,20,4,525,3
Fenrir,,0,21.36,4,527,6
Madaea,,0,28.56,4,529,1
Koke,,0,20.25,4,532,2
Ehazud,,0,23.19,4,556,10
Hateness,,0,21.19,4,571,10
Jully,,97,62.75,3,79,0
Raulnor,,0,23.88,3,91,0
Acichim,,0,53.75,3,101,0
Iron,,0,28.44,3,110,1
Tannita,,0,26,3,124,1
Irzen,,0,24.81,3,125,0
Hnmilove,,88,21.38,3,125,0
Acate,,0,19.19,3,133,0
Bambum,,0,23.06,3,137,0
Tanks,,0,21.21,3,138,0
Jadra,,0,26.63,3,144,0
Cerro,,0,22.13,3,156,0
Jamaba,,0,22.07,3,158,0
Yong,,0,27.63,3,165,3
Koreaking,,0,21.86,3,170,2
Ellie,,0,25.63,3,170,0
Magivra,,0,24.63,3,170,0
Ganni,,0,17,3,172,0
Inol,,0,23,3,173,0
Ikrad,,0,17.88,3,173,0
Kite,,0,26,3,173,1
Rirot,,0,25.56,3,175,0
Death,,0,22.31,3,177,1
Sothel,,0,21.56,3,179,1
Jatha,,0,22.88,3,184,0
Togun,,0,26.63,3,188,1
Varzoz,,0,18.38,3,191,0
Fernanda,,0,17.79,3,192,1
Binna,,0,25.19,3,192,1
Jessics,,0,27,3,192,0
Zancrow,,0,21.13,3,194,0
Nevra,,0,20.06,3,194,0
Jets,,0,28.44,3,195,1
Shine,,0,21.38,3,196,0
Rava,,0,19.31,3,199,0
Internship,,0,24.13,3,200,1
Mercedez,,0,23.63,3,200,1
Diblo,,0,21.92,3,202,1
Ledonk,,0,24.13,3,208,1
Nechunri,,0,24.63,3,211,1
Dino,,0,20.38,3,214,0
Bithuk,,0,24.44,3,214,0
Demon,,0,18.13,3,216,1
Vemela,,0,25.88,3,217,0
Kijara,,0,20.86,3,217,0
Gunni,,0,19,3,219,0
Okil,,0,19.5,3,220,0
Levanya,,0,23.06,3,220,1
Naiz,,0,25.19,3,221,1
Adlin,,0,19.94,3,224,0
Erishek,,0,18.5,3,224,2
Beastboy,,0,21.19,3,225,3
Ragnar,,0,25.31,3,227,2
Gilez,,0,24.13,3,227,2
Kare,,0,24.19,3,230,2
Azathot,,0,20.38,3,234,0
Osonil,,0,42.88,3,234,2
Milol,,0,24.44,3,236,1
Brabus,,0,18.88,3,237,0
Kleopatra,,0,22.06,3,237,1
Allek,,0,28.56,3,239,0
Barba,,0,17.06,3,246,0
Mathe,,0,18.88,3,248,2
Bbabba,,0,20.56,3,250,2
Xena,,0,23.5,3,254,0
Figgie,,0,21.88,3,256,1
Szefuncio,,0,19,3,257,1
Iges,,0,23.38,3,257,0
Oroje,,0,19.75,3,257,0
Annod,,0,22.38,3,259,2
Kvnt,,0,19.44,3,260,0
Derziri,,0,20.13,3,261,4
Hovi,,0,17.75,3,263,1
Kamutoo,,0,23.5,3,266,0
Igroshed,,0,20.38,3,269,1
Haberdash,,0,21.38,3,272,1
Ehethig,,0,19,3,273,2
Kenrod,,0,22.88,3,274,2
Erinra,,0,18.67,3,278,1
Sika,,0,16.43,3,283,0
Gija,,0,25.56,3,283,2
Jopium,,0,28.44,3,285,1
Erkugrud,,0,25.81,3,288,1
Katherine,,0,21.69,3,297,1
Cyberfunk,,0,22.31,3,299,1
Junrom,,0,21.93,3,299,0
Nushi,,0,20.25,3,306,0
Kehi,,0,18.88,3,307,0
Hika,,0,21.13,3,309,3
Spudicus,,0,16.44,3,310,0
Maul,,0,22.38,3,312,0
Erudrik,,0,22.13,3,313,0
Dori,,0,19.38,3,329,1
Atochez,,0,29.31,3,331,1
Susy,,0,20.13,3,336,0
Binufra,,0,16.43,3,336,0
Mise,,0,24.81,3,337,0
Patrycja,,0,18.81,3,342,1
Osol,,0,16.69,3,351,3
Adram,,0,18.43,3,352,4
Enorta,,0,17.13,3,354,0
Mordil,,0,17.56,3,354,6
Kaloy,,0,13.06,3,355,1
Stifler,,0,15.69,3,356,3
Hene,,0,18.44,3,360,2
Aruze,,0,17.5,3,362,3
Ordulug,,0,21.19,3,364,6
Vlad,,0,24.06,3,366,4
Short,,0,14.19,3,367,4
Mirek,,0,25.06,3,367,4
Euue,,0,21.63,3,374,2
Ivreza,,0,17.63,3,376,0
Gzsj,,0,16,3,380,0
Helen,,0,17.75,3,385,0
Akot,,0,15.94,3,386,1
Srarthur,,0,28.13,3,386,2
Osha,,0,20.13,3,387,3
Exulucifer,,0,20.81,3,389,3
Varti,,0,18.15,3,390,0
Lulu,,0,11.81,3,393,5
Chukitaxd,,0,20.73,3,394,2
Ozokre,,0,19.06,3,411,3
Retata,,0,28.81,3,433,2
Ozom,,0,15.88,3,448,2
Blood,,0,23.94,3,449,0
Zirkam,,0,19.88,3,459,4
Laguerta,,0,17.38,3,460,8
Efrirez,,0,22.63,3,469,4
Bigboss,,0,15.31,3,500,6
Teni,,0,21.31,3,502,3
Evishi,,0,18.19,3,535,3
Mama,,0,14.13,3,536,3
Ironhand,,0,21.25,3,537,2
Dinnida,,0,20.63,3,546,3
Huddy,,0,17.06,3,548,0
Fatin,,0,17.63,3,551,6
Lurkal,,0,16.38,2,90,0
Ogel,,0,18.19,2,118,0
Elianet,,0,14.69,2,126,0
Khan,,0,18.5,2,133,0
Onavka,,0,17.06,2,135,0
Zagem,,0,12.07,2,137,0
Omihe,,0,23.6,2,143,0
Kali,,0,20.44,2,147,0
Enog,,0,27.81,2,147,0
Egral,,0,20,2,147,0
Elolla,,0,15.81,2,148,0
Tartar,,0,19.79,2,148,0
Codathe,,0,31.63,2,148,0
Dupa,,0,18.69,2,148,0
Afrus,,0,17.4,2,150,0
Odnik,,0,10.56,2,152,1
Palanb,,0,17.31,2,153,0
Kraki,,0,16.06,2,153,0
Nocha,,0,19,2,153,0
Maer,,0,26.94,2,154,0
Ibrarin,,0,19.38,2,159,0
Aragon,,0,18.13,2,160,1
Ercas,,0,29.94,2,161,0
Kurze,,0,25.31,2,162,0
Ororcod,,0,23.13,2,165,0
Yawaro,,0,16.06,2,168,0
Athuris,,0,15.19,2,169,0
Ijeji,,0,16.15,2,171,0
Kala,,0,19.13,2,174,0
Ligul,,0,13.57,2,175,2
Cici,,0,20.31,2,179,0
Irud,,0,22.63,2,179,0
Cimes,,0,15.38,2,181,0
Asebek,,0,18.13,2,182,0
Inferno,,0,22.31,2,184,0
Moony,,0,14.43,2,185,0
Sege,,0,17.13,2,187,0
Tsugaru,,0,21.5,2,187,0
Dagestan,,0,27.13,2,189,0
Dizel,,0,12,2,190,0
Zisam,,0,41.31,2,192,0
Sebrura,,0,11.5,2,193,0
Hiji,,0,17,2,193,0
Adom,,0,14.5,2,194,0
Iheg,,0,13.88,2,197,1
Sivra,,0,15.44,2,200,0
Vethom,,0,15.81,2,201,0
Bire,,0,15,2,202,1
Kartare,,0,12.31,2,202,0
Dikag,,0,21.94,2,204,0
Gidnek,,0,12.56,2,205,0
Gaspitan,,0,17,2,211,0
Cutheci,,0,18.4,2,213,0
Ronal,,0,10.13,2,216,6
Shadow,,0,14.93,2,217,0
Aleksandr,,0,18.87,2,218,0
Mivege,,0,20.67,2,219,0
Raeven,,0,17.19,2,219,0
Lilly,,0,20,2,221,0
Adril,,0,15.87,2,226,1
Greenleaf,,0,22.25,2,230,0
Tathoga,,0,14.44,2,233,0
Kratos,,0,10.23,2,234,0
Fluffyfood,,0,17,2,235,0
Iglesias,,0,15.21,2,237,0
Zara,,0,17.5,2,238,0
Idraced,,0,13.63,2,240,2
Ikene,,0,20,2,241,0
Lexalia,,0,18.25,2,243,0
Ekrag,,0,15.38,2,246,0
Agam,,0,23.31,2,248,0
Irmak,,0,16.44,2,249,0
Atharta,,0,20.06,2,252,0
Mactor,,0,13.94,2,252,0
Edutha,,0,16.47,2,254,0
Ralid,,0,13.38,2,254,0
Trigger,,0,14.25,2,255,0
Anruvrot,,0,10,2,256,0
Kisa,,0,15.44,2,258,0
Plops,,0,16.31,2,261,0
Hunter,,0,17.38,2,263,0
Irzol,,0,9.14,2,267,1
Asedi,,0,12.6,2,269,0
Kuevinox,,0,11.13,2,269,0
Malen,,0,16.31,2,274,0
Tropium,,0,13.19,2,284,2
Noux,,0,13.81,2,285,0
Zzzbenetzz,,0,10.94,2,290,0
Tatubola,,0,9.25,2,290,4
Zeka,,0,16.5,2,291,0
Kiandra,,0,16.93,2,292,0
Lali,,0,12.47,2,293,4
Zochom,,0,10.36,2,295,0
Zanthe,,0,15.19,2,300,0
Alex,,0,21.31,2,306,0
Messtel,,0,11.31,2,308,0
Monisha,,0,15.92,2,310,0
Kanret,,0,15.44,2,313,1
Gice,,0,10.25,2,317,2
Maxi,,0,12.31,2,319,0
Larouste,,0,14.88,2,324,1
Abit,,0,19.31,2,327,0
Evrirem,,0,19.5,2,331,0
Mema,,0,14.25,2,334,1
Tercem,,0,9.14,2,337,0
Bila,,0,10,2,352,3
Egle,,0,13.87,2,370,0
Sirki,,0,11.23,2,381,0
Othaki,,0,11.94,2,400,2
Morgul,,0,9.07,2,401,2
Kirca,,0,12.06,2,405,0
July,,0,9.31,2,413,8
Zizan,,0,10.8,2,421,2
Kedota,,0,11.29,2,431,5
Ocabe,,0,12.25,2,444,2
Seria,,0,10.17,2,449,15
Julie,,0,8.93,2,451,0
Edrigrun,,0,11.36,2,455,2
Berqcal,,0,8.2,2,460,23
Chaos,,0,12.5,2,489,0
Lozin,,0,9.83,2,495,1
Hayopka,,0,11.15,2,503,3
Lebruz,,0,12.2,2,508,3
Jime,,0,18.44,2,509,0
Asuna,,0,11.93,2,521,2
Lerrod,,0,10.4,2,558,8
Vadi,,0,59.5,1,88,0
Trasgo,,0,50.44,1,89,0
Sunsunsun,,0,40.31,1,95,0
Event,,0,48.88,1,102,0
Arak,,0,10.38,1,103,0
Gella,,0,49.19,1,117,0
Marche,,0,21.5,1,121,0
Egjs,,0,11,1,127,0
Cienight,,0,30.06,1,131,0
Titaki,,0,30.88,1,137,0
Adesey,,0,28,1,144,0
Sasuke,,0,21.13,1,147,0
Ardeg,,0,7.64,1,148,0
Sword,,0,26.94,1,149,0
Kegade,,0,18.38,1,153,0
Rugi,,0,17.25,1,160,0
Dugek,,0,9.56,1,166,0
Osok,,0,14.5,1,166,0
Durkargi,,0,13.63,1,167,0
Rena,,0,46,1,168,0
Bisotha,,0,12.29,1,169,0
Bartbronze,,0,10.75,1,170,0
Kaili,,0,12.71,1,173,0
Ebrez,,0,12.79,1,173,0
Hzfatih,,0,12.8,1,176,0
Kokis,,0,17.94,1,177,0
Isigi,,0,14.21,1,178,0
Secin,,0,9.15,1,182,1
Nuna,,0,9.38,1,184,1
Darksider,,0,10.5,1,187,0
Kara,,0,12.56,1,188,0
Kishanri,,0,9.54,1,191,1
Etis,,0,13.5,1,194,0
Kila,,0,22.94,1,195,0
Lukra,,0,9.1,1,196,0
Mysty,,0,9.63,1,197,0
Pampam,,0,15.31,1,200,0
Quemeu,,0,18.81,1,203,0
Riliza,,0,9.08,1,207,1
Gigas,,0,9.38,1,208,2
Ruru,,0,9.73,1,209,0
Zewinby,,0,8.07,1,209,0
Ragnar,,0,13.36,1,209,0
Echo,,0,8.92,1,211,1
Sircet,,0,14.56,1,213,0
Teza,,0,18.88,1,215,0
Bora,,0,9.08,1,218,1
Igrehok,,0,13.71,1,219,0
Aura,,0,20.31,1,222,0
Yhwh,,0,7.9,1,222,2
Dugra,,0,9,1,222,0
Aluja,,0,10.47,1,222,0
Hakon,,0,13.06,1,224,0
Hova,,0,9.71,1,224,1
Leonidas,,0,9.94,1,225,0
Nikat,,0,10.67,1,227,0
Tournesol,,0,8.5,1,227,0
Kassandra,,0,18.69,1,227,0
Zakama,,0,11.5,1,227,0
Ogedri,,0,17.06,1,228,0
Gertie,,0,8.87,1,229,0
Asati,,0,11.81,1,233,0
Husut,,0,11.31,1,233,0
Jinx,,0,15,1,235,0
Tarzoz,,0,8.86,1,237,2
Sires,,0,34.25,1,238,0
Rene,,0,8,1,239,2
Viviane,,0,9.07,1,239,2
Phantom,,0,36.56,1,241,0
Andrzej,,0,23,1,242,0
Synx,,0,9.83,1,245,2
Davidz,,0,12.19,1,245,1
Talos,,0,10.94,1,246,0
Zehede,,0,11.31,1,248,0
Jada,,0,8.88,1,248,0
Ellarion,,0,13.27,1,248,0
Antrofia,,0,8.6,1,251,0
Esulod,,0,9.31,1,251,0
Pampa,,0,11.38,1,253,1
Sobamanna,,0,9.64,1,255,1
Gardim,,0,11,1,256,1
Arcolut,,0,15.8,1,257,0
Gidne,,0,9.15,1,259,1
Zordod,,0,9.5,1,260,0
Dukute,,0,8.77,1,260,1
Ichi,,0,8.81,1,260,0
Osan,,0,18.88,1,261,0
Florencia,,0,9.67,1,265,2
Ibuk,,0,62.38,1,269,0
Rogetha,,0,9,1,273,1
Nirere,,0,8.75,1,273,0
Elis,,0,9.08,1,275,0
Cleosspl,,0,8.08,1,275,1
Galuda,,0,7.33,1,276,2
Salora,,0,8.77,1,277,1
Koge,,0,10.08,1,281,1
Otesus,,0,9.43,1,284,1
Jawara,,0,10.42,1,284,1
Bish,,0,8.67,1,285,1
Jack,,0,8.33,1,286,0
Khan,,0,10.13,1,293,0
Lukrahe,,0,7.92,1,294,0
Vortut,,0,8.79,1,295,1
Struja,,0,9.88,1,299,1
Iian,,0,13.19,1,303,0
Hithi,,0,9.07,1,305,4
Vuke,,0,8.75,1,310,0
Vegeta,,0,8.23,1,312,1
Obuthot,,0,9.46,1,314,1
Doted,,0,8.82,1,317,2
Lilith,,0,7.7,1,318,4
Degan,,0,8,1,322,1
Arale,,0,8.36,1,323,0
Sashe,,0,9.14,1,323,1
Jaza,,0,5.86,1,323,2
Cathorci,,0,8.67,1,325,0
Matjoha,,0,10.33,1,326,4
Vobathe,,0,6.62,1,333,2
Jigi,,0,9.87,1,336,1
Okodi,,0,9.86,1,340,0
Keci,,0,9.17,1,342,1
Zverolov,,0,8.79,1,344,4
Jaki,,0,9.54,1,348,2
Putazomazo,,0,7.25,1,354,1
Vozik,,0,7.67,1,357,1
Etahi,,0,9.69,1,357,1
Raziel,,0,8.75,1,362,2
Orotha,,0,8.57,1,362,2
Hexzant,,0,11.2,1,364,0
Meni,,0,8.75,1,370,0
Avomut,,0,9.38,1,370,3
Sege,,0,8.77,1,370,4
Loki,,0,8.11,1,373,6
Avaaaa,,0,8.27,1,374,2
Terzat,,0,9.25,1,374,0
Kili,,0,11.13,1,376,0
Efygesneos,,0,9.46,1,376,1
Ocat,,0,8.73,1,377,0
Thor,,0,7.73,1,379,3
Varka,,0,7.38,1,380,3
Tevigi,,0,8.13,1,383,0
Princess,,0,10,1,384,0
Osssas,,0,9.13,1,397,1
Abran,,0,9.14,1,400,1
Banshen,,0,8.93,1,401,2
Onosa,,0,7.83,1,402,2
Felicio,,0,9.91,1,403,5
Zeci,,0,9.67,1,405,1
Realkiller,,0,8.36,1,405,1
Sexyking,,0,9.6,1,416,0
Simone,,0,7.86,1,423,5
Zero,,0,7.25,1,424,8
Agus,,0,6,1,424,0
Nigimi,,0,7.75,1,433,1
Andr,,0,6.38,1,442,2
Okithi,,0,9.33,1,444,0
Zaveci,,0,8,1,446,5
Slayer,,0,9.08,1,477,2
Rheyla,,0,8.46,1,496,3
Jinx,,0,7.54,1,499,1
Otochil,,0,10.87,1,511,0
Atul,,0,16.38,1,521,0
Atos,,0,9.67,1,526,2
Dark,,0,9.29,1,539,2
Gaza,,0,8.13,1,540,1
Enrem,,0,7.5,1,543,4
Ethat,,0,7.73,1,589,3
Arkozuz,,0,8.71,1,599,5
